order_id,customer_id,order_date,status,total_amount,currency,channel
c8bd6987-4287-4dec-b1cf-ca9f7020bd88,695b3b12-4475-4522-b18a-1aa4bd36303f,2026-09-17T13:13:45Z,confirmed,15222.53,PEN,mobile
4b1a45c1-b849-45fe-a86e-ff0b0484de5b,4fed5ccc-e40f-41c1-9ca2-bbf6b98c2f47,2026-08-30T14:31:36Z,pending,627.78,PEN,api
065f61cc-0170-4139-b734-a402f3c278eb,ea37b035-c608-48c5-aa51-549acec75bce,2026-09-21T15:58:05Z,confirmed,3997.14,PEN,mobile
22347e33-f708-48f9-b5d5-685bfe01b256,6121588d-c115-477b-b6ba-e0ec3951376a,2026-08-27T15:06:36Z,confirmed,352.13,PEN,web
8e916cdd-9a55-4aa6-8b70-0a39069c5504,ffb8aadf-5975-43f7-93da-ac7ce1af0e20,2026-09-22T14:33:10Z,confirmed,4147.14,PEN,web
bad57776-3ec1-4487-bc89-01d9fa0d11cf,6e10d223-7e23-4c4e-a043-c9d40c62552d,2026-07-22T09:53:53Z,confirmed,2566.04,PEN,web
15e03a86-f3d7-4c03-afd5-97dfc3e881a5,2586604d-c19e-468e-8b45-4b0eb398a91b,2026-09-18T17:56:28Z,confirmed,86.44,PEN,mobile
ac66de19-a24b-41d1-b228-e5beefe05036,b2be9157-e292-4356-b75d-31cec7ad1822,2026-09-23T09:20:45Z,shipped,277.77,PEN,api
9481c2dc-ac4d-4718-83b0-2ebe2234c147,d78b9834-9ce1-4cc8-ab5d-ef2ef61815e4,2026-08-27T12:50:13Z,confirmed,574.54,PEN,web
3ef779dc-54e0-46a8-ba62-fbfe00f3be62,b48ba0ae-c816-4dde-9a3c-fb94d809950a,2026-09-29T13:40:42Z,confirmed,2813.16,PEN,mobile
2ca71297-fac5-456a-9b1b-ffae792dce02,a6375c1d-8338-4efa-b68d-f90530c74380,2026-09-21T11:40:01Z,confirmed,966.23,PEN,api
4751b6e8-3a9c-4139-89d9-eb575b274c99,00949d3b-f64c-4ca5-a64a-f6826ecf1389,2026-08-28T16:22:47Z,confirmed,3409.5,PEN,api
eb1abbc8-94c6-431e-9e77-c4431443e421,4b643087-acd0-4cf9-ad3b-318b11660d52,2026-09-14T12:54:15Z,shipped,3357.02,PEN,api
4607eeae-532e-4bbe-aec5-ae7cb20431ae,18efe406-6876-49c2-8377-b1d4c8b5fee1,2026-07-23T10:05:37Z,confirmed,6681.39,PEN,web
8c3c3853-507d-4bee-b6b2-c541ae3d911c,00aeb30f-6f07-487b-a226-b966ebdb72c1,2026-09-15T13:18:30Z,pending,5504.64,PEN,web
5301cbb8-ff37-4883-8781-212d6132930a,1af80749-a1fd-40cc-b540-973a52283935,2026-07-28T13:53:51Z,pending,3118.03,PEN,api
4df9dbb3-4623-44b8-9105-00956968320d,343042a5-ff80-4ff7-a5f5-76fa7a767366,2026-09-15T18:26:53Z,confirmed,8659.55,PEN,web
e4e39de0-af77-4371-a19d-91381f7125b8,300de289-47e4-4a97-824c-de35ad391326,2026-07-28T17:31:23Z,confirmed,5842.3,PEN,mobile
0c29c1e8-84c1-4d0f-9d1b-f0bb2cd0d4f7,45e42b0d-c43d-4b2b-bda9-ea2fc0f85a4e,2026-08-26T12:45:39Z,confirmed,7359.92,PEN,api
cf4bfd4c-533a-4f7d-a088-e31569a2cf12,efcf5f3f-7fa9-4758-81d1-6e79cc303f87,2026-08-19T10:20:47Z,confirmed,237.57,PEN,api
d8ce62d1-b750-40d0-89f4-f5c44805f15b,3944bfbd-ab28-445d-ad91-3e872169eaa5,2026-08-07T18:56:29Z,cancelled,2068,PEN,web
73472e03-1747-49d4-97a3-74eebb5982cd,bc66d068-5d23-4fb4-9b78-89981015a77e,2026-08-15T11:42:59Z,confirmed,1020.3,PEN,web
2ace1ba1-2598-4e2d-b50d-c8ccb70947fe,0acfc1e5-b33a-44ce-bb7a-781c5d9f9fc7,2026-08-08T13:22:27Z,confirmed,758.4,PEN,api
2e42daa2-57e2-4900-8502-c6e9ba3f81a6,2caeb02f-23a5-4527-915c-7a11018d1f6b,2026-08-07T13:21:03Z,confirmed,1901.09,PEN,api
a962016f-ed75-4beb-8a1f-33c6a74246a4,6053dd65-00e8-4f4a-9e5f-d8bf4ab531cd,2026-07-18T06:30:42Z,confirmed,2781,PEN,mobile
48fc6418-e852-4715-ad13-dcfd037aa3a4,a2a1c4f7-5577-4141-9fbb-df1c37985bad,2026-09-20T06:53:07Z,rejected,367.6,PEN,web
31bcee3b-1fad-4288-a411-0e781e599fe9,ce38f81d-cc2b-4176-9f13-38c82656fd45,2026-09-11T16:40:54Z,rejected,1262.56,PEN,web
27381fb9-c3d6-450c-9346-90741130468f,e541a716-9ff4-4821-ae23-fd645d7331b5,2026-09-23T14:00:41Z,confirmed,738.93,PEN,web
cf906d57-0e3f-479d-8b21-624a9a38c39b,0e686300-11f1-48a9-9d87-1402faa4867d,2026-07-20T14:10:36Z,confirmed,973.12,PEN,api
8de8d282-5843-4888-9672-66d8f1f2130c,7be7f7fa-05b1-48f3-be5a-3563436aa8b9,2026-09-16T16:36:29Z,confirmed,4157.03,PEN,api
67f3ee21-7538-467d-affa-46ec35267355,6618d8d3-f600-4973-aaea-efd9a73dfe1f,2026-08-04T16:09:39Z,confirmed,1440.78,PEN,api
894299a8-4896-4148-8e0c-f4dd94083909,9d6f86fb-be53-4c53-a1dd-798d1a115c83,2026-08-15T13:16:33Z,confirmed,1281.08,PEN,web
9c00b50b-f4a1-4ca0-b607-a8d5118aebec,169d56a1-9d21-4245-bda2-5e2407a0b564,2026-08-18T18:41:28Z,pending,2985.58,PEN,web
7e40f373-b581-4a2c-bc76-5a7cd7b82ffd,6872fe23-68c7-4319-88da-b81e9c7d873d,2026-08-13T17:42:06Z,confirmed,3996.41,PEN,api
d7f501ee-5fad-4b71-89bc-e8307f5a7b04,a4e2496e-43e2-4797-a15c-9c771afa100d,2026-09-12T09:16:24Z,confirmed,342.4,PEN,api
e803566f-c85e-4d33-abad-db738a195f05,ce88cc76-e902-47ee-bc15-175c0d97b217,2026-07-31T09:32:31Z,confirmed,983.12,PEN,web
29133613-6571-48aa-8f00-e44821fbf969,5372a4e9-66da-44af-8641-039da83ccee6,2026-08-21T18:29:50Z,rejected,11361.43,PEN,mobile
13d2c580-7656-4f50-81e8-ce2b81c6e3b1,fba35db6-9b23-4d3e-893f-578b70526312,2026-09-21T15:06:28Z,confirmed,2918.33,PEN,web
2e64dd4e-7315-4767-b06a-4905f27c14af,bb42233a-24cb-411e-acd3-e7799e95d78b,2026-07-19T06:53:59Z,confirmed,7939.5,PEN,api
5e82f458-803b-4a2c-849b-5161f48bdbc2,c265fb93-2cd0-42ab-8cd9-3ee3a4e6a7e5,2026-09-28T11:36:09Z,confirmed,6421.81,PEN,api
f17b80a7-31d6-4f66-ace2-2de82794ca0d,ba6c30bd-4a28-4ba0-bd93-c0451ef3f42b,2026-07-19T07:25:35Z,confirmed,3144.97,PEN,api
da68380d-e022-4ac7-a778-2efee3c495d4,1306d425-c311-4f9b-8af7-735a7f630caf,2026-07-31T11:02:08Z,confirmed,2088.91,PEN,mobile
d4dda5eb-0995-4780-9d5c-1e2058c17259,6b9526c3-0cb9-4643-bf04-e9d1bc7bdc6c,2026-09-15T14:42:41Z,confirmed,569.58,PEN,web
7c6b6585-ad8a-4ed9-9774-313db1635d71,2538dc2f-9e8a-4232-8d93-773bc4401de3,2026-08-07T15:34:19Z,pending,4061.98,PEN,mobile
fa49cfa7-925b-4f3e-8b34-3ea9d2d80362,64859f31-170b-444e-a7f5-897a729460d1,2026-08-28T15:30:36Z,shipped,184.74,PEN,api
7f456afb-7899-467a-a4e3-eee6c38cd9fb,b1c9cdaa-07ff-4cce-b24f-c39627bb9132,2026-08-21T14:19:09Z,confirmed,737.34,PEN,web
648bef75-73d3-43d8-a24c-b22334598271,9df61751-84b6-45ea-ad26-bdef33e58600,2026-08-08T06:48:21Z,confirmed,514.27,PEN,mobile
b1ff0720-389e-44b1-9718-cbee05c54597,4e52be87-ca3e-4637-8ba2-1a85853a3113,2026-08-27T16:21:16Z,pending,,PEN,mobile
90f415e6-ce2d-4334-b61f-c5421b8f6029,9f742a90-cfa8-4220-ab51-9021d8b03be3,2026-08-19T11:12:35Z,confirmed,4094.04,PEN,web
f0113e02-376d-4618-b352-75b8b5df5607,ae839baa-4436-4de5-bd20-1792a1217486,2026-09-15T17:26:05Z,rejected,927.95,PEN,mobile
d8740621-e8ca-4e2e-a892-7e89c2fbad88,023dffe1-7484-423e-9aba-df88016aaed1,2026-08-13T15:37:19Z,pending,605.81,PEN,web
63306f6d-44d7-46b0-b9d7-4070dd107e72,715fa856-b1a2-4460-b29b-a25abaf1c17a,2026-07-24T14:00:13Z,confirmed,2140.4,PEN,mobile
1b803c2e-5f0a-4796-8755-24e976ced4d2,df96c70f-5e07-4bbb-b51a-730d026bb361,2026-09-25T10:01:57Z,confirmed,1554.68,PEN,web
a9702e11-4170-490e-b42c-4ee75daae520,4e52be87-ca3e-4637-8ba2-1a85853a3113,2026-09-17T13:13:15Z,confirmed,13595.82,PEN,web
6a4213bd-0c4b-4abd-9e02-6d21ea58cb39,d0ea81ea-a02c-465a-b9df-2b879fff3bc1,2026-09-09T11:42:43Z,confirmed,3415.37,PEN,mobile
8897617f-b438-4ce0-aecd-1090e6397c2c,ff6cb621-5df3-43e7-a96f-86581487c24e,2026-08-18T16:58:44Z,confirmed,3311.91,PEN,mobile
4addf2cf-fba3-4373-b4a9-8309a2c64701,74db3ee4-ba63-4347-8faf-ee38a3ae6b73,2026-08-09T06:28:09Z,rejected,5570.6,PEN,api
34010a02-b5ba-49ae-b0aa-486a0c3accfc,b48ba0ae-c816-4dde-9a3c-fb94d809950a,2026-07-21T12:27:13Z,confirmed,1615.38,PEN,api
89cb2c4b-fa26-455b-8f6b-79138c172fb8,b48ba0ae-c816-4dde-9a3c-fb94d809950a,2026-08-26T12:29:49Z,confirmed,1054.79,PEN,mobile
9e231107-b273-4db0-bcba-669009b61f17,cbfbf760-96e4-413b-8024-276281ca6b22,2026-09-09T12:00:03Z,pending,1778.36,PEN,api
d0720375-c0e7-4ad1-bd03-7b898ba0688a,b9b88b85-3115-4cf7-8701-8b8653ad5596,2026-08-01T08:17:13Z,confirmed,3740.26,PEN,mobile
6f854e02-adc5-48c8-a34b-1b734ee15639,2caeb02f-23a5-4527-915c-7a11018d1f6b,2026-07-30T09:22:31Z,confirmed,2129.45,PEN,api
29f633c9-f96b-46fa-a216-5f2925473175,343042a5-ff80-4ff7-a5f5-76fa7a767366,2026-09-13T14:56:12Z,confirmed,8010.14,PEN,web
ac667575-7f54-4c6e-a18a-daac6b4e367f,1eaac94b-a7bf-488e-9edf-1643a4126048,2026-07-20T16:18:12Z,confirmed,1156.8,PEN,web
afed4968-f330-42d4-bed5-5b1db630ff24,92f9bb2e-bba7-42ea-b0a4-757a5f2c58a7,2026-08-03T09:40:00Z,pending,5221.98,PEN,api
cb4e0f86-5492-4bda-847d-064048408d67,d93a84ab-68f4-449d-a5c5-9e841319c88d,2026-08-28T17:46:56Z,rejected,5014.78,PEN,mobile
38161aed-204a-43a4-bfc4-4459d48316bb,ad622294-f2b0-4d79-a5ab-4e0b778bca50,2026-08-24T16:27:36Z,confirmed,3213.25,PEN,mobile
436234fd-5363-4089-8709-bce7e501c099,b104a091-a276-49ee-a10e-def46eb82981,2026-07-24T18:52:10Z,confirmed,2139.18,PEN,mobile
93f4a082-97fd-457a-88fb-1221e1469abf,795fc802-4d4d-4feb-a971-a2107b12a8e8,2026-08-16T15:59:25Z,confirmed,277.77,PEN,mobile
10c37c1e-88b0-4c4a-94c3-56647f0884e4,08114246-4b0f-4172-b3f1-859f1660aa76,2026-09-11T12:33:28Z,confirmed,4344.17,PEN,api
784cf7f5-8224-4178-99cc-52f38cf8911c,ca5ec968-c7e9-4746-a7ca-49d42fea1179,2026-08-04T18:45:56Z,pending,8502.04,PEN,web
0175d6d0-3db2-4fb6-a25e-fab2c1efd8d8,66c538cb-6ba7-4de7-b6a7-10a137c4d642,2026-08-13T11:34:05Z,confirmed,2925.98,PEN,api
6ef81fee-1f5a-4d19-b302-276927e49c29,4ef94ee4-2c04-420f-a961-79b86b9db999,2026-09-24T14:15:46Z,confirmed,359.51,PEN,api
63d0ab0c-2a6e-4e33-9803-3dbc7a04f310,882b16c3-c4db-4286-bf9e-571f4a37694b,2026-09-17T13:03:20Z,confirmed,6515.12,PEN,mobile
8a275ee4-b11d-476e-b148-a3ad5937b181,e2d9ef00-e6bb-4543-8648-29150a37e342,2026-09-08T15:44:29Z,confirmed,874.1,PEN,api
a2af075c-c094-4051-852d-7c99fe8184d1,cbfbf760-96e4-413b-8024-276281ca6b22,2026-08-14T09:19:20Z,confirmed,158.38,PEN,mobile
855494a8-dc56-4db1-8e2a-0bc1aff85cd2,2bb8a28c-57ed-409b-b430-c619ce20ef41,2026-08-01T07:15:19Z,confirmed,1975.57,PEN,web
54eb6809-eb3b-4e76-8761-8a265cf621e6,ba6c30bd-4a28-4ba0-bd93-c0451ef3f42b,2026-09-14T14:23:02Z,confirmed,199.99,PEN,mobile
3d9a57ec-57b4-49b3-abdb-bc1f7e4cc8da,0fca0ca9-a87f-44cb-9537-347346e676d6,2026-09-22T16:29:55Z,rejected,1751.42,PEN,web
7f3ae32f-40ec-4e94-bf64-c285c38d914e,983f56cb-6710-40b1-bec9-969a30b40a85,2026-08-04T09:01:26Z,rejected,1101.89,PEN,web
55352aff-a5d6-42d9-a405-4e40c1ccaadf,efcf5f3f-7fa9-4758-81d1-6e79cc303f87,2026-08-20T09:04:50Z,confirmed,444.04,PEN,mobile
fc83bb1a-dc3c-4518-9005-97870e2ef383,85d2ac43-ac4c-4001-9f3a-2e0adfc856ac,2026-09-06T09:44:04Z,confirmed,3600.12,PEN,mobile
793aae85-accc-4ac7-a606-2080bebefdb5,85d2ac43-ac4c-4001-9f3a-2e0adfc856ac,2026-08-25T09:33:33Z,confirmed,1119.11,PEN,api
33515033-d9db-4b36-b931-892202034a06,507dcf83-d774-4bbf-8c41-cff361cec025,2026-08-16T15:17:05Z,confirmed,710.72,PEN,api
9b9acfa4-af66-4ac3-8bb5-65b47706963e,cee90f7b-2971-40b4-8123-94ae07465128,2026-08-01T12:35:05Z,confirmed,947.88,PEN,web
4e6a2fab-eeca-4c98-9382-821069f3d4b4,c202b659-a768-4897-bdf8-9ca61dcf23b6,2026-09-13T11:31:17Z,confirmed,4557.88,PEN,mobile
167b61c0-d2de-496b-93f2-692f19b06764,b2da5aff-b473-492a-a95a-9114634417c9,2026-08-29T09:12:24Z,pending,1206.66,PEN,mobile
c1bfb20a-6af2-4e41-8a47-b738876a4b45,18efe406-6876-49c2-8377-b1d4c8b5fee1,2026-09-10T11:54:59Z,confirmed,323.19,PEN,api
e5d1c1b5-16bd-4c8e-b5e3-78c6ac86a114,1e9f5012-2e34-4419-97c1-d78d2b20c7d0,2026-08-24T16:44:12Z,cancelled,219.96,PEN,api
5b62c91f-3875-4158-8dac-5f9f7ec9bc31,0acfc1e5-b33a-44ce-bb7a-781c5d9f9fc7,2026-09-10T13:11:16Z,pending,3497.83,PEN,api
8e9ee813-d5ec-40c2-a9bd-a2dc5f8a678f,0fca0ca9-a87f-44cb-9537-347346e676d6,2026-09-24T18:51:24Z,confirmed,5295.34,PEN,mobile
0add1c70-f57c-4459-8d79-c1ce9be967b7,f48e66cd-4250-4b55-976e-2b5912d095df,2026-09-19T09:52:44Z,confirmed,2428.45,PEN,api
c26d28ea-266b-4334-bd8d-36c3c17f817b,9498e325-bc2f-4b3c-83b8-248719dfa849,2026-09-07T13:44:06Z,confirmed,2308.41,PEN,web
4c5ddaa5-6452-4306-bc16-3a13ddefe637,e6767997-b815-4904-8fa2-10f7deb5d0ae,2026-08-06T10:33:56Z,confirmed,2112.3,PEN,web
d9cd476a-15a6-46a0-b8c7-72964ea28675,ad4291a4-069a-44a9-867d-4a06c6eb9bbf,2026-08-27T15:00:35Z,pending,11564.12,PEN,web
7c6a9a47-f931-45f4-8042-fba0db50ed7d,6b2ff8bb-d5cb-4f80-8702-c6c672048586,2026-08-08T15:21:32Z,confirmed,3995.9,PEN,web
4720a0a4-79b2-4e88-b152-fa39b3e89aa3,44b866a3-cd26-41db-b178-482a4dcdb397,2026-08-02T12:33:05Z,confirmed,211,PEN,mobile
4b265961-9999-4658-875d-4fdadc951046,cec503cc-96cd-4c18-bb1f-258362349b77,2026-09-24T17:01:32Z,pending,5096.68,PEN,web
e217211f-9615-4297-8707-150ba8c05654,ae839baa-4436-4de5-bd20-1792a1217486,2026-09-21T12:50:20Z,confirmed,9128.17,PEN,web
9d7289a0-43ac-47d7-9017-2f5ec38024e1,67a4e065-b72b-4f3f-926c-8a43145ba361,2026-09-30T12:47:46Z,confirmed,5543.48,PEN,mobile
ec8aba4b-36c6-44b0-8079-ef557ba505d0,6b532dd6-97d4-4597-a091-b8cb551275b7,2026-08-21T10:29:20Z,confirmed,3801.98,PEN,mobile
eb57fda9-4e05-4a10-893e-2e67bb5d39fe,12a718ca-2c1a-43bc-aee0-624d4de6536c,2026-09-13T10:10:17Z,confirmed,2260.24,PEN,web
7d2d570c-4970-45a8-bfc2-9f4786c4090a,66450343-b390-4a91-ac38-41e26bc6c8e1,2026-09-02T11:15:50Z,confirmed,2859.85,PEN,mobile
ebff1aef-1d5b-4f8a-92c1-d44efc721a56,5d7cd744-869d-4988-b876-b48821642f50,2026-07-22T13:26:10Z,confirmed,2794.28,PEN,web
1b8f7d5f-7d00-4467-be00-53a37aacf520,577c1c36-8fdd-49b1-a11e-1db93bb7de8f,2026-09-04T17:18:00Z,rejected,2199.91,PEN,web
f96e51c6-93f1-431e-9dd4-8d4e3b7e49d0,fa1aaf88-5801-46e0-bfdc-045093e7a76b,2026-08-13T10:03:25Z,confirmed,2013.04,PEN,mobile
ecaaf8a3-0973-44cf-83c0-09e300f74a39,75741148-ab4c-4f9a-8a86-763267e503ab,2026-08-18T16:59:05Z,confirmed,516.83,PEN,web
42dd6734-43ad-416d-a6a9-ee286a265c41,e5943231-577d-4616-b03d-354583ea8282,2026-08-13T10:24:52Z,confirmed,1180.8,PEN,mobile
9f3c3c3b-df66-48b5-9b52-f427ac43a8f6,0165ef69-3b96-403c-b81b-953fee6c8f93,2026-09-28T13:11:02Z,confirmed,184.89,PEN,api
c151c2fb-c3d4-4c9b-b194-773f0550df21,9df61751-84b6-45ea-ad26-bdef33e58600,2026-09-19T14:38:24Z,pending,2077.96,PEN,api
4c95089a-09aa-4120-9099-f365e9c859bc,40039c98-8535-45c4-b2ab-a0daf524fa7f,2026-08-27T09:29:53Z,confirmed,8413.03,PEN,mobile
a2ac46cd-464e-4a90-90bf-e2b75f1c8f49,368adfd4-e0dc-435e-b95a-26cbc457af70,2026-08-06T12:03:29Z,rejected,284.41,PEN,web
51533661-c232-46e1-bafa-332ec9a7c538,a1f14f8d-2cb8-42b8-b7cc-2784ca416963,2026-07-22T17:18:34Z,confirmed,451.45,PEN,web
5dec5643-167b-49a4-adf5-28b279d21793,4b4be7f3-54fd-46a8-8eb0-c5c6ef1b09da,2026-08-30T10:05:45Z,confirmed,212.31,PEN,mobile
3fef9602-83dc-4db3-bbc6-418db142a6a5,15a2582d-59cb-4b96-b07b-8dc33b1c08db,2026-08-16T12:37:02Z,rejected,640.5,PEN,api
e65387d8-e1e8-496d-974e-d20b6367cd1e,83430933-02cb-4a05-90ea-a7db9b419761,2026-07-24T14:34:49Z,confirmed,858.61,PEN,web
37aa92c5-5697-47b6-a665-70dd52ee72ee,4ce07cfd-230b-4e4f-843a-5bb86bd7de0c,2026-07-28T14:28:44Z,confirmed,1731.53,PEN,web
8e8c5548-cbce-49ca-a1ab-7a426eed5930,d6fc4a4a-464c-471b-b796-3551dd6840ce,2026-08-03T09:46:38Z,pending,24.93,PEN,mobile
88aa787b-9aba-4391-95cb-0d2629ede2fb,3dc96785-6e1c-4d0e-9024-db3317b269b9,2026-07-30T14:49:59Z,confirmed,643.66,PEN,web
a744cd9c-1fe8-44f2-8741-cc80b6b2f3e3,9b88c213-1cb2-48e8-84f7-7a2e867b919c,2026-08-17T13:54:28Z,confirmed,125.07,PEN,mobile
bb80b767-d678-4da7-ab84-7d351cc3bbb7,96d74840-e363-4111-8751-c33bdc3f5b81,2026-08-09T07:44:37Z,confirmed,15467.1,PEN,mobile
95792b1e-8689-4d73-b92b-8119087b50ce,5f3d0e81-3eb0-4a6c-999f-9dd030e3556a,2026-09-07T13:13:30Z,confirmed,1069.26,PEN,web
62df7122-1d79-48b0-85f8-7fed750c3b93,a27a4237-0f01-4fb7-80be-dfacf8fb7096,2026-08-09T06:42:53Z,rejected,266.92,PEN,web
2c7c4352-e573-4d6b-a15e-8e12fdf2ece5,c0879d1f-69a4-496d-ac55-b02c1acd7518,2026-09-02T16:26:11Z,pending,4207.88,PEN,web
d8a3f7a4-3386-42a3-b9d6-9442153b5b6d,bcd59ce1-972b-4e78-931c-15ca12b1a654,2026-09-17T17:33:11Z,confirmed,879.68,PEN,api
8955f539-1abd-48f0-90d3-ea4d5d9dce92,6121588d-c115-477b-b6ba-e0ec3951376a,2026-07-29T18:44:47Z,pending,713.15,PEN,web
f9caef9b-24b0-4a4e-b1fa-3f2b0e096689,0fcc2f09-2699-407e-bb9d-ba0fee77cd5a,2026-09-14T17:50:37Z,confirmed,1990.91,PEN,web
fb99da17-5410-4261-8e72-297c99fa7ad3,3cdb632b-b197-4a4f-86f9-16262385d4e0,2026-08-04T18:36:26Z,pending,1274.67,PEN,mobile
73abb372-9a75-43f0-b430-efc1d54e3a68,1b80d010-ffd1-4dd1-b582-986e480a6015,2026-08-10T11:58:44Z,confirmed,54.99,PEN,web
e993062b-d219-4d85-a2da-5b0a90001fcc,c75f3c61-3ea2-4abf-a47b-7bc89d1e27f8,2026-08-11T14:16:35Z,confirmed,1226.44,PEN,mobile
93a30332-f699-46c3-8207-824a3483c64a,398e134f-e97a-4f8d-b454-30680dc58180,2026-09-09T14:10:57Z,pending,6098.96,PEN,web
f622a93d-bf4f-48ba-92bd-f7ca14a7e73e,568e0848-4154-4c33-936a-9c1f21f9fa6b,2026-09-02T11:42:09Z,confirmed,1221.88,PEN,mobile
cb62c63f-bda5-4f17-b514-deec052a9c2b,a12567d3-c73d-4034-93ee-61b03e2b02b1,2026-08-18T13:00:45Z,confirmed,78.92,PEN,web
cbf071ab-d691-4146-b625-5a206930ea6f,5307ce7f-6c53-43dd-8b61-61108466c944,2026-08-23T13:23:51Z,confirmed,1430.05,PEN,web
99a043ff-95c1-4d65-a0de-69e6ff7801b1,715fa856-b1a2-4460-b29b-a25abaf1c17a,2026-09-06T15:48:08Z,confirmed,2875.57,PEN,mobile
39c083bf-7d95-4077-97ab-27851326fec1,a7f402cd-39f4-4dc3-a0f5-883415d6235f,2026-08-18T17:21:41Z,confirmed,1976.47,PEN,mobile
e649e9ba-353c-4092-b204-bf4a063c05e5,ef233313-abaf-4f56-bd3f-617545caf25e,2026-08-02T14:16:55Z,confirmed,11085.27,PEN,api
06afa5d5-d03b-4b59-a37e-40bc27d96393,908a0a58-b4bb-4980-a6ec-61d254468cfe,2026-08-21T09:33:43Z,confirmed,5635.85,PEN,mobile
95cc8b8b-83a7-4cc7-b061-4518a2ae473d,dd2e775f-aed8-4b7c-8955-21935f06f059,2026-09-16T18:21:25Z,pending,3021.38,PEN,mobile
8d1a3a38-8243-4ef1-b2c7-eea848dcbd16,2419006b-0926-4d3c-9fd7-8b33bd91dc0f,2026-08-08T11:50:16Z,confirmed,1326.93,PEN,api
66011148-a521-49fd-afa5-4c0dd614fb6e,e17528a6-f43a-460a-9047-a3c903fdeae5,2026-08-18T10:00:49Z,cancelled,640.28,PEN,web
7931f99f-75c6-42a7-9668-8cea1e562cf6,6ff36690-1e16-485f-a21d-3c1a69687ba1,2026-08-21T09:07:47Z,confirmed,189.86,PEN,web
19c48238-988a-4626-b683-d6e26fed0f5b,541bfb8b-fd17-45f2-b410-b61469787f28,2026-07-30T13:41:37Z,cancelled,1927.83,PEN,web
252b42a9-9656-4876-bd4c-2ffb02a75c7a,35cea61a-cc63-4bc8-9512-4795cd9d0b0f,2026-07-19T06:51:19Z,confirmed,2818.26,PEN,mobile
73945115-1813-4a3b-8ffe-432782073a9a,2fd7d24a-f15f-4894-b654-e834be4188f7,2026-08-21T13:07:47Z,rejected,74.18,PEN,api
2fb49478-fe33-47da-a19e-3f9199ba651b,e8486488-15c2-40de-b356-1cd2a91d46e9,2026-08-10T09:25:24Z,confirmed,6821.51,PEN,mobile
3832f8cd-3a98-4f02-af1e-e4dc4fc214d2,4b4be7f3-54fd-46a8-8eb0-c5c6ef1b09da,2026-09-28T15:58:04Z,confirmed,2644.56,PEN,mobile
d3845e93-98f5-46f1-b762-a20debd9648b,890cf578-beb1-4911-9b06-1f2454d59db4,2026-07-27T11:41:37Z,confirmed,3124.01,PEN,mobile
d6556507-cef9-43d3-b8d3-fc767b2903c8,6809b22a-94c8-40ef-944f-b35f06656229,2026-09-20T15:21:38Z,confirmed,232.04,PEN,web
322b2be6-6b4a-47d2-884d-84a595bc42cc,1993c71b-2bc4-4abb-8d7a-42592c320af7,2026-09-06T13:29:16Z,confirmed,306.37,PEN,web
d8107757-fb23-418b-8833-50340fdc72c7,7cc01d11-4bd9-4b82-9f6a-53ca287c2908,2026-07-20T17:55:52Z,confirmed,5771.24,PEN,api
74188fe8-ac5f-4102-976d-dc895928fd48,538ce41e-cc3d-4201-a8f0-d9101b05c87c,2026-08-13T10:43:30Z,confirmed,2172.12,PEN,mobile
f6e2e9ce-bac6-4572-8cd3-936dca3b3589,a1f14f8d-2cb8-42b8-b7cc-2784ca416963,2026-08-17T18:19:59Z,confirmed,443.52,PEN,api
b8dc6bc2-3400-4572-9d85-1adb12af51cb,d6c171c1-e02a-4aa6-99f7-8931f7597704,2026-08-30T09:42:21Z,confirmed,6192.22,PEN,api
3197392f-52e0-47bc-a679-1a37b66a6f18,69788eb4-b16a-4094-818c-67c58f11350b,2026-07-29T11:30:10Z,confirmed,2699.45,PEN,web
d16b3373-1578-45a9-ade0-44f81ba28243,3288c011-3674-43e2-9cf8-1797edd80857,2026-08-29T13:52:01Z,confirmed,1150.95,PEN,api
077ec8ce-3f74-48ac-8d1b-70e5b8c27714,728f6d69-24be-4e58-9439-a7fc8be6be9f,2026-08-22T11:45:59Z,pending,1687.28,PEN,web
e2b31cc5-495e-45e0-8f17-901567d237a5,16d1e87b-5980-4616-ba63-5fa740f5e2c1,2026-09-01T09:26:51Z,confirmed,1496.26,PEN,web
59deac24-c04b-4a03-9177-1ac7e3c6604e,dd5ce787-a7cc-489d-a569-386cc96ad2c9,2026-08-02T15:13:51Z,confirmed,1345.1,PEN,mobile
6f9734a2-fce5-40aa-88c5-ffe1a1bb2572,c75f9bb1-3a34-4c58-8871-05762405f95a,2026-07-19T11:14:55Z,pending,1839.28,PEN,web
2c501d00-08b0-4a16-8933-4eae46fb4b0f,a3afb1d1-f66b-4408-834e-b9ee24c384fa,2026-08-22T15:45:59Z,confirmed,361.33,PEN,mobile
6847222a-ec35-4c0d-8d3d-a7474ccbf6fb,f71cb521-c175-44ff-b1e0-d75514481acf,2026-09-07T10:06:08Z,confirmed,227.25,PEN,mobile
9f2f5387-933a-4f4c-a053-248f7aff5623,57b74fa6-eb77-42d9-b60d-5aab4ebd023e,2026-07-24T12:23:36Z,confirmed,1507.5,PEN,web
7b1f2758-4d51-417d-9d90-04fc67d7aa48,d8952c2f-7ed0-40b7-bb1c-433fbf6b17e7,2026-09-22T15:27:16Z,pending,386.87,PEN,mobile
9726dec4-c5d6-49d4-8613-7139d94aac15,8cc988ee-01e8-447e-96fe-39aaa8ee442e,2026-09-19T06:00:39Z,pending,778.03,PEN,api
019805c9-bd9b-4f54-ab99-5a4267222256,6b667359-b0c4-45a2-8472-09e0d1593c63,2026-08-21T14:02:30Z,confirmed,1590.6,PEN,mobile
731c7201-263d-495a-825c-aa0c35298f54,1b321311-2d86-46c1-9871-3c85a416712a,2026-08-22T08:29:45Z,shipped,244.48,PEN,web
c2197a85-154f-43a6-ac25-078aa6ebe4df,dda91f70-e4e5-4090-9aa5-4b12f7becfaa,2026-09-06T08:22:17Z,confirmed,763.22,PEN,web
7bff5ba3-8981-4cae-84b5-1845ba8f3081,1e9f5012-2e34-4419-97c1-d78d2b20c7d0,2026-09-11T16:51:53Z,confirmed,2187.09,PEN,api
f2717978-66d8-478a-af1f-bee42bb6cfee,7df29e3d-9aa4-4dcb-a5cb-54bce84813b7,2026-08-18T10:04:41Z,confirmed,1742.11,PEN,api
24901603-d0fb-4d92-b904-06497884417e,bcf5a1d6-271b-459d-aa3b-f3171c7900f5,2026-09-17T12:52:46Z,pending,626.43,PEN,api
4d51c8cd-b4f6-4401-b1e4-b30c3b2f1bce,5c3c0a8e-75ed-4622-8f3f-934fdbbe000e,2026-08-18T13:42:50Z,confirmed,2045.63,PEN,web
88a9a4de-7f1c-4baf-a020-5f85697ac8d1,3dfa9bb1-35c3-4f28-bede-eaf304bd5f25,2026-07-22T11:04:43Z,confirmed,1694.81,PEN,mobile
867b5404-119a-42a2-ab46-8199d1ead98d,e3aeb3fe-f7e7-40da-926c-b2794b58a071,2026-09-02T15:45:58Z,confirmed,2122.52,PEN,api
c6cefbf7-c02d-4402-be58-df1d2a1a67f1,022a424e-e532-4d17-ad7a-5abe117711d1,2026-08-19T13:59:45Z,confirmed,3268.72,PEN,web
a26ceee2-b21b-477e-bced-c64388fde472,acf4e046-98b8-47d8-b01a-f2e0601571b1,2026-07-19T08:13:12Z,,1215.06,PEN,web
a2176a5d-0ae3-41cb-bfe0-6794c17469fe,2f91c6f6-3392-4c80-88f9-8351268da29d,2026-09-06T08:45:25Z,pending,2995.86,PEN,mobile
b1bc68ee-6298-49bb-bc2c-bd6da87e28a1,224b85ae-00f1-4c2d-b1f2-da6139ad614a,2026-07-18T06:15:46Z,confirmed,876.85,PEN,api
05c367ed-6c9b-4002-baf6-d2e11bfeb7fc,6d5945f5-aac2-4bd0-8253-916d453a7815,2026-08-10T12:38:56Z,pending,2256.88,PEN,web
dbebd96f-1f97-4686-909f-4883dd19bad8,2f63fde1-867a-4be8-8311-797430168219,2026-08-28T14:21:23Z,confirmed,4994.2,PEN,api
54d9d6f0-7135-4b3c-a0d2-fdd96e9eecf2,9d6f86fb-be53-4c53-a1dd-798d1a115c83,2026-09-03T12:53:15Z,confirmed,1144.36,PEN,web
f9234be0-7c42-4db0-8182-5cab3cc17777,30de6d7d-e1d5-431a-a4f7-a4af8cdb1074,2026-09-12T07:22:21Z,confirmed,3599.58,PEN,api
ad1750b1-2627-4823-95d6-f33e09a97dea,541bfb8b-fd17-45f2-b410-b61469787f28,2026-08-03T17:40:00Z,confirmed,3051.92,PEN,api
80713c97-7c4f-4f3d-a9ff-8401226932db,5fc726fe-5bd4-43b0-bd60-cbe6574c6d13,2026-08-09T08:27:54Z,confirmed,2538.29,PEN,api
b26b5c34-32ac-4ae2-8898-030588136281,c9456433-4ca7-48eb-96b4-d3b7980f9f16,2026-07-30T15:41:43Z,confirmed,1150.32,PEN,api
719cb4d8-bc37-4ef0-a273-d73ab7ab1658,0d79cb79-02e7-4418-8da6-fdbda01e1620,2026-07-25T11:37:10Z,confirmed,1149.64,PEN,web
3bb31dfc-d21d-442e-a232-890ddb254370,6685c30b-1692-4d22-871c-3c28bd3016b6,2026-09-16T12:46:21Z,pending,3105.81,PEN,mobile
c4cd911c-d075-4db1-90bf-1ddf07b75cb9,b1adad27-311a-4820-b200-de6892f20643,2026-09-14T17:09:07Z,rejected,3559.52,PEN,web
506bf23d-c1d8-48b1-a2c2-680045bc7272,bdcefc5f-88b4-4dac-a122-b2d5c3ee966d,2026-09-06T09:09:50Z,confirmed,104.7,PEN,mobile
fc460373-2a66-41ee-8b4e-a3fffae9caf2,f52b6746-609a-459f-b0a9-5c03b6896e84,2026-08-19T18:28:16Z,confirmed,721.67,PEN,mobile
5ad890e3-6b97-48bf-8c6e-c0d369e8d4df,3c17ec7c-a906-4f72-b850-094f557bbe52,2026-08-25T10:51:55Z,confirmed,692.16,PEN,web
e0be2380-3c90-4d11-bc59-7cf0bf55f7ea,cced02b4-6156-426b-b179-256213e038ef,2026-07-23T10:38:23Z,rejected,460.41,PEN,web
f2ea820e-4d7b-4f09-9f86-f971a679bb0b,cf5f9a34-ec9c-43a6-98ed-1fb940ad8be7,2026-09-27T14:04:53Z,confirmed,1883.85,PEN,api
609db541-e221-4336-a297-782f6623684c,f767d21e-30d7-48d9-9742-0e3777a4319c,2026-09-13T14:55:29Z,confirmed,155.91,PEN,api
21071b34-e4b9-42ab-a8a6-9c3ef3ada9ed,a15437bf-ad74-45c4-9271-a8655669303e,2026-08-20T14:07:45Z,pending,236.97,PEN,api
b91a6995-e0c6-4e6b-99aa-fe17083f251a,d0ea81ea-a02c-465a-b9df-2b879fff3bc1,2026-09-15T15:34:00Z,confirmed,2690.04,PEN,mobile
eac2a1ee-e022-402e-b819-728e260c33e1,25f516de-6135-45a3-a792-d912db21a03a,2026-09-17T09:03:28Z,pending,3054.03,PEN,api
2e0e9ac1-65b8-4e01-983f-d576512a9214,a84eb40c-9ab2-4220-85b5-80ad342e4309,2026-09-26T10:27:05Z,confirmed,1986.37,PEN,mobile
ef99fadc-899d-40c7-91a5-047642f42f8c,3777ce28-1286-4576-a512-b4e2b633c86d,2026-08-07T18:38:53Z,confirmed,746.11,PEN,api
6427bec8-9f05-42ca-bd77-0100a290f4ac,80769f41-129a-4046-bea0-7c9fea51671c,2026-09-22T09:55:59Z,confirmed,6828.64,PEN,web
b094929b-41af-4307-879f-71bdaafe0064,efcf5f3f-7fa9-4758-81d1-6e79cc303f87,2026-08-04T18:30:12Z,confirmed,2533.89,PEN,web
17d15399-5ae8-4867-bb1e-0fc9da769522,40039c98-8535-45c4-b2ab-a0daf524fa7f,2026-08-24T13:07:56Z,confirmed,3340.99,PEN,mobile
7b2e54cc-e511-4399-aca2-4f54af48ec6f,e326bf87-8738-4a7c-842f-70cdd4deb567,2026-09-26T06:34:49Z,confirmed,342.94,PEN,api
a9a065dc-e8a8-42d9-b11f-27a2ca1860ee,bdcefc5f-88b4-4dac-a122-b2d5c3ee966d,2026-08-16T07:59:11Z,confirmed,539.6,PEN,api
cdb0fd8f-89e8-4530-a442-cb3a206dae9c,f5c65cdb-75f6-4989-92ce-1afda59318e6,2026-07-22T09:18:27Z,confirmed,2435.12,PEN,api
5bcae20d-acc2-4785-b8a3-fcd6e7f3f489,b8229628-4101-4c68-a34a-5d8da06e0b15,2026-08-30T12:24:19Z,cancelled,1754.17,PEN,mobile
4230e184-c8d6-423d-8bf0-9dd8bae6df43,715fa856-b1a2-4460-b29b-a25abaf1c17a,2026-07-31T13:37:33Z,rejected,2067.32,PEN,mobile
5ab129ba-5167-408c-bce5-eb9eb47383f6,afd56ba2-fd07-4f2d-b125-7869fb206f20,2026-09-26T06:29:19Z,pending,2119.71,PEN,mobile
1d2a4c0b-a91f-48a9-a127-a6fc10b052e0,5372a4e9-66da-44af-8641-039da83ccee6,2026-07-29T10:23:51Z,,684.8,PEN,web
ef4eaf88-156a-4b82-948b-4edddbf151a3,119c0741-0c2a-4ce0-b702-b7af7b2591a9,2026-07-31T16:03:51Z,shipped,5239.21,PEN,mobile
fb1ae186-3f04-4193-80aa-7da5ec19eb7f,08114246-4b0f-4172-b3f1-859f1660aa76,2026-07-23T09:19:42Z,pending,174.03,PEN,mobile
ea71b323-881f-4245-ac31-4ce35a400d0c,e68a8184-7e98-4abe-af8d-324fe89f2958,2026-09-07T14:19:21Z,confirmed,100.52,PEN,mobile
bfd74946-9358-42d7-aefb-3db8eede5c76,64859f31-170b-444e-a7f5-897a729460d1,2026-08-07T16:25:03Z,confirmed,884.62,PEN,mobile
a48ca27f-1b1e-435a-8ea7-2d93ecd50147,6ccf67e9-a492-4e00-b91c-4dd1ad4f0257,2026-09-12T06:07:45Z,rejected,1109.05,PEN,mobile
6d37a051-0b0a-4510-a833-8bb79a3d6960,ee13bfad-1cb4-4be7-88d1-45b16ff1552d,2026-09-02T18:20:15Z,confirmed,817.07,PEN,api
86724d86-3ebc-461d-9a62-7447a9c1b4e4,06ea0ff4-de1f-4456-ad6c-37417ec5ea5d,2026-08-12T15:51:25Z,confirmed,1693.36,PEN,web
d6444958-9590-496c-ae85-c1d0e1881aea,50837819-b0af-4c20-a45f-db128f20e8e6,2026-08-09T12:28:18Z,confirmed,1183.16,PEN,web
bdce5a84-b74b-423a-908b-97015910da71,f00dbdc0-892d-4f0f-87a1-c122eb480b99,2026-07-22T12:30:34Z,rejected,1155.38,PEN,api
1350b359-e256-48fb-9c6d-388ad4ea3acd,c202b659-a768-4897-bdf8-9ca61dcf23b6,2026-07-26T13:08:09Z,confirmed,857.67,PEN,web
bc4af43b-d8ec-49e4-a742-834b9b7ecc31,8f03a6da-c181-416e-8736-ce59aaecdd50,2026-08-09T13:43:13Z,confirmed,2309.21,PEN,mobile
56983394-abe7-4c5f-bc15-ce4b06111943,c0879d1f-69a4-496d-ac55-b02c1acd7518,2026-08-27T15:03:29Z,confirmed,16.56,PEN,web
0bbc4a10-91f5-4946-92fd-f5d47d72807e,541bfb8b-fd17-45f2-b410-b61469787f28,2026-09-01T15:46:54Z,confirmed,1361.48,PEN,web
839ddb11-160e-424b-9472-5108d88410a0,b671eba4-fdfd-46da-a7f3-b16b98699bfd,2026-08-01T08:43:40Z,confirmed,109.59,PEN,web
81d25ae4-bda3-4a10-aa41-d605da0fd2a7,96d74840-e363-4111-8751-c33bdc3f5b81,2026-08-24T10:16:21Z,confirmed,1951.21,PEN,api
f8f49aea-9185-4fe7-92d1-e211c741e3a2,fd166f9d-7f71-4a47-9403-5e9ecee2da3f,2026-09-19T09:15:28Z,,6039.88,PEN,api
5487534c-2331-4bb1-9721-d663ab39ff32,7be7f7fa-05b1-48f3-be5a-3563436aa8b9,2026-09-06T14:07:41Z,confirmed,1319.73,PEN,api
04191ba8-fbd5-4d08-aa4a-3054cda410c3,dbd09dd7-5e26-4786-96bf-d6adfe5468f6,2026-09-17T17:07:49Z,pending,1067.9,PEN,api
f68ce995-dd9c-42ab-a88b-30599bf19879,bb275612-b3bb-4efd-8d8c-edf6e6ddf7f7,2026-09-27T10:50:51Z,confirmed,2903.84,PEN,web
7179b7a7-9580-44cf-9d24-6269c3b8cda3,d26e3c25-fe5b-44bc-9956-a99d577eca87,2026-09-27T12:08:58Z,rejected,276.92,PEN,mobile
e104e6b9-f20b-4e7b-b2d7-33938a60097d,6618d8d3-f600-4973-aaea-efd9a73dfe1f,2026-09-29T15:30:59Z,cancelled,10254.18,PEN,mobile
6182a4d0-4a78-4729-a08f-8d4004adf37c,dc65d16d-5b4a-4f1e-8a4d-105da5891c86,2026-07-30T09:28:49Z,rejected,7568.94,PEN,web
92326a91-3ff1-4b1f-9a74-76ad079ccb5a,3944bfbd-ab28-445d-ad91-3e872169eaa5,2026-07-20T18:28:53Z,confirmed,1698.58,PEN,api
3da798d4-101e-493d-bb96-b8faa1fed6ef,06578f9e-c0b7-4bba-8d7b-2de89fd48527,2026-09-22T11:17:25Z,confirmed,1323.66,PEN,api
396707ad-7e14-474d-b89a-a7b45da157e5,df6a11d5-06aa-4ecf-85e1-5b966296c044,2026-08-21T18:29:59Z,confirmed,2383.09,PEN,mobile
1a762f8e-84b4-4953-af21-68a6f4776968,42d45561-d9f5-446d-affe-8634c8d634a2,2026-08-06T17:16:45Z,confirmed,2443.84,PEN,api
f02cb6cb-06f9-430f-a659-29d6e9c1972e,562c3e97-4fcb-4914-9cf7-0e44c5811a6d,2026-08-05T16:19:50Z,confirmed,2255.12,PEN,api
c4aa5bcf-9962-4da7-a4d8-302fec6cf0b3,06578f9e-c0b7-4bba-8d7b-2de89fd48527,2026-09-16T12:04:15Z,pending,477.9,PEN,web
f173da63-e9a5-4fe0-bd36-3f71d53effb5,4c52605d-9a28-4473-ba9b-01aa8391eb76,2026-09-03T10:38:47Z,confirmed,546.26,PEN,web
5eceb1c6-a41f-47d9-ab4c-1e6eb9f6af68,95399cf1-a86b-4353-b03c-aec2999e6d24,2026-08-14T10:29:26Z,confirmed,3980.23,PEN,mobile
58821dc8-7034-4366-b229-d08b84926e54,d4fa7dfd-0ffe-4774-812f-d554f5675221,2026-08-07T16:21:07Z,confirmed,3471.93,PEN,api
64f29fd3-9e21-4245-8b78-edd4eb0954cb,9602f8ce-7fd8-4f6b-8de0-ed03afd3f928,2026-08-18T09:57:18Z,rejected,232.01,PEN,mobile
59f06e1c-9f24-4a03-a16a-e69f1cb56e63,9d6f86fb-be53-4c53-a1dd-798d1a115c83,2026-07-24T11:53:58Z,rejected,1465.76,PEN,mobile
9d01bd27-a850-4898-b72e-9a57b3034014,740805f0-29dd-4ae7-8e40-3038862857a4,2026-09-19T12:28:09Z,pending,6276.5,PEN,api
2245ccd6-ab0d-488e-843a-afb761fd0fba,a99f3175-6c88-48fe-9015-db957c876ebb,2026-09-29T17:35:35Z,rejected,1873.92,PEN,web
7d23ece0-bfec-4fd1-bd22-f0fe862d3c95,eb83fed2-f82f-41e4-a22e-05e5e1998f64,2026-09-05T12:23:06Z,rejected,1529.39,PEN,api
2c406f99-893f-487d-9ebd-4bb787332a0f,119c0741-0c2a-4ce0-b702-b7af7b2591a9,2026-07-26T12:11:52Z,confirmed,3008.88,PEN,api
270ad782-2119-482a-9030-717a7f482e26,763f835a-10b5-46ee-a181-07f82bba4ab3,2026-07-25T08:42:22Z,confirmed,5942.3,PEN,mobile
b850f489-7c49-4536-899a-549321ba5605,4ce07cfd-230b-4e4f-843a-5bb86bd7de0c,2026-09-22T15:54:23Z,confirmed,298.18,PEN,mobile
737c9503-a20a-4cdb-b646-1fb7d3664242,2fd7d24a-f15f-4894-b654-e834be4188f7,2026-07-18T10:39:08Z,cancelled,7624.56,PEN,mobile
e1d4392a-3eb8-41c9-a79a-acdb7786b987,956057f5-be6c-4d95-bd1f-9cd845dd1767,2026-08-12T15:14:18Z,rejected,1305.13,PEN,mobile
7f7f2221-911f-400f-8504-78b3a19adcf9,e6763a14-51b3-41d7-805e-7dc1d2d88cbd,2026-08-23T06:08:03Z,confirmed,1976.25,PEN,api
15897c88-e7c5-4db8-8362-c169cee27c27,dd2e775f-aed8-4b7c-8955-21935f06f059,2026-09-17T09:45:08Z,rejected,1649.54,PEN,api
c21d16de-f407-47a5-bdd1-2b5dafd836a7,32e92878-d88e-4cd1-8d9a-98d0e0b20aa9,2026-08-23T14:56:03Z,confirmed,1371.48,PEN,web
62c31569-7255-4aba-8720-390bf63b6548,e5e6592b-251f-43d5-aa20-a12aeb586076,2026-09-20T12:10:18Z,confirmed,1372.26,PEN,mobile
b16707ce-2d53-435f-b905-4ebbeebfaa01,db640e2f-8591-477e-8d7c-e5d1207508c3,2026-08-25T14:18:54Z,pending,2361.14,PEN,web
558bdf64-d370-4e78-959a-94add2b07cc2,83898f5d-ec2a-4478-af13-c983468d5b9d,2026-07-23T10:29:14Z,confirmed,1605.56,PEN,web
d7f080ae-71ba-4783-b252-d7050bbd2995,4585ece7-3716-48f2-86a9-a1e367196e7c,2026-07-23T16:53:28Z,rejected,1740.36,PEN,api
ac3dd3df-2b24-4bdd-810a-6c3e17c66a3b,bb275612-b3bb-4efd-8d8c-edf6e6ddf7f7,2026-09-13T10:40:59Z,confirmed,454.75,PEN,api
1acaaf53-2675-4414-813f-4e5a8971089e,c202b659-a768-4897-bdf8-9ca61dcf23b6,2026-09-20T07:31:24Z,shipped,698.53,PEN,mobile
11da87b0-5eca-4e0c-9e2d-efeb94e36e75,7a6d0709-f364-4f3a-88b6-ab1b01b205f2,2026-08-31T13:26:02Z,confirmed,4965.6,PEN,mobile
3ec1b001-3b35-4d9f-8538-d44f9869906e,8f03a6da-c181-416e-8736-ce59aaecdd50,2026-08-05T09:25:58Z,confirmed,1504.53,PEN,mobile
36c86158-c466-4a59-a35c-926d76020264,9f9c0621-b7a6-4d37-befb-0d326a80606f,2026-08-27T16:04:51Z,pending,1423.94,PEN,mobile
1469c7cd-2274-495d-920e-1cdda441d863,28a8cf6d-4fea-416c-8f1b-064ad758acd4,2026-09-08T16:27:15Z,confirmed,3441.34,PEN,web
6c506d13-d9a0-4e94-afa2-82afaec8142e,94e3bb75-5c58-4564-92f2-241295510f9f,2026-07-22T16:26:37Z,confirmed,1155.82,PEN,mobile
4b04f7fb-a39a-4f44-b07e-8bbb9ca62099,0271104c-ced5-4cf4-9781-641c46238aad,2026-08-12T12:06:37Z,confirmed,577.58,PEN,api
30fea53c-5e9e-44cb-b995-fed5bd3aeddf,577c1c36-8fdd-49b1-a11e-1db93bb7de8f,2026-09-17T16:22:37Z,rejected,2737.96,PEN,web
2a43de15-b926-4e18-a382-a2f21f979ebb,e3079dfe-e526-47bc-b634-ec12d0a8095d,2026-07-26T11:41:06Z,confirmed,1960.16,PEN,api
f1b91088-1947-4253-ad48-b0d3f30d071e,d43461b2-0512-43a9-a5c5-a6cb92166834,2026-09-01T18:42:07Z,confirmed,2142.31,PEN,web
834898f5-6b6b-4391-b9e2-b0cf7f13cef3,9f742a90-cfa8-4220-ab51-9021d8b03be3,2026-09-28T16:18:14Z,confirmed,2737.35,PEN,api
f22b5c15-3852-4943-9943-6029f57eaf6f,6b30949f-7401-4c94-be6f-c31c21c747c2,2026-08-29T13:52:41Z,confirmed,2324.11,PEN,api
6d3407ac-0444-4698-ac6c-b22b8c2fe52f,b0e753ad-bfc7-4ac8-9cec-c9dfcbc960ad,2026-07-22T12:34:36Z,cancelled,14916.99,PEN,web
40e0fa36-c347-4858-b797-856244fb07f9,35cea61a-cc63-4bc8-9512-4795cd9d0b0f,2026-08-15T08:57:46Z,confirmed,877.63,PEN,mobile
470cafc5-88ce-4ad0-b21e-0ad0386c9ce8,0e08a2ca-666e-4bfa-8e58-3f0905a6b4dd,2026-07-31T12:46:53Z,,666.06,PEN,mobile
3b2734d2-946f-42e7-8e98-b34f6e6896e7,bc66d068-5d23-4fb4-9b78-89981015a77e,2026-08-31T17:29:57Z,pending,345.68,PEN,mobile
b8b97c2b-af0d-428c-b0be-4af206c76145,de54aee3-d105-4b83-955c-478489e89bfc,2026-08-28T16:52:26Z,confirmed,1774.41,PEN,api
f6741f60-c282-4057-97c6-4e944aae812e,023dffe1-7484-423e-9aba-df88016aaed1,2026-09-19T14:07:04Z,confirmed,4034.01,PEN,web
399c8723-89e8-4301-9ea7-6bd484b4aca3,cbfbf760-96e4-413b-8024-276281ca6b22,2026-08-27T17:35:55Z,shipped,1689.5,PEN,api
bb782dff-c163-429e-a5fb-e9b20cbc6819,eb475e2c-c730-42fe-b890-74894d135629,2026-07-22T16:56:27Z,confirmed,864.6,PEN,api
40213451-6e0b-41f4-95a4-c1143493390e,71aa7699-88db-446a-8e3e-6484f1b2376a,2026-07-27T12:19:58Z,confirmed,4572.7,PEN,api
834849ce-2df2-456c-9398-b811c3fa6a90,acf4e046-98b8-47d8-b01a-f2e0601571b1,2026-08-29T13:17:10Z,confirmed,1300.24,PEN,web
e082761a-4f36-4077-8213-894eb9143291,28a8cf6d-4fea-416c-8f1b-064ad758acd4,2026-09-06T07:20:44Z,confirmed,3297.45,PEN,api
64687fe7-b02e-4364-9c15-ab947e73e1b9,ee13bfad-1cb4-4be7-88d1-45b16ff1552d,2026-07-28T09:21:05Z,confirmed,3826.93,PEN,web
92af648b-2fa9-4a26-bd60-4dc25df19d45,a8f797b0-bc69-4f9a-b0b5-a060ebd80dcb,2026-09-05T11:17:46Z,rejected,596.36,PEN,mobile
58e1da44-6488-48d6-8aac-ee4d2b083e76,6b827b53-eda9-4d4c-ac5b-42bf79928864,2026-09-12T09:37:28Z,confirmed,2836.29,PEN,mobile
2e2ff734-6622-48e2-a24c-eaa20b32f521,e6f4ad94-be9a-4bfb-9562-9357874a27cb,2026-09-16T17:44:09Z,confirmed,2951.16,PEN,api
edd6cfc3-11cd-49de-8b7d-844b9fc1d8b6,92f9bb2e-bba7-42ea-b0a4-757a5f2c58a7,2026-08-03T11:29:32Z,cancelled,4577.81,PEN,api
fe0ee6d0-b903-4c4f-885d-359b04cfb4ed,d509ccc0-f24c-4b54-a1fd-fe55492cdc6b,2026-09-18T17:37:19Z,cancelled,3217.38,PEN,mobile
fd55a3be-c20c-4f21-a486-52f6857c07de,28e8e125-644f-48ad-86aa-10caa8ca2e85,2026-09-17T12:40:58Z,confirmed,165.74,PEN,api
abd7c693-ba87-4249-816f-085d1504ae1d,f52b6746-609a-459f-b0a9-5c03b6896e84,2026-07-27T16:27:17Z,confirmed,2067.32,PEN,mobile
e80cb1ef-9e2f-4ea3-9095-413355e28eeb,3007c56c-f44f-4653-bf02-d390351a8049,2026-09-06T09:22:54Z,rejected,8050.1,PEN,web
9295312d-2a8f-4c6b-aae0-e04a412a43fc,9153b920-5a5d-412e-af0a-8b734fcceb56,2026-09-28T18:01:37Z,rejected,7733.4,PEN,api
927e165e-9338-4133-b935-f2c71b815814,ffb8aadf-5975-43f7-93da-ac7ce1af0e20,2026-08-24T15:07:11Z,pending,6349.24,PEN,mobile
155f406b-6872-445f-b3f1-82a70aa2bb8c,8c788785-f094-4a9a-80a7-6ba2bbe80e59,2026-09-15T15:31:42Z,confirmed,577.58,PEN,web
208646f7-ee66-4cbd-a457-e4f7038926e9,b104a091-a276-49ee-a10e-def46eb82981,2026-08-18T17:55:41Z,confirmed,738,PEN,mobile
cb6a54d0-0e17-4dda-8144-599a5a68aca0,86fa8c3c-33fe-44fc-bbc3-62569d56ca7d,2026-08-22T10:27:28Z,shipped,549.28,PEN,web
7722015e-4a26-4f18-b420-6122b4df9e0f,e00fbf9f-e822-42ea-9d85-cda7dd952644,2026-08-05T15:39:35Z,confirmed,5717.58,PEN,mobile
7247257c-0b2a-47c9-957d-c937de462c2f,7689c687-0199-46c0-ac66-6fe61b037a1c,2026-09-11T14:03:28Z,confirmed,1050.03,PEN,api
b7c2781b-ba33-491f-ba23-9f61e987fa20,5326b56d-c246-4875-8a41-7b250561cf56,2026-09-26T15:45:06Z,confirmed,113.01,PEN,api
33dbdf33-37d2-486b-a083-759c8faedf9c,2538dc2f-9e8a-4232-8d93-773bc4401de3,2026-08-07T12:38:13Z,confirmed,3582.25,PEN,web
9529ffa7-e270-480f-b98b-4d6603967ef7,6053dd65-00e8-4f4a-9e5f-d8bf4ab531cd,2026-09-22T15:48:21Z,confirmed,4098.96,PEN,web
1a94fb1c-4385-48dc-9562-75946b88fbf9,656140a7-51ae-4e1e-ad91-bc12bc977022,2026-08-12T17:09:56Z,confirmed,325.06,PEN,api
dfaebcad-00dc-45b0-8415-16be0fb9d671,544ca703-42d7-4ea4-a72e-40a044ecad98,2026-09-10T14:41:20Z,confirmed,1504.72,PEN,mobile
c8a96fe6-2f96-4e04-b11d-42d8eec699de,2c604468-97e3-4090-98e7-ff4a66e19c50,2026-08-29T09:19:34Z,pending,984.18,PEN,web
0a524db0-49cf-407d-987d-14144f6472bf,5cfd2008-4ab7-49ea-921e-695ffb769ab4,2026-08-21T18:09:12Z,rejected,10516.18,PEN,api
96fdeccc-1d03-4225-880a-b79be5fc3a85,2fe2227e-a3ea-4992-b4e7-07f23925b0a8,2026-09-22T14:09:25Z,confirmed,3791.73,PEN,web
12383350-cb5d-4eeb-ac2e-c01a55821467,2ce190bd-32de-4b98-9689-d7fe40a43bfd,2026-09-21T09:42:59Z,rejected,,PEN,web
506006c9-00e2-4ca0-92ec-acce2e162a7b,795fc802-4d4d-4feb-a971-a2107b12a8e8,2026-07-23T14:17:51Z,confirmed,469.21,PEN,web
000f775f-ae70-464f-9bb2-7632921e0f5a,2f2a234d-6854-4d98-b8da-3f1f9366fd4c,2026-09-14T12:55:29Z,pending,855.18,PEN,api
858d5ec5-5b9c-4baf-96a7-45ad52d29c5f,a1542865-0d56-48cd-bbce-3d1c15223e01,2026-08-10T11:41:05Z,confirmed,876.49,PEN,mobile
d70c69b4-ab01-454c-9a2c-b33d635e8fba,9216a40e-c898-4e30-bb44-e8da2b09a43d,2026-09-18T15:00:56Z,confirmed,475.45,PEN,web
0dad8454-a44e-499d-8b5a-57610a46d6ae,db640e2f-8591-477e-8d7c-e5d1207508c3,2026-07-23T11:07:39Z,confirmed,1991.47,PEN,api
56950ba4-31a0-4169-89ff-54fb72999938,f48e66cd-4250-4b55-976e-2b5912d095df,2026-09-25T12:57:06Z,rejected,7223.15,PEN,mobile
b2922275-bc6c-4b33-bc10-abfff7c2cab4,3c17ec7c-a906-4f72-b850-094f557bbe52,2026-08-05T14:42:36Z,confirmed,1274.31,PEN,api
485afa71-34cd-4da8-b6d8-a134978abeab,fd0cbbc8-982e-4e86-acb2-ce39c0166cd2,2026-07-25T06:28:27Z,confirmed,1909.85,PEN,web
30a0d42a-1a26-41bb-8fc8-688875ab1631,bdee05ed-1013-4321-9480-4b17eca2621a,2026-07-28T18:18:01Z,confirmed,6044.46,PEN,web
f46105c5-ed0c-427c-8b50-ee3f0fdc3fb1,f722af2e-cb7b-4bc2-99f1-c8c168dc123b,2026-08-01T10:46:39Z,confirmed,1687.32,PEN,web
96259494-e253-49bb-89a2-f09247282d46,3666a38d-12be-4fe6-a6a8-dfaec757e6a3,2026-08-20T13:24:14Z,confirmed,2548.34,PEN,mobile
d2cabea7-9b52-46d4-9c9d-27a731afa2a3,99dfe542-7a8a-44f5-88f1-93b0386fb87c,2026-09-19T13:49:22Z,pending,1711.88,PEN,mobile
0473c108-9a87-4ef7-b66f-90a098ef33b1,b671eba4-fdfd-46da-a7f3-b16b98699bfd,2026-09-19T10:54:56Z,confirmed,634.89,PEN,mobile
e9968f60-4ae7-4663-8655-4af855be33c2,ce9daa30-2eac-4b8f-9144-324142ee4e16,2026-09-13T14:06:47Z,confirmed,6400.42,PEN,web
0e77e7eb-44d7-4e04-a01d-2fe7073c3060,0321ff9a-a7ed-4404-9b35-1f5d793c4c91,2026-08-13T13:50:57Z,confirmed,2937.51,PEN,web
2f4d146a-abae-4238-8771-96966068cd5d,c0879d1f-69a4-496d-ac55-b02c1acd7518,2026-08-01T10:06:44Z,confirmed,823.92,PEN,mobile
217ce96b-8136-4c68-8295-87f9e57197c2,1473fa50-758a-49ff-b84c-3d244e394e91,2026-08-29T15:27:25Z,rejected,,PEN,web
afa4bbef-d85e-4b5a-b8ca-1ad382eef003,7ac58a67-6ccb-4353-bb9a-b03d815ab5f8,2026-08-28T15:32:04Z,confirmed,3294.92,PEN,mobile
a534a751-5212-4915-99df-036efb5b78bf,c2cba4c7-5d38-4c9c-a9ae-d2ed60f69d07,2026-09-04T16:12:40Z,confirmed,4751.27,PEN,web
0262603e-4f97-405d-8fa2-0092f5a2730d,66fb032c-5b65-4df1-bb37-c6e7dbc9020c,2026-09-02T12:03:27Z,confirmed,3547.42,PEN,api
03793d07-a170-45b8-9dfe-d1714f33aa08,169d56a1-9d21-4245-bda2-5e2407a0b564,2026-07-28T17:38:37Z,pending,231.44,PEN,web
017f2252-f235-4092-9f2c-86212d8a5692,167263b9-62ab-4c56-b60e-cda87e3c16c9,2026-08-03T10:10:29Z,confirmed,6052.67,PEN,mobile
2d16a5d7-6c80-4ef4-8a70-d5909158ca09,2586604d-c19e-468e-8b45-4b0eb398a91b,2026-07-28T18:48:02Z,confirmed,84.68,PEN,api
22f90c45-69b4-4a26-9dcd-686714ad7f7a,13e476f1-9047-422c-9094-a31178666ffe,2026-08-29T06:50:11Z,shipped,2695.54,PEN,web
c52096fa-7dba-4a80-a149-d5d56700aaf3,81fa4a3d-6d9f-4e1a-a9b7-08dd5f55759d,2026-09-30T16:37:39Z,cancelled,1245.48,PEN,mobile
db017d56-507a-4efb-901e-0db26f38bd2a,b48ba0ae-c816-4dde-9a3c-fb94d809950a,2026-08-30T12:25:17Z,pending,2916.81,PEN,api
83995856-963f-43a3-bcd9-e5754eec94bb,4823b1d5-e437-4a30-bb93-b30bbd2ab78f,2026-08-08T06:35:04Z,confirmed,1038.87,PEN,mobile
5a7fc969-7875-425a-a40b-1551c5d7bd69,1a467541-cdc7-4a8d-8d56-118527ceb2c5,2026-08-30T07:04:13Z,confirmed,8111.42,PEN,web
cdc1bb9f-ab3d-4bdf-b3bd-fa6434cbade7,6521c20b-e0bc-4a39-b4b2-4ba4d0f0aa81,2026-08-22T06:45:31Z,pending,2646.65,PEN,mobile
7da2f2d9-2851-45d4-b283-236d3661c2fd,16b345a6-2b44-4b31-beac-8d0745e98db1,2026-08-04T11:12:39Z,confirmed,675.44,PEN,mobile
5510a949-24bb-4a39-b636-dd3bb54eb063,4b643087-acd0-4cf9-ad3b-318b11660d52,2026-08-25T15:19:35Z,cancelled,1406.64,PEN,mobile
fb7ceebb-7443-4f93-aebb-c07cb6038f98,2ce190bd-32de-4b98-9689-d7fe40a43bfd,2026-09-26T09:06:45Z,confirmed,1977.06,PEN,web
29ad19ee-04d9-4235-ba92-3ff7207a357e,c9456433-4ca7-48eb-96b4-d3b7980f9f16,2026-08-18T14:52:34Z,confirmed,1238.98,PEN,api
c4af80b5-b141-42ff-92b7-1cd613b504f1,2024162c-8de7-438f-bf08-fb157e28ce74,2026-08-12T17:42:50Z,confirmed,2565.99,PEN,mobile
742cb6a9-94a1-4019-93b9-e3302416b60e,52f95753-baa8-4e23-ab91-8287a6bfe8ee,2026-09-02T10:57:02Z,confirmed,3008.06,PEN,mobile
c006c14b-030d-4a14-8cfa-696e635c782b,23fc56ca-53e2-481b-84aa-4c363dc800f5,2026-07-25T12:36:04Z,pending,1216.12,PEN,mobile
9f46cef9-1c85-4266-ade9-c00226d556f7,f767d21e-30d7-48d9-9742-0e3777a4319c,2026-09-04T16:52:06Z,confirmed,1520.34,PEN,web
cb33c59b-2875-4beb-94f6-46e40d66545a,c75f9bb1-3a34-4c58-8871-05762405f95a,2026-09-14T12:40:41Z,confirmed,5451.79,PEN,api
070a778b-4c12-4551-aff4-25f0ab08c30d,907e3ee0-5dff-48fe-9d89-853fde48152a,2026-07-30T10:44:47Z,confirmed,2969.19,PEN,web
6a8192a4-fff2-4dde-a56b-f530c8b36a4a,210a4171-d1e1-4eef-8ee4-66c44aae869a,2026-08-07T09:08:28Z,confirmed,9772.3,PEN,mobile
8f54684f-5166-4827-a768-85e441809bc8,9cea6a0c-6dac-4ddb-abe3-23774cb2b3f4,2026-08-18T14:09:50Z,cancelled,1157.45,PEN,web
3a818905-f7a9-4edc-b066-beb896234a99,f192e0ed-3965-4cd7-afe2-5c91df8fb025,2026-07-18T14:47:17Z,confirmed,2490.13,PEN,mobile
dd551625-189c-4c4f-98b5-64b0dea805d7,763f835a-10b5-46ee-a181-07f82bba4ab3,2026-08-16T13:31:08Z,pending,2663.58,PEN,web
672e553d-f121-4f9e-8b9f-803822eaaa85,4c52605d-9a28-4473-ba9b-01aa8391eb76,2026-09-22T14:11:03Z,rejected,3299.25,PEN,mobile
7d286157-37bf-4f26-b5e7-fc2e035f21ba,a27a4237-0f01-4fb7-80be-dfacf8fb7096,2026-08-26T12:10:01Z,confirmed,3018.61,PEN,web
bcc43d8d-6d5e-440b-9738-2971e0e14413,6b827b53-eda9-4d4c-ac5b-42bf79928864,2026-07-26T06:24:09Z,confirmed,3571.65,PEN,web
e1deee24-3c46-4088-968d-f7cb2ffa87c4,322a1bd5-3ef1-4500-b2ca-8096b5e1ad1e,2026-09-08T14:47:15Z,confirmed,509.76,PEN,api
5f6d3ff3-e895-4114-bb95-a81913bae69c,afb41a16-a95d-4a90-982d-92c4dba8ef39,2026-09-29T15:48:28Z,confirmed,28.55,PEN,web
1a2f3592-fbd3-417f-8154-835eca22439c,37ddc654-172e-4e27-8de7-c62cd109f077,2026-09-10T16:39:22Z,confirmed,3792.52,PEN,api
e9e63018-71c8-4275-86a8-70ee0d36a63d,c1745dc8-b3a6-4fd4-95ab-ba02610b9dd6,2026-08-23T14:58:23Z,confirmed,248.24,PEN,api
e1c624de-131b-4349-9927-40c0b80077ff,ce38f81d-cc2b-4176-9f13-38c82656fd45,2026-09-01T17:56:47Z,confirmed,939.9,PEN,web
afe18a43-9930-495f-9f4d-d052a94f04ee,fa4db3e7-146d-4312-b7e9-1aeb00361c36,2026-08-24T17:57:08Z,rejected,5151.08,PEN,web
a8da7544-2cb8-4b59-943f-f60e73c2808c,bdee05ed-1013-4321-9480-4b17eca2621a,2026-09-19T07:06:24Z,confirmed,1627.13,PEN,api
2fcfcc5a-045e-41a5-a605-7a0188a93911,2f2a234d-6854-4d98-b8da-3f1f9366fd4c,2026-08-07T16:59:03Z,confirmed,611.8,PEN,api
56fe5464-7261-466a-b0a5-638da13ed50c,6c60a995-8e9e-4315-ac4e-a334d598ebfe,2026-08-21T16:04:06Z,rejected,49.86,PEN,api
2cf6591b-1298-4657-b1ff-09a5075b8f4e,c86993a3-c43b-4ebc-ac41-d3ac8dc819bd,2026-09-06T11:43:52Z,confirmed,1725.45,PEN,mobile
b1504f20-5e47-43f7-993c-4907bb09e5c0,45e42b0d-c43d-4b2b-bda9-ea2fc0f85a4e,2026-09-07T11:22:11Z,rejected,2062.11,PEN,web
49e1ed0f-da77-4c67-9f6e-64dc1e4529ce,a15437bf-ad74-45c4-9271-a8655669303e,2026-08-21T12:20:37Z,pending,666.17,PEN,web
c19934d1-21b7-4437-9985-d7f01a6d7728,b88884e0-306f-480c-9794-51c2d08ea5c0,2026-09-04T09:49:53Z,confirmed,1488.49,PEN,web
64a78967-2d6d-493a-bda8-475e492eb836,6b667359-b0c4-45a2-8472-09e0d1593c63,2026-07-30T15:53:30Z,confirmed,124.05,PEN,web
40d4d6b0-3e04-4868-adda-d8c3759d7a48,bd255b1c-e591-41ae-b787-57c9774099d1,2026-09-14T18:29:44Z,confirmed,409.94,PEN,api
3670606b-76e8-4f76-a4c6-1aa4fb1da9e1,9cea6a0c-6dac-4ddb-abe3-23774cb2b3f4,2026-08-22T15:29:29Z,confirmed,4206.17,PEN,mobile
d2577e63-5ffe-49a4-9cd0-b0845894449a,b489cb16-3f3e-4b59-a003-5bce38c2bbf0,2026-09-20T15:53:26Z,rejected,9051.1,PEN,web
ece5954c-9c41-4c70-a13b-519a2b65ef17,6c60a995-8e9e-4315-ac4e-a334d598ebfe,2026-08-31T10:08:52Z,pending,13384.21,PEN,api
21518569-3574-463c-8462-bc02f08a6894,4763db35-43aa-458c-8829-2d8c2080fa9f,2026-08-21T09:16:38Z,confirmed,797.36,PEN,api
4e278ef2-dcb5-4cad-8851-c666e2c54d11,eb83fed2-f82f-41e4-a22e-05e5e1998f64,2026-09-22T11:46:10Z,cancelled,3059.25,PEN,api
7a5fd7c4-81db-4cd6-bf26-613f61a19098,6ee43709-f998-428c-bd24-06abf0523d55,2026-08-24T09:39:27Z,pending,4873.39,PEN,mobile
410887ea-653e-4739-819b-d266079a34bf,660ab802-b920-43c7-9ecf-b4427a2ff6cf,2026-08-28T15:04:17Z,cancelled,800.1,PEN,mobile
aaf9b4b2-6c3b-407a-8047-e5a7412e2641,bc66d068-5d23-4fb4-9b78-89981015a77e,2026-08-13T11:54:03Z,pending,4829.5,PEN,mobile
e488ef82-a2d8-4fbb-af1a-135d4e6d65be,6685c30b-1692-4d22-871c-3c28bd3016b6,2026-09-19T06:26:57Z,confirmed,270.6,PEN,web
9c9c2943-4131-482b-92b8-e6aeb56002e0,a55d2ad0-cdd7-4b2b-8b1e-b14b1f54c441,2026-08-07T13:15:41Z,pending,696.25,PEN,web
910cb72b-07b6-4b0a-bfa6-a4fcb0e1dafb,3b72849e-e5ad-4954-bd09-b2148506707c,2026-07-27T17:46:19Z,pending,2254.05,PEN,api
804cceea-ca7e-4d4f-a123-ec2c2aab3d36,e2d9ef00-e6bb-4543-8648-29150a37e342,2026-08-17T13:09:14Z,shipped,4354.35,PEN,mobile
f121e953-7ccb-4326-a670-00031899aeb0,367401ee-a448-4320-8b44-8bc51bdf0a36,2026-09-26T10:00:48Z,confirmed,1733.52,PEN,web
20ff65a3-21fd-4251-963e-15bb7ba08eee,4c8a49a6-3b3c-4cf7-afd0-92ab8be7de5d,2026-08-07T18:26:45Z,confirmed,5511.19,PEN,web
002d96c8-e076-4bf5-a426-853a5d4d7212,e562fbcf-ca2c-492c-98a5-6628db0702a7,2026-07-31T12:20:17Z,confirmed,976.23,PEN,mobile
032e9a33-3f4a-4ded-b16f-cebacb6123eb,f43453d5-9613-4bb8-9f17-a8b917b1009d,2026-09-26T09:55:18Z,pending,5401.56,PEN,mobile
9d02e556-3449-4b06-b695-4873f26442e4,fe835a94-bf06-4b18-a6bc-ee6fd65a1f78,2026-08-29T09:50:39Z,rejected,323.02,PEN,web
3266ed02-696a-4813-b912-a33b2735c544,f498a7ba-a490-42f5-9141-1ac5f03dde19,2026-08-25T12:47:43Z,confirmed,2489.4,PEN,mobile
b26baf0b-25d9-4b5f-b36e-3318e8e1ee5c,34dae421-3cb4-4118-9fdf-e04b448c9d92,2026-08-11T14:08:55Z,confirmed,1793.15,PEN,mobile
d38eae84-4410-42b9-b2a1-0cde17d31c37,5307ce7f-6c53-43dd-8b61-61108466c944,2026-08-20T09:07:21Z,confirmed,706.05,PEN,api
e43120bb-b573-43e5-bb3b-624995a854a7,6b9526c3-0cb9-4643-bf04-e9d1bc7bdc6c,2026-09-03T15:59:50Z,confirmed,4469.75,PEN,web
6678b606-f85b-43bf-a5dd-53f6b5ad8317,fb6c629d-6fce-4586-9eef-1cedea6880b1,2026-09-24T14:50:09Z,cancelled,750.52,PEN,api
4cf0618c-a477-40ec-9dac-d34ddb389096,bf2698f5-7f26-4fce-9c8d-dc61cc8918ad,2026-08-07T11:38:34Z,confirmed,5134.68,PEN,web
ba2e67cc-20cd-473f-85e0-2e75f5efbbdb,4f1a52c5-ddd5-4dcd-a3ed-af773d4ea8d2,2026-07-24T09:43:35Z,confirmed,4149.96,PEN,api
14338fd5-4499-4abd-a8a5-e99b09811ed2,bfff3423-2d46-401c-bddd-489ab14be63f,2026-08-19T16:56:20Z,confirmed,4025.91,PEN,api
1b44af3e-abd3-4e71-b093-a6e024f1e487,956057f5-be6c-4d95-bd1f-9cd845dd1767,2026-08-19T11:08:45Z,confirmed,879.68,PEN,mobile
05db2c1b-9626-4927-8e87-7b0a7648b4bd,815b96fb-b5c4-4a3a-8dab-8a336d8a6a68,2026-08-02T11:54:35Z,confirmed,5109.02,PEN,api
e542e576-5fef-4e86-99fa-da1f0d31b207,9b1a0870-9c0a-471f-b401-69ddde89e52c,2026-08-13T18:40:32Z,confirmed,294.6,PEN,web
266b695f-15a5-4742-8482-e7196c0f7929,fc82bf19-7396-48c8-90fa-62b154771155,2026-09-29T16:39:44Z,confirmed,909.5,PEN,web
ce69cc6b-fe55-4171-8427-520b8aeb2c8a,e45be8ac-0ad1-4357-9d3c-9ab82dd99f97,2026-09-16T14:19:03Z,confirmed,1413.38,PEN,api
5942e869-89d1-4b2c-bf78-a073147cba51,60222975-4e97-4214-bcb6-4421d3220e64,2026-08-07T18:44:00Z,confirmed,488.23,PEN,api
d5b265f0-0467-40e7-aff6-7d540b98cf18,42d45561-d9f5-446d-affe-8634c8d634a2,2026-09-06T09:11:58Z,confirmed,3096.64,PEN,mobile
046d800b-3ca6-41bc-818f-9b1746f88e94,569787e1-0646-42f9-a2b4-436111d5f0c2,2026-09-02T16:31:04Z,cancelled,1873.7,PEN,mobile
ece99650-bb4b-412a-8231-81cce11652a7,0165ef69-3b96-403c-b81b-953fee6c8f93,2026-09-28T13:50:14Z,confirmed,3106.4,PEN,mobile
6c1bc931-7e95-4e3a-acdb-6d46391401ad,ef219736-aaa8-4a03-8680-242f036f97cc,2026-08-02T09:02:19Z,confirmed,2265.82,PEN,web
8af6eca7-c8df-4a86-a8d7-d0370a71231a,78d58dda-aee9-472c-a706-8f4cc413d886,2026-09-05T15:01:14Z,pending,762.88,PEN,mobile
8ebfd890-93fb-4578-bdaf-8f18e2011b9f,387e4c9d-e32a-4bc0-98d5-131425739778,2026-07-20T11:46:40Z,pending,349.16,PEN,web
f1e0a161-a913-4cc6-99ba-b086b14e5c45,a27a4237-0f01-4fb7-80be-dfacf8fb7096,2026-07-31T17:15:31Z,confirmed,7411.1,PEN,web
82a30f48-49de-404e-9e5c-cc4fb5ddcb2e,280b4f1d-25c2-4046-b585-b96aedf9a2ac,2026-07-20T18:00:45Z,confirmed,6806.49,PEN,mobile
d5923a59-2690-466c-b3c3-92beb090e03e,3666a38d-12be-4fe6-a6a8-dfaec757e6a3,2026-07-31T10:46:20Z,cancelled,2925.14,PEN,mobile
ca745468-6145-4474-8b44-004fb305b2c5,06cf8791-84c3-4819-999c-90202eef5b4f,2026-07-29T12:34:59Z,confirmed,569.58,PEN,mobile
d12ad9af-ae3d-4042-a1e1-e7ee4ca35d2e,0d79cb79-02e7-4418-8da6-fdbda01e1620,2026-09-30T11:27:59Z,confirmed,1987.58,PEN,mobile
928982e6-c92f-483b-a443-424e39ae04bb,5cfd2008-4ab7-49ea-921e-695ffb769ab4,2026-09-29T16:18:00Z,rejected,372.36,PEN,api
f250eead-05b5-4f2a-a092-16d095df9013,ef8506d5-a65f-4dda-b260-94d933d0e961,2026-09-30T18:25:05Z,pending,1269.73,PEN,mobile
62d2250b-b8b3-4f92-9512-8881f1b2f204,75337039-c5c7-414a-ad10-4d14b0706254,2026-09-04T10:52:27Z,confirmed,116.02,PEN,mobile
12c39214-6eb6-4623-89af-32c2f3cc76e3,a5a102f9-83ba-4e97-8825-ddb093ec80be,2026-09-09T13:08:10Z,rejected,447.88,PEN,web
13170a0f-6152-4dc7-98ac-7b4d6d20b8c1,4823b1d5-e437-4a30-bb93-b30bbd2ab78f,2026-09-24T14:18:52Z,confirmed,2640.33,PEN,api
4bbcb501-e395-4e2e-ae09-7e8ddf84f9ee,a12b17b4-4f19-4b33-8317-14f9c592439d,2026-08-22T07:48:50Z,confirmed,3486.8,PEN,web
7d2defd8-bd00-447b-96cf-bb2784b01345,ead6716f-fc7f-4314-8edd-43df8fe0f6d9,2026-08-16T14:21:40Z,confirmed,12526.18,PEN,mobile
c2950705-eb18-45e2-96bf-9a72001d94e1,25f21054-b954-4ddc-9792-d46a0565a03c,2026-08-05T12:35:33Z,confirmed,3922.75,PEN,mobile
db82ac43-d6ad-404c-9566-3eb9b243bfbc,e155552a-01dc-4f97-8709-00fe49d0d71a,2026-09-23T18:11:24Z,confirmed,1300.76,PEN,web
00a967bc-d164-497b-bdca-17aa09e78e1e,4dc8a09b-d1ba-493a-befb-f821d38b86e1,2026-08-06T18:36:30Z,confirmed,3060.06,PEN,mobile
ff2bd611-b15d-4c4c-8209-3c96ed3ab7f7,a09eb78a-46ec-4d7b-ab4e-611a4cbb7792,2026-08-09T08:38:05Z,confirmed,1125.11,PEN,api
daf82472-c4ff-4015-840b-a7ed9c6f8b97,b8a81eb3-1ea6-40c9-b96d-486b0077e7cb,2026-08-29T09:13:10Z,confirmed,2935.7,PEN,mobile
d90c3e80-0c52-437b-a989-547e14afc148,4afce755-fe29-450e-ba0a-821deb2211a3,2026-07-29T18:37:56Z,rejected,4224.68,PEN,api
3c5762ea-87a2-4b56-b248-9a35d9bda3dd,db42478f-ecbc-4611-b809-ee1607b89739,2026-07-20T11:08:23Z,confirmed,1779.07,PEN,web
3fc884c0-02b6-4d0a-ad88-7c83aaeb52a8,69788eb4-b16a-4094-818c-67c58f11350b,2026-07-30T12:31:08Z,confirmed,436.76,PEN,web
fe94d948-f30c-478b-843e-1ab1a2c0314c,20a25123-1072-4f93-bbcf-51eb1b4b3cc1,2026-08-28T11:15:58Z,confirmed,3208.77,PEN,api
3063c69b-dbce-4ff8-8816-b1f1bac19a91,e0042dc2-c04d-4bdc-b17b-e0a3e25311dd,2026-09-17T11:49:35Z,cancelled,1889.63,PEN,web
b9b76e0e-55f3-4824-8542-7680ee8e34ae,ceb37e68-1465-414b-8d42-6d20def61054,2026-09-01T16:53:24Z,confirmed,155.94,PEN,mobile
f4423d85-7857-49aa-a48b-9de578547f93,ddfe35f9-79b0-4986-bef7-2dfd9ec292d4,2026-08-13T12:24:00Z,rejected,8369.86,PEN,mobile
4a7123d7-2d29-4e0c-bd90-e12b04ad3d33,75e35550-fcfd-4f50-835c-a42dd3e981d5,2026-09-11T10:37:31Z,confirmed,6606.6,PEN,mobile
4ad26a30-2c2a-4f70-abb6-376ab109e777,d9363844-78c4-49b1-91ab-40a135cb8932,2026-09-02T11:02:55Z,confirmed,817.6,PEN,mobile
0e6b6f6b-1079-4b5e-bef2-77ccb97edb0c,5e0b8dde-3475-4b12-9a07-71146cd6fa38,2026-09-13T08:21:43Z,pending,2567.14,PEN,mobile
f382f45d-919a-475c-9f6d-4c7a24f8b82a,81602c75-2c00-4577-b29e-3cca86efe68d,2026-09-21T09:56:11Z,confirmed,391.14,PEN,web
61167995-a860-4719-9993-f4c6c84fa3f0,f43453d5-9613-4bb8-9f17-a8b917b1009d,2026-09-15T13:27:41Z,confirmed,3704.74,PEN,mobile
5ecfdc98-605a-4afe-9bc3-02c805ed02ec,b489cb16-3f3e-4b59-a003-5bce38c2bbf0,2026-07-21T14:46:02Z,confirmed,109.59,PEN,web
1b83700f-4b47-4544-a879-c8885f5d7ee7,db8a4ed0-5c9b-447e-8247-a000bf9a92fc,2026-07-26T06:24:34Z,cancelled,5971.92,PEN,api
9dcfaa25-bdda-4df7-970e-99bf559c3e4e,23fc56ca-53e2-481b-84aa-4c363dc800f5,2026-08-29T11:56:03Z,confirmed,639.8,PEN,web
6db4a891-2059-4cdd-b46f-f97cf52e96f7,9b1a0870-9c0a-471f-b401-69ddde89e52c,2026-08-10T15:47:09Z,confirmed,1098.56,PEN,web
ac3bd9fe-7c34-4c59-9fe1-ac422a8a7e95,c1745dc8-b3a6-4fd4-95ab-ba02610b9dd6,2026-08-06T18:58:00Z,confirmed,1804.39,PEN,mobile
513d0389-645d-44f6-88fc-75616a6c765f,c265fb93-2cd0-42ab-8cd9-3ee3a4e6a7e5,2026-07-29T18:51:20Z,rejected,2870.58,PEN,api
4cd0040d-65b2-4b5a-9e11-e0701b4ac923,7cc01d11-4bd9-4b82-9f6a-53ca287c2908,2026-08-28T13:22:08Z,confirmed,4807.61,PEN,web
83b4fc19-0986-4051-99dd-793184a5812d,a55d2ad0-cdd7-4b2b-8b1e-b14b1f54c441,2026-09-02T12:46:57Z,pending,6546.4,PEN,web
9bc4c0e9-80a4-4a42-b42e-76be86b51c04,8cc988ee-01e8-447e-96fe-39aaa8ee442e,2026-08-16T06:30:23Z,pending,1638.22,PEN,mobile
ac2a4c66-d565-4bcd-a17f-efe5eaaf8301,3f2dcaff-0247-4dab-8f4d-883d378a92ef,2026-09-28T12:12:20Z,pending,258.72,PEN,api
0fac3a53-b92f-4735-9ebf-abd3ea1cb708,ae839baa-4436-4de5-bd20-1792a1217486,2026-08-16T06:26:55Z,confirmed,5734.8,PEN,mobile
8b98af02-b277-4bd6-9af0-01354ae178fb,6ee82c33-24d3-4dc8-9c89-8fc08ee19b54,2026-09-30T11:27:36Z,confirmed,1661.46,PEN,api
d30a0430-1d0f-415f-a177-a20b01174666,6872fe23-68c7-4319-88da-b81e9c7d873d,2026-08-25T11:19:12Z,confirmed,1679.13,PEN,mobile
a59db596-f05b-4141-a7da-c7577a4be0b6,86fa8c3c-33fe-44fc-bbc3-62569d56ca7d,2026-07-30T13:13:15Z,confirmed,570.28,PEN,api
589fdde4-51d8-493d-a956-b222ed978641,deac50d3-6f40-4a48-8b5c-acaee72d98d1,2026-09-03T10:14:20Z,confirmed,6418.9,PEN,mobile
ba349ef5-ea33-46d1-bab0-4ea59cc1f92e,023dffe1-7484-423e-9aba-df88016aaed1,2026-07-26T10:17:39Z,confirmed,702.84,PEN,web
4f925e69-d67c-495f-ad24-379ce1064633,3f6fca09-7fcb-4ade-afdd-e12e97a8730a,2026-09-08T10:28:30Z,cancelled,1292.56,PEN,mobile
4c2720b3-de29-4576-ba8f-944f564c3cd1,e17528a6-f43a-460a-9047-a3c903fdeae5,2026-07-21T14:37:22Z,confirmed,262.02,PEN,mobile
0ef5f1b6-9bf6-40e5-8b8e-fba013f0e855,77c0eb76-ecee-47db-846f-fc2d91788548,2026-09-02T17:34:00Z,rejected,2839.01,PEN,web
e0b1cb02-811a-4ed4-9847-a2b11ec3d4b9,280b4f1d-25c2-4046-b585-b96aedf9a2ac,2026-09-06T10:56:41Z,confirmed,519.3,PEN,mobile
42592fe0-cd25-437f-8f02-8cc3bc75ced1,b671eba4-fdfd-46da-a7f3-b16b98699bfd,2026-08-23T13:07:15Z,confirmed,2126.03,PEN,web
84e5366e-670d-4d52-99d0-c79acc7d0e0b,6ee43709-f998-428c-bd24-06abf0523d55,2026-09-10T15:44:51Z,rejected,298.36,PEN,api
354d169d-9bc4-45f4-91df-b1f09d6f183e,12a718ca-2c1a-43bc-aee0-624d4de6536c,2026-08-03T12:23:37Z,confirmed,728.86,PEN,mobile
ac9a0356-5e58-4b7b-b9d6-d41011b2d154,210a4171-d1e1-4eef-8ee4-66c44aae869a,2026-07-20T14:30:29Z,,1295.34,PEN,api
d5e63347-6fca-4011-9ba9-253187868f1c,0554326a-2a0f-4a4e-b543-b8fe17c6a279,2026-08-30T06:44:49Z,confirmed,1161.51,PEN,mobile
f0ba253a-6dce-4969-8211-9bc1e008f361,2ce190bd-32de-4b98-9689-d7fe40a43bfd,2026-07-31T09:55:46Z,pending,1912.02,PEN,mobile
9db349b3-d7f1-4939-a405-a3069fc3dc9f,f00dbdc0-892d-4f0f-87a1-c122eb480b99,2026-08-16T15:54:52Z,confirmed,593.04,PEN,web
174a50d1-095b-4729-a2da-5e658d12b1b3,92023cf3-4db1-42bf-b3dc-b79ddacc2887,2026-07-28T15:22:51Z,confirmed,3221.2,PEN,web
536b99cc-5d0e-4d0e-8d83-242383b592f9,3879c26c-385f-4b9c-b1ac-c13ecb7a9baf,2026-08-10T15:36:49Z,confirmed,2213.38,PEN,web
5362e2dc-f565-417f-a7d3-6990ce84fa53,2afe5f2d-4ba3-4d7b-a6a2-40ea68a157a6,2026-08-04T17:01:39Z,pending,720.76,PEN,mobile
bedb8456-7627-45aa-bac9-ceb9ee8825e3,bbfe61aa-c4c7-45b9-8074-38dcbc9d6ff8,2026-07-25T08:45:51Z,confirmed,379.72,PEN,web
c8985191-aa95-4317-8820-b1dfdb9c516c,8dfb0827-b10a-4537-839e-e231a7daab91,2026-09-14T16:23:50Z,confirmed,4781.89,PEN,api
a2530dbe-d810-4b3a-a416-65fb9410a52e,367401ee-a448-4320-8b44-8bc51bdf0a36,2026-09-22T16:02:08Z,confirmed,3428.87,PEN,mobile
846f9af5-6621-4e09-ab37-7a641046dacd,b1c9cdaa-07ff-4cce-b24f-c39627bb9132,2026-09-01T16:48:02Z,confirmed,2246.04,PEN,mobile
de0992f7-0690-4992-b023-105907022745,fd0cbbc8-982e-4e86-acb2-ce39c0166cd2,2026-09-22T16:27:00Z,confirmed,3296.32,PEN,api
a4f5e7db-32c7-475c-9f6a-8836825b4b1b,4215b7d9-b916-47e3-9e2c-4b8ec33496b0,2026-08-01T12:10:21Z,confirmed,1157.72,PEN,mobile
9c699909-1e5f-44f9-83f7-6499c223df65,353fc2eb-208b-44a8-a044-5c6941cf5ca6,2026-09-04T13:40:08Z,confirmed,2146.24,PEN,mobile
25be3a76-3b8e-40a1-9e72-261c195b2140,e155552a-01dc-4f97-8709-00fe49d0d71a,2026-07-25T15:08:31Z,confirmed,4133.09,PEN,api
5aaa89b8-92cb-4d2f-bfb4-b9c7778175e6,75e35550-fcfd-4f50-835c-a42dd3e981d5,2026-08-09T08:41:54Z,confirmed,1533.12,PEN,api
17008732-87c5-4c3d-b945-34dfa6f7de57,81602c75-2c00-4577-b29e-3cca86efe68d,2026-08-07T10:34:24Z,confirmed,2676.98,PEN,web
d2d05d52-597d-4fd0-931f-5e08c355b502,d43461b2-0512-43a9-a5c5-a6cb92166834,2026-09-02T13:26:36Z,confirmed,1349.49,PEN,api
ccabbf50-135f-4bfa-99d5-bc2adde989cd,2fd7d24a-f15f-4894-b654-e834be4188f7,2026-08-28T12:59:11Z,rejected,1631.28,PEN,web
09015431-1f27-4133-97c3-61a77297e869,561a23c7-5ae3-4bed-afbb-47c53a54dc1b,2026-09-30T14:38:42Z,confirmed,6606.6,PEN,web
b968d0f1-e18d-4675-a438-3a98e7a1bdfc,2c87f330-93a6-4a1c-acd5-461078e4c0a5,2026-09-10T15:39:56Z,shipped,644.18,PEN,api
7edbe37f-676e-4896-8636-953e2efa8c3b,06ea0ff4-de1f-4456-ad6c-37417ec5ea5d,2026-09-16T16:54:22Z,pending,3253.57,PEN,mobile
ccbe33f8-3fd8-48b3-ae7b-4abf39b22b13,94424430-c506-4bda-8e56-75b706d4e9a3,2026-09-19T11:23:11Z,confirmed,243.09,PEN,web
3099d737-909e-410d-a8ae-da6f822ad502,a27a4237-0f01-4fb7-80be-dfacf8fb7096,2026-07-21T18:43:30Z,confirmed,1906.48,PEN,web
0836dd3d-ae6d-4bb6-a889-a646db937d7c,1473fa50-758a-49ff-b84c-3d244e394e91,2026-07-20T15:26:38Z,rejected,4791.53,PEN,mobile
c78fb6d2-0792-4b5e-8e5e-5a01b35e47ea,956057f5-be6c-4d95-bd1f-9cd845dd1767,2026-08-20T14:13:49Z,confirmed,2947.43,PEN,mobile
26f6ad16-5b8b-42e2-9d06-59c936973aa2,76926ba4-faae-4a89-b213-5c7db58f9b3c,2026-09-30T12:56:39Z,pending,994.18,PEN,mobile
be51a20d-890c-4910-b9b7-274da913111c,7a6d0709-f364-4f3a-88b6-ab1b01b205f2,2026-07-28T12:56:27Z,confirmed,4015.09,PEN,api
17011ac8-ded8-4868-8874-ef05470a8edb,b1adad27-311a-4820-b200-de6892f20643,2026-09-30T13:41:24Z,confirmed,502.58,PEN,mobile
6e598a4d-65d7-4d78-8295-a0585afdeeef,a7f402cd-39f4-4dc3-a0f5-883415d6235f,2026-07-21T17:52:02Z,confirmed,4457.68,PEN,web
cc27e3b6-2c57-4236-8548-51284f3f3181,b24525fa-0862-4597-af4f-0aa6ec2cc680,2026-07-27T09:37:14Z,confirmed,2548.34,PEN,mobile
a31c6f0b-2627-4b90-84b7-32e33284adec,3ba0dc3d-e22d-444e-931e-df7968be0658,2026-09-19T09:29:31Z,confirmed,3220.45,PEN,web
0de66fbb-4ef1-4777-94c3-bde040602f44,7cc01d11-4bd9-4b82-9f6a-53ca287c2908,2026-08-20T14:34:51Z,confirmed,991.46,PEN,mobile
4697778b-bdf7-417b-a230-4da3984c9b2b,c1745dc8-b3a6-4fd4-95ab-ba02610b9dd6,2026-07-19T14:44:11Z,confirmed,238.14,PEN,mobile
78666f72-599a-49c5-a4d0-b6094c2ddca5,db8a4ed0-5c9b-447e-8247-a000bf9a92fc,2026-09-22T11:15:46Z,confirmed,2308.57,PEN,api
84e02189-189e-442d-8981-a6e606b2cd79,3007c56c-f44f-4653-bf02-d390351a8049,2026-09-27T07:28:58Z,confirmed,1500.08,PEN,mobile
433c6978-6031-4131-a54b-6e377749f374,02ec19c5-8d54-4e98-9004-777fcb8fa449,2026-09-26T09:28:30Z,pending,3220.69,PEN,api
61ebe59e-4430-46bd-bdbc-4d83976e0182,de66ad88-f0c1-446e-b60c-f0657bbd5a45,2026-09-27T06:12:16Z,pending,5394.31,PEN,mobile
634f3dbf-4a96-46ab-8c33-d172223a142d,baefd41a-bbf1-4567-9994-cf211b7272fd,2026-08-20T16:20:36Z,confirmed,477.9,PEN,mobile
e8f05415-5d4b-4eec-9dfa-e9441225e994,d8c6c698-1a27-45db-ba6b-23adda15d2b8,2026-08-08T15:57:22Z,pending,2812.64,PEN,web
e966d266-fc07-402a-9338-143e0a4a0a3a,427d87e6-1597-4b73-ae04-b7bdf44f2530,2026-08-20T10:06:03Z,confirmed,922.24,PEN,api
30f7059d-747d-448f-acbc-f4efe61be67a,89d5bd54-34c5-403f-a6b4-b024fd439a0d,2026-07-27T11:22:32Z,confirmed,548.07,PEN,api
d0048c93-8c7f-4f41-87d3-c0abdfd029e8,57afb190-1d38-4236-b561-b10ad04d825a,2026-07-20T12:36:44Z,rejected,104.19,PEN,web
73e1c0ed-9a6c-4d50-bf97-8d36754373fa,25f516de-6135-45a3-a792-d912db21a03a,2026-09-26T11:04:41Z,,4224.17,PEN,mobile
0c06de1c-982c-46d3-a994-1e61ca08ab1b,5fc726fe-5bd4-43b0-bd60-cbe6574c6d13,2026-08-22T08:33:07Z,confirmed,2037.23,PEN,web
dbd70a04-6d6b-41ae-9ea8-3ab84b58a16b,3dc96785-6e1c-4d0e-9024-db3317b269b9,2026-08-05T18:46:10Z,confirmed,1487.12,PEN,mobile
abf0bacd-75b3-4623-8bb5-bde5cab8f2a6,5326b56d-c246-4875-8a41-7b250561cf56,2026-09-18T18:00:38Z,confirmed,909.68,PEN,api
99147896-28fa-43a2-84f4-ad6542943884,12c398bf-3021-4794-b6fe-6eb01fe5cd9f,2026-08-25T16:08:35Z,confirmed,1188.28,PEN,web
f771595a-39cd-4590-934f-0921ae83d5ae,5303532e-4c8b-41fe-a0a9-40a9110d33b6,2026-08-02T15:51:46Z,confirmed,1825.82,PEN,web
b09be29a-4760-45d9-8ab0-95e7e559a621,b9b88b85-3115-4cf7-8701-8b8653ad5596,2026-08-28T11:36:23Z,confirmed,175.71,PEN,mobile
a0ed61d4-a160-4b29-9661-c1fe6d7b64b9,84541a3c-dd53-49be-9a2e-a983ff5d06fc,2026-09-11T09:39:00Z,confirmed,2065.53,PEN,web
fd535438-b1c3-42b0-8f77-747ef325a0a1,5dfafe88-c72b-453a-b3fb-7c13be3fb4b2,2026-09-19T14:41:01Z,confirmed,5164.1,PEN,web
be27eb92-c9d2-4400-8c9e-fe9d93978b37,44113992-0961-4aea-ae22-338a46f6b098,2026-08-05T16:08:07Z,confirmed,304.03,PEN,api
5eb350b5-97a1-41ba-9462-fc0c49427d11,a7ca5db8-8977-40c4-bab7-7f75dbefba57,2026-07-22T12:53:47Z,confirmed,382.31,PEN,mobile
e1f04302-2e52-4c3e-89fb-3753f4e1cfb9,3777ce28-1286-4576-a512-b4e2b633c86d,2026-07-25T12:59:00Z,pending,2273.38,PEN,web
604dd334-a5fe-4609-a6fa-17786360c9d0,dbd09dd7-5e26-4786-96bf-d6adfe5468f6,2026-09-18T09:22:31Z,confirmed,9006.9,PEN,mobile
e3bbd61d-1704-4564-883a-d0433c6f69ec,5be7c870-8376-4ba4-ba2b-c8a73d9fd790,2026-08-19T12:06:37Z,confirmed,1609.16,PEN,mobile
b81b4577-754f-49db-bab2-5aa81e2046fc,a55d2ad0-cdd7-4b2b-8b1e-b14b1f54c441,2026-08-13T14:16:28Z,confirmed,150.12,PEN,api
4e079213-d363-4264-b868-f814d62c53f7,ea65059a-013b-45c6-8897-2d7bfc2097a8,2026-09-06T06:05:44Z,shipped,1337.16,PEN,mobile
a9952a2f-67a5-4a84-9ac0-d161e95829c2,8d6a21c6-be54-497c-a44d-3d22a082bf8e,2026-08-28T11:20:07Z,confirmed,2952.04,PEN,mobile
fd26399d-9a2a-40b7-abd2-55e81b95262b,ddfe35f9-79b0-4986-bef7-2dfd9ec292d4,2026-07-21T14:26:41Z,confirmed,2615.55,PEN,mobile
eee80e89-1ceb-4af4-b98e-03f66dda268f,3a0f8e21-9b87-4810-862f-e8de075fa797,2026-09-13T07:57:41Z,confirmed,933.7,PEN,api
13061924-367d-46f8-8942-ed88ab32ac8e,ae839baa-4436-4de5-bd20-1792a1217486,2026-07-23T09:40:02Z,confirmed,58.01,PEN,mobile
7ad0b107-4ab8-496a-9b16-328c1c6e07f2,63ef388d-2232-4405-9196-7720c7736aaf,2026-08-23T07:10:54Z,rejected,6873.6,PEN,web
4f3502cd-2c86-4ba2-b1e8-7ab6c8ac3b9f,c51ee4e6-40d2-4f75-acf5-fedd9ab36765,2026-08-16T08:42:50Z,confirmed,2465.67,PEN,mobile
e00b5873-189d-4347-af1a-8f7d1c7de3ef,5fc726fe-5bd4-43b0-bd60-cbe6574c6d13,2026-09-30T16:43:39Z,cancelled,308.18,PEN,mobile
41a0804f-5a3c-4442-b8cd-f9743d83cb0e,dd5ce787-a7cc-489d-a569-386cc96ad2c9,2026-09-15T13:14:04Z,confirmed,2850.53,PEN,web
ef1f1eeb-108b-4b9f-917d-43c9b0e802fb,adddcb7f-f777-44c3-b797-38c779738306,2026-07-19T11:13:49Z,cancelled,1798.9,PEN,mobile
8e096338-8991-424e-bde6-8c62e02f815f,ff6cb621-5df3-43e7-a96f-86581487c24e,2026-07-31T18:01:36Z,confirmed,3379.98,PEN,mobile
e1ede179-4846-42be-b036-105db73a46ba,5f3d0e81-3eb0-4a6c-999f-9dd030e3556a,2026-07-28T15:49:28Z,confirmed,298.38,PEN,mobile
67a07e9a-0e67-44eb-a582-0a5cbf3b102b,a99f3175-6c88-48fe-9015-db957c876ebb,2026-09-05T06:09:13Z,confirmed,13813.96,PEN,mobile
397cd79c-4e1d-429c-b0fc-209c20678a29,9eb9ed31-75f3-4717-811e-857a38b3fff8,2026-08-07T14:08:00Z,confirmed,948.45,PEN,mobile
98acb37a-f7ae-42d6-8408-8deff8848610,d318b15a-77ab-4756-9b20-ce3cbb79cf9a,2026-07-24T10:31:02Z,pending,168.07,PEN,api
c72eedb2-aabf-46e7-8a1e-7a2c82c5cf08,87063f90-9b80-4584-982b-77118e454e97,2026-07-26T10:34:44Z,cancelled,2425.12,PEN,api
f605c0ce-6066-4380-93e5-cd6ab97ce06a,e6767997-b815-4904-8fa2-10f7deb5d0ae,2026-08-07T18:23:20Z,confirmed,1001.6,PEN,api
f3ea1961-e49d-4c99-9128-ca0fe0809291,0b3a5bd9-e352-4af5-8467-32ed1cb5dbca,2026-09-29T11:36:49Z,confirmed,2755.95,PEN,mobile
40695d16-c613-4f33-9920-a7b6d90f12d2,b0e753ad-bfc7-4ac8-9cec-c9dfcbc960ad,2026-07-31T12:30:00Z,cancelled,1050.8,PEN,web
b936ac51-81fb-484e-af1f-01c7b3613a27,16ef4d1f-28a9-432c-94b8-51644ddc9eb1,2026-09-07T09:53:14Z,cancelled,237.57,PEN,mobile
64eb7cf5-d1e3-4cbf-b616-1687edce86d1,6b532dd6-97d4-4597-a091-b8cb551275b7,2026-07-27T11:12:49Z,confirmed,1779.53,PEN,api
076f3b47-7dd5-4666-8088-a7b724875ebc,eee67a24-7086-41f2-956e-412ad7220ac9,2026-08-26T09:45:49Z,rejected,1518.24,PEN,api
c4654d39-38d9-4c86-a89d-5f3f7c836f10,a09eb78a-46ec-4d7b-ab4e-611a4cbb7792,2026-09-15T17:52:39Z,confirmed,892.71,PEN,mobile
e45b1120-0b61-42d8-b878-411670e51e27,9db74d33-fa0e-4e84-98ea-6f05acb12fa5,2026-09-22T17:35:00Z,confirmed,507.13,PEN,mobile
1e429cfd-2f21-42d0-bb6f-5e355cc3c0b3,224b85ae-00f1-4c2d-b1f2-da6139ad614a,2026-08-16T13:52:46Z,confirmed,1460.27,PEN,web
ef3aa4af-9df5-4766-a5d7-5023ffbeea27,3007c56c-f44f-4653-bf02-d390351a8049,2026-07-29T12:53:52Z,confirmed,2822.9,PEN,mobile
3ea03efd-7022-4001-833c-018e93f189b8,244a93da-ad86-49b8-88b7-6388c98a3e63,2026-08-09T09:47:00Z,pending,4227.18,PEN,mobile
a6b8fd90-f6ee-4565-8893-3f30e2d9cd73,09419060-5986-493f-8cd8-ae90806edde9,2026-07-20T16:51:14Z,pending,2157.96,PEN,mobile
d872d76a-fb23-4d8d-a555-1d8b5705a541,9cea6a0c-6dac-4ddb-abe3-23774cb2b3f4,2026-09-17T11:20:22Z,confirmed,3128.87,PEN,api
7a844096-d441-479a-9b1b-e80a03da95ee,25f516de-6135-45a3-a792-d912db21a03a,2026-08-01T06:29:59Z,confirmed,3848.98,PEN,mobile
6ace32d2-2097-4a73-8746-de1a52da3256,1993c71b-2bc4-4abb-8d7a-42592c320af7,2026-07-19T06:55:46Z,pending,2643.13,PEN,api
d38905af-30da-41ca-b6ca-045f1ab51c09,e8486488-15c2-40de-b356-1cd2a91d46e9,2026-08-12T15:50:20Z,cancelled,2795.67,PEN,api
d9c2b464-4be1-4aed-aeae-18ba3f60d253,feeb1eec-2c3d-4d16-b6d2-84561c7b8ac4,2026-07-18T10:38:07Z,confirmed,4989.18,PEN,api
ca587b8d-6799-4939-b708-cefbdbb0443d,7b1e0eda-a51c-4454-833c-f0c066970a7d,2026-07-18T08:48:32Z,confirmed,264.24,PEN,web
61dfc6d7-c48a-4367-b0c2-07471c661430,4288c93b-e94c-4789-97fa-934b85b9bb2c,2026-09-04T17:48:26Z,confirmed,2621.96,PEN,api
95eff92a-6953-4aff-b070-f1329f7ef6b3,28a8cf6d-4fea-416c-8f1b-064ad758acd4,2026-09-02T14:51:39Z,confirmed,581.18,PEN,mobile
6610dbd5-2e28-4bae-9d9c-73215027f1ba,2fd7d24a-f15f-4894-b654-e834be4188f7,2026-09-29T18:00:52Z,confirmed,442.31,PEN,mobile
df03dacf-b195-4bd1-9c85-c33c3c56e924,12a718ca-2c1a-43bc-aee0-624d4de6536c,2026-07-31T09:19:53Z,confirmed,4223.25,PEN,web
57c54c3a-87e9-40e0-a789-d349adc8a304,0acfc1e5-b33a-44ce-bb7a-781c5d9f9fc7,2026-08-01T12:57:52Z,confirmed,1109.41,PEN,mobile
c7a6918a-2fb4-4a7f-864d-c6e1a078219b,44f0bdcc-ebf4-40c9-854b-7a42cb91caf5,2026-08-31T13:35:25Z,confirmed,1615.16,PEN,web
ebb0a61d-48ef-4aad-84ef-b64b3d28cb12,795fc802-4d4d-4feb-a971-a2107b12a8e8,2026-07-30T09:42:28Z,pending,266.92,PEN,mobile
9b9c16f6-80f5-4e8d-8d09-636b28e2687e,25585117-b312-4837-bf97-73f5c5f45f55,2026-09-14T12:10:39Z,confirmed,728.26,PEN,api
2ad199ca-2835-4cd7-9fc6-ff642d83d5d9,7d89c253-3905-48f5-886c-8dfb555d956d,2026-09-26T15:05:43Z,confirmed,855.94,PEN,mobile
c2234606-a4fc-4d84-ab77-15f991b3cc0e,eaa4b488-dfe5-4adf-a0df-6752e12f489b,2026-08-18T18:43:38Z,confirmed,1673,PEN,web
40368ac8-2366-4bcb-ad08-84cc8eece5e6,3ba0dc3d-e22d-444e-931e-df7968be0658,2026-09-11T14:36:59Z,rejected,301.88,PEN,mobile
eb37b0f8-812a-4b0f-a1d2-baf5baa6805d,32e92878-d88e-4cd1-8d9a-98d0e0b20aa9,2026-08-20T15:59:00Z,confirmed,1672.38,PEN,mobile
68fa0413-c7bd-4c92-b5d8-a901a9f140e1,ae839baa-4436-4de5-bd20-1792a1217486,2026-07-25T15:13:56Z,confirmed,1193.64,PEN,mobile
b8c8e87b-c5d1-479e-9552-aea4f4021e8f,8499c1ea-7baa-4599-a10d-da71e58b2640,2026-08-13T14:45:51Z,confirmed,2430.8,PEN,api
c2371d3e-7c56-40ae-9f9c-3d66e9b9ba39,8cc988ee-01e8-447e-96fe-39aaa8ee442e,2026-09-07T10:12:31Z,confirmed,4635.24,PEN,api
69441c0d-5492-4867-ab7c-7f96e6fdb799,25fd89d7-8d75-4ad9-b892-ddffd3fc35f3,2026-07-29T14:49:43Z,,1772.72,PEN,mobile
07c71a7e-f371-4e9f-99b0-d4e50d037e6d,57b74fa6-eb77-42d9-b60d-5aab4ebd023e,2026-07-21T18:06:52Z,confirmed,298.21,PEN,api
e3cd1bc4-3715-405e-8233-a73426c3bd6f,1eaac94b-a7bf-488e-9edf-1643a4126048,2026-09-24T13:00:10Z,rejected,4851.88,PEN,api
bbab8e7b-7598-4d04-a074-9e81c94627c5,6a1451c1-74ac-4a46-add8-11636191528b,2026-09-19T10:29:18Z,confirmed,7004.65,PEN,api
23df4490-35f4-4f40-9139-d5f20babb451,cbfbf760-96e4-413b-8024-276281ca6b22,2026-08-31T10:18:10Z,confirmed,895.84,PEN,web
5722d553-cd08-45c4-a906-d2ea3e42ed49,1af80749-a1fd-40cc-b540-973a52283935,2026-07-26T14:00:06Z,confirmed,2816.4,PEN,api
e3888dce-f28c-47a4-890b-46076c6c9c52,73c985d3-0f3e-4629-a37d-a5e5bba6acbc,2026-09-20T14:14:17Z,confirmed,1526.59,PEN,web
98cf0a3c-85bd-48f8-ba5d-21213acfdb78,6521c20b-e0bc-4a39-b4b2-4ba4d0f0aa81,2026-09-04T10:02:52Z,confirmed,1604.31,PEN,web
ddbcbb3d-abc7-4c43-a13e-c3b7816eb3cc,a15437bf-ad74-45c4-9271-a8655669303e,2026-08-05T11:51:09Z,cancelled,12754.9,PEN,mobile
53faa1c1-a83e-4a30-8721-2a76fc86c48d,d708680b-244c-48ca-8421-82b141bc73be,2026-08-03T17:01:40Z,pending,2969.79,PEN,mobile
4dfbef12-4226-4e4e-a729-83b224683d13,f767d21e-30d7-48d9-9742-0e3777a4319c,2026-08-04T17:22:13Z,confirmed,4672.9,PEN,web
4f1cb834-69af-4390-9613-f6d040fa3d94,e17528a6-f43a-460a-9047-a3c903fdeae5,2026-09-24T16:12:15Z,confirmed,11370.88,PEN,mobile
295ae14e-297e-4ed1-b642-e9fc951c4e00,358c8562-4cb2-4e67-af94-8e1596377d84,2026-09-20T11:46:31Z,confirmed,2567.59,PEN,web
2d9b93ac-e5c6-4af3-ba8f-ee731ee78f90,8820ec3a-b879-4c92-8be0-de9ec4af5921,2026-09-06T10:55:48Z,confirmed,290.96,PEN,api
86800c46-9720-47b4-a7fb-286c92eec9ae,2f91c6f6-3392-4c80-88f9-8351268da29d,2026-08-31T11:45:19Z,cancelled,2276.35,PEN,api
be5bad9d-df34-439a-88d6-3d26801c687f,119c0741-0c2a-4ce0-b702-b7af7b2591a9,2026-09-17T15:18:28Z,confirmed,4373.73,PEN,web
b11c8b8c-fede-4573-aff1-442f389550d3,6b2ff8bb-d5cb-4f80-8702-c6c672048586,2026-07-28T09:16:46Z,pending,277.77,PEN,mobile
62fd0e68-2c90-4c17-8f10-7b056af6848d,3773b190-b472-4990-ad7f-7898b7680b77,2026-08-14T09:00:42Z,confirmed,3513.7,PEN,web
a15f3556-999d-45f7-85a0-5239deb1d235,66450343-b390-4a91-ac38-41e26bc6c8e1,2026-09-16T11:07:25Z,confirmed,12141.51,PEN,api
8fad4996-62aa-48df-978f-3c12bac2d3eb,0554326a-2a0f-4a4e-b543-b8fe17c6a279,2026-09-14T14:38:24Z,,3642.91,PEN,api
03bb812b-ca90-416c-b682-37ee8d613375,b06caa11-1142-4381-b47c-a276f5d78e78,2026-08-09T15:38:33Z,confirmed,1711.88,PEN,api
9a927839-f45c-4e9b-b227-c7263e7b3f46,c539fc46-dfb2-43f6-9a8b-5a9b60529283,2026-09-14T14:55:08Z,confirmed,564.33,PEN,web
4f14ddb8-e0ee-471f-8b4a-46e8b439ebc1,8d07d794-bf95-4b1e-a1bd-04b5823cb12e,2026-07-23T10:31:09Z,confirmed,6860.76,PEN,mobile
eeb677e9-d2ec-48a9-acf1-46ae54aafcca,4519e394-3f2f-4f6f-aafa-9f65fa9f7b4d,2026-08-11T13:40:54Z,rejected,1596.92,PEN,mobile
911ed0f9-0e25-492c-a850-3b08527f71d7,afee4f14-89de-4dab-b2f3-ffc46b562d8e,2026-09-28T13:55:29Z,confirmed,2721.57,PEN,web
66bf5997-240d-4770-9d54-5e481202d72b,94ea81d9-0ba6-4d03-b848-39b1cbeba397,2026-08-19T09:16:35Z,confirmed,1707.06,PEN,api
08176207-14a4-4a09-9f63-3861edbe4dbe,4849f447-4cdf-43ea-8b17-d86c4bbb28e3,2026-07-24T15:58:09Z,pending,301.88,PEN,api
867567f1-f897-4503-9f7d-6129567f0368,76926ba4-faae-4a89-b213-5c7db58f9b3c,2026-08-11T18:32:38Z,confirmed,201.43,PEN,api
611fed24-22d5-424f-9b8a-1586184550bd,cc44ce41-528d-4c79-a52a-c250f70387ef,2026-09-05T15:54:43Z,pending,1674.95,PEN,web
20800916-6cfe-4d22-b90b-729911f4f31d,54cde2fe-c5c7-49ea-992e-e0102d57cea7,2026-09-26T10:44:38Z,rejected,2197.52,PEN,web
fc4dd51a-8e2c-4a7b-b82a-1fae904e28c8,8c788785-f094-4a9a-80a7-6ba2bbe80e59,2026-08-09T15:20:15Z,,4688.75,PEN,api
affb4e66-1652-417b-a0f9-de2dbba76186,6da820d8-f09d-44df-bc55-710da59238d3,2026-09-10T14:50:28Z,confirmed,4988.57,PEN,mobile
407d32b8-4461-413e-aa57-adc03de43a94,dda91f70-e4e5-4090-9aa5-4b12f7becfaa,2026-08-22T10:11:09Z,confirmed,1743.17,PEN,web
1b4ee1a9-3940-4159-88d3-451f2850e8b2,3c892611-1e39-4461-b585-80557952d0cd,2026-09-21T13:18:30Z,rejected,2623.84,PEN,api
6a29b10d-81d9-45cf-a150-176834d83ce3,9315533f-1b04-4025-843d-97dbb8e98669,2026-08-26T17:21:10Z,,2883.82,PEN,web
ac9265a5-0b61-4231-93ac-1db55ae5a009,5be7c870-8376-4ba4-ba2b-c8a73d9fd790,2026-09-22T18:58:32Z,confirmed,640.5,PEN,mobile
e8b5ac85-71cd-4bb8-b714-3fa6e7de7a39,34b93931-f3a4-4585-89eb-cfed9f5e66b7,2026-08-12T10:48:36Z,confirmed,400.76,PEN,api
79032da7-ff28-49f6-8ab1-b86a9d91ffb6,9eb9ed31-75f3-4717-811e-857a38b3fff8,2026-08-23T13:36:44Z,confirmed,302.68,PEN,web
7420206b-50e8-44ef-946d-77e0a2a26009,1eaac94b-a7bf-488e-9edf-1643a4126048,2026-08-25T13:30:12Z,pending,12483.67,PEN,mobile
0ee410c5-33e4-4aaf-868d-a1a2c4daf2c8,d584c8a3-5316-4a31-9fe3-a81393b81785,2026-09-12T10:31:41Z,confirmed,10167.68,PEN,api
423b78b6-35ea-49aa-850b-7a06cf7a4ac4,ea65059a-013b-45c6-8897-2d7bfc2097a8,2026-09-08T10:00:15Z,rejected,194.04,PEN,mobile
84971b10-086f-4f59-859d-2374680815af,5326b56d-c246-4875-8a41-7b250561cf56,2026-07-21T12:00:24Z,cancelled,3050.36,PEN,mobile
4a3b7c1a-3542-49fc-9a80-5340bc8e1b8b,df6648d9-4050-4445-93a7-cde3244c2f79,2026-08-07T09:03:53Z,confirmed,3030.39,PEN,web
fbf34103-6df9-4ff5-8078-db8ef49f5593,dcec6090-ce32-496d-a940-f909464d5101,2026-08-01T08:16:22Z,confirmed,4955.92,PEN,mobile
67ed22e4-16c2-4cc5-be25-75bd355f4366,df6a11d5-06aa-4ecf-85e1-5b966296c044,2026-09-16T11:06:36Z,confirmed,1543.25,PEN,web
6db3ac2e-2411-4a85-8b0b-38095e5e2666,3636446f-eb56-432b-a068-029e33942881,2026-08-03T17:07:49Z,rejected,659.23,PEN,web
6c8ce907-c4de-4eca-8c8c-466d6048a4ad,dcec6090-ce32-496d-a940-f909464d5101,2026-08-21T15:13:58Z,confirmed,7163.35,PEN,mobile
e3fbfa18-b1c4-42eb-8117-8cb459f7b24c,fe835a94-bf06-4b18-a6bc-ee6fd65a1f78,2026-08-03T11:44:18Z,confirmed,834.64,PEN,web
82cdb1a7-b20c-481e-9813-56c5d2be6ff5,0165ef69-3b96-403c-b81b-953fee6c8f93,2026-09-28T12:55:49Z,confirmed,1956.19,PEN,mobile
3e117c8e-09e0-40da-8275-766a5adcf77f,c86993a3-c43b-4ebc-ac41-d3ac8dc819bd,2026-08-14T17:24:53Z,confirmed,10865.76,PEN,api
5ace8200-d6d9-4de2-b4f5-c4bb16b417d9,28c0d5c4-145b-4caa-99c3-0c38d8bc69e3,2026-07-27T11:20:33Z,confirmed,1087.21,PEN,api
332675c3-8f7d-4685-afa8-b9b18943be2a,9a9af634-4e27-4268-bc15-f690c9f015a0,2026-08-07T16:29:12Z,confirmed,8182.64,PEN,api
8742c7db-419b-4fb4-afa9-7b0173dac725,ece2fcaa-4667-49ce-9eab-7f535276ce1c,2026-07-25T13:23:18Z,confirmed,8228.98,PEN,api
3f1534d8-43a0-46a9-a6d5-13787d11a0f6,a0ba7906-8c74-4fc5-a6c8-c283d6f88394,2026-08-28T10:08:51Z,pending,367.6,PEN,web
9b11fb6f-b575-4073-8629-8983a81516cf,8fb2f654-f204-4ea9-a628-c0a87b0b68d6,2026-08-16T10:40:49Z,confirmed,664.74,PEN,api
4065ef24-4c2a-4b00-922d-81c445c82547,3dcc9d0e-6b4b-420f-b543-6dc2d958e4c6,2026-07-25T13:02:49Z,confirmed,1904.81,PEN,api
e4d3ae12-97b0-46eb-b5a0-5e31e38f8519,072a52bf-2544-4f3a-9884-be2c40a385b1,2026-08-04T13:26:24Z,confirmed,2771.7,PEN,api
c4513678-e3b6-48b2-a68c-47568fd92576,244a93da-ad86-49b8-88b7-6388c98a3e63,2026-08-08T14:40:50Z,confirmed,6925.23,PEN,api
fe78c5b1-ccf5-4d80-bf02-0aa1d8d79fec,9d4dd53c-665f-4298-915d-9f28e33a2afc,2026-08-02T14:06:26Z,confirmed,3649.53,PEN,web
00676676-3bf2-45f9-bbd7-1c29b8cf4d55,bb0928e9-463c-4d3e-ad21-5abba5fdfbfb,2026-07-22T15:30:49Z,confirmed,637.9,PEN,mobile
57cf9616-5544-4089-b672-3dc60dd366bb,0ef7b87d-abdd-4d80-a0bf-30dcc443c4d1,2026-09-30T11:05:28Z,confirmed,858.61,PEN,mobile
b6fa3be7-ecd4-4269-a071-6015c49295db,9d6f86fb-be53-4c53-a1dd-798d1a115c83,2026-09-13T14:34:51Z,confirmed,8358.92,PEN,api
1e9fd378-a7b4-48cc-842c-e042d622b740,df6a11d5-06aa-4ecf-85e1-5b966296c044,2026-07-22T09:31:22Z,confirmed,1644.88,PEN,mobile
04f668f0-41e0-4f1a-909e-2ce975c2f8c2,7ac58a67-6ccb-4353-bb9a-b03d815ab5f8,2026-09-18T14:27:31Z,confirmed,855.94,PEN,api
5e0879ac-3f3b-4f28-9d45-c44bea82e507,b7c680a6-84e5-47d6-b3bf-6d57f2eb99a8,2026-09-01T09:31:10Z,rejected,1939.67,PEN,mobile
c9d93b99-1152-451c-a642-f612a3256bb5,6618d8d3-f600-4973-aaea-efd9a73dfe1f,2026-09-05T11:23:21Z,pending,2098.03,PEN,api
421bc9a4-c90e-40cb-9b67-3853d1cc3577,51805f0e-9ece-4597-bab6-62019af412cd,2026-07-20T13:42:44Z,confirmed,680.05,PEN,web
2b4b08fc-173d-403a-8d44-6ec1c56e1e33,6adec02b-0686-4f76-b128-3b0f03d07c39,2026-08-25T09:04:43Z,pending,2223.39,PEN,web
4f59d35c-9d9d-4d2e-a207-4132728f6ae2,335b74db-6dda-4316-9ab3-9648d265a566,2026-09-15T09:58:15Z,confirmed,4730.95,PEN,mobile
0ab985bb-87db-41be-8c76-87c2bcdc70d9,4215b7d9-b916-47e3-9e2c-4b8ec33496b0,2026-08-20T13:09:14Z,confirmed,1924.56,PEN,api
5a47a453-8c14-4b76-89c3-0c7fbae2d340,e68a8184-7e98-4abe-af8d-324fe89f2958,2026-09-28T16:57:49Z,rejected,5674.38,PEN,api
903528d5-e664-4e89-be18-05fddc4b75a6,300de289-47e4-4a97-824c-de35ad391326,2026-09-18T17:04:55Z,confirmed,7268.95,PEN,mobile
1815d28b-efbe-42e1-9b2d-047c85d57119,361489eb-a1fc-4e65-88c6-139b9028529d,2026-07-30T12:27:57Z,confirmed,2391.9,PEN,mobile
c1f3efbb-8c88-491a-bcef-5152ccbbee53,2425308f-347f-4b05-8673-2e018da0c135,2026-08-26T09:30:39Z,confirmed,1546.84,PEN,mobile
22b90203-c891-44a5-aaae-247eda1aea23,8fb2f654-f204-4ea9-a628-c0a87b0b68d6,2026-08-21T16:55:42Z,confirmed,2365.88,PEN,mobile
79c1215a-2a14-4d51-a3b2-0798605a6f0a,7558f1a2-f896-48e1-8105-1fbbeee28d33,2026-08-06T18:20:00Z,confirmed,3946.27,PEN,web
aba2292f-c12d-4a15-b601-27ea430ae394,ce38f81d-cc2b-4176-9f13-38c82656fd45,2026-08-17T18:20:01Z,confirmed,820.51,PEN,mobile
f9a9eda4-d3fb-4d1a-9c7d-6c3cf9781ec8,bcf5a1d6-271b-459d-aa3b-f3171c7900f5,2026-08-28T16:29:31Z,confirmed,2155.03,PEN,web
73481fff-e658-4861-87fc-1971a6d7194b,b9b88b85-3115-4cf7-8701-8b8653ad5596,2026-08-26T16:28:41Z,confirmed,3537.66,PEN,web
902e451f-b8d9-45b8-8c83-30430e034921,d084fc41-c2d1-4ab3-af53-3d30a7f6d2e8,2026-08-28T11:15:05Z,pending,10685.89,PEN,api
9251c57a-670e-4a33-bbb6-9e5ea8d6de0a,9b59acad-8db0-44c4-b089-bcc1cc028dbf,2026-08-31T12:25:51Z,confirmed,6562.16,PEN,mobile
bdc3e400-7fff-4666-a3fe-3729a794d204,a1f14f8d-2cb8-42b8-b7cc-2784ca416963,2026-08-31T18:06:16Z,confirmed,1180.86,PEN,web
9712220c-f507-4abd-bf7c-79363bc92b10,25f516de-6135-45a3-a792-d912db21a03a,2026-08-13T18:00:35Z,confirmed,4430.99,PEN,api
b7c2e71f-7a43-444c-846a-b9c32e125bd4,cee90f7b-2971-40b4-8123-94ae07465128,2026-08-11T09:39:17Z,confirmed,975.29,PEN,web
5af63da8-18ba-4931-bd63-ae9749553efe,2f1f6569-c6d4-4fce-ae0e-deb1eb5412aa,2026-08-31T18:19:34Z,confirmed,763.48,PEN,mobile
20625a43-5a87-4813-947e-7c3de126cef4,3666a38d-12be-4fe6-a6a8-dfaec757e6a3,2026-08-26T15:57:29Z,rejected,3075.26,PEN,api
a28a44ba-4099-43c2-9121-57a890023ce8,834c7ded-8434-4bce-adf8-b1034df2bd4e,2026-09-02T16:32:56Z,rejected,135.3,PEN,web
4dbae930-3244-4509-b1ec-70cec850692a,85d2ac43-ac4c-4001-9f3a-2e0adfc856ac,2026-09-24T16:01:53Z,confirmed,922.02,PEN,mobile
93068ecc-36c1-441a-8f94-be0ea7efeee5,0cb46469-bfb4-461d-a8f5-39ca87e429bb,2026-07-26T13:31:06Z,confirmed,4188.6,PEN,api
06757385-4531-437e-b2eb-7e93cad1ee8b,f43453d5-9613-4bb8-9f17-a8b917b1009d,2026-09-14T18:37:45Z,confirmed,2560.16,PEN,web
1702d8e8-d72d-47cb-994f-0f83eb0ca66c,e5e6592b-251f-43d5-aa20-a12aeb586076,2026-08-29T07:01:34Z,confirmed,1492.88,PEN,api
67e1d1bd-bd6b-45a4-9992-fe172a20f4f6,d43684f7-b0c8-494f-8996-f17d47f58b0b,2026-08-19T11:33:21Z,pending,1524.74,PEN,api
42d8beee-4d91-4dc8-bae6-b6b3661302d4,d14b887b-79f4-46bc-ad84-3d5e544a77d8,2026-07-30T11:26:14Z,confirmed,2807.97,PEN,web
42bc009f-e6d0-43bc-befe-9a89bb5fd25b,4afce755-fe29-450e-ba0a-821deb2211a3,2026-08-20T09:45:17Z,confirmed,1569.8,PEN,mobile
2d7b5f54-8ec4-4228-9abc-06df69b25008,2f2a234d-6854-4d98-b8da-3f1f9366fd4c,2026-08-25T11:36:42Z,confirmed,171.2,PEN,mobile
a20932f2-b42c-4732-82b6-08be5ad7802f,afb41a16-a95d-4a90-982d-92c4dba8ef39,2026-09-29T10:28:00Z,pending,2633.98,PEN,web
195c5a7d-f7d1-4b08-a87f-9c7552e9876d,aa72f0d1-a74c-4c58-a130-9cefac813d82,2026-07-27T18:08:02Z,confirmed,721.11,PEN,mobile
4f5c7b6c-a761-4b3e-a21b-a110999b550a,a12b17b4-4f19-4b33-8317-14f9c592439d,2026-09-12T08:51:39Z,cancelled,7228.46,PEN,api
68d0c580-5bf5-4290-8108-04bd7b4b03b2,322a1bd5-3ef1-4500-b2ca-8096b5e1ad1e,2026-08-30T07:21:36Z,confirmed,3520.38,PEN,mobile
b7571ec3-83bb-49d5-a9ac-032b55a69bd0,afd56ba2-fd07-4f2d-b125-7869fb206f20,2026-07-23T10:31:57Z,confirmed,333.08,PEN,api
42f01363-7aad-453e-9e1a-17cc0bd41662,8a7555fc-c468-4d83-b83c-25fccfdde609,2026-08-03T13:18:42Z,confirmed,10653.5,PEN,mobile
0817b0b6-0689-4a90-a515-d747f4c1a71f,6053dd65-00e8-4f4a-9e5f-d8bf4ab531cd,2026-09-11T09:39:36Z,confirmed,4778.58,PEN,mobile
966c21e4-46da-42d3-bd32-35e4f4da7dec,890c74a9-a349-4d30-a53f-c1935a446114,2026-08-06T11:29:03Z,rejected,3118.06,PEN,api
df51a210-f601-4fe1-9a78-3652551b09a1,1a467541-cdc7-4a8d-8d56-118527ceb2c5,2026-07-30T18:50:43Z,confirmed,1493.24,PEN,mobile
8742718c-3046-4e30-b61f-6ac88fe0a5af,b3e4c4f9-1070-4961-ae87-2c1ffbdd4675,2026-09-29T15:37:26Z,confirmed,3325.42,PEN,api
f8254e34-ac58-4679-a482-469c6a3f68ea,f8872865-1934-427f-bef7-008af95f233b,2026-09-04T17:55:10Z,confirmed,7042.6,PEN,web
34ec324b-a452-4b7d-9667-e32c2f56315b,db639438-a5a7-495e-9396-3473ccbeafed,2026-08-30T08:27:50Z,confirmed,445.63,PEN,api
66952911-8376-4f72-85e2-9e03ff6be921,bbb87787-eabd-4aa8-b832-31e686ef369b,2026-09-11T15:35:09Z,confirmed,1490.58,PEN,mobile
1ad74972-f8fe-416b-9162-9f876bf2d526,f722af2e-cb7b-4bc2-99f1-c8c168dc123b,2026-09-30T11:10:33Z,confirmed,3682.18,PEN,mobile
f42de30e-14a1-46d0-9a0f-2b0e4aea77f8,b84387d7-7bc5-41db-a71a-160ca1bf9086,2026-07-18T11:45:38Z,confirmed,4620.89,PEN,api
54026963-f7af-458e-a415-d78638ad52b5,6ee82c33-24d3-4dc8-9c89-8fc08ee19b54,2026-09-30T15:16:35Z,pending,2239.19,PEN,mobile
c0a85bb8-3f56-4434-b9ca-4f3a8b2de5b6,b5965f11-1705-41e9-a721-6c05efc7ea7b,2026-09-12T10:29:08Z,confirmed,5349.01,PEN,mobile
a5819eca-e756-4124-bb80-256b368d0c64,6685c30b-1692-4d22-871c-3c28bd3016b6,2026-07-30T10:31:47Z,confirmed,4732.31,PEN,api
88cfcf14-02d2-4ba3-88fa-b5bdb6eb77d7,a7ca5db8-8977-40c4-bab7-7f75dbefba57,2026-08-29T07:27:11Z,confirmed,3136.06,PEN,mobile
18612063-e897-4321-b6e3-56b014d5923f,db639438-a5a7-495e-9396-3473ccbeafed,2026-08-31T11:04:29Z,confirmed,5006.26,PEN,web
b7caa44a-c710-45dc-810d-0f52aefd7288,40039c98-8535-45c4-b2ab-a0daf524fa7f,2026-09-03T11:35:48Z,confirmed,2249.61,PEN,mobile
81ca2f7a-36bd-4e66-bf81-308463e9be7f,4b83a484-48a3-451e-8219-5d2e9fcb5316,2026-07-18T09:51:40Z,cancelled,2983.35,PEN,api
4ac0b15d-d42b-4b7b-be89-2ef79762fd52,00aeb30f-6f07-487b-a226-b966ebdb72c1,2026-08-07T13:56:05Z,confirmed,554.11,PEN,mobile
304ba309-d33c-41de-a97a-bff80df2b5d8,814627f8-970e-41c1-a650-f164c9e27850,2026-07-20T18:37:27Z,confirmed,1183.28,PEN,mobile
4d610479-a14b-474d-9de8-ec6af9c29a44,f52b6746-609a-459f-b0a9-5c03b6896e84,2026-07-21T13:39:02Z,pending,4273.94,PEN,web
5989ad15-245d-4ed9-a609-d5c98a28e1d9,49a6c247-17d5-4fda-8bfe-79444a5becb6,2026-07-31T12:27:32Z,confirmed,8111.85,PEN,web
c26652c6-3766-4174-8d99-4f6328c7bc86,814627f8-970e-41c1-a650-f164c9e27850,2026-08-26T11:47:42Z,pending,382.68,PEN,mobile
044865e0-2bb3-4110-9da8-883967c359c3,f5f29239-cf7b-423a-b000-8983f0be8084,2026-07-28T09:18:53Z,confirmed,184.89,PEN,web
abbf3650-c137-413b-90b4-16662acba3fa,1b80d010-ffd1-4dd1-b582-986e480a6015,2026-09-24T11:54:46Z,confirmed,389.94,PEN,web
e7dc8104-8c1a-4742-8e86-12ecb5a05a8c,e00fbf9f-e822-42ea-9d85-cda7dd952644,2026-08-28T17:07:31Z,confirmed,1599.58,PEN,web
6e458cc6-fa8c-441e-b3c5-99498ad1c1c1,a6b495f8-d8c9-4826-b737-5720ac871a4a,2026-07-18T11:29:38Z,confirmed,3943.69,PEN,mobile
d6cb7326-ff1a-42c9-9301-e52efb32d61e,3da6dafb-d908-4fa9-b9d1-94336d3a4a3b,2026-08-25T14:56:38Z,confirmed,568.84,PEN,web
84487ba0-7200-4049-891a-9ddaf4a3d202,22bcf022-34d8-4f1c-8a79-0f9f5fae4c93,2026-08-12T15:13:42Z,confirmed,534.77,PEN,api
f19e1cb0-301d-4b4d-ab98-d01370593214,660ab802-b920-43c7-9ecf-b4427a2ff6cf,2026-09-15T15:31:26Z,confirmed,175.71,PEN,web
6eb45a3a-baa1-4293-8b35-1464a1f09143,45473e32-93cf-45ac-859e-30c6db185b88,2026-07-25T09:55:43Z,confirmed,5130.56,PEN,web
97f99e0c-266b-44da-b51f-de1adfba7463,b5e9d945-8958-4cc8-9f90-7ae032686344,2026-09-05T06:56:39Z,confirmed,157.84,PEN,mobile
d02e6b33-5964-4e7c-8692-7377e0437a75,8d5d3f25-f4df-426c-b521-662882d06c4d,2026-09-06T15:43:38Z,rejected,2539.85,PEN,api
432410ec-6dd1-4971-9784-1b3c85a60eb1,d78b9834-9ce1-4cc8-ab5d-ef2ef61815e4,2026-09-12T13:20:33Z,confirmed,2767.57,PEN,api
3ed5fb5a-95a7-4d18-9efd-3842f5016de9,ae839baa-4436-4de5-bd20-1792a1217486,2026-07-25T15:50:30Z,confirmed,5016.77,PEN,api
b3559a98-ab54-4599-ab68-5a6025ad09f7,1993c71b-2bc4-4abb-8d7a-42592c320af7,2026-08-09T15:40:01Z,confirmed,6403.56,PEN,web
06ada52b-8b31-4ca5-be48-64e036f3c78a,34777596-0323-4725-a1a3-e080be3a28d2,2026-07-25T11:39:04Z,confirmed,,PEN,mobile
e8080ba5-97af-489a-a81c-31a561e4e371,4dc8a09b-d1ba-493a-befb-f821d38b86e1,2026-09-24T09:03:38Z,pending,733.44,PEN,mobile
d20a934e-5d0a-4a69-9645-43632b7668d7,a3afb1d1-f66b-4408-834e-b9ee24c384fa,2026-08-28T09:04:50Z,confirmed,5432.16,PEN,api
308c1c03-bd9f-4876-ba8c-1cf737d2c970,c9c1a360-34ab-4aca-864c-cd56746b06cb,2026-08-30T15:28:44Z,cancelled,881.55,PEN,api
378e7952-bbf8-45b8-a048-8d1e34b1700c,f767d21e-30d7-48d9-9742-0e3777a4319c,2026-09-21T11:54:16Z,confirmed,158.38,PEN,mobile
e7248960-65d9-4b32-849f-3c7325c502e9,25f21054-b954-4ddc-9792-d46a0565a03c,2026-08-07T15:31:44Z,confirmed,2755.07,PEN,web
450cc161-8f91-4a77-80e5-796842ee7025,201bb7ed-1dac-487b-ab84-4a7f324a4424,2026-08-22T08:05:43Z,confirmed,2166.43,PEN,api
e73f33c4-2cd5-4339-a5fc-452ef17c2752,fa1aaf88-5801-46e0-bfdc-045093e7a76b,2026-08-11T17:43:28Z,confirmed,1573.49,PEN,web
b0472beb-882b-427d-afe4-06c606963902,3636446f-eb56-432b-a068-029e33942881,2026-09-23T13:18:30Z,pending,2613.32,PEN,web
c4e1544b-7240-4d9e-b28f-54d4059138a7,ef8506d5-a65f-4dda-b260-94d933d0e961,2026-09-20T10:06:41Z,confirmed,2058.15,PEN,api
649432db-03d8-455e-b33d-3e5a9b1bd84a,ea65059a-013b-45c6-8897-2d7bfc2097a8,2026-09-24T11:22:03Z,confirmed,879.1,PEN,web
fcd9ebdd-3ffe-4485-9e09-b2ecd7c6fca1,9b59acad-8db0-44c4-b089-bcc1cc028dbf,2026-09-11T17:06:32Z,pending,456.84,PEN,mobile
17b53943-3e5b-4fc1-8238-9e4d73dc158f,398e134f-e97a-4f8d-b454-30680dc58180,2026-08-30T14:04:58Z,confirmed,1749.61,PEN,api
d7b0a34f-47c4-4bc4-b7bc-3f2723921651,18077327-1f37-4ba8-903b-3ea3cd90b85e,2026-09-15T13:41:24Z,confirmed,236.76,PEN,mobile
00c3c658-0ae3-4f6e-bb3a-2d29ab3e41e3,0acfc1e5-b33a-44ce-bb7a-781c5d9f9fc7,2026-09-27T06:50:30Z,confirmed,6805.01,PEN,api
7d4d9acb-8e8e-4bdd-bf5d-bd179be4cb15,d9e05bc4-baad-4536-81da-f8ab4191c1a6,2026-09-12T12:34:54Z,confirmed,3741.59,PEN,mobile
010a1c26-99b8-4c2e-a899-2da17bc3de59,0fcc2f09-2699-407e-bb9d-ba0fee77cd5a,2026-08-17T14:36:12Z,confirmed,1550.49,PEN,web
08cbeb62-08a2-491f-aaa7-c4e5d3d407a9,b489cb16-3f3e-4b59-a003-5bce38c2bbf0,2026-08-12T16:01:37Z,confirmed,1042,PEN,web
11899bc2-b3c5-451c-b327-1953c02dc2ed,ca5ec968-c7e9-4746-a7ca-49d42fea1179,2026-08-04T16:47:01Z,confirmed,345.68,PEN,web
5f028eed-ea01-4cfe-9c80-33f8fa7486d9,e326bf87-8738-4a7c-842f-70cdd4deb567,2026-08-24T13:24:47Z,confirmed,1101.56,PEN,mobile
dcc6c963-a040-4cbc-940c-519217921fc1,65e0a8b3-9d39-45b3-8648-719e32d54146,2026-07-31T10:41:17Z,confirmed,554.67,PEN,mobile
21017c5e-febd-44f1-b48c-5f0bf047e8f4,d6fc4a4a-464c-471b-b796-3551dd6840ce,2026-09-08T14:20:34Z,confirmed,1231.57,PEN,web
8dfc6835-e971-44de-91d5-36fa192edf53,2419006b-0926-4d3c-9fd7-8b33bd91dc0f,2026-07-18T13:53:28Z,cancelled,1812.9,PEN,mobile
be779886-2c1d-44ef-93db-df83393051ed,75337039-c5c7-414a-ad10-4d14b0706254,2026-09-04T15:14:26Z,shipped,700.05,PEN,mobile
0b10d4d9-f666-4da3-aaf6-9b04c8d25745,055b24e8-00f9-45be-959b-05332c292040,2026-09-17T11:11:03Z,shipped,7063.46,PEN,api
8379f6fc-9e7f-442c-aac3-de3fc183f685,6da820d8-f09d-44df-bc55-710da59238d3,2026-07-25T10:08:55Z,confirmed,2443.99,PEN,mobile
f365a4a0-7803-479c-b576-bd34d31bd42d,9d65bf36-a83d-4565-b16f-d792c507e3e5,2026-09-28T14:53:42Z,confirmed,645.9,PEN,mobile
df36a652-d5dd-40f2-93d1-c2dbb3996b1e,277b94bf-75c1-4a05-8574-3f55016062c8,2026-07-30T11:26:46Z,confirmed,1131.84,PEN,web
a9636539-77eb-46ff-b882-3cf01ef569b5,d43684f7-b0c8-494f-8996-f17d47f58b0b,2026-07-31T16:02:35Z,confirmed,3004.26,PEN,api
e940e96a-6678-4b52-9e9c-d85e13ab993a,ae839baa-4436-4de5-bd20-1792a1217486,2026-07-23T16:02:30Z,rejected,2765.97,PEN,api
aea4acde-ba1e-491d-9ba4-e66932d72cd8,2c49c42f-a2c9-4f65-aecc-3a8d2124737b,2026-08-22T10:14:17Z,cancelled,245.78,PEN,web
8412920d-4ce7-4ad1-8a41-d2ceb3dc0cd8,a09eb78a-46ec-4d7b-ab4e-611a4cbb7792,2026-07-21T09:20:16Z,pending,316.76,PEN,mobile
8e634c73-42e6-48ae-9a20-f4bde73c5d43,c86993a3-c43b-4ebc-ac41-d3ac8dc819bd,2026-08-04T11:55:17Z,confirmed,426.63,PEN,api
c39b55c0-1fab-4383-8bf6-b9039cc6b59d,e6f4ad94-be9a-4bfb-9562-9357874a27cb,2026-08-18T10:18:44Z,confirmed,236.97,PEN,mobile
e032a1ea-7381-4d06-a84f-3f2edf9b8bc8,0cb46469-bfb4-461d-a8f5-39ca87e429bb,2026-09-20T11:23:00Z,confirmed,2538.67,PEN,web
7bc0855d-eba1-4068-8881-41fa934b046b,ddb69adb-5087-4551-bbb5-6216f54b16a2,2026-08-01T06:33:08Z,confirmed,997.67,PEN,api
2cc03759-ad03-4dea-921b-dd6ab1055d98,280b4f1d-25c2-4046-b585-b96aedf9a2ac,2026-08-04T14:10:30Z,,2690.82,PEN,api
9f001041-e159-4233-a08d-2612e4c00bf8,6685c30b-1692-4d22-871c-3c28bd3016b6,2026-09-08T15:37:53Z,pending,5944.95,PEN,web
a875a848-9047-4ca1-a709-d90164ec63a9,6ccf67e9-a492-4e00-b91c-4dd1ad4f0257,2026-08-17T15:32:35Z,confirmed,3291.35,PEN,api
25225d15-1ad8-4b15-8d99-7f7762315e70,92023cf3-4db1-42bf-b3dc-b79ddacc2887,2026-07-22T18:31:00Z,pending,6129.58,PEN,web
de89f502-3581-45a4-92a2-a9e83803bc1e,60bc8323-8a97-4577-a433-0bc585514c0e,2026-08-15T13:22:58Z,confirmed,479.28,PEN,api
6a9e978c-c923-467f-8aae-9d46a9b97b50,6b58a9f2-3af6-4405-9a2f-3e2cf3b74982,2026-09-02T17:42:43Z,confirmed,2156.62,PEN,api
5764ad8b-6fb7-4821-a573-92cdf803ae06,8dfb0827-b10a-4537-839e-e231a7daab91,2026-09-02T14:31:18Z,confirmed,5148.35,PEN,web
dcf85cc9-9735-49c4-9cf2-b39433c0b130,bcf5a1d6-271b-459d-aa3b-f3171c7900f5,2026-08-13T10:40:39Z,rejected,1030.96,PEN,mobile
96e60b21-2acc-4949-8561-24efe2599b1b,ea37b035-c608-48c5-aa51-549acec75bce,2026-09-23T09:24:17Z,pending,1371.16,PEN,web
af509294-68eb-454d-9d66-f44fd2218655,2fe2227e-a3ea-4992-b4e7-07f23925b0a8,2026-09-13T06:06:37Z,confirmed,229.4,PEN,web
a50f60fe-1513-403c-a8a0-9d5b73ea7f77,7ea3d739-797b-47ea-839a-a63894291820,2026-08-19T11:06:07Z,confirmed,664.24,PEN,api
6853ea2e-c436-43b9-8f64-289c15cc0df5,562c3e97-4fcb-4914-9cf7-0e44c5811a6d,2026-08-26T17:33:40Z,confirmed,1320,PEN,mobile
86c71174-6a21-4b33-933e-a366f346e892,235ca555-a290-4bc3-9568-d27c47f7f584,2026-08-24T15:24:41Z,cancelled,531.13,PEN,api
a352fc5d-ae05-4c17-9573-e169e2d87f6c,f43453d5-9613-4bb8-9f17-a8b917b1009d,2026-08-26T18:01:59Z,confirmed,613.94,PEN,mobile
21e30283-8a08-4e9f-a60a-6e950dabb932,2d32846d-ffb4-41ab-802c-8614c9205e6e,2026-08-23T14:10:20Z,confirmed,1483.29,PEN,mobile
3e6fb58d-650d-4649-a50c-92351dbdc216,64859f31-170b-444e-a7f5-897a729460d1,2026-08-10T16:45:45Z,cancelled,477.04,PEN,mobile
4d1f4001-4ab5-4da9-9e9d-33c6e660bc12,c2aaeef4-ffb5-4dbb-95ff-4a6bebc6bb03,2026-08-31T17:49:18Z,confirmed,422.23,PEN,api
68407500-f864-490e-9c24-afcab78692f3,6b9526c3-0cb9-4643-bf04-e9d1bc7bdc6c,2026-08-07T14:45:49Z,cancelled,3743.33,PEN,web
62dfd10e-d95e-4788-a82f-de3cc6ae29f9,169d56a1-9d21-4245-bda2-5e2407a0b564,2026-09-16T13:13:46Z,confirmed,1683.76,PEN,api
5b4fb266-3d6a-49ac-a952-f3716d186cdc,5372a4e9-66da-44af-8641-039da83ccee6,2026-09-12T09:28:32Z,rejected,7020.55,PEN,web
3c2c27e4-d989-41f9-9da6-45bd1c912651,2538dc2f-9e8a-4232-8d93-773bc4401de3,2026-08-17T11:53:36Z,confirmed,3345.72,PEN,api
ece452ca-d01f-4a99-a61e-cd46f292d6cc,a0ba7906-8c74-4fc5-a6c8-c283d6f88394,2026-08-17T16:35:55Z,confirmed,1339.95,PEN,mobile
dd23cbdb-250c-4c32-be8f-2ab8d805e506,4215b7d9-b916-47e3-9e2c-4b8ec33496b0,2026-07-28T09:49:13Z,confirmed,2118.9,PEN,web
80f3ed48-6976-46cd-ae00-62685db236cb,b1bac5f9-da8c-4c5b-8b91-1efbc8c45bef,2026-08-16T07:12:28Z,confirmed,9101.87,PEN,api
e2ee962d-3632-49b2-a6de-3d1d9ec5dd4a,0554326a-2a0f-4a4e-b543-b8fe17c6a279,2026-09-18T18:18:53Z,confirmed,533.66,PEN,api
5dbf8220-82cd-4768-b954-96cf6ff45550,4fed5ccc-e40f-41c1-9ca2-bbf6b98c2f47,2026-07-28T13:53:25Z,cancelled,2100.36,PEN,api
7d63a3ff-92c7-40eb-9404-f5de029ab686,3dc96785-6e1c-4d0e-9024-db3317b269b9,2026-08-13T09:44:27Z,shipped,219.96,PEN,api
3a6e8bfa-c2f2-4809-9a14-b583bdb7a84f,f498a7ba-a490-42f5-9141-1ac5f03dde19,2026-08-23T12:50:59Z,confirmed,754.2,PEN,web
f076a8f1-ba29-4a56-a4d7-b51a89d43b3c,a5376b6f-5b26-4a3b-a42c-918b28bca1f4,2026-09-05T06:41:06Z,confirmed,754.86,PEN,api
fca5c59c-5ccc-4046-bced-ef859c82ca30,5e486750-d4a1-4e2d-ac24-955d8fff8421,2026-09-18T13:39:48Z,confirmed,294.78,PEN,mobile
36d23d3f-a44f-41a6-b206-389fdf2023a2,f767d21e-30d7-48d9-9742-0e3777a4319c,2026-08-22T14:57:30Z,confirmed,2836.64,PEN,api
cdf1a2e9-2748-413e-9b64-40200a348e2e,abaa6667-ac94-49ee-bde2-b501dcba97da,2026-09-21T09:54:51Z,confirmed,3340.26,PEN,web
e4b5e9f9-5203-4f76-8012-5a6bb44964be,90ca32ad-0623-47d6-828e-b91d7d888878,2026-09-01T17:06:39Z,confirmed,4053.87,PEN,mobile
ca1758e1-7aa4-4cf5-9cd3-cd3850ec9294,890c74a9-a349-4d30-a53f-c1935a446114,2026-08-25T15:55:56Z,confirmed,1291.45,PEN,web
04efb58f-d2a2-4468-ad66-df4c63e02a7a,bd4a7315-1020-47d0-a1a7-7a48bb0418d3,2026-08-28T13:44:12Z,confirmed,2229.41,PEN,mobile
e9d34e63-32fa-4fc0-b6c4-0eade4dfae4c,3666a38d-12be-4fe6-a6a8-dfaec757e6a3,2026-09-23T15:57:53Z,confirmed,4034.34,PEN,api
c77b63c6-1243-4b52-bdaf-32272fc156d5,363e8255-80ac-4ffd-8813-e7e8d50dae77,2026-07-28T14:55:42Z,confirmed,1346.09,PEN,api
4b6b19af-6464-4fc4-a601-3cf22dc7ac59,f1874406-082d-468a-87e9-d5b0aea86117,2026-08-16T06:20:04Z,confirmed,3931.02,PEN,web
ea32692a-ddc8-458d-ab53-a1ebe6ce2b97,624588c6-e3e4-48c7-8042-6590cb49b87e,2026-07-30T14:53:35Z,confirmed,2091.91,PEN,api
10449e63-99b2-4ca3-adb4-8429c7013a68,b48ba0ae-c816-4dde-9a3c-fb94d809950a,2026-08-30T07:26:13Z,pending,2916.27,PEN,web
1f8ef5f8-ab0c-4557-9f9d-17a0aba09179,44113992-0961-4aea-ae22-338a46f6b098,2026-09-13T09:54:46Z,confirmed,3922.82,PEN,web
560e2356-0d4d-490c-9b60-47374ca4a3ab,4b4be7f3-54fd-46a8-8eb0-c5c6ef1b09da,2026-09-10T14:40:20Z,confirmed,11349.92,PEN,mobile
64df226b-b81a-4cfd-934e-628da7267f79,fc82bf19-7396-48c8-90fa-62b154771155,2026-09-30T09:46:27Z,confirmed,5587.64,PEN,web
deaea394-a8b8-45e5-8b3e-3d3acaf776f6,815b96fb-b5c4-4a3a-8dab-8a336d8a6a68,2026-07-20T11:30:02Z,confirmed,1348.17,PEN,mobile
f025c1b2-4243-4015-8110-5a1db86d52d3,6c60a995-8e9e-4315-ac4e-a334d598ebfe,2026-09-10T13:50:16Z,confirmed,3822.47,PEN,api
8a0a8f94-14d7-47e4-bd50-12cee10abd45,3c892611-1e39-4461-b585-80557952d0cd,2026-08-03T18:55:16Z,confirmed,2935.77,PEN,mobile
f56488e2-84cd-4c88-b6f2-c1ffd9dfd063,f9143da0-79dc-463d-86a4-92eadc6f5e69,2026-09-16T15:37:09Z,pending,10257.62,PEN,web
69dc1598-d93b-44b1-bb55-3405562a2735,63989e9e-4167-49d9-9aba-4605bf21d9bf,2026-09-30T16:11:55Z,confirmed,4609.03,PEN,mobile
b3e229ad-86cd-437d-9c2c-c5ddaaac51d4,c265fb93-2cd0-42ab-8cd9-3ee3a4e6a7e5,2026-09-01T16:07:48Z,rejected,3168.92,PEN,web
d8d2eac1-6699-4799-8835-219aec808063,02ec19c5-8d54-4e98-9004-777fcb8fa449,2026-07-26T06:32:44Z,confirmed,643.71,PEN,api
06153827-7f0a-40e8-8e1b-1b10b924e6c1,8eb2ae34-b7bf-4544-80ed-a388f8b402b8,2026-07-21T18:38:29Z,rejected,5019.78,PEN,mobile
da0ad8bc-ba9c-48ad-9e23-31adbc15fb1c,c9456433-4ca7-48eb-96b4-d3b7980f9f16,2026-08-16T09:14:00Z,confirmed,38.56,PEN,web
56fb9b58-3022-4c22-8201-4ea44383a111,9eb9ed31-75f3-4717-811e-857a38b3fff8,2026-07-19T06:00:58Z,rejected,461.5,PEN,web
7e109150-5dae-405d-a7e6-f1f55765bdab,8337e7b7-93eb-4099-85b1-88ac7a7b9376,2026-08-24T17:30:53Z,pending,3168.09,PEN,api
dee52117-022a-49ea-a3c7-e4bb6f4caa02,c51ee4e6-40d2-4f75-acf5-fedd9ab36765,2026-09-16T13:04:47Z,confirmed,977.37,PEN,mobile
c65b7b73-1453-4d05-8575-41fa696e91ba,4b80efeb-c237-4174-abe3-0c088eb1f99f,2026-08-12T15:37:18Z,confirmed,1237.82,PEN,api
973aa242-70d1-4311-a421-c7638998bff6,324564f2-be5e-4966-afad-3c657403af07,2026-09-09T11:51:29Z,confirmed,444.56,PEN,api
0f867a6c-54af-48ec-875e-a44ecb85fa3f,dd2e775f-aed8-4b7c-8955-21935f06f059,2026-09-24T17:34:27Z,confirmed,1550.49,PEN,api
3cf5e665-edcd-40cd-b8d5-443e1dd8dc12,21316472-2119-40d8-9097-a661fe2c270f,2026-08-31T18:34:25Z,confirmed,10493.36,PEN,web
40aa2bb1-6bad-42a9-aa16-56c64de53a48,9dfe24d2-2c4d-42dd-bec9-eaba907236de,2026-08-30T13:28:26Z,confirmed,6825.61,PEN,api
ee3c9e80-b143-402f-945d-72794923c9c7,f60ce4d4-f3fe-462b-85ee-8de5b4e14e16,2026-07-29T14:54:32Z,confirmed,1338.55,PEN,mobile
b705f07e-0a4d-4fd1-ac3e-77670a1e53a9,3a0f8e21-9b87-4810-862f-e8de075fa797,2026-08-03T17:24:21Z,confirmed,596.45,PEN,api
f1b0ddbe-0fff-4993-a874-58753e979a05,568e0848-4154-4c33-936a-9c1f21f9fa6b,2026-09-07T18:44:56Z,pending,1667.28,PEN,web
aa941597-eac9-4f65-8e36-f0518891ba0f,32e92878-d88e-4cd1-8d9a-98d0e0b20aa9,2026-09-30T09:35:05Z,confirmed,2130.94,PEN,web
fde17316-5305-4ce1-b7b2-07eb03630f6e,bb42233a-24cb-411e-acd3-e7799e95d78b,2026-07-19T15:20:58Z,shipped,2097.26,PEN,api
80962e2d-0ce1-41a4-83a9-c01d0ee979e8,47ffc40c-73ae-478b-a72d-1af626e1b4de,2026-08-01T10:49:53Z,pending,758.26,PEN,mobile
1630bbbd-8b22-41cd-8d8f-815b3cc95d55,556515ae-6089-45e2-9795-010fb67778f7,2026-09-12T14:09:37Z,confirmed,598.97,PEN,mobile
b026bddb-fb2d-4593-b449-42f8f020d612,983f56cb-6710-40b1-bec9-969a30b40a85,2026-09-08T09:16:29Z,confirmed,3355.7,PEN,mobile
4165b3aa-91d0-4a13-ae8d-c565b4ee610c,ea65059a-013b-45c6-8897-2d7bfc2097a8,2026-07-21T11:43:46Z,shipped,3194.37,PEN,mobile
cc8dc7db-e62c-457e-af21-4f7f15c96729,2e9c8d5f-14ed-44d8-9c87-762de895f447,2026-09-20T12:11:26Z,confirmed,629.52,PEN,mobile
537b24b9-162a-48e9-93e4-d696c2b11a8e,b682208a-1d3e-443e-bf57-54913f081d44,2026-07-28T13:32:17Z,confirmed,928.95,PEN,mobile
d6fb50fc-3140-4caa-8ef3-9e193348d20f,76926ba4-faae-4a89-b213-5c7db58f9b3c,2026-08-24T14:03:36Z,confirmed,1088.2,PEN,api
5370c37b-a6ba-4073-9515-1f72a7387507,dab27ddf-3b85-4ba1-9777-034d6e46c6a3,2026-09-25T15:19:16Z,confirmed,223.77,PEN,api
ea3eef09-841a-440b-896d-bf14c107359c,db8a4ed0-5c9b-447e-8247-a000bf9a92fc,2026-09-14T18:07:51Z,rejected,2931.73,PEN,api
71bf494a-c9b7-4d95-906b-ccaaab364785,ffb8aadf-5975-43f7-93da-ac7ce1af0e20,2026-09-17T10:29:05Z,rejected,291.34,PEN,api
dd76783e-0674-45a5-a1e6-7d9c865ddde4,67f22bfd-8b98-4e1b-90db-fecc6f68ae2b,2026-09-30T12:19:58Z,pending,674.79,PEN,web
41ac6546-d9e1-4246-85fe-57c5e45d7e0d,3ba0dc3d-e22d-444e-931e-df7968be0658,2026-09-19T09:02:50Z,confirmed,3712.82,PEN,mobile
b552bc02-4eb4-43bf-b23a-46a948b3ea8d,5dde99f0-1b10-40af-9b7c-2f7b2b2e7262,2026-09-07T13:26:32Z,confirmed,1330.3,PEN,api
c65450df-fdbf-4b11-b8ac-f813d3f618f8,0271104c-ced5-4cf4-9781-641c46238aad,2026-07-19T12:29:12Z,pending,1987.41,PEN,api
43bf0b4d-1ff0-4035-8b58-8b1a721d4222,28c0d5c4-145b-4caa-99c3-0c38d8bc69e3,2026-07-23T09:13:41Z,rejected,1534.41,PEN,api
37c9af64-8455-42e9-b23e-443bede92d38,b84387d7-7bc5-41db-a71a-160ca1bf9086,2026-09-28T16:17:08Z,confirmed,1156.8,PEN,mobile
d960b554-e24a-4f76-aac2-a07b1d49091b,1b321311-2d86-46c1-9871-3c85a416712a,2026-09-30T13:40:56Z,confirmed,187.71,PEN,web
b949c755-3545-4add-80ef-ad98a55a449a,d5ca3e4e-2d7e-431c-9596-27d514f7ffc5,2026-09-06T07:07:13Z,confirmed,5447.63,PEN,mobile
861d4fa3-3aba-49cb-9457-a4f180a3b85e,2419006b-0926-4d3c-9fd7-8b33bd91dc0f,2026-08-04T15:34:48Z,confirmed,1569.1,PEN,api
2de42bf4-b1c7-4760-8ef4-c184e0f31470,d26e3c25-fe5b-44bc-9956-a99d577eca87,2026-09-20T15:39:06Z,confirmed,1899.32,PEN,mobile
f366c701-a312-4745-8894-4302ec61881d,6141214e-f7a0-49a3-bc70-d8e6eb8c5f86,2026-08-07T14:30:34Z,confirmed,327.57,PEN,api
708fc893-839c-45d0-8c6d-e4995a259e12,2afe5f2d-4ba3-4d7b-a6a2-40ea68a157a6,2026-08-31T16:40:32Z,confirmed,1318.13,PEN,mobile
00f3f97f-10ec-4c03-8910-2ddd63ec12b2,0b235f07-361b-4a70-a601-abd74d5a59be,2026-09-21T16:30:22Z,pending,3972.49,PEN,api
26df88e6-de1d-479e-ab62-1407f00053b1,74e53d17-9177-43fb-bbf8-8b7835e518ac,2026-09-17T18:57:07Z,rejected,7017.02,PEN,web
5ad4f89b-1765-4cfb-a185-2b670891999f,3f6fca09-7fcb-4ade-afdd-e12e97a8730a,2026-09-24T12:35:29Z,pending,2486.1,PEN,api
379fbf7d-a1e2-414d-b1ae-d568ea330842,e328a513-a749-4476-8fed-814c53aaa5ae,2026-07-31T13:20:49Z,confirmed,4221.16,PEN,web
46e8158d-1806-4451-bd54-386db05f42e0,8f03a6da-c181-416e-8736-ce59aaecdd50,2026-07-20T09:54:07Z,confirmed,779.97,PEN,web
379af815-b0c6-4078-9464-179aae932831,06d37785-8b38-4349-a2ce-c22121b8e3c0,2026-09-02T14:20:58Z,confirmed,477.9,PEN,web
26f9c609-54ba-45cd-9422-b0e632fb9792,0271104c-ced5-4cf4-9781-641c46238aad,2026-09-21T14:06:49Z,confirmed,2310.54,PEN,web
0f40f55b-7a55-4ab9-8ce5-d26a9bf01ad9,cced02b4-6156-426b-b179-256213e038ef,2026-09-24T12:38:13Z,,2639.04,PEN,mobile
97205ee1-e122-4ed6-a77e-0c3a4dccabb1,6b2ff8bb-d5cb-4f80-8702-c6c672048586,2026-08-21T11:52:11Z,confirmed,6225.39,PEN,web
9cdc0886-9648-4c41-b7db-be165cfc7699,b8229628-4101-4c68-a34a-5d8da06e0b15,2026-09-10T10:10:52Z,confirmed,1576.4,PEN,api
29fc2324-85fe-44b8-a16a-baf4d66543e9,02ec19c5-8d54-4e98-9004-777fcb8fa449,2026-07-19T11:50:28Z,confirmed,1340.53,PEN,mobile
0bb784ae-fbc1-45d1-9a27-5a92b09837ea,2f1f6569-c6d4-4fce-ae0e-deb1eb5412aa,2026-07-30T10:01:30Z,confirmed,1226.26,PEN,web
f3851373-af6d-405a-b146-231bf7ec961d,3773b190-b472-4990-ad7f-7898b7680b77,2026-07-20T09:05:01Z,confirmed,482.55,PEN,mobile
f024413f-f0dc-4b24-b1fb-ef8ff5bc8c79,5cc569f3-5c89-48d5-abef-1f39d4861d1d,2026-08-07T13:54:00Z,confirmed,12233.62,PEN,web
a66bb796-95ce-49f9-83b2-53c9a7b2d7b7,5f7aaded-b4e5-4052-8651-307c1cc3ad13,2026-07-25T14:40:04Z,confirmed,1230.48,PEN,api
224660ab-49d9-4544-9c14-278b22a82958,2af9be03-bde1-4b7a-a707-8dc96cac7b66,2026-08-02T15:44:47Z,confirmed,2461.02,PEN,mobile
381f20cd-a135-43af-9ef4-0f7ed11fc352,956057f5-be6c-4d95-bd1f-9cd845dd1767,2026-09-11T10:42:30Z,rejected,1272.98,PEN,mobile
15371309-2284-498d-b998-4ec85379624c,f767d21e-30d7-48d9-9742-0e3777a4319c,2026-08-18T12:56:46Z,pending,2550.25,PEN,api
1dd22046-94b2-479b-affa-46aaefbef196,a1f14f8d-2cb8-42b8-b7cc-2784ca416963,2026-09-20T09:19:24Z,rejected,2006.62,PEN,api
4bd699d4-3de1-4022-a3c4-c4e1e37164d8,2e9c8d5f-14ed-44d8-9c87-762de895f447,2026-08-01T09:29:45Z,confirmed,912.09,PEN,web
32232df0-a7aa-4cb9-80ba-4ce84a8f9a01,db53b155-231f-46c5-9cf2-e3c277e22fed,2026-09-25T13:15:56Z,confirmed,67,PEN,api
9a8f76e8-f2d0-46c5-b1b5-04f00ce19eb0,6ff8902b-9237-401b-9be7-ec93141df1f5,2026-07-26T14:56:03Z,confirmed,454.75,PEN,mobile
a032378f-6126-4308-a46a-e1d06391e708,91f59ed5-e27e-488c-b25b-24f9a744c7c6,2026-09-19T13:47:11Z,confirmed,4662.23,PEN,web
52458901-209b-486a-807c-45290a075ace,fe835a94-bf06-4b18-a6bc-ee6fd65a1f78,2026-07-21T13:08:19Z,confirmed,2821.13,PEN,mobile
25c3c8d1-9cf0-4a67-846c-c52cc532b310,281c9175-fdee-4f0c-ab70-7eb5ce08288a,2026-09-30T11:27:44Z,confirmed,3850.22,PEN,web
d33f316f-ace2-446f-aa0c-531a79b9d4ac,6b352090-9266-4ddf-96d4-6b2177d83e28,2026-08-03T11:14:54Z,cancelled,2096.77,PEN,mobile
bcc5ad18-2c7e-4645-9ec4-5c5233a68b4b,bdee05ed-1013-4321-9480-4b17eca2621a,2026-09-02T13:39:29Z,rejected,2133.45,PEN,mobile
008c701e-fd29-45bf-8c4a-27eaaec06a0d,0165ef69-3b96-403c-b81b-953fee6c8f93,2026-08-01T13:14:37Z,confirmed,64.68,PEN,web
baf28d3f-9714-494e-8cde-4738930fd154,8820ec3a-b879-4c92-8be0-de9ec4af5921,2026-09-27T07:03:37Z,confirmed,827.44,PEN,mobile
299bf5f6-28cd-493d-b35c-abf29d313572,70a5a6a2-8ac7-427c-8a4a-4cd99df397bf,2026-09-11T17:11:48Z,pending,483.09,PEN,web
126a1293-8224-4553-9057-ee9b18001bf5,2198933b-98e4-4260-a985-98ea41253523,2026-07-18T14:07:13Z,rejected,703.52,PEN,mobile
92815228-da9b-4262-98f3-a58f319ac182,6b827b53-eda9-4d4c-ac5b-42bf79928864,2026-09-24T12:44:48Z,confirmed,7453.96,PEN,web
155b0c76-b4fe-4aef-bf90-b4fd9903ca2f,d26e3c25-fe5b-44bc-9956-a99d577eca87,2026-07-30T17:13:54Z,rejected,1440.52,PEN,api
6b2749fc-dd7f-4fef-a1e4-538d8576047b,a7e84bf7-ab00-4aeb-b9b0-1b96f1e4b245,2026-07-23T12:24:17Z,confirmed,1156.06,PEN,web
f28469b1-37ac-450b-b545-c63655adb734,d14b887b-79f4-46bc-ad84-3d5e544a77d8,2026-08-20T12:27:31Z,confirmed,5107.59,PEN,api
e512602e-3dfd-4752-bd98-7967ef4ff5c5,b432e930-d2a3-4a89-80da-b03e555d29b8,2026-08-24T10:16:34Z,confirmed,2169.6,PEN,api
e6683b3b-810b-432e-9efb-c8ebc42a995f,6121588d-c115-477b-b6ba-e0ec3951376a,2026-07-31T13:26:18Z,confirmed,2436.42,PEN,mobile
8a2e9463-2948-4bee-aead-ce2208054bc3,75e35550-fcfd-4f50-835c-a42dd3e981d5,2026-08-19T11:01:32Z,confirmed,2951.06,PEN,api
fd55d7db-7bfe-4298-8236-70d1789beeaa,9602f8ce-7fd8-4f6b-8de0-ed03afd3f928,2026-08-02T07:54:30Z,confirmed,10779.22,PEN,mobile
031dc20b-348b-4f38-9cb9-9bc1234810a1,9b1a0870-9c0a-471f-b401-69ddde89e52c,2026-07-19T06:24:56Z,confirmed,2114.27,PEN,web
bbafab87-c25c-4629-afb1-cdcc8dc72e28,a41f0844-7029-4319-9a53-08d2825c47e5,2026-09-10T13:53:17Z,confirmed,2377.08,PEN,api
62f3e2a1-570e-4bc9-9927-74108db04274,bf2698f5-7f26-4fce-9c8d-dc61cc8918ad,2026-08-04T14:55:19Z,confirmed,1432.99,PEN,web
0fdb17fe-d559-44c8-9cb0-05703dd282f6,8e076602-8fde-4e86-86e5-53a303a0cc1d,2026-09-29T15:43:42Z,confirmed,4711.28,PEN,api
368a56b4-2e49-43a0-a7c4-deeb42ee2631,16ef4d1f-28a9-432c-94b8-51644ddc9eb1,2026-09-04T13:31:11Z,pending,6379.98,PEN,mobile
7849bbd1-27f3-4987-b20f-598438626bcf,3fa4be75-78ee-4deb-b0e4-a4f7735e9b14,2026-08-06T14:30:17Z,confirmed,759.44,PEN,api
55f3180d-d15a-4aec-8131-3f26c185f0cf,64ee2a70-2f98-45eb-ab51-310dd29695e2,2026-08-24T10:28:01Z,confirmed,1607.26,PEN,api
f424e3ff-0cad-4a90-a622-0d76b65d00ca,2caeb02f-23a5-4527-915c-7a11018d1f6b,2026-09-17T14:32:41Z,confirmed,527.66,PEN,api
ee95c471-ebe3-4345-a82f-7f22b83facd4,017fd789-05d8-4a44-96f7-7d7e69d71f11,2026-08-22T09:09:12Z,confirmed,1830.2,PEN,web
e29e597a-964d-4896-ab63-04e43f8d062b,fcc7dc79-5d82-4692-9adb-5e30673d411e,2026-08-10T14:44:42Z,pending,2089.19,PEN,mobile
33d56fed-84e5-4e51-99fe-6e96d2358844,d509ccc0-f24c-4b54-a1fd-fe55492cdc6b,2026-08-06T17:46:21Z,confirmed,3001.36,PEN,mobile
3e6ee9a2-4a2e-4d8f-bab3-00137e3abfdd,f498a7ba-a490-42f5-9141-1ac5f03dde19,2026-09-14T14:32:26Z,confirmed,10605.34,PEN,api
b1c14e04-c863-42ff-9d4e-e15e8df39934,db639438-a5a7-495e-9396-3473ccbeafed,2026-09-26T06:07:28Z,confirmed,1826.08,PEN,mobile
f24176e1-0d34-45e6-9214-80bf84010fe5,1532525c-75ec-4957-b770-d8cb313d282f,2026-08-08T09:41:34Z,pending,720.48,PEN,mobile
ffd8ee78-3834-432d-86c7-8c17df3dafdd,57b74fa6-eb77-42d9-b60d-5aab4ebd023e,2026-08-07T17:12:57Z,confirmed,1357.15,PEN,api
41b3ab6b-ad65-4168-aee8-e018f2159bb9,acf41c21-51ab-44df-81d1-d138e80ad382,2026-09-19T06:08:33Z,pending,7094.78,PEN,mobile
6f924d12-d79b-44ac-bcc6-cc411e322b80,95399cf1-a86b-4353-b03c-aec2999e6d24,2026-08-06T13:15:53Z,confirmed,367.44,PEN,api
65c7431f-16b1-4b45-b77d-56fb8e1f96cc,167263b9-62ab-4c56-b60e-cda87e3c16c9,2026-09-22T09:18:13Z,confirmed,6498.9,PEN,mobile
e9eb5b15-eafe-427c-a9ab-b8f039e2e0f1,6ff8902b-9237-401b-9be7-ec93141df1f5,2026-09-10T17:51:51Z,confirmed,2832.94,PEN,api
4db9679b-507d-4f02-8218-7f7b88213101,88f05240-7b15-4c96-b929-9ebbda883d61,2026-08-15T08:12:21Z,confirmed,12301.14,PEN,mobile
4acc633f-39c4-4078-8a0b-85dd65b8fd7a,1532525c-75ec-4957-b770-d8cb313d282f,2026-09-10T10:26:36Z,confirmed,7313.77,PEN,web
3a031d93-f28d-49a1-ba7a-2c2442f52b73,f8872865-1934-427f-bef7-008af95f233b,2026-08-20T15:06:26Z,confirmed,269.52,PEN,mobile
d8f30849-2a55-42ef-a2d9-22f3de3c02ea,a90e88bc-bfb9-4869-ab72-f9334f7223d0,2026-08-13T16:07:30Z,confirmed,1594.32,PEN,mobile
8af19281-73e8-4295-b34a-3c595e3e3930,556515ae-6089-45e2-9795-010fb67778f7,2026-09-26T07:59:03Z,pending,3741.87,PEN,web
5d344099-ea89-4947-ae30-0f55fa48fa35,9f742a90-cfa8-4220-ab51-9021d8b03be3,2026-08-04T18:46:52Z,confirmed,1605.02,PEN,api
259826b4-8a31-48f3-8de5-196eb47777a4,b5f81bc3-c56b-488b-81a4-992456a3d193,2026-08-04T14:23:06Z,confirmed,2430.76,PEN,web
54050d2a-68a1-48a0-a2dd-431e9e527f62,6ff8902b-9237-401b-9be7-ec93141df1f5,2026-09-27T12:58:10Z,confirmed,4654.35,PEN,mobile
3889ed0b-7f2a-41d2-aaaf-09952085778a,00949d3b-f64c-4ca5-a64a-f6826ecf1389,2026-08-21T13:10:43Z,confirmed,669.48,PEN,api
d3f1bec3-00a2-49b0-b319-6337d8ffa23b,022a424e-e532-4d17-ad7a-5abe117711d1,2026-09-05T07:38:26Z,confirmed,11456.62,PEN,api
c6186913-7954-4710-afa6-7f2e05e3f3c4,ceb37e68-1465-414b-8d42-6d20def61054,2026-08-06T11:37:23Z,confirmed,10962.98,PEN,api
e398847b-49e4-46a6-af62-10e25c77be4d,71aa7699-88db-446a-8e3e-6484f1b2376a,2026-09-16T09:31:43Z,confirmed,1393.67,PEN,mobile
82183387-60bc-46c8-a51c-b44b20b5d504,8eb2ae34-b7bf-4544-80ed-a388f8b402b8,2026-09-02T12:31:47Z,rejected,596.78,PEN,web
89501fdc-7cc2-4d7b-91ff-2fbd5c0b83f3,6809b22a-94c8-40ef-944f-b35f06656229,2026-09-26T06:05:40Z,rejected,1581.53,PEN,web
15f5172b-24a8-43ea-a9ec-11bbacf44a2d,7ab0bd07-9e43-49c5-af68-6981d0def1ad,2026-08-08T08:03:40Z,confirmed,1732.67,PEN,mobile
cf68b8ed-7007-4128-a495-7a3308357792,06a3c77e-bf93-45cf-afe1-fabf18abf75b,2026-09-24T09:49:40Z,confirmed,261.76,PEN,web
802c4a25-9112-48e5-b368-9a7790313f33,e6763a14-51b3-41d7-805e-7dc1d2d88cbd,2026-09-22T14:27:49Z,pending,1839.2,PEN,api
d37be4b4-33f5-4fbe-aa77-04fd6783dbd7,4d81d12a-74db-4daf-873e-23b8ab5f8aa4,2026-08-26T18:44:11Z,cancelled,1152.45,PEN,api
200f285e-aa67-4cce-9b8a-ad83a84ed6a2,7468fd42-179e-4abd-9475-1fd8135bbe92,2026-08-16T14:29:58Z,confirmed,6272.84,PEN,api
bff5f8e8-4e37-46f8-a293-2f8106fd9f47,8b066b57-375d-489d-8d94-4050fd9dcadc,2026-07-30T09:16:36Z,confirmed,7658.33,PEN,api
a12705e8-6f04-402e-b533-eff3626dbb93,06367bc7-5240-48dc-b69e-e6601f501b3e,2026-09-24T13:20:06Z,confirmed,1703.85,PEN,mobile
ec996c5f-d646-4df3-bfe2-6526118ecb9f,6141214e-f7a0-49a3-bc70-d8e6eb8c5f86,2026-08-27T13:37:03Z,confirmed,4056.52,PEN,web
44066089-de90-45a4-b21a-0e1c8777f624,2538dc2f-9e8a-4232-8d93-773bc4401de3,2026-09-13T06:10:07Z,confirmed,1692.08,PEN,web
bef4a3d7-e3c2-458e-acfc-30dd63f6e75f,745748b8-122a-4c2a-8884-958cf173e8ec,2026-07-26T08:12:34Z,confirmed,179.09,PEN,api
01687eec-f176-4e8d-a23a-c299340f7e9c,d708680b-244c-48ca-8421-82b141bc73be,2026-07-29T13:43:41Z,confirmed,4776.53,PEN,api
03d644e1-b156-4c17-a9c1-fe91508e2a1f,d4fa7dfd-0ffe-4774-812f-d554f5675221,2026-09-10T16:06:12Z,confirmed,3392.75,PEN,api
41e1e2f2-eae6-4d81-a6ec-7e7fcaf76b3e,2419006b-0926-4d3c-9fd7-8b33bd91dc0f,2026-07-27T12:40:06Z,confirmed,532.09,PEN,mobile
7ead023b-44ad-4de3-94b7-a6f6d3fc0293,c75f3c61-3ea2-4abf-a47b-7bc89d1e27f8,2026-08-16T10:16:13Z,confirmed,24.93,PEN,web
56f41b0b-49b8-4e0a-b201-7383ef608da0,f5c65cdb-75f6-4989-92ce-1afda59318e6,2026-08-27T13:00:21Z,confirmed,875.23,PEN,api
ea273b2e-4227-4c12-bf6a-d01eb9eb1767,7689c687-0199-46c0-ac66-6fe61b037a1c,2026-08-14T16:10:33Z,confirmed,321.9,PEN,web
b9578312-073d-4463-8b83-bbb81c2009d6,7cc01d11-4bd9-4b82-9f6a-53ca287c2908,2026-09-13T08:28:28Z,confirmed,1502.46,PEN,api
82cda886-6a3f-402f-8341-5892f0414b99,bb0928e9-463c-4d3e-ad21-5abba5fdfbfb,2026-08-11T14:18:20Z,confirmed,411.68,PEN,mobile
7abc4f4f-05bb-45d8-869a-687977a86a9e,7a6d0709-f364-4f3a-88b6-ab1b01b205f2,2026-08-20T12:28:29Z,confirmed,2420.65,PEN,mobile
e87ddad8-2b71-45a3-ae8f-53227c5fcf5d,69788eb4-b16a-4094-818c-67c58f11350b,2026-09-10T17:15:26Z,confirmed,2230.76,PEN,mobile
edf0b2bc-ffaf-4cd4-bb09-bcfe6421dd54,63ef388d-2232-4405-9196-7720c7736aaf,2026-07-27T15:02:47Z,confirmed,103.94,PEN,api
c6c97bc6-9b6d-43a3-9a2b-85bf95a92eae,fcc7dc79-5d82-4692-9adb-5e30673d411e,2026-07-27T18:58:00Z,confirmed,1383.78,PEN,mobile
de682286-221d-4226-95df-e9fab683a0b0,d15780e0-aa55-4289-a4e4-cfb701e65d91,2026-09-14T10:18:12Z,pending,688.92,PEN,mobile
b6304ad7-ed90-4f37-8f1f-4e4e3a309579,dbd09dd7-5e26-4786-96bf-d6adfe5468f6,2026-07-25T06:09:33Z,confirmed,2983.4,PEN,web
12c3169c-21db-482d-b087-e2306da6e9ed,e00fbf9f-e822-42ea-9d85-cda7dd952644,2026-09-23T11:57:54Z,confirmed,2342.85,PEN,web
858d7eec-d9c0-422a-96f7-ad703c22009b,0b235f07-361b-4a70-a601-abd74d5a59be,2026-09-06T07:04:56Z,rejected,6426.28,PEN,api
da213c94-40fa-4ad5-8a1f-56fc22712397,6d5945f5-aac2-4bd0-8253-916d453a7815,2026-09-10T14:20:50Z,confirmed,713.56,PEN,mobile
a12fbf1a-3d0f-4a9d-8e0f-43f430ad7445,1e9f5012-2e34-4419-97c1-d78d2b20c7d0,2026-08-21T17:45:54Z,confirmed,2179.12,PEN,api
ae7957d7-5448-4016-8941-b67762c16cec,3c17ec7c-a906-4f72-b850-094f557bbe52,2026-09-11T14:23:00Z,confirmed,6507.7,PEN,mobile
83ee7f6e-3c78-41fb-bb33-155ce7e04c15,b671eba4-fdfd-46da-a7f3-b16b98699bfd,2026-08-18T18:21:15Z,confirmed,254.04,PEN,mobile
598742b5-389e-4b24-973c-50b8013e8d2a,0acfc1e5-b33a-44ce-bb7a-781c5d9f9fc7,2026-08-14T13:07:00Z,confirmed,2217.77,PEN,web
4a502b90-4cf3-4a14-9783-a1161fd98149,64ee2a70-2f98-45eb-ab51-310dd29695e2,2026-08-24T11:21:31Z,pending,2069.1,PEN,api
60c21417-f2b3-4e2f-bd88-619ee7607960,dab27ddf-3b85-4ba1-9777-034d6e46c6a3,2026-08-05T16:33:15Z,confirmed,1549.55,PEN,api
4b1a18db-8d9f-4de6-99e2-0c8ad3577bfe,ff6cb621-5df3-43e7-a96f-86581487c24e,2026-08-19T18:54:19Z,confirmed,1384.56,PEN,web
6e9b99cd-b60d-4e9e-824c-76608413f08c,50837819-b0af-4c20-a45f-db128f20e8e6,2026-09-16T11:34:19Z,confirmed,1326.45,PEN,web
7438cea3-5ca3-4d97-9ded-a621ba32becb,1a5dc441-b2c3-49d1-9ae5-de85bff80383,2026-09-25T15:48:15Z,pending,1710.55,PEN,web
b3ba95d5-acc0-41ae-8c28-82bcbc301208,2c49c42f-a2c9-4f65-aecc-3a8d2124737b,2026-08-04T17:34:35Z,pending,4395.31,PEN,api
e5f6e2fd-11c0-41a1-9c89-0ed734a9515c,25585117-b312-4837-bf97-73f5c5f45f55,2026-09-09T12:06:02Z,confirmed,6220.5,PEN,api
89b7e478-e5d5-4748-939c-d5802ac42de6,ee13bfad-1cb4-4be7-88d1-45b16ff1552d,2026-09-22T09:00:35Z,confirmed,6465.28,PEN,api
de03b407-d86e-452a-b531-c483c2046319,71988b6e-d1a5-4a88-a628-b3678738727a,2026-09-08T10:32:52Z,confirmed,4092.24,PEN,api
b3f79d79-b11c-4fd7-b0a1-007432b7840e,224b85ae-00f1-4c2d-b1f2-da6139ad614a,2026-08-11T16:31:57Z,confirmed,2190.24,PEN,web
c0dbd663-b326-4f46-961b-a16ebf8ebab1,95399cf1-a86b-4353-b03c-aec2999e6d24,2026-09-20T14:30:54Z,confirmed,2506.28,PEN,web
7154be7a-8ea3-437b-a5b0-675da42546ef,3777ce28-1286-4576-a512-b4e2b633c86d,2026-09-21T12:26:03Z,confirmed,4335.2,PEN,web
7c880ef3-cebd-4d12-9eab-39ff90ac7bde,9751c435-62c3-4ca4-a346-79cd6ee908d3,2026-09-16T13:28:36Z,confirmed,733.44,PEN,web
3c1f81ec-b57a-4b10-8d47-6200259faa4e,79b771a0-c531-4d63-967a-6cc6d5b7f3b1,2026-08-03T09:13:44Z,rejected,1192.19,PEN,web
ff5ee2e3-fd19-43c4-86de-6b409114de28,0acfc1e5-b33a-44ce-bb7a-781c5d9f9fc7,2026-09-18T11:05:23Z,confirmed,1064.94,PEN,web
1a5871d0-e443-497a-8004-a7dfaac33657,e709eddb-721f-4a24-a748-14e96180b661,2026-09-29T09:18:31Z,confirmed,2052.55,PEN,web
0629255c-d16c-4bca-8f0a-8bbda5cad314,367401ee-a448-4320-8b44-8bc51bdf0a36,2026-08-11T11:44:49Z,pending,889.29,PEN,api
216b4c1d-1946-4505-a094-88901e053049,4a67ea1f-75fc-4716-a28d-e9f79dd91fbe,2026-09-01T16:48:04Z,confirmed,2626.05,PEN,api
cc2f43a5-5997-4a75-bbf8-780fc8b100d4,c2cba4c7-5d38-4c9c-a9ae-d2ed60f69d07,2026-09-16T09:15:03Z,confirmed,701.56,PEN,api
3448677d-d985-4246-b83a-21cd50502f69,30de6d7d-e1d5-431a-a4f7-a4af8cdb1074,2026-09-30T14:11:31Z,confirmed,408.61,PEN,web
6c9e0b94-ccf6-4099-a837-cd05919efff5,28e8e125-644f-48ad-86aa-10caa8ca2e85,2026-08-15T10:51:39Z,confirmed,3263.08,PEN,web
69b64476-f213-4c92-977a-6024739b40b1,9232cab6-c46e-40f7-ab1f-697fb70e5493,2026-09-27T11:05:22Z,rejected,2234.46,PEN,web
198602fe-d85e-4edb-92b2-e80ccca1aa50,63ef388d-2232-4405-9196-7720c7736aaf,2026-09-10T12:24:59Z,cancelled,2063.65,PEN,api
a8364760-06c1-465b-84a2-edc59d223b54,8c596c04-1a09-4952-939e-ae3048d1c8fb,2026-08-13T15:23:13Z,pending,408.83,PEN,mobile
7ad6c825-d774-40b2-9f83-0e2af319ce23,e326bf87-8738-4a7c-842f-70cdd4deb567,2026-08-06T15:33:13Z,confirmed,506.99,PEN,mobile
c7bdbf3c-e250-4a80-8339-23f546ad6da1,2024162c-8de7-438f-bf08-fb157e28ce74,2026-08-27T13:12:39Z,pending,790.96,PEN,web
fd14f024-88bd-4ff0-a7af-978128b7d84f,06367bc7-5240-48dc-b69e-e6601f501b3e,2026-08-27T12:31:48Z,confirmed,3234.95,PEN,mobile
84a31daf-62ba-4612-868f-f85e0b23b70e,45473e32-93cf-45ac-859e-30c6db185b88,2026-08-17T16:43:27Z,confirmed,1450.28,PEN,api
4dd1b7c1-508e-42ea-a9d3-9f8f90d37104,a15437bf-ad74-45c4-9271-a8655669303e,2026-07-25T12:01:30Z,confirmed,1739.84,PEN,web
5c5ab50a-d212-4f00-aa38-7108f35c8a2a,15a2582d-59cb-4b96-b07b-8dc33b1c08db,2026-08-29T07:37:58Z,confirmed,2952.93,PEN,mobile
0105fede-1e66-49bd-bad3-81c45472a561,e9d2a460-b1a0-46aa-b629-60cf3f1922c8,2026-08-14T13:36:36Z,pending,2265.34,PEN,api
675d5d7e-7ff0-46b0-b826-252898545fd0,7689c687-0199-46c0-ac66-6fe61b037a1c,2026-08-15T13:13:10Z,rejected,3768.33,PEN,api
0ec682c6-63bf-4a7e-9fb7-ee2270fad424,3dc96785-6e1c-4d0e-9024-db3317b269b9,2026-07-22T18:37:56Z,rejected,4331.64,PEN,api
17f44c86-710e-416d-929e-3e284a108d84,784c4e82-1907-42a2-96d0-a3d772338838,2026-09-02T17:40:02Z,confirmed,549.28,PEN,mobile
c4c40c5f-4a66-42b0-a81d-a26668f69316,c51ee4e6-40d2-4f75-acf5-fedd9ab36765,2026-09-04T11:35:27Z,confirmed,1686.93,PEN,web
12b6c8ce-91fb-4417-9729-0e883a306db6,e328a513-a749-4476-8fed-814c53aaa5ae,2026-07-29T10:03:38Z,pending,338.11,PEN,mobile
beae289f-de97-4d34-b9dc-c964d5a8ea5e,acf41c21-51ab-44df-81d1-d138e80ad382,2026-09-01T17:44:08Z,confirmed,1003.85,PEN,mobile
28ef3a33-082c-4cb9-9107-6c3e53cb104e,0acfc1e5-b33a-44ce-bb7a-781c5d9f9fc7,2026-08-07T10:48:50Z,shipped,2806.88,PEN,web
0c1974af-c5f6-4af4-a406-bbe48a986d0b,5cc569f3-5c89-48d5-abef-1f39d4861d1d,2026-09-03T15:15:44Z,confirmed,86.44,PEN,api
c6ba06d4-bb58-4c0f-b956-802039e8d799,35e73eb1-39b1-4831-a8e0-1b63c6d6ae7a,2026-07-30T16:09:30Z,pending,232.56,PEN,web
f32d6e6f-08a7-4a03-8512-64b66ebd851b,201bb7ed-1dac-487b-ab84-4a7f324a4424,2026-07-26T14:21:23Z,shipped,1198.17,PEN,web
9073cfce-1934-41c6-877f-a68cbfff5da5,a365d6b5-6a26-45a6-bf73-7ec9b6fc0001,2026-07-27T13:55:09Z,rejected,7064.68,PEN,web
d9c7039e-ba3b-4d14-b4fa-4a577633d011,83430933-02cb-4a05-90ea-a7db9b419761,2026-07-31T15:22:19Z,confirmed,1211.32,PEN,mobile
62c635f6-5e46-469a-9d92-d97791b9897c,3f10cdae-312f-418a-8e52-1505c89d9f31,2026-08-19T09:01:23Z,confirmed,1424.96,PEN,api
b02331ed-9df5-4b75-81f3-9622b093912a,f5c65cdb-75f6-4989-92ce-1afda59318e6,2026-08-05T17:14:13Z,confirmed,3270.37,PEN,mobile
e18a0f9e-2f2e-454d-b949-3c56e2cfde97,88f05240-7b15-4c96-b929-9ebbda883d61,2026-07-18T07:33:56Z,pending,2147.34,PEN,web
5242460e-5a9a-4b64-9a5c-a81143fc5ab7,5d7cd744-869d-4988-b876-b48821642f50,2026-07-29T11:54:52Z,rejected,10189.11,PEN,web
4a75dfa7-2a7c-4663-8d5d-097f0c3cb221,4d13f243-ce88-49e9-835f-5caac99b7e69,2026-08-19T10:03:31Z,confirmed,2111.55,PEN,web
61923f64-1a83-4f9c-8870-bde311194530,73fe410c-7466-4d96-8f06-67a2e4c5a86a,2026-08-26T12:56:23Z,shipped,285.44,PEN,mobile
ff833a18-84eb-4f92-8402-9dbd0b1b7db8,fa4db3e7-146d-4312-b7e9-1aeb00361c36,2026-07-24T16:47:06Z,confirmed,1384.94,PEN,mobile
4ff939aa-34bc-40c0-b7c6-cef9971c6dda,bb275612-b3bb-4efd-8d8c-edf6e6ddf7f7,2026-08-29T09:00:41Z,cancelled,9659,PEN,mobile
e5811225-6a54-4dd8-940a-5b51abdc0219,367401ee-a448-4320-8b44-8bc51bdf0a36,2026-08-20T17:56:13Z,confirmed,12574.08,PEN,api
b5c34767-e934-44b9-bb03-825ffc12946c,66d94e36-5cd6-4ba1-8756-eb1abc4c4b43,2026-08-15T13:39:08Z,confirmed,3556.03,PEN,api
34376c97-9a3f-4666-b0a0-a450c7ee8380,63587e5b-90e3-4738-a2a5-1a258f44baf0,2026-08-08T07:03:11Z,pending,1289.59,PEN,api
74417a16-f9e5-4614-b34f-fa2bca43469e,f6f1327a-8657-4a5e-a82a-1136fabdf917,2026-07-20T13:59:47Z,confirmed,1270.47,PEN,mobile
374b665c-83a3-4b94-95a7-758a92d4b868,2419006b-0926-4d3c-9fd7-8b33bd91dc0f,2026-07-24T14:01:07Z,confirmed,52.35,PEN,api
301c1c95-e39b-4b74-9ee6-687a34958026,28e8e125-644f-48ad-86aa-10caa8ca2e85,2026-09-02T17:15:44Z,confirmed,469.01,PEN,api
0c5f5783-9f5d-4015-96ec-e703bafed46f,f5f54f1a-8708-454d-bf93-3b9479e440c4,2026-09-12T15:48:10Z,confirmed,728.76,PEN,api
d5d05868-4c74-41ce-8f7b-3ebf8b0b6ae5,3c892611-1e39-4461-b585-80557952d0cd,2026-08-21T17:15:42Z,confirmed,3590.52,PEN,api
deffe741-71b8-4584-8bf6-4397d95f2710,28c0d5c4-145b-4caa-99c3-0c38d8bc69e3,2026-08-11T15:59:06Z,shipped,37.67,PEN,api
1857926c-776a-48d5-8135-2d365c83a7eb,956057f5-be6c-4d95-bd1f-9cd845dd1767,2026-08-26T16:23:47Z,rejected,201.04,PEN,mobile
fd616e83-a99b-4d51-9403-bbf839831dfc,08998e79-35db-40b5-baaf-7e5031421ffe,2026-07-25T06:17:31Z,confirmed,4529.78,PEN,api
1476ca0d-9fe6-4bc2-a58b-cfc06c10f6a3,9751c435-62c3-4ca4-a346-79cd6ee908d3,2026-07-31T18:49:09Z,confirmed,3325.13,PEN,web
32d8da95-2fed-4f03-94a1-b87f7eb52eb8,f48e66cd-4250-4b55-976e-2b5912d095df,2026-07-20T10:52:12Z,confirmed,268.83,PEN,web
e2cd7552-fa3a-4282-b7f1-0ebe64739a7d,2d5ff65c-e594-44fa-a4ed-f7a4fb6dd4fb,2026-08-10T18:59:03Z,shipped,638.83,PEN,api
375e2f6f-7516-4aa7-b65f-0f49fb894e67,224b85ae-00f1-4c2d-b1f2-da6139ad614a,2026-08-13T18:21:10Z,confirmed,5730.04,PEN,mobile
6eaa592d-162a-4e36-946b-41c26f3eb729,ead6716f-fc7f-4314-8edd-43df8fe0f6d9,2026-07-29T15:26:33Z,confirmed,6174.3,PEN,mobile
c8e3db38-84c4-49f4-ae72-dd3fe7b052d5,ad622294-f2b0-4d79-a5ab-4e0b778bca50,2026-07-30T11:09:57Z,pending,1155.03,PEN,api
7c2d6c6f-62e7-4c30-a455-abbc862b8b42,db45798d-59cd-427f-90f9-2b3ac6e81bd9,2026-08-17T13:29:19Z,confirmed,275.7,PEN,api
5cbabe88-2955-453c-a3b6-26b0449c7a0b,5e486750-d4a1-4e2d-ac24-955d8fff8421,2026-08-24T14:41:00Z,confirmed,989.26,PEN,web
74f8fa29-e48f-43e1-8c3a-cb5dedd63f0f,b5965f11-1705-41e9-a721-6c05efc7ea7b,2026-08-26T13:00:48Z,confirmed,513.1,PEN,api
c0be30c5-c2d8-4722-8f93-9e40425eaa30,814627f8-970e-41c1-a650-f164c9e27850,2026-07-19T10:53:18Z,pending,892.71,PEN,mobile
c0c2d998-41d1-4815-8f98-662fe3bfb6b5,1a2c8976-b6b2-4fa2-89e1-15a4a4a9ff4d,2026-07-20T15:40:24Z,confirmed,1452.8,PEN,api
289ee68f-3892-44be-ae30-a93224e0e270,1c91da22-14ce-43ef-9b70-88858969fadb,2026-07-22T13:23:51Z,pending,3099.33,PEN,web
da6b8f5b-a9dc-4ea2-ae28-8375a0205a57,3dcc9d0e-6b4b-420f-b543-6dc2d958e4c6,2026-07-29T14:46:09Z,confirmed,57.1,PEN,mobile
ccaf82d8-dc1f-4e1c-bce9-236fe12755a8,b7a3285f-ea29-4001-b4d4-29a03ef1f104,2026-08-31T18:43:48Z,pending,440.11,PEN,mobile
e61c8f1c-9754-4087-b4d4-28095362c272,7468fd42-179e-4abd-9475-1fd8135bbe92,2026-07-26T06:40:36Z,rejected,12236.26,PEN,api
de673999-247e-4ab9-bed9-28083d221d46,b3e4c4f9-1070-4961-ae87-2c1ffbdd4675,2026-07-21T14:04:59Z,confirmed,497.24,PEN,web
275ecd94-9cd3-4e43-aac0-911c62691743,bd255b1c-e591-41ae-b787-57c9774099d1,2026-09-25T16:58:24Z,confirmed,10507.87,PEN,mobile
60fa1e9c-dc7d-4fec-a1d9-ac83ff579cff,06367bc7-5240-48dc-b69e-e6601f501b3e,2026-08-22T10:25:19Z,confirmed,344.72,PEN,mobile
6ae798d6-1451-48c8-9f16-6ed1c6d8b920,3636446f-eb56-432b-a068-029e33942881,2026-07-21T14:14:29Z,confirmed,69.06,PEN,api
ecd0bb39-c759-4c63-a112-4d731d3897d4,0c70409d-f7f3-4eb4-8a28-1a7f42d48e62,2026-09-26T09:21:38Z,confirmed,178.56,PEN,mobile
f0ca7d66-eabc-4f28-9961-cbce1d236992,28a8cf6d-4fea-416c-8f1b-064ad758acd4,2026-09-25T14:58:56Z,confirmed,1121.8,PEN,api
d68b7559-7da8-4606-8d81-2351ebbe7ea0,0c70409d-f7f3-4eb4-8a28-1a7f42d48e62,2026-09-16T15:22:57Z,confirmed,2572.44,PEN,mobile
57b2a496-c534-442c-92fc-6526c15f50e1,4c58a7b0-c425-49d4-92fb-aa788ebb835c,2026-08-07T09:23:40Z,confirmed,297.57,PEN,mobile
81d74c73-6fba-4741-b773-6388e8e79641,8499c1ea-7baa-4599-a10d-da71e58b2640,2026-09-12T13:05:20Z,confirmed,5342.86,PEN,mobile
22634b6e-4d61-4a93-a9b5-0292684ae45d,d0ea81ea-a02c-465a-b9df-2b879fff3bc1,2026-08-10T15:46:09Z,confirmed,141.54,PEN,mobile
31028d55-686c-48d3-aaf7-34208d3a9f01,25f21054-b954-4ddc-9792-d46a0565a03c,2026-09-04T14:13:51Z,confirmed,2145.94,PEN,web
4022b646-4c9a-48d2-b5ce-bc861e04d5fe,b8229628-4101-4c68-a34a-5d8da06e0b15,2026-09-16T13:07:57Z,confirmed,3166.41,PEN,api
37d331c1-33cd-4ba8-abf9-4c79099d3f28,760bbc5d-70cf-453d-879e-af65ac29aa9e,2026-08-22T07:14:29Z,confirmed,8024.1,PEN,api
343d5207-ea01-4321-89ca-9d884331c77b,ca5ec968-c7e9-4746-a7ca-49d42fea1179,2026-09-11T12:30:36Z,confirmed,322.77,PEN,mobile
12ee9a47-5a81-49c9-a2a9-3201b121d5f9,f48e66cd-4250-4b55-976e-2b5912d095df,2026-09-07T10:13:32Z,confirmed,251.34,PEN,web
3f4f1f77-4a2a-4371-b5ea-1d33b6d33c7b,9dfe24d2-2c4d-42dd-bec9-eaba907236de,2026-08-14T15:01:31Z,confirmed,3618.24,PEN,api
af31f052-6a8b-4854-8bc7-89b662ea0c17,08998e79-35db-40b5-baaf-7e5031421ffe,2026-08-20T12:22:31Z,cancelled,519.26,PEN,api
2b7c8812-f69b-4aea-bc56-88146ae5a8b5,6adec02b-0686-4f76-b128-3b0f03d07c39,2026-08-27T15:45:49Z,shipped,85.65,PEN,web
b9d54dff-8a03-4983-8a97-39d457f9ea2a,bfff3423-2d46-401c-bddd-489ab14be63f,2026-08-13T12:32:58Z,confirmed,3530.71,PEN,web
f7d12b52-b639-485a-b120-090e1cc37ddb,ef233313-abaf-4f56-bd3f-617545caf25e,2026-07-26T09:02:39Z,rejected,6231.99,PEN,web
6c57cbe6-73bc-4532-9a19-748cbbcadd6f,52f95753-baa8-4e23-ab91-8287a6bfe8ee,2026-07-26T12:39:59Z,confirmed,1634.97,PEN,api
946eff94-293c-4b8b-88a8-af86b2c21b11,1b80d010-ffd1-4dd1-b582-986e480a6015,2026-08-19T14:34:35Z,pending,2528.43,PEN,mobile
30ec8344-14e9-49cc-9155-7b6631840e69,1b321311-2d86-46c1-9871-3c85a416712a,2026-08-27T15:56:00Z,confirmed,8852.14,PEN,mobile
481bc77b-fd4c-4c3c-a5c6-0c4a3f065fc6,02b68be5-08e6-40cc-b03a-44c68d65e10d,2026-09-24T13:15:14Z,confirmed,1532.2,PEN,mobile
5d6e423d-5bae-42fe-b9b0-94bfac4fa87d,ef219736-aaa8-4a03-8680-242f036f97cc,2026-08-15T11:39:56Z,confirmed,436.64,PEN,api
94449498-5993-4851-ae25-079c71f71f9d,7df29e3d-9aa4-4dcb-a5cb-54bce84813b7,2026-09-26T09:54:00Z,confirmed,2618.4,PEN,api
0be2aa9f-212f-422c-be42-b824d1de319c,01f541be-1f2b-4617-8c9c-aa5c439164e6,2026-08-02T08:44:45Z,confirmed,445.06,PEN,mobile
9923800d-b518-4e62-b8bf-f3420d01c066,4e52be87-ca3e-4637-8ba2-1a85853a3113,2026-09-28T14:35:49Z,confirmed,859.65,PEN,web
2f4d2780-61bb-4920-a2e9-03c3d6f2d303,fa1aaf88-5801-46e0-bfdc-045093e7a76b,2026-09-24T10:33:41Z,cancelled,75.75,PEN,api
c0be58be-ccd0-4a9d-899b-a6797347a347,16d1e87b-5980-4616-ba63-5fa740f5e2c1,2026-09-17T14:54:46Z,confirmed,171.64,PEN,api
eade7e0b-d4b4-4373-9bcd-a986e1d60859,a739b6ca-3aa0-439f-a4ed-d75e47d00d47,2026-09-07T09:53:33Z,confirmed,2352.15,PEN,mobile
a873ac31-0dcf-4409-9c6f-9b2269ccc09c,556515ae-6089-45e2-9795-010fb67778f7,2026-09-09T09:22:07Z,pending,1863.12,PEN,mobile
7f583d07-96dc-43de-9dfe-f5fd7753fb96,8eb2ae34-b7bf-4544-80ed-a388f8b402b8,2026-09-18T14:28:31Z,confirmed,517.9,PEN,api
2a30e26b-e719-4d0a-8f23-1594d7b532fb,8f03a6da-c181-416e-8736-ce59aaecdd50,2026-09-13T08:31:00Z,pending,86.42,PEN,api
20863180-1dc5-46c5-82fe-c0bb4aa8706d,46758377-672b-4e2a-ba59-a3a26ee96bf9,2026-09-03T16:02:13Z,pending,298.18,PEN,web
42b55cfd-b491-4961-9659-02313332f22d,b2b3a2f1-4e79-4eb3-a0b7-1213ad5b3ba4,2026-07-19T14:51:53Z,confirmed,2373.56,PEN,web
4a5d41dd-b91b-4771-a101-8d08f507abbe,9b88c213-1cb2-48e8-84f7-7a2e867b919c,2026-08-21T18:57:22Z,confirmed,363.2,PEN,api
a7aa6a3c-0546-4a48-98d2-d49babccb381,c43e660d-c32f-42fa-af05-6185e3d4bc3a,2026-08-21T13:26:44Z,confirmed,294.78,PEN,mobile
1224ccb5-b657-4d3e-b057-536f68543e98,4a1ce08d-1ec0-4c62-9dc4-0dd07562c4d6,2026-08-25T11:01:47Z,shipped,301.88,PEN,mobile
f0fb56be-9b0a-4868-b742-8de04dff05c8,aa586bb0-dbd1-4924-87ba-6668638d1e71,2026-08-29T15:44:31Z,confirmed,1081.55,PEN,api
6ecacd50-36cb-4170-9b50-9ca97fc92c93,084d654e-75e4-4463-8305-1e92aaf3471a,2026-08-15T14:11:26Z,cancelled,913.68,PEN,api
095fb787-d9a1-4f61-ba02-73ef07edf4b8,b489cb16-3f3e-4b59-a003-5bce38c2bbf0,2026-09-01T13:02:28Z,confirmed,1436.66,PEN,mobile
3f31beaf-e5e0-46c4-8715-663763e345a4,ff91e70b-89fd-4b40-a797-98dd4070cd82,2026-07-29T16:13:36Z,confirmed,4431.54,PEN,mobile
25cdbc3d-4586-4813-a4c8-fa5fa877fbad,cb43c134-0f2e-49b8-88bf-2094199e5db6,2026-09-09T11:22:26Z,confirmed,919.09,PEN,api
0aa60b9e-24ad-40f1-991e-007f23b8dccb,e6763a14-51b3-41d7-805e-7dc1d2d88cbd,2026-09-30T12:26:30Z,confirmed,2368.88,PEN,api
d016828f-3831-4a01-b34f-bdd30da3ffed,e70bbc55-d2be-4047-8a60-ba84ad22c3ee,2026-08-14T11:56:22Z,cancelled,1558.54,PEN,api
45690c24-3334-4225-8fa4-d33b797a9fe3,281c9175-fdee-4f0c-ab70-7eb5ce08288a,2026-07-20T12:41:32Z,confirmed,1595.32,PEN,api
b7e09e23-9511-41f2-ad95-b73b0c09ce66,a5a236f6-dcb7-463e-b286-60b26412fedf,2026-07-29T18:13:27Z,confirmed,2025.77,PEN,api
97989582-6f2e-47d1-ba55-7eedbf6691eb,24d9ae70-c907-4aa0-98b1-415b3f660382,2026-08-22T13:48:51Z,cancelled,6323.42,PEN,api
84d8ab3c-a59f-4132-9a1f-579268f6e8fb,86fa8c3c-33fe-44fc-bbc3-62569d56ca7d,2026-09-22T10:22:20Z,pending,5162.77,PEN,web
7f3a3509-f12a-49fb-a601-4e63cf9bd096,1b7a3e86-d1cd-45f4-a8ed-b9b4c510aaf8,2026-07-28T10:18:29Z,confirmed,3708.94,PEN,mobile
3c8d1bc1-cfda-4d8b-a0d6-950df002e401,461609d7-d1c6-4957-a2df-dfbf48baca05,2026-09-21T17:49:11Z,confirmed,10109.5,PEN,api
989ec026-6dd8-452b-a3b5-4c16e9092ff4,7468fd42-179e-4abd-9475-1fd8135bbe92,2026-08-28T17:06:37Z,confirmed,1232.02,PEN,api
e2f19732-b193-45d3-adf2-81bbbc0fec0b,2bb8a28c-57ed-409b-b430-c619ce20ef41,2026-08-30T09:55:44Z,confirmed,1520.65,PEN,api
b004895b-7982-4a49-a01e-b66c688114b2,c86993a3-c43b-4ebc-ac41-d3ac8dc819bd,2026-08-08T08:11:57Z,confirmed,2833.17,PEN,mobile
e335afbd-51d3-4835-a2b2-e8573fefeb87,5678ce0a-ee33-4162-bfbe-5c5364436ed4,2026-08-09T10:01:08Z,confirmed,1225.48,PEN,api
e541ecea-3112-494a-b455-a79632ac0a88,e6763a14-51b3-41d7-805e-7dc1d2d88cbd,2026-08-06T11:28:33Z,confirmed,1373.4,PEN,mobile
0aaff61a-3087-42e2-a6ad-87d29220da4c,f60ce4d4-f3fe-462b-85ee-8de5b4e14e16,2026-08-15T15:46:22Z,confirmed,839.56,PEN,mobile
19c7ae99-8fca-4432-815c-f40287964b0e,983f56cb-6710-40b1-bec9-969a30b40a85,2026-08-08T06:17:38Z,confirmed,2193.92,PEN,api
3905d3ff-0e01-4d1d-b58e-38024060163c,e0042dc2-c04d-4bdc-b17b-e0a3e25311dd,2026-08-08T09:54:01Z,confirmed,7934.33,PEN,api
55961e7e-659c-43fd-9f6b-7d0c52823bca,d14b887b-79f4-46bc-ad84-3d5e544a77d8,2026-08-01T09:50:59Z,confirmed,1120.98,PEN,web
8d7803a3-9d41-4363-9e14-7f2c9b228048,74e53d17-9177-43fb-bbf8-8b7835e518ac,2026-08-14T10:15:44Z,shipped,1844.64,PEN,api
3cca9026-5f8f-4754-a000-9e44a7eb49bf,814627f8-970e-41c1-a650-f164c9e27850,2026-08-10T09:12:26Z,confirmed,6148.5,PEN,web
2914d896-0b14-42ce-95b2-a33e64496650,acf4e046-98b8-47d8-b01a-f2e0601571b1,2026-09-02T14:55:49Z,confirmed,2325.99,PEN,api
9fa376d4-0712-4159-9969-938a7443aad5,44dfec7f-26fd-44f7-92bc-5513d6430f4e,2026-09-23T18:57:45Z,confirmed,2088.05,PEN,api
50ec2c33-7f46-474f-a637-2a2c6c695aa7,2c49c42f-a2c9-4f65-aecc-3a8d2124737b,2026-08-02T10:40:23Z,confirmed,5358.72,PEN,web
10034e5b-b2e3-47aa-bfee-7b231c6383a5,db42478f-ecbc-4611-b809-ee1607b89739,2026-08-20T12:50:57Z,confirmed,808.56,PEN,api
3349ed6a-c493-47cf-b81a-d406809ad3c1,73eeb5e8-848d-4bf0-9128-933745a6cae3,2026-08-13T16:02:56Z,confirmed,1446.24,PEN,api
c09bc1ab-f259-4c4d-b79e-6ae51afd1a35,210a4171-d1e1-4eef-8ee4-66c44aae869a,2026-08-21T12:30:04Z,cancelled,11356.72,PEN,api
dfad375f-d5d0-485f-a045-b3f4554ae54d,63989e9e-4167-49d9-9aba-4605bf21d9bf,2026-07-30T10:36:02Z,confirmed,2909.94,PEN,api
1c3b7aeb-3fd7-4c34-8d7c-f036bd567874,52f95753-baa8-4e23-ab91-8287a6bfe8ee,2026-07-29T12:52:09Z,confirmed,3117.16,PEN,mobile
82a460d1-a1e7-4ff7-b21b-f99d409740f3,023dffe1-7484-423e-9aba-df88016aaed1,2026-07-24T10:09:03Z,confirmed,6752.52,PEN,mobile
84cd30ec-3168-45cc-af10-2e63964a228c,dd5ce787-a7cc-489d-a569-386cc96ad2c9,2026-09-02T17:58:10Z,confirmed,114.7,PEN,web
ec5da6a8-908e-4997-9ef9-d72d3f3e8dc2,044ba6aa-69a4-4ef5-ba85-810c49298754,2026-09-15T17:05:37Z,confirmed,2238.84,PEN,api
52dc4754-5225-4b00-bd3e-b55b0c69f65f,e326bf87-8738-4a7c-842f-70cdd4deb567,2026-08-23T12:40:56Z,confirmed,4772.73,PEN,web
5024a40b-d64b-4987-91a5-b598cdc22a6b,51805f0e-9ece-4597-bab6-62019af412cd,2026-08-05T09:34:44Z,rejected,1604.31,PEN,web
f5eb4cf7-7580-4ffd-b3b0-f64ed2478aa4,d9363844-78c4-49b1-91ab-40a135cb8932,2026-09-25T10:48:17Z,confirmed,1077.49,PEN,api
d6d16098-2390-48d0-9e17-70c8484c7873,50837819-b0af-4c20-a45f-db128f20e8e6,2026-07-31T10:04:10Z,confirmed,716.15,PEN,api
5f32e7b3-54b4-4444-b0b4-7bf4533db9c7,287fc4b3-3315-4c25-a68e-976155af1b7d,2026-09-18T10:12:52Z,confirmed,2205.2,PEN,api
e7b48c13-9846-47a5-8041-dd4cd7c66dd0,a7ca5db8-8977-40c4-bab7-7f75dbefba57,2026-09-21T17:06:55Z,shipped,850.45,PEN,web
73c3049a-7369-4d40-9752-5a8d80fd75d0,b1de999d-c219-48fd-b971-8fd2801374f4,2026-09-29T11:46:36Z,confirmed,1986.12,PEN,api
8414838c-f14d-4bcb-83f1-3ec2f7f91372,368adfd4-e0dc-435e-b95a-26cbc457af70,2026-09-14T17:26:45Z,confirmed,77.12,PEN,mobile
9b1c33a2-f96c-40cc-bfdf-49b833b0fe4f,9cdac7ca-0e26-40df-ba5b-443c0f978994,2026-08-25T13:18:39Z,pending,505.53,PEN,mobile
2bbfb390-c142-4474-9cb7-211f8cdf71a2,57ee9086-6443-41dc-97d1-7ca7c27bd887,2026-08-05T10:59:59Z,confirmed,5946.47,PEN,mobile
cf69dc93-8ba3-4f59-998b-e0378c90a7e0,d509ccc0-f24c-4b54-a1fd-fe55492cdc6b,2026-08-28T14:52:24Z,confirmed,803.66,PEN,api
fe7403d2-58d5-41cb-961e-ddf3bc00292e,4c93c421-ff62-4615-85dd-c2e55419e3ff,2026-09-07T16:27:39Z,confirmed,1660.16,PEN,web
45cd0de8-b468-42fa-b828-a0a70f1dabae,a79818e2-4500-4c92-93dd-5c23aab23d4b,2026-08-07T17:21:45Z,confirmed,2068.62,PEN,api
66b73bc5-bcfd-4f6b-b41f-38c01dd22201,ce904708-ba06-41bf-bc0d-613b7023bc69,2026-08-19T13:44:59Z,shipped,1823.03,PEN,mobile
f2708ebf-8406-48db-b8fc-bc64462a2220,a6cc9a6d-b48c-476d-aa4e-bae7cd4856cf,2026-08-24T14:06:18Z,confirmed,674.04,PEN,api
5fa3363a-1254-4d45-a980-9ef8627e9a7a,9153b920-5a5d-412e-af0a-8b734fcceb56,2026-08-05T15:32:51Z,confirmed,884.62,PEN,mobile
8763397a-277a-4680-8954-a3134245fe1f,e68a8184-7e98-4abe-af8d-324fe89f2958,2026-09-26T15:31:55Z,confirmed,873.28,PEN,api
d5e15348-78e2-4830-8843-50919a138082,ca5ec968-c7e9-4746-a7ca-49d42fea1179,2026-09-03T18:34:26Z,confirmed,86.44,PEN,mobile
45cb2df9-4982-4a78-9c89-326c91a557ac,4823b1d5-e437-4a30-bb93-b30bbd2ab78f,2026-09-21T12:22:43Z,confirmed,141.54,PEN,web
72586962-625f-4b4f-a375-87cb2674b3b3,94b0226d-f39e-4ed9-9179-068ff4ec9ca7,2026-08-22T06:58:24Z,confirmed,116.02,PEN,mobile
86d2a1e2-f093-4756-b26a-bb8f841a3fdc,a4e2496e-43e2-4797-a15c-9c771afa100d,2026-09-11T11:25:34Z,confirmed,1208.26,PEN,api
1afea0d8-6da5-44ed-b8d8-c59783dee021,db639438-a5a7-495e-9396-3473ccbeafed,2026-08-18T17:58:43Z,confirmed,8686.54,PEN,api
5565bab3-09bd-4383-8861-6da5b7663600,d235b62c-6b89-42e8-8b6b-067e7cffedb7,2026-09-25T14:59:51Z,confirmed,178.39,PEN,mobile
d6fa9bf7-dfcf-4330-a6a1-b021f12ab852,21c7a614-f229-4e2f-9e58-d12b04ab66db,2026-09-18T17:50:31Z,pending,958.3,PEN,web
3be4d64e-74ed-44e1-9957-39f3615fe8c1,a1542865-0d56-48cd-bbce-3d1c15223e01,2026-09-04T12:12:16Z,confirmed,98.26,PEN,api
1c0d7549-477d-41a0-beb2-bba2f90e1c33,83898f5d-ec2a-4478-af13-c983468d5b9d,2026-09-08T14:46:57Z,confirmed,3891.49,PEN,api
752f349a-dfcd-4fa0-a887-b8eb25cf0fa6,6b58a9f2-3af6-4405-9a2f-3e2cf3b74982,2026-07-24T18:32:48Z,confirmed,80.46,PEN,api
314c7696-cf3e-49f9-ad6a-272fb5795e44,2fe2227e-a3ea-4992-b4e7-07f23925b0a8,2026-07-30T16:09:24Z,confirmed,1965.75,PEN,api
70f6c264-e2d2-413f-a4f7-bf513e338b82,b0e753ad-bfc7-4ac8-9cec-c9dfcbc960ad,2026-09-17T13:55:11Z,confirmed,1298.27,PEN,mobile
112013df-ca82-4998-96b8-226d53210b2b,e68a8184-7e98-4abe-af8d-324fe89f2958,2026-08-23T15:26:26Z,pending,3309.75,PEN,web
a3d30c0a-59dc-4c84-b0c5-ff83097a52cb,c2cba4c7-5d38-4c9c-a9ae-d2ed60f69d07,2026-07-26T07:04:52Z,confirmed,11721.95,PEN,api
30fd70fa-0b45-4ab7-b045-76d0cfcb51b8,57ee9086-6443-41dc-97d1-7ca7c27bd887,2026-08-01T10:07:25Z,confirmed,653.44,PEN,web
e2d5ef8a-6e15-44f8-9586-de0eb4791b0d,9602f8ce-7fd8-4f6b-8de0-ed03afd3f928,2026-09-08T12:52:53Z,cancelled,1031.56,PEN,api
752ecc4b-77f5-49ad-aecc-20e0f1c0669d,fc82bf19-7396-48c8-90fa-62b154771155,2026-09-18T12:24:45Z,confirmed,1399.49,PEN,web
61a7f679-1199-4413-80ec-c186ac8de811,6adec02b-0686-4f76-b128-3b0f03d07c39,2026-08-11T15:58:48Z,confirmed,3496.83,PEN,mobile
6be6dc28-fb35-4bb4-ab16-7a2522dd4b6b,92023cf3-4db1-42bf-b3dc-b79ddacc2887,2026-07-23T09:34:01Z,pending,2681.38,PEN,web
1407a595-ca3e-4629-9489-53756dc7f11b,287fc4b3-3315-4c25-a68e-976155af1b7d,2026-09-03T09:19:41Z,confirmed,519.34,PEN,api
6b29d83e-af96-41e5-8641-d88a26e7266d,d584c8a3-5316-4a31-9fe3-a81393b81785,2026-07-18T11:52:07Z,rejected,1533.88,PEN,api
4c3068b0-47f5-41db-8f3a-7fa01665a03d,5307ce7f-6c53-43dd-8b61-61108466c944,2026-09-03T11:06:44Z,confirmed,2333.52,PEN,api
b5351f49-b20e-46db-a031-6e218ff89c21,f6f1327a-8657-4a5e-a82a-1136fabdf917,2026-08-23T10:13:55Z,confirmed,2459.23,PEN,api
3be355d7-3175-4885-ad98-129e0067ecd8,210a4171-d1e1-4eef-8ee4-66c44aae869a,2026-08-31T16:55:28Z,confirmed,1364.84,PEN,web
f47687fc-234b-43aa-b870-dfafd6a8c533,22f22e80-026d-470a-bb6c-8470423b5205,2026-07-30T09:32:18Z,confirmed,1300.24,PEN,api
8a504855-5daa-4b86-959f-943b94b220d6,196afff2-decc-4ade-9699-260a73d86316,2026-08-04T12:56:46Z,rejected,3732.53,PEN,web
557243f6-1e84-4025-b238-2a209d8e7fbc,b5e9d945-8958-4cc8-9f90-7ae032686344,2026-07-26T11:49:14Z,cancelled,1868.37,PEN,web
df0537b0-fad1-40e4-9a00-c64f1dea4c57,d318b15a-77ab-4756-9b20-ce3cbb79cf9a,2026-08-03T09:14:46Z,confirmed,6074.52,PEN,web
cf826e1c-12de-49bf-ba40-e4ab02d3c493,bb275612-b3bb-4efd-8d8c-edf6e6ddf7f7,2026-09-02T12:12:08Z,cancelled,1120.93,PEN,mobile
da781bdd-9f09-4e2a-979d-344e06a78cfa,281c9175-fdee-4f0c-ab70-7eb5ce08288a,2026-09-16T13:13:05Z,confirmed,2260.6,PEN,mobile
6c23cca5-54ed-4447-8251-5cfe129d0960,71988b6e-d1a5-4a88-a628-b3678738727a,2026-08-09T08:04:33Z,confirmed,4378.44,PEN,api
2e646f88-cdcc-4094-b3b1-57c0060ce125,f60ce4d4-f3fe-462b-85ee-8de5b4e14e16,2026-09-03T11:30:15Z,confirmed,1997.9,PEN,mobile
0386ea47-c68e-4b9f-a871-95f7c76300ef,cced02b4-6156-426b-b179-256213e038ef,2026-09-01T17:06:33Z,cancelled,1188.18,PEN,web
a76afcad-04a0-42f3-9783-024b7b3e54f2,740805f0-29dd-4ae7-8e40-3038862857a4,2026-07-30T14:04:52Z,confirmed,650.12,PEN,mobile
ef17bc71-f0ed-42fa-90f0-fd1d71e783e9,94ea81d9-0ba6-4d03-b848-39b1cbeba397,2026-08-17T11:36:40Z,confirmed,1889.52,PEN,web
5d67981a-9b29-4e21-88a6-7c4f77222295,ce9daa30-2eac-4b8f-9144-324142ee4e16,2026-09-08T16:04:52Z,confirmed,5153.08,PEN,mobile
d34eacad-3b1d-4960-a488-e68aad99ed20,18efe406-6876-49c2-8377-b1d4c8b5fee1,2026-09-30T09:20:31Z,,11276.95,PEN,mobile
4b8b5ebd-638a-489b-bb2b-7fad598b50b7,b24525fa-0862-4597-af4f-0aa6ec2cc680,2026-09-25T11:06:46Z,shipped,3332.86,PEN,web
bd0c97e3-8cc6-420e-abd1-6a985ab58ed3,ddfe35f9-79b0-4986-bef7-2dfd9ec292d4,2026-09-19T10:02:41Z,confirmed,1334.12,PEN,web
522b5689-8e3c-4caf-8cbd-29c8a2d15a5b,3fa4be75-78ee-4deb-b0e4-a4f7735e9b14,2026-09-02T16:58:39Z,confirmed,1412.8,PEN,api
a9320171-fec7-4b03-b831-55166a1b8004,343042a5-ff80-4ff7-a5f5-76fa7a767366,2026-09-16T14:53:46Z,confirmed,4667.77,PEN,web
8c969b6e-fbb8-4e05-9903-a73b95e89de4,2e9c8d5f-14ed-44d8-9c87-762de895f447,2026-08-18T12:14:53Z,confirmed,1779.31,PEN,mobile
434625ef-ffc8-4090-a177-28962ac95942,a5a236f6-dcb7-463e-b286-60b26412fedf,2026-08-26T13:17:24Z,confirmed,3684.32,PEN,api
4b0059c5-34ac-4100-9d33-d6681093d5a4,0e686300-11f1-48a9-9d87-1402faa4867d,2026-09-27T10:19:18Z,pending,1996.84,PEN,api
68fc77c4-06ab-4cba-9cd7-34300e357785,13e476f1-9047-422c-9094-a31178666ffe,2026-08-15T07:38:34Z,confirmed,1808.42,PEN,api
d9164094-f396-42b3-8740-555b8c73405d,1a30b3c0-4a65-4197-bc63-d767161d9aa2,2026-08-08T10:58:48Z,confirmed,3288.15,PEN,mobile
d13a7974-2c68-489b-bcb8-3975da14d1ad,16d2de38-8593-4310-8225-5ac603823e8a,2026-08-06T17:15:25Z,pending,316.76,PEN,web
9bee5fbc-4a94-4722-833a-c2de2e4bbcc0,d3097284-ea47-4773-ad38-05927a7a0c74,2026-08-14T12:03:55Z,confirmed,1233.33,PEN,mobile
0e2346d7-41b2-43bd-a8e2-3ce1273cd860,66c538cb-6ba7-4de7-b6a7-10a137c4d642,2026-07-21T11:49:15Z,confirmed,6611.15,PEN,web
128a7b62-63a2-4712-a397-5b86ac52642b,9cdb461e-9886-4b9b-bfe7-715d28b30911,2026-08-13T10:24:00Z,cancelled,3761.74,PEN,api
47b96104-4af6-4190-ad83-2a38765a9de0,2c6b2ce6-b4c2-49d0-a3d9-2e8ffb2a850f,2026-08-24T09:18:56Z,,1377.13,PEN,api
c5313dab-2e04-44a7-b840-8b07df29709c,eaa4b488-dfe5-4adf-a0df-6752e12f489b,2026-07-26T15:56:08Z,confirmed,2194.59,PEN,web
f480cb09-b94a-4425-838c-3af382304eb5,b24525fa-0862-4597-af4f-0aa6ec2cc680,2026-09-28T15:39:08Z,confirmed,2660.21,PEN,api
bc12c25e-eb19-4be0-a203-dd80d219b317,361489eb-a1fc-4e65-88c6-139b9028529d,2026-08-25T13:55:25Z,confirmed,2087.13,PEN,mobile
69201caa-1ad3-4702-b145-3c5573115639,fa1aaf88-5801-46e0-bfdc-045093e7a76b,2026-08-03T12:23:05Z,cancelled,9225.17,PEN,mobile
7eab5eae-5a53-4ab7-98c4-bd262beee9a6,4823b1d5-e437-4a30-bb93-b30bbd2ab78f,2026-07-21T17:35:52Z,rejected,2529.46,PEN,api
784806fb-f6c6-4b18-b836-398f57ad09cd,b8229628-4101-4c68-a34a-5d8da06e0b15,2026-08-18T11:34:00Z,rejected,6789.7,PEN,web
c727d7a7-911e-4df3-9641-baf556befc4d,b104a091-a276-49ee-a10e-def46eb82981,2026-08-20T13:55:04Z,confirmed,4434.84,PEN,mobile
f276c978-fdb6-407f-ad1e-973ee2f048e3,d51fc37f-3e74-4ea1-9440-2b876b12c3bc,2026-09-13T09:29:11Z,rejected,3898.26,PEN,mobile
f008cc1c-38a0-4d3f-82fa-4f058af6cd9f,54cde2fe-c5c7-49ea-992e-e0102d57cea7,2026-07-28T09:26:37Z,confirmed,382.68,PEN,mobile
c7b3923d-b54c-47bc-ae0d-f8352641131b,abaa6667-ac94-49ee-bde2-b501dcba97da,2026-09-07T13:11:06Z,confirmed,2210.5,PEN,api
6f2c04dc-9e7e-4fd7-b4b3-8204458321a7,16d2de38-8593-4310-8225-5ac603823e8a,2026-07-21T09:57:24Z,confirmed,972.35,PEN,mobile
0d01e404-03bc-4b90-85ee-ae1134394224,7374b014-fd71-4139-bc39-5939d6894258,2026-08-03T11:23:52Z,pending,1236.04,PEN,mobile
0a766862-22dd-4ae4-b1c2-efb902996fd3,c202b659-a768-4897-bdf8-9ca61dcf23b6,2026-09-20T10:15:18Z,confirmed,6799.92,PEN,mobile
9a48b6b7-a1b6-4c57-83c1-abf5a24da36b,2fe2227e-a3ea-4992-b4e7-07f23925b0a8,2026-09-13T15:18:04Z,pending,498.9,PEN,api
1a7fc402-d229-42d4-b83c-3ac414c7ecc0,784c4e82-1907-42a2-96d0-a3d772338838,2026-08-01T15:09:50Z,confirmed,3434.44,PEN,web
de83726c-83a8-4efd-ad0c-36eb3004ab5c,5f7aaded-b4e5-4052-8651-307c1cc3ad13,2026-07-26T11:09:24Z,confirmed,6176.75,PEN,web
ccc7255b-093d-4b16-9058-1fef8e33b71f,f847a693-d6ff-4bed-b559-2da6f7bc8cad,2026-07-22T13:46:16Z,confirmed,2864.27,PEN,mobile
c70621f9-9912-4f04-9a57-0d0cfd63b297,6ff8902b-9237-401b-9be7-ec93141df1f5,2026-08-26T18:11:34Z,,2921.86,PEN,api
22460f59-c92a-49d6-9e2e-f7c0bedd79d1,acf41c21-51ab-44df-81d1-d138e80ad382,2026-08-12T16:30:54Z,pending,9659,PEN,api
50a007fa-73df-412a-9002-3cc7af6bafee,9153b920-5a5d-412e-af0a-8b734fcceb56,2026-09-30T09:45:23Z,shipped,336.02,PEN,web
58fadd5a-52cd-4204-8f74-cabc9a5f352c,4c93c421-ff62-4615-85dd-c2e55419e3ff,2026-09-15T13:35:07Z,pending,301.44,PEN,api
cb5251b7-e244-412e-a734-2fceef7f1ba9,6ec3838a-91d3-4f30-9772-988d2dc37fab,2026-07-25T08:47:02Z,rejected,373.44,PEN,web
7d7aff9c-0920-4088-9994-e9e9fd0f2333,5678ce0a-ee33-4162-bfbe-5c5364436ed4,2026-08-17T15:41:32Z,confirmed,4974.98,PEN,api
c109a9b5-87f1-4bca-a3e7-eaa1527d3cd6,908a0a58-b4bb-4980-a6ec-61d254468cfe,2026-08-19T11:08:09Z,pending,109.19,PEN,web
a800ed85-b939-4b0a-b5a2-fb5ef015040d,8f03a6da-c181-416e-8736-ce59aaecdd50,2026-09-14T10:07:41Z,confirmed,301.56,PEN,web
ad093c6b-cceb-4896-91d6-3138a07c12a9,a5a102f9-83ba-4e97-8825-ddb093ec80be,2026-08-11T15:35:09Z,rejected,3561.47,PEN,api
300fe1a2-c6dc-4033-807e-c016da6818a1,d78b9834-9ce1-4cc8-ab5d-ef2ef61815e4,2026-09-03T18:43:56Z,confirmed,4137.13,PEN,api
00501da4-8def-475e-b77b-47247ee615e1,e5382346-7ec8-45f4-8a80-9085da0bb732,2026-08-14T15:01:20Z,confirmed,4238.72,PEN,mobile
4bb690f4-93c8-4273-b61d-cd489beb7c24,db53b155-231f-46c5-9cf2-e3c277e22fed,2026-08-18T12:47:24Z,confirmed,2333.82,PEN,api
069b8d6d-f86e-4919-aa68-44930b59cc1a,5e0b8dde-3475-4b12-9a07-71146cd6fa38,2026-07-29T15:49:29Z,cancelled,109.98,PEN,api
e00962a5-0f6c-43ed-b286-3ebeea59b3e6,d042a88a-70fd-49b8-bee1-18e7d7c9b715,2026-09-13T12:57:13Z,confirmed,1064.85,PEN,mobile
121c4360-406e-43c1-b07a-7fd0ce9316c6,6c7f728b-997b-47d5-8c19-bd5a26ca8451,2026-08-13T13:30:14Z,rejected,527.08,PEN,mobile
4d34351b-9f18-44eb-841c-6d20726a046a,fd173908-89d3-4fda-a34d-f805c2ff7347,2026-07-27T18:35:46Z,pending,480.72,PEN,api
770d99bb-e8df-45ba-9bbf-34b2b0c766d6,9315533f-1b04-4025-843d-97dbb8e98669,2026-08-10T14:38:16Z,cancelled,2618.06,PEN,mobile
39868468-bb82-4171-aa87-5538ce6eb8d8,656140a7-51ae-4e1e-ad91-bc12bc977022,2026-07-27T14:21:58Z,confirmed,3062.45,PEN,mobile
070bb4f4-ae9e-4874-a829-d088293e0bbf,01f541be-1f2b-4617-8c9c-aa5c439164e6,2026-08-01T12:43:31Z,confirmed,260.63,PEN,api
06d8081d-3d91-4fa1-82c6-322bd5a87337,a99f3175-6c88-48fe-9015-db957c876ebb,2026-09-10T14:14:05Z,pending,7119.43,PEN,mobile
d961b972-87bb-4d37-b8d1-1d003de1eaed,dda91f70-e4e5-4090-9aa5-4b12f7becfaa,2026-07-25T07:21:40Z,shipped,550.96,PEN,web
db639a20-be5e-43e5-a7a8-d246cc479972,3f6fca09-7fcb-4ade-afdd-e12e97a8730a,2026-09-01T18:55:27Z,confirmed,8443.37,PEN,api
14fcbb3c-4ba6-4cce-a7b7-9f0e3c22db6a,8b066b57-375d-489d-8d94-4050fd9dcadc,2026-07-25T07:28:18Z,shipped,5157.68,PEN,web
b5132a74-cb19-42ce-84f5-3f02ffc5ae92,bf2698f5-7f26-4fce-9c8d-dc61cc8918ad,2026-07-21T12:45:08Z,confirmed,203.42,PEN,web
8cad4621-0340-411d-855d-f9ad8b68c71a,d084fc41-c2d1-4ab3-af53-3d30a7f6d2e8,2026-08-07T10:31:48Z,pending,4858.69,PEN,web
76e059e5-5919-46dc-a1a2-de84dc5363bb,b7d43c85-df95-4eac-8c46-8acaa309891f,2026-08-30T12:29:46Z,confirmed,3833.08,PEN,mobile
0de108f7-41e1-472d-b9ee-c69a9952e7fb,ddb69adb-5087-4551-bbb5-6216f54b16a2,2026-08-01T14:06:40Z,confirmed,960.49,PEN,api
870ac236-4ef5-4ec7-afcd-2e9ea50957b7,da018864-b415-4842-9ac2-8a0f61daa001,2026-09-07T15:54:59Z,confirmed,1050.2,PEN,api
5d1bee2c-c63d-44f5-b08d-a4d7a0546279,21c7a614-f229-4e2f-9e58-d12b04ab66db,2026-09-21T18:49:07Z,confirmed,1278.41,PEN,web
58e88308-aec7-4e87-a827-ef8b997e51e4,83898f5d-ec2a-4478-af13-c983468d5b9d,2026-09-12T14:26:43Z,confirmed,354.48,PEN,mobile
255665c7-4f7d-44da-9890-70b6a3b66d62,a8070765-f016-4e99-9e46-01f67de200ad,2026-08-19T09:29:43Z,confirmed,955.76,PEN,web
cbb5c430-c0f8-47e9-bf1e-0a749c06ef6e,fd0cbbc8-982e-4e86-acb2-ce39c0166cd2,2026-07-26T14:00:34Z,confirmed,1364.31,PEN,mobile
7166254b-5d94-49be-af4d-c53840351ecf,1c8efa06-7447-4fd2-b96d-3a0af0611218,2026-08-01T12:42:54Z,confirmed,2836.42,PEN,api
837f8d58-40c2-402c-8770-a9eab4118c9f,d15780e0-aa55-4289-a4e4-cfb701e65d91,2026-07-24T18:07:28Z,confirmed,1892.89,PEN,api
6b19e61f-f1a1-4837-8777-7e2992748971,80ca2f4d-d447-46b3-8819-df199e20a3d2,2026-09-19T07:46:26Z,confirmed,3322.63,PEN,mobile
29876bff-da53-4aae-b33f-085ae220815a,1e0c855f-6b97-424a-98a1-7c793cd62ce5,2026-08-29T10:27:50Z,confirmed,4234.98,PEN,api
594793b6-cfac-4069-9da2-a402d20637fe,28c0d5c4-145b-4caa-99c3-0c38d8bc69e3,2026-08-29T06:11:31Z,confirmed,4274.45,PEN,web
3401cadb-6bd5-460f-a8df-62cb1ac8478a,6ee43709-f998-428c-bd24-06abf0523d55,2026-09-28T12:03:27Z,pending,6148.6,PEN,api
f59292c5-44c2-4e29-b0e0-fd0206c38e04,6141214e-f7a0-49a3-bc70-d8e6eb8c5f86,2026-08-02T14:09:24Z,confirmed,1823.61,PEN,mobile
0017ebf5-8bed-4717-84ac-a1f158d8c8bb,5326b56d-c246-4875-8a41-7b250561cf56,2026-08-31T12:09:23Z,confirmed,1922.54,PEN,api
f3e42b35-af96-4671-9c06-5922d55bcb5d,2d32846d-ffb4-41ab-802c-8614c9205e6e,2026-08-10T12:59:42Z,confirmed,2162.66,PEN,api
bd292eb5-c096-4241-bd41-cd4e25c9568d,784c4e82-1907-42a2-96d0-a3d772338838,2026-09-24T10:53:16Z,confirmed,100.43,PEN,mobile
ac10c982-5a78-462b-a4bf-7466d52663ed,814627f8-970e-41c1-a650-f164c9e27850,2026-09-24T09:42:04Z,confirmed,2185.27,PEN,api
0958e437-0e04-4363-a626-b76ce3394988,d9363844-78c4-49b1-91ab-40a135cb8932,2026-09-14T16:27:48Z,confirmed,732.03,PEN,web
1af15aaf-665c-40f1-880d-58619f5e8e09,d042a88a-70fd-49b8-bee1-18e7d7c9b715,2026-09-17T15:19:39Z,confirmed,1264.86,PEN,api
76bd7282-078e-41d3-98e2-37bb2e63f467,6b667359-b0c4-45a2-8472-09e0d1593c63,2026-07-20T17:38:27Z,confirmed,967.09,PEN,web
b399a043-0e42-42fc-8e8d-4889196093d3,f1874406-082d-468a-87e9-d5b0aea86117,2026-08-08T11:31:21Z,confirmed,3541.68,PEN,api
7b0b5076-ee77-4bfa-ade4-cd0ff714b4d7,e326bf87-8738-4a7c-842f-70cdd4deb567,2026-09-29T11:36:58Z,confirmed,449.66,PEN,web
13a22aa6-16e7-4280-aaa7-fc30539cd30d,0554326a-2a0f-4a4e-b543-b8fe17c6a279,2026-08-26T11:28:31Z,confirmed,3398.49,PEN,api
5da15757-663a-4ec6-9d59-81321c0a500f,5dffb6b5-9448-472a-b188-e17e4ae0d624,2026-07-28T13:13:25Z,confirmed,705.6,PEN,mobile
a42a17ee-7772-4f75-a477-179be89e65db,5ee9c7fa-9a17-4554-9078-272d40c4828a,2026-09-08T15:58:49Z,confirmed,77.12,PEN,mobile
c904e830-4094-4c99-b5d3-efde3f421f94,5d7cd744-869d-4988-b876-b48821642f50,2026-09-07T17:14:40Z,confirmed,4738.18,PEN,web
0cfeaa1f-a044-45ea-ba04-9a35a7a02f12,bedb21a8-08e4-40ed-9977-27bc309e057b,2026-07-19T12:46:25Z,rejected,1221.12,PEN,mobile
d4e976f7-5cad-4e2f-832b-aafcebd89023,d084fc41-c2d1-4ab3-af53-3d30a7f6d2e8,2026-09-12T06:23:53Z,confirmed,1862.86,PEN,mobile
f760f78a-43e8-4ce7-bdb7-6c59ef3563a6,d8c6c698-1a27-45db-ba6b-23adda15d2b8,2026-08-25T11:17:16Z,confirmed,4360.29,PEN,web
17ecd1cd-2920-4418-9b69-ae165f075469,d4be69b4-6c79-40e9-aa2e-5ca5192049d8,2026-09-13T10:05:57Z,confirmed,1726.16,PEN,mobile
07197bf8-a14c-4c61-8d25-14ad09895238,316b114d-92a3-48e0-8aec-7eb0fadccf25,2026-09-26T12:29:05Z,confirmed,2335.98,PEN,api
1c29c9f2-fa24-4ce4-8cef-5e8058877eb2,9cdac7ca-0e26-40df-ba5b-443c0f978994,2026-07-25T07:54:58Z,confirmed,3104.49,PEN,web
f337ab06-d424-4042-b7c5-8f10e947a439,06a3c77e-bf93-45cf-afe1-fabf18abf75b,2026-08-05T15:30:09Z,confirmed,674.04,PEN,mobile
01a64c36-3558-4414-9a51-9155ce415760,67f22bfd-8b98-4e1b-90db-fecc6f68ae2b,2026-09-27T08:03:06Z,confirmed,255.12,PEN,api
7e8ebd0f-cd35-4050-8b05-8f5d7c89f1a3,9315533f-1b04-4025-843d-97dbb8e98669,2026-09-04T18:01:25Z,confirmed,4040.48,PEN,web
c9ba29aa-09c4-44e3-9abc-7ebf20b699db,94b0226d-f39e-4ed9-9179-068ff4ec9ca7,2026-08-03T09:17:29Z,confirmed,5436.23,PEN,api
0b594829-f00b-46c5-91ee-54970b44a29e,2fd7d24a-f15f-4894-b654-e834be4188f7,2026-09-08T15:03:18Z,confirmed,1313.26,PEN,api
157ac6d9-20f9-4ffa-928c-ba66f5a51384,52f95753-baa8-4e23-ab91-8287a6bfe8ee,2026-09-16T13:22:47Z,confirmed,10210.99,PEN,mobile
83c29d52-7059-4b42-9bf1-78c58d48a8d8,fdcfb667-afb2-4436-95e0-a492171e10af,2026-07-24T18:46:15Z,confirmed,501.89,PEN,mobile
81fe269a-4430-45ea-a2d5-8399393ab895,8d6a21c6-be54-497c-a44d-3d22a082bf8e,2026-07-29T09:41:26Z,pending,8909.85,PEN,web
ea058f2b-20fa-4a50-b2c4-46f810f3ad36,3c892611-1e39-4461-b585-80557952d0cd,2026-07-31T09:58:59Z,confirmed,3993.44,PEN,web
3ea36934-70af-4e8c-81b8-65a2946d2d1e,c1745dc8-b3a6-4fd4-95ab-ba02610b9dd6,2026-08-24T10:22:50Z,cancelled,124.12,PEN,mobile
0333acef-35a1-4130-aefc-ffe60ce79c82,83898f5d-ec2a-4478-af13-c983468d5b9d,2026-07-25T09:14:48Z,confirmed,1584.09,PEN,web
039e2e71-8e11-42c2-ae28-ac9c70da72e2,67f22bfd-8b98-4e1b-90db-fecc6f68ae2b,2026-09-23T11:21:24Z,cancelled,3025.45,PEN,api
b227d905-a529-4dcc-bfe3-28554b44adb3,c86993a3-c43b-4ebc-ac41-d3ac8dc819bd,2026-07-20T15:44:14Z,confirmed,1524.15,PEN,api
0211696d-3de2-4b4b-8c88-f32a800ef24f,a6cc9a6d-b48c-476d-aa4e-bae7cd4856cf,2026-09-13T09:04:05Z,shipped,633.71,PEN,mobile
8dc7d33b-8d03-464e-8b08-85dd6382aa4e,a15437bf-ad74-45c4-9271-a8655669303e,2026-08-11T12:06:03Z,confirmed,6558.92,PEN,mobile
b6283c88-642f-4ebd-95b1-a5397d0eb6d2,6b352090-9266-4ddf-96d4-6b2177d83e28,2026-08-02T10:26:03Z,rejected,10574.56,PEN,api
84fb0cf6-23e1-4a18-a600-1d643df3eb20,c75f3c61-3ea2-4abf-a47b-7bc89d1e27f8,2026-09-17T09:08:12Z,confirmed,1214.74,PEN,api
7c0b4bed-f270-42bd-a90b-351beccb32af,4fcc29d8-4cdc-4b7c-b010-e57f74eb546f,2026-09-27T15:53:32Z,confirmed,1389.94,PEN,mobile
980e2ef3-858b-4ce9-a644-5f4e066e01cc,461609d7-d1c6-4957-a2df-dfbf48baca05,2026-08-10T16:39:25Z,confirmed,1236.94,PEN,mobile
f1ad2d45-2433-4402-82ad-921a83d1191e,701cda5b-85cf-46d8-a9ff-b2b9d4bd88fe,2026-07-18T12:51:25Z,rejected,3699.59,PEN,mobile
c17f5076-8b2c-438b-b8f8-e5d401bcc491,09419060-5986-493f-8cd8-ae90806edde9,2026-07-30T13:35:22Z,confirmed,4456.95,PEN,web
efeda70b-e773-4af0-9138-9e7d3416745b,4585ece7-3716-48f2-86a9-a1e367196e7c,2026-08-03T12:25:22Z,confirmed,1949.7,PEN,web
1a4d10ab-30f7-4ccf-bc2c-41fdef62b157,b5f81bc3-c56b-488b-81a4-992456a3d193,2026-09-13T11:28:36Z,confirmed,827.44,PEN,api
73178e69-d9bf-4236-84ef-8c592e84c5a7,023dffe1-7484-423e-9aba-df88016aaed1,2026-08-11T14:34:53Z,cancelled,1193.15,PEN,api
cf2e333a-849f-43e5-a5c4-e57903b375fd,8d6a21c6-be54-497c-a44d-3d22a082bf8e,2026-09-18T15:44:16Z,confirmed,8010,PEN,mobile
233bfbc4-ded5-489d-bdb9-d5573cc34c6a,f43453d5-9613-4bb8-9f17-a8b917b1009d,2026-08-18T14:03:56Z,rejected,450.01,PEN,web
680b75f5-c58a-4775-92f0-a541a1c5c62d,568e0848-4154-4c33-936a-9c1f21f9fa6b,2026-08-10T09:52:11Z,confirmed,8609.74,PEN,api
784fd1ba-8d77-4ba6-b7b5-d5836c510776,df96c70f-5e07-4bbb-b51a-730d026bb361,2026-08-29T09:57:30Z,confirmed,992.64,PEN,api
2a16b826-65ff-4349-8f4f-d31f2d39ed6a,1b321311-2d86-46c1-9871-3c85a416712a,2026-08-21T14:59:41Z,pending,269.52,PEN,mobile
b96ecfb6-b057-4a0d-98f1-555a966ee830,08114246-4b0f-4172-b3f1-859f1660aa76,2026-08-11T11:28:55Z,confirmed,2664.84,PEN,web
cc83a4a5-f44e-45df-a6fc-fa73b195bc9e,da018864-b415-4842-9ac2-8a0f61daa001,2026-08-06T10:08:20Z,confirmed,10882.02,PEN,web
0a1f6507-c5ff-4ded-a96c-def4266df68e,3dcc9d0e-6b4b-420f-b543-6dc2d958e4c6,2026-08-12T17:14:10Z,confirmed,330.92,PEN,mobile
cbe184cc-9e28-480b-a0b1-5ec5a92fc11b,0165ef69-3b96-403c-b81b-953fee6c8f93,2026-08-05T18:32:41Z,confirmed,612.74,PEN,mobile
9584fa23-9058-4113-ad8b-4694afb1c429,ceb37e68-1465-414b-8d42-6d20def61054,2026-07-24T10:48:11Z,confirmed,8761.99,PEN,web
5ace9378-9b37-4d41-9795-b5e273ad2fe8,4dc8a09b-d1ba-493a-befb-f821d38b86e1,2026-08-07T09:50:47Z,confirmed,2528.43,PEN,mobile
c53f26c4-7074-461b-b217-3fe9b5761c5b,fd173908-89d3-4fda-a34d-f805c2ff7347,2026-09-28T17:24:32Z,confirmed,2976.18,PEN,web
066681f3-3d9b-4dfe-bb3f-b09424e37238,a34bafb9-1986-436d-bdbf-3dcb52b05158,2026-08-27T14:30:17Z,confirmed,1520.91,PEN,web
c98e9ca2-e428-4c4a-9533-2aa14f2a0a65,83898f5d-ec2a-4478-af13-c983468d5b9d,2026-08-25T09:51:09Z,confirmed,3748.25,PEN,web
e8147e80-8ca9-43e7-94f0-f933afe5629e,363e8255-80ac-4ffd-8813-e7e8d50dae77,2026-08-08T12:56:16Z,confirmed,8682.96,PEN,api
a8181c5a-0dc7-4ef2-b03d-5f6993e24e48,e3865f5f-f65e-463c-b15c-191238f27e1c,2026-07-23T14:24:22Z,confirmed,10299.51,PEN,mobile
39989c0c-9dad-4129-9e61-0117938393ca,d430f899-e88d-499b-99e8-224679bf2855,2026-08-09T15:43:57Z,confirmed,261.58,PEN,web
a50aae86-790e-4d5b-bed6-a1b236e72c7d,8a56649b-c7df-455e-9564-0e40d0e8577f,2026-09-15T12:45:58Z,confirmed,142.21,PEN,mobile
130a98cf-977f-425e-a61b-5460a0fc268b,fe835a94-bf06-4b18-a6bc-ee6fd65a1f78,2026-08-15T13:48:16Z,confirmed,565.72,PEN,web
b7eb6d9c-2329-4b55-8fdb-946ec2587230,bf766e61-e66b-4eb3-b8a0-f2d2300ae423,2026-07-27T16:59:03Z,confirmed,4582.4,PEN,mobile
74caab1d-2520-4ef0-a315-11ebe553eb80,c4b4e306-4b2e-4367-9ca9-e1e419f4cc5f,2026-08-01T07:11:52Z,cancelled,2159.31,PEN,api
afe5189d-961f-4e51-a31b-d6efcbc08d5b,1c8efa06-7447-4fd2-b96d-3a0af0611218,2026-07-22T14:44:16Z,confirmed,5052.55,PEN,web
8193560f-21c3-4fc2-8c7f-46c8798616da,760bbc5d-70cf-453d-879e-af65ac29aa9e,2026-09-29T13:04:16Z,confirmed,7004.29,PEN,web
b1f69f47-2be9-452a-ad28-67ddcf3d475e,4c52605d-9a28-4473-ba9b-01aa8391eb76,2026-08-17T12:54:42Z,confirmed,184.89,PEN,web
148ff461-e714-4883-a7d3-7def48d36fb4,ddfe35f9-79b0-4986-bef7-2dfd9ec292d4,2026-09-30T12:52:38Z,confirmed,310.56,PEN,mobile
4edc3e56-554e-4f9e-9579-8edf8ef1f952,afee4f14-89de-4dab-b2f3-ffc46b562d8e,2026-09-26T06:44:28Z,confirmed,1532.85,PEN,api
c1d12fae-d733-45e9-a447-493fce6d0185,0dfbc3a1-a728-4873-8bbf-babb25a3fea4,2026-08-14T11:52:52Z,pending,1374.54,PEN,api
71e050c0-bebf-426f-b29f-9d01cc7a27d0,7689c687-0199-46c0-ac66-6fe61b037a1c,2026-09-28T16:14:12Z,confirmed,442.23,PEN,api
67392c92-ff01-4e4a-af73-5e077c0683f3,4585ece7-3716-48f2-86a9-a1e367196e7c,2026-07-21T11:11:09Z,confirmed,2479.01,PEN,mobile
b7d1dbab-9828-4d3b-b5e0-7ea84a3d01d7,272a5f90-a862-46ef-8f00-a376f970a2f3,2026-09-30T16:43:35Z,confirmed,1782.84,PEN,api
16018f0c-3352-4881-8eff-34b99c3a70ae,b1bac5f9-da8c-4c5b-8b91-1efbc8c45bef,2026-08-25T11:28:59Z,confirmed,6974.21,PEN,web
59bd3e9e-b09c-46c7-a1ed-cd2090f342c4,8edb7004-ad8d-4af1-bf7a-4d7fa4c5944c,2026-09-26T11:29:55Z,confirmed,1063.69,PEN,web
f3d428cc-7beb-4ece-b4fd-a935084bce12,c265fb93-2cd0-42ab-8cd9-3ee3a4e6a7e5,2026-07-27T15:22:43Z,confirmed,3271.78,PEN,api
1a344438-7a80-4d22-a87b-e3fb79e290fa,745748b8-122a-4c2a-8884-958cf173e8ec,2026-09-06T14:37:02Z,confirmed,9893.6,PEN,api
23bcbefb-5ea1-4b40-aa71-e59292529296,a15437bf-ad74-45c4-9271-a8655669303e,2026-08-05T16:14:54Z,confirmed,7610.16,PEN,api
24505954-9277-42d3-a7c4-620916587f00,44113992-0961-4aea-ae22-338a46f6b098,2026-09-01T16:39:08Z,confirmed,3703.5,PEN,web
f3cde807-11a8-4679-8e1c-a851262f35d6,d4be69b4-6c79-40e9-aa2e-5ca5192049d8,2026-09-13T08:01:50Z,cancelled,2979.76,PEN,api
31165ab9-b867-4143-a52e-0b824910598c,02ec19c5-8d54-4e98-9004-777fcb8fa449,2026-08-27T13:48:53Z,confirmed,275.7,PEN,mobile
c186d67d-86d1-4030-b1bd-2159c5e00d23,423a37fa-1901-4fa0-89b7-9687c281aca8,2026-08-11T15:19:03Z,confirmed,4827.49,PEN,mobile
a9c2093e-11fb-4d1a-bd6c-c7ebc6fad49f,deac50d3-6f40-4a48-8b5c-acaee72d98d1,2026-08-24T13:44:37Z,pending,1979.15,PEN,web
348fd702-c235-4e28-bd41-5ee05946f5a5,18077327-1f37-4ba8-903b-3ea3cd90b85e,2026-08-13T14:04:19Z,confirmed,672.55,PEN,mobile
4c53a650-8cfb-4528-9952-395f022dd882,c1745dc8-b3a6-4fd4-95ab-ba02610b9dd6,2026-09-04T12:24:02Z,confirmed,1822.11,PEN,mobile
97a2a079-6cb1-45b7-93eb-7441c12c0b53,367401ee-a448-4320-8b44-8bc51bdf0a36,2026-09-22T14:47:41Z,confirmed,67.11,PEN,mobile
b231c362-121e-48cb-b436-7aa9d0e55de3,6ee82c33-24d3-4dc8-9c89-8fc08ee19b54,2026-09-28T14:12:46Z,pending,892.71,PEN,api
43c7dc7d-efa9-48fb-a115-5aff09d2e878,784c4e82-1907-42a2-96d0-a3d772338838,2026-08-13T10:56:42Z,confirmed,2627.53,PEN,web
40ca4da4-c454-4f98-9d6f-d56cd94f867c,fd166f9d-7f71-4a47-9403-5e9ecee2da3f,2026-08-11T18:23:30Z,confirmed,2867.25,PEN,web
6821d086-303a-492a-9cd0-888f54bbbf12,18077327-1f37-4ba8-903b-3ea3cd90b85e,2026-08-29T12:36:09Z,confirmed,8905.59,PEN,web
81f4285f-7766-47ef-9276-f52f04fb5f6e,ead6716f-fc7f-4314-8edd-43df8fe0f6d9,2026-07-23T10:34:18Z,confirmed,3362.69,PEN,mobile
a8622577-066c-425f-8c09-bd399053ff1d,6fbbb05e-1f7a-4fda-a64c-e76e4f72668c,2026-09-18T09:16:02Z,confirmed,2575.99,PEN,api
4f7dcce0-ea85-428a-a5a9-ead250144518,7a6d0709-f364-4f3a-88b6-ab1b01b205f2,2026-08-31T17:11:21Z,confirmed,138.46,PEN,web
fa47572b-c46f-454f-8eb0-99e48e4a6f90,5fa52602-705f-45ea-9b5c-11662c5a54d6,2026-07-27T10:05:40Z,confirmed,2319.02,PEN,mobile
50af52ee-8b98-448d-a816-c46ef646c950,44113992-0961-4aea-ae22-338a46f6b098,2026-08-05T09:15:35Z,confirmed,1654.5,PEN,mobile
ad6fc2a5-e9e9-4bee-b335-beedf70117ec,31e90c5f-2289-4355-ad4f-08e26726c0e4,2026-07-22T16:13:06Z,pending,327.57,PEN,mobile
3ec598af-b724-4155-b4f4-b7268560a974,0321ff9a-a7ed-4404-9b35-1f5d793c4c91,2026-08-24T11:47:49Z,confirmed,3206.21,PEN,mobile
7005d813-f665-48fc-a8d3-18aecc2facb9,cbfbf760-96e4-413b-8024-276281ca6b22,2026-09-02T16:01:31Z,confirmed,3651.91,PEN,api
032ab1f3-d53f-4664-b511-41c7ef62209c,507dcf83-d774-4bbf-8c41-cff361cec025,2026-08-22T11:53:50Z,confirmed,3354.34,PEN,api
f61452e4-c204-498d-bc0c-b35939f94b5a,4749a5ea-15ad-40da-acbb-5c0fcebbd86e,2026-08-08T13:34:41Z,confirmed,1614.71,PEN,web
0e482e23-d6a7-4df0-bc11-35d6c19bac40,bd255b1c-e591-41ae-b787-57c9774099d1,2026-09-28T14:04:54Z,cancelled,1229.25,PEN,mobile
15ce67ed-07d3-465d-8f4e-a14ce7f31878,0acfc1e5-b33a-44ce-bb7a-781c5d9f9fc7,2026-08-23T10:35:20Z,confirmed,2318.35,PEN,web
0ce8854c-50bb-461c-ae15-6dc1877a763c,1c91da22-14ce-43ef-9b70-88858969fadb,2026-09-30T13:56:19Z,confirmed,402.08,PEN,mobile
015260db-263a-4b27-b8d5-3a1174b35fa8,efcf5f3f-7fa9-4758-81d1-6e79cc303f87,2026-09-06T08:35:34Z,confirmed,1148.45,PEN,mobile
9a95429b-8830-4665-82d2-15227c35fdb6,c54317f0-fafe-4276-ae36-0d4a1ff82a88,2026-09-18T12:41:36Z,confirmed,5951.24,PEN,mobile
432ba09e-583e-4aa5-929b-64894f318eb7,e17528a6-f43a-460a-9047-a3c903fdeae5,2026-08-02T14:03:49Z,confirmed,3306.14,PEN,web
e5a4bdd0-7857-4082-850d-d6d9d31dcc06,84541a3c-dd53-49be-9a2e-a983ff5d06fc,2026-07-18T13:56:54Z,confirmed,7855.7,PEN,api
4ceca225-83ac-4c6e-97ac-a9ccc1d32f6f,16ef4d1f-28a9-432c-94b8-51644ddc9eb1,2026-09-24T09:21:32Z,,2296.8,PEN,web
09434044-9b26-4335-bc4b-74d1f6994cf9,c1745dc8-b3a6-4fd4-95ab-ba02610b9dd6,2026-08-15T12:18:52Z,confirmed,9655.78,PEN,api
58e9ca84-4570-4e14-94fc-6b7b98d507c3,bfff3423-2d46-401c-bddd-489ab14be63f,2026-09-11T10:17:38Z,confirmed,3136.7,PEN,mobile
7b6cfb3b-106b-486f-827a-c8e0b676a9d4,4b4be7f3-54fd-46a8-8eb0-c5c6ef1b09da,2026-08-01T14:31:51Z,confirmed,179.68,PEN,web
f75a0cc0-167f-4c36-903e-ca1d7be72155,e405e8b2-b78b-415d-a1e2-808a7889b09d,2026-09-23T16:20:59Z,confirmed,1905.82,PEN,mobile
98e4fa89-2e7d-4f66-9a21-54645ac422f8,bbb87787-eabd-4aa8-b832-31e686ef369b,2026-08-02T07:47:24Z,confirmed,554.04,PEN,web
d357eaee-4304-484e-b366-5a859757f657,5f7aaded-b4e5-4052-8651-307c1cc3ad13,2026-09-08T09:18:17Z,pending,302.68,PEN,mobile
fdfe3578-6ab4-4191-b598-f077ab494d12,c202b659-a768-4897-bdf8-9ca61dcf23b6,2026-09-28T12:27:36Z,confirmed,1128.38,PEN,mobile
24ad390e-d332-4cb3-b7d7-bae69a66dbd4,11165a00-ca1f-4bcc-a279-e751a383ec07,2026-09-17T15:04:19Z,confirmed,2188.05,PEN,api
ab26a83d-4792-4af1-8a66-35967a96f832,335b74db-6dda-4316-9ab3-9648d265a566,2026-09-22T10:51:44Z,confirmed,3336.79,PEN,web
86fd24e5-7ef2-4318-b47e-197a174f1aff,5d7cd744-869d-4988-b876-b48821642f50,2026-08-08T11:37:25Z,confirmed,2295.21,PEN,mobile
66026733-c761-4b42-8712-8866ae869b82,db42478f-ecbc-4611-b809-ee1607b89739,2026-09-03T14:16:05Z,pending,653.44,PEN,mobile
9057a9fc-258d-4e4d-a2a2-3121bf0d0f3a,b2da5aff-b473-492a-a95a-9114634417c9,2026-08-22T12:37:32Z,rejected,459.05,PEN,api
6941b009-e0b3-43dd-9cf7-467efd4d0db2,23fc56ca-53e2-481b-84aa-4c363dc800f5,2026-08-29T11:30:37Z,confirmed,1870.8,PEN,web
b318c927-45ad-49d1-8eea-150dcb186b9a,bb275612-b3bb-4efd-8d8c-edf6e6ddf7f7,2026-09-12T13:22:01Z,cancelled,159.01,PEN,mobile
0f58558f-d80f-4b39-89f8-fdff50d332b3,8eb2ae34-b7bf-4544-80ed-a388f8b402b8,2026-09-07T10:46:07Z,confirmed,1217.29,PEN,mobile
b7d59ab7-d0e0-4f3b-af00-2386ca9f8697,3dc96785-6e1c-4d0e-9024-db3317b269b9,2026-09-29T13:37:07Z,confirmed,1017.22,PEN,api
a7770243-222f-4ea2-b330-64ebbeca6f44,0d79cb79-02e7-4418-8da6-fdbda01e1620,2026-07-23T10:27:02Z,confirmed,1048.74,PEN,api
725ddc2d-cf12-4988-bec6-a949e5e66761,dab27ddf-3b85-4ba1-9777-034d6e46c6a3,2026-08-04T18:31:32Z,confirmed,803.43,PEN,web
8cbb9f01-c1da-481d-b226-50259c4488d2,b88884e0-306f-480c-9794-51c2d08ea5c0,2026-08-12T10:54:38Z,rejected,1648.41,PEN,web
184bb300-3cc4-4212-8ac0-88e85312ad30,865f2c9a-86bd-4c5c-978b-b12eb2073e6c,2026-09-10T10:14:56Z,confirmed,554.67,PEN,web
c4fbe9b2-7759-4988-8f25-881f0f3ca48c,81602c75-2c00-4577-b29e-3cca86efe68d,2026-08-20T17:11:14Z,confirmed,233.72,PEN,mobile
bd92b461-c129-479d-acf9-736542f682c1,fba35db6-9b23-4d3e-893f-578b70526312,2026-08-21T13:48:00Z,shipped,7244.25,PEN,web
9900c942-0251-484f-9f42-a0a7faf81412,338f3d44-917d-41a0-842a-8d139c724579,2026-09-07T15:53:33Z,confirmed,3121.53,PEN,api
b7d9ea54-2797-4e6d-8d5e-7584d8ffa2d1,814627f8-970e-41c1-a650-f164c9e27850,2026-08-16T10:34:38Z,cancelled,1444.47,PEN,mobile
d6495e4a-8674-4d13-ae42-fc703b8549c6,f19522bf-886c-44ca-a58f-b249b6bc26f5,2026-08-17T15:29:56Z,confirmed,1130.53,PEN,api
8372243d-c882-42b1-b9b5-1bad9112134d,e2d9ef00-e6bb-4543-8648-29150a37e342,2026-09-05T15:01:36Z,pending,2662.7,PEN,api
27e76013-6951-4e4c-b115-f01b01408840,06a3c77e-bf93-45cf-afe1-fabf18abf75b,2026-07-29T10:51:39Z,confirmed,4120.48,PEN,web
2a57948c-ce9e-49b3-b811-60ace945c4bb,5678ce0a-ee33-4162-bfbe-5c5364436ed4,2026-09-05T15:31:00Z,confirmed,1069.93,PEN,mobile
8be758ca-b89f-414f-a077-13c90c47b266,5fc726fe-5bd4-43b0-bd60-cbe6574c6d13,2026-07-18T07:46:55Z,confirmed,3924.71,PEN,web
395a31fc-5765-46c3-8968-3f1fdd07b08f,18077327-1f37-4ba8-903b-3ea3cd90b85e,2026-08-07T14:06:54Z,cancelled,446.24,PEN,mobile
4b4fb16f-8e02-4e0f-a25a-ad8e21c16f24,dd2e775f-aed8-4b7c-8955-21935f06f059,2026-08-02T15:11:36Z,confirmed,4314.64,PEN,web
57d7ee79-e8f7-4036-947e-8be5d9eb6867,6ccf67e9-a492-4e00-b91c-4dd1ad4f0257,2026-08-02T15:15:57Z,confirmed,115.72,PEN,mobile
38d8e8c6-d17f-4dae-8e00-1de6f46fd40b,df96c70f-5e07-4bbb-b51a-730d026bb361,2026-08-02T13:04:24Z,confirmed,514.4,PEN,mobile
f9460978-817e-4da2-8992-c8df7982b2b2,63ef388d-2232-4405-9196-7720c7736aaf,2026-08-17T18:58:27Z,confirmed,2611.67,PEN,web
ccf10d26-2d86-4c82-8d7b-f833a3e6c1a6,7ab0bd07-9e43-49c5-af68-6981d0def1ad,2026-08-30T08:37:27Z,confirmed,2340.22,PEN,api
f1f4a8f4-90d1-4695-be3a-baec5f6a592f,4f1a52c5-ddd5-4dcd-a3ed-af773d4ea8d2,2026-07-25T13:58:23Z,confirmed,3559.72,PEN,api
8943e2b6-dd73-4fe3-9a6d-9c3c1e1e3ff1,c72dd78b-29bd-413c-95f8-29e8b6ff3100,2026-08-15T11:59:20Z,pending,1854.57,PEN,web
5a89e001-63f4-42d2-8d13-7726b6de1480,0554326a-2a0f-4a4e-b543-b8fe17c6a279,2026-08-12T13:01:49Z,rejected,5812.69,PEN,api
a73604dd-a4dd-49c2-be9d-36748b8afcd1,361489eb-a1fc-4e65-88c6-139b9028529d,2026-09-30T16:13:56Z,confirmed,4620.17,PEN,api
fb6ef70d-bf82-487f-8cf7-cf6684003606,469bf60a-9132-47f4-ba08-44f374c25ba1,2026-08-27T12:30:17Z,confirmed,3984.47,PEN,web
82f98055-a29a-46e0-ade6-d55fdeea9c47,e6767997-b815-4904-8fa2-10f7deb5d0ae,2026-09-02T10:41:48Z,confirmed,2502.04,PEN,mobile
751947eb-f6a8-458c-8d20-e70f515e0e18,db53b155-231f-46c5-9cf2-e3c277e22fed,2026-08-03T14:48:53Z,pending,2372.65,PEN,web
e29859c5-2906-4a0f-9421-6a3964e78f88,1da8058b-a2da-4531-9964-1c8a058da7dc,2026-07-28T11:24:02Z,confirmed,6651.55,PEN,api
642293cc-7375-439f-b2ac-612e1d3b5f54,bedb21a8-08e4-40ed-9977-27bc309e057b,2026-08-13T16:01:14Z,confirmed,369.78,PEN,mobile
cc4fabe8-b881-4fc3-937c-74f355e5913b,ceb37e68-1465-414b-8d42-6d20def61054,2026-08-02T13:15:38Z,confirmed,1599.86,PEN,api
b23cf637-5780-49cb-b7de-4beeb81cdc9f,f60ce4d4-f3fe-462b-85ee-8de5b4e14e16,2026-08-04T15:56:23Z,rejected,165.46,PEN,api
424b0f1b-a8f7-4368-a71c-0202f1aa7ad2,06cf8791-84c3-4819-999c-90202eef5b4f,2026-08-24T16:19:16Z,confirmed,517.46,PEN,mobile
ae63518e-5b05-4df2-83d5-19c05e1760eb,353fc2eb-208b-44a8-a044-5c6941cf5ca6,2026-08-14T10:24:52Z,confirmed,369.78,PEN,mobile
7ab476f7-f8e2-4eb3-875b-80107080d99e,fe2a1c60-8d6e-4ce0-bad3-878fc22c8dae,2026-09-09T16:34:23Z,pending,682.27,PEN,mobile
d104698b-5a7e-4fcb-a239-af53b0400b99,4749a5ea-15ad-40da-acbb-5c0fcebbd86e,2026-08-01T15:25:49Z,rejected,7120.09,PEN,web
a97c0759-fcf4-4c75-8ab9-ad5d2d39f9dd,90ca32ad-0623-47d6-828e-b91d7d888878,2026-09-07T14:04:28Z,confirmed,6757.51,PEN,mobile
9fb0529c-1b06-4136-937f-da5004d09c40,c86993a3-c43b-4ebc-ac41-d3ac8dc819bd,2026-08-13T10:59:22Z,confirmed,692.14,PEN,api
56d72d5c-1269-4669-ac0a-803a85d2bd19,e45be8ac-0ad1-4357-9d3c-9ab82dd99f97,2026-08-24T11:15:28Z,pending,739.44,PEN,mobile
e9ec9504-b3a7-481a-9d0c-8fc674f160df,b48ba0ae-c816-4dde-9a3c-fb94d809950a,2026-09-05T08:04:27Z,pending,110.88,PEN,mobile
67cf7fec-8544-4f4d-8f54-69437aa6d699,6b532dd6-97d4-4597-a091-b8cb551275b7,2026-09-16T10:30:15Z,confirmed,1819.53,PEN,mobile
e15b9c9e-ae08-4e14-8fd8-cf6eaf3ee186,0fcc2f09-2699-407e-bb9d-ba0fee77cd5a,2026-07-28T14:33:09Z,confirmed,652.14,PEN,mobile
9d95327e-c5f2-4bc2-9058-c2d3feca10ac,956057f5-be6c-4d95-bd1f-9cd845dd1767,2026-08-06T12:32:59Z,confirmed,1466.14,PEN,mobile
05d98200-bf5e-40ab-b3eb-22ac0ad4e801,9dfe24d2-2c4d-42dd-bec9-eaba907236de,2026-09-05T11:53:21Z,confirmed,473.08,PEN,mobile
0b2a240c-17a3-4477-bde6-b19d8f9de5f7,d78b9834-9ce1-4cc8-ab5d-ef2ef61815e4,2026-07-26T15:59:55Z,shipped,91.36,PEN,mobile
eb9c8389-562a-455c-b0c7-b989c6c907a8,25f516de-6135-45a3-a792-d912db21a03a,2026-09-18T14:05:48Z,confirmed,1744.53,PEN,web
c6841427-2004-47b5-adaa-1dcda8630384,25fd89d7-8d75-4ad9-b892-ddffd3fc35f3,2026-09-26T09:29:44Z,rejected,3556.5,PEN,api
83aca396-fe4d-4768-bfa7-1cecce779295,80c0480c-6b64-467a-abbb-d8c93dcf6d4f,2026-08-20T15:48:45Z,confirmed,2475.09,PEN,web
05b190cb-cdc7-47dd-a5b2-4f7a06d6fa71,7be7f7fa-05b1-48f3-be5a-3563436aa8b9,2026-08-07T14:35:28Z,confirmed,2705.35,PEN,mobile
c3e2c00e-cdf0-49f2-8366-1e5a45ae4b74,8b684f0b-5d0b-443d-a1e6-fc6a3e4ddb40,2026-09-09T12:00:18Z,confirmed,181,PEN,web
2db265f7-ad8a-41cf-a206-341d5e651201,21c7a614-f229-4e2f-9e58-d12b04ab66db,2026-09-11T18:49:43Z,confirmed,1582.37,PEN,web
6aba04cd-c935-4464-a51b-d38be8590c06,1e9f5012-2e34-4419-97c1-d78d2b20c7d0,2026-09-26T13:05:04Z,confirmed,780.32,PEN,mobile
7c5458d9-b4d5-4eaf-917f-3b99f4dee03e,49a6c247-17d5-4fda-8bfe-79444a5becb6,2026-09-20T11:45:33Z,rejected,7851.52,PEN,api
707e2cbf-5e8c-46e7-908d-baed6b2f21f8,f498a7ba-a490-42f5-9141-1ac5f03dde19,2026-08-06T16:05:34Z,confirmed,1419.66,PEN,web
96de4dc4-ecff-44b2-8cea-7562391819fb,0fca0ca9-a87f-44cb-9537-347346e676d6,2026-09-19T14:11:00Z,confirmed,1993.64,PEN,web
24dc0aaf-20a7-4091-b56f-8c7451bc4289,890cf578-beb1-4911-9b06-1f2454d59db4,2026-09-09T17:27:27Z,confirmed,1459.97,PEN,web
f15469af-4f97-43ae-9dbf-ae8f5bc5de5a,2d32846d-ffb4-41ab-802c-8614c9205e6e,2026-08-14T12:19:48Z,confirmed,2065.31,PEN,web
e967bc17-5009-4f74-9e97-043f561eb5d8,de54aee3-d105-4b83-955c-478489e89bfc,2026-09-24T18:29:14Z,confirmed,1608.08,PEN,mobile
710a31c3-5ccc-4e7e-a8f4-98ea9d0a7694,e17528a6-f43a-460a-9047-a3c903fdeae5,2026-09-04T14:08:12Z,pending,1645.54,PEN,mobile
0b9c2012-e761-4bcb-a0f9-dbc37857b789,a8d5d713-57a9-4eac-a9e4-afce7ef72d0b,2026-09-30T16:46:19Z,confirmed,2064.2,PEN,api
66d650d3-1325-4ca1-9ff0-1e64ca27b285,5fa52602-705f-45ea-9b5c-11662c5a54d6,2026-07-25T06:44:59Z,confirmed,1212.52,PEN,api
8cc7fe39-920b-4f30-bad6-bac4b5fe654c,6b578e23-9d7d-4dd7-a59c-0ebc58244808,2026-09-19T15:47:51Z,confirmed,2624.75,PEN,mobile
ea7cff2b-19f7-433e-829b-3b8fd2c2e411,bcd51f6a-f39a-490a-a3b8-d3f8cce89550,2026-08-15T14:50:44Z,confirmed,924.1,PEN,api
46fbaf83-9189-4d0a-b845-256d875583bf,a64ae7df-b059-4206-95f1-3b82758406c1,2026-08-11T15:33:15Z,confirmed,1033.66,PEN,api
aaf6c37c-e6eb-4eac-aabf-c1b8c1ae9330,cd10f4d7-0257-483f-b803-cf8bdd6222e3,2026-07-20T10:32:35Z,confirmed,3041.59,PEN,mobile
8c71975b-447a-42da-b80c-3e522a0f22da,bdee05ed-1013-4321-9480-4b17eca2621a,2026-08-08T12:06:27Z,pending,3014.83,PEN,web
9587838f-0c18-4b22-8d72-b5764e86380b,5daf8384-4094-4f5a-8b55-8d795293f9ae,2026-08-05T10:34:45Z,confirmed,274.1,PEN,web
416b1cd0-744f-4d49-ab1d-9360db984850,efcf5f3f-7fa9-4758-81d1-6e79cc303f87,2026-08-15T13:53:04Z,rejected,5791.09,PEN,mobile
63b3e47e-0240-40e1-a1e4-bc2223be053d,ef8506d5-a65f-4dda-b260-94d933d0e961,2026-09-25T18:45:27Z,pending,942.5,PEN,api
07b10023-3eee-4f33-87d2-945ec886fed3,982de364-6313-4e59-851b-9e2c50796fe0,2026-09-27T12:16:02Z,pending,947.88,PEN,web
8fd17944-b126-48bd-b9b3-c105126b9dee,d0dc1682-dc48-4168-8cd5-a0df67d4f5a8,2026-09-27T15:13:03Z,confirmed,723.92,PEN,web
27787f50-bc0d-4472-a000-de4ebcf97f8d,e9d2a460-b1a0-46aa-b629-60cf3f1922c8,2026-08-11T09:08:01Z,confirmed,5011.56,PEN,mobile
c80af10d-3e63-4859-9c30-ed4bd6290fe2,84541a3c-dd53-49be-9a2e-a983ff5d06fc,2026-08-25T18:18:04Z,confirmed,134,PEN,api
f25d3c84-6b84-46d7-94da-6124b0b69394,4763db35-43aa-458c-8829-2d8c2080fa9f,2026-09-13T06:34:35Z,confirmed,646.86,PEN,mobile
ba01301f-d6a2-4ddd-9b3e-2553a4c4b640,4fcc29d8-4cdc-4b7c-b010-e57f74eb546f,2026-07-28T17:59:16Z,cancelled,6304.2,PEN,mobile
0d3c207e-33cd-4e6b-9a83-72385b4af19a,fb6c629d-6fce-4586-9eef-1cedea6880b1,2026-09-06T06:10:17Z,confirmed,34.53,PEN,mobile
986b4d9b-6954-486c-8669-d052913f9f63,5fa52602-705f-45ea-9b5c-11662c5a54d6,2026-09-30T18:38:33Z,pending,3296.95,PEN,mobile
2e68fa85-04c3-4e11-a801-c15a9ef22d46,338f3d44-917d-41a0-842a-8d139c724579,2026-09-29T10:14:02Z,confirmed,2263.88,PEN,mobile
e2898940-fb85-4da1-aff4-1c5e71610e7d,e709eddb-721f-4a24-a748-14e96180b661,2026-08-09T15:18:31Z,confirmed,3702.51,PEN,web
1bae8530-78d1-4a22-a3d3-894f9911f273,c4b4e306-4b2e-4367-9ca9-e1e419f4cc5f,2026-08-16T11:02:28Z,pending,1596.69,PEN,mobile
868c4e84-13c4-4bda-91f7-55456581c912,fba35db6-9b23-4d3e-893f-578b70526312,2026-09-15T14:29:06Z,confirmed,3962.66,PEN,mobile
711c0137-7834-44d9-a175-f185914d2c2a,0321ff9a-a7ed-4404-9b35-1f5d793c4c91,2026-08-01T07:18:38Z,pending,165.46,PEN,mobile
bdb207b8-11a5-40c9-a978-d78ed6189cee,81fa4a3d-6d9f-4e1a-a9b7-08dd5f55759d,2026-07-30T13:30:46Z,confirmed,1345.9,PEN,web
d7c33bfa-4257-491e-85d2-3555416c05b0,7374b014-fd71-4139-bc39-5939d6894258,2026-08-01T09:01:31Z,pending,3589.21,PEN,mobile
f8f11eea-cbfc-4db6-b727-c05b1b45db16,57b74fa6-eb77-42d9-b60d-5aab4ebd023e,2026-08-30T13:43:57Z,confirmed,1732.52,PEN,mobile
6900b6cd-b018-4c17-9b14-b3151150e068,368adfd4-e0dc-435e-b95a-26cbc457af70,2026-08-09T10:08:39Z,confirmed,3212.94,PEN,mobile
04c42dc2-2f42-4ca9-b53e-5881399a71a0,e6767997-b815-4904-8fa2-10f7deb5d0ae,2026-08-29T08:31:49Z,pending,288.79,PEN,api
ad0a6fa2-1692-4a55-a6b4-be51f1ce2d91,b7c680a6-84e5-47d6-b3bf-6d57f2eb99a8,2026-08-14T14:36:06Z,rejected,1054.45,PEN,web
4fd53b0f-05d4-47bd-920f-e961409c50c2,9be195b8-ecda-4c61-b3e7-bafebf509fdb,2026-08-18T14:56:05Z,cancelled,13267.54,PEN,api
b8d14cec-791a-401c-88a4-14177444e603,4c8a49a6-3b3c-4cf7-afd0-92ab8be7de5d,2026-09-16T14:43:19Z,confirmed,9928.55,PEN,api
3a5517c8-e0e5-426a-899c-010bae8a8b12,13e476f1-9047-422c-9094-a31178666ffe,2026-08-25T11:58:42Z,confirmed,653.44,PEN,api
987e697c-5e4c-41e5-b07b-a413717c3640,96d74840-e363-4111-8751-c33bdc3f5b81,2026-08-30T13:53:34Z,confirmed,3151.33,PEN,web
016e1e25-1215-4aca-9af4-f57a1a9cd15c,5e486750-d4a1-4e2d-ac24-955d8fff8421,2026-09-30T10:28:20Z,confirmed,1849.34,PEN,api
5cd00e82-07c0-429f-85a1-5b77660524d6,335b74db-6dda-4316-9ab3-9648d265a566,2026-08-14T09:04:07Z,confirmed,4832.71,PEN,api
0c20f8eb-0452-419a-99d5-75c7917101f1,a0ba7906-8c74-4fc5-a6c8-c283d6f88394,2026-09-04T16:48:45Z,confirmed,243.56,PEN,mobile
10bc9d64-f19e-436b-8d4c-74e1bf5c1205,43715b0d-54d9-49b3-ae39-50aedec5af54,2026-09-24T17:32:49Z,confirmed,6942.08,PEN,mobile
bb169780-fee1-44e9-be8c-d6d3768f84a9,78d58dda-aee9-472c-a706-8f4cc413d886,2026-09-24T17:51:07Z,,7442.23,PEN,mobile
6c995441-2bbf-4cae-9ec9-e00e006e0d54,cee90f7b-2971-40b4-8123-94ae07465128,2026-08-03T11:54:38Z,confirmed,57.1,PEN,web
06768d71-5317-4913-880b-dcd84cc6e1aa,88f05240-7b15-4c96-b929-9ebbda883d61,2026-09-20T10:56:59Z,confirmed,5736.95,PEN,api
96886d51-1e77-4dd1-bc21-2c711d469adf,b0e753ad-bfc7-4ac8-9cec-c9dfcbc960ad,2026-09-22T14:35:45Z,confirmed,2772.5,PEN,api
9905576f-a7d2-4830-af94-756e9cdcaaed,b9b88b85-3115-4cf7-8701-8b8653ad5596,2026-08-18T13:21:55Z,confirmed,1819.33,PEN,web
a3821ca5-a7e0-4689-9ee3-40cbbbed991e,4519e394-3f2f-4f6f-aafa-9f65fa9f7b4d,2026-08-09T15:37:55Z,confirmed,325.06,PEN,web
4859b86a-1202-4988-97be-35c87b71c2f5,44b866a3-cd26-41db-b178-482a4dcdb397,2026-08-03T13:18:50Z,rejected,3624.32,PEN,mobile
61979855-ac6d-4e13-bd75-3a60f932dde7,544ca703-42d7-4ea4-a72e-40a044ecad98,2026-08-08T13:07:29Z,confirmed,2572.67,PEN,mobile
a3ed7e3e-7c97-4e49-baa7-28bbc93e7383,660ab802-b920-43c7-9ecf-b4427a2ff6cf,2026-08-17T14:08:19Z,confirmed,130.88,PEN,api
16a124ba-fc12-46c7-ad7a-a6a82acec750,0e08a2ca-666e-4bfa-8e58-3f0905a6b4dd,2026-09-18T11:58:38Z,confirmed,531.33,PEN,mobile
3f9ae251-be98-4ffa-a681-09c210d9ea68,fdcfb667-afb2-4436-95e0-a492171e10af,2026-08-24T15:25:52Z,confirmed,1483.17,PEN,mobile
ed5aa053-ff9e-4418-8047-3d9f72f403ea,5be7c870-8376-4ba4-ba2b-c8a73d9fd790,2026-08-05T12:21:20Z,pending,7622.07,PEN,api
724e2611-eb86-49b2-bd73-0f33667dae77,6ff8902b-9237-401b-9be7-ec93141df1f5,2026-08-14T11:51:17Z,cancelled,819.02,PEN,api
02fd6eda-bf41-4bc0-914f-d08e117e541e,4d13f243-ce88-49e9-835f-5caac99b7e69,2026-08-30T08:07:06Z,confirmed,155.91,PEN,api
7931dae6-d26e-425f-859e-2428471c2d5c,09e4e60c-1309-4f97-9d6d-cbddf9b7d2e6,2026-08-06T11:22:08Z,confirmed,1247.1,PEN,web
6b67950a-e521-4e0c-83b0-33ac5a9e86a4,e1b7ee7f-4a4c-4f48-b978-f3047b8c76ee,2026-07-18T11:54:53Z,confirmed,37.67,PEN,mobile
b1ca24a5-d46b-40ac-ae92-0e160cfb8dd5,baefd41a-bbf1-4567-9994-cf211b7272fd,2026-09-22T10:24:27Z,confirmed,2452.18,PEN,api
e4a80270-d6c7-4559-8393-db9e935a70e0,561a23c7-5ae3-4bed-afbb-47c53a54dc1b,2026-09-25T14:53:47Z,confirmed,691.04,PEN,web
4539e054-66dc-4c09-9076-7fd5123ffb1d,60bc8323-8a97-4577-a433-0bc585514c0e,2026-08-15T08:30:11Z,cancelled,4122.23,PEN,web
96c99aba-ab1c-4ad6-9c4b-ed1abbf116a8,e17528a6-f43a-460a-9047-a3c903fdeae5,2026-08-30T14:34:30Z,confirmed,174.03,PEN,api
1b9d86d4-5709-4c17-9ca7-8aab1fed6374,dcec6090-ce32-496d-a940-f909464d5101,2026-09-29T10:25:04Z,confirmed,2426.74,PEN,api
bd5db77e-8e84-444c-937e-721579e02aa9,a09eb78a-46ec-4d7b-ab4e-611a4cbb7792,2026-07-23T13:34:25Z,confirmed,514.11,PEN,api
78d32558-3600-4484-880e-051fd4d6103d,89d5bd54-34c5-403f-a6b4-b024fd439a0d,2026-08-17T18:00:20Z,confirmed,405.52,PEN,web
8910fc2c-dcc0-494f-b351-1d16e551daf9,2ce190bd-32de-4b98-9689-d7fe40a43bfd,2026-09-11T09:31:48Z,rejected,620.58,PEN,mobile
50d0357c-45d1-49e3-8c45-65a68d12fbd6,ce904708-ba06-41bf-bc0d-613b7023bc69,2026-08-31T18:33:05Z,confirmed,1794.55,PEN,mobile
2e306594-c26b-406a-81a5-ff53c93051e3,f02747b3-0b61-4197-9d6b-fdfa1e7cc0d2,2026-08-22T07:28:57Z,confirmed,2003.73,PEN,web
1d9a694f-2a97-44e7-a0f9-24f5fbc8dec4,a7aac2bc-045f-4608-b5b9-111f71851153,2026-08-11T12:39:35Z,confirmed,1384.87,PEN,web
4ad870ab-6763-40cd-87a1-313151a25656,06367bc7-5240-48dc-b69e-e6601f501b3e,2026-07-30T18:05:16Z,confirmed,1726.86,PEN,web
7b983cf6-0399-4349-a1f4-cb82ce491eb9,decac2f3-67ee-4e9e-9f88-c847f5232895,2026-09-21T12:45:18Z,confirmed,2392.14,PEN,api
9d9dbfc6-b5ed-46a2-9ac6-4c04e1fc2079,bcf5a1d6-271b-459d-aa3b-f3171c7900f5,2026-07-19T06:10:57Z,confirmed,158.25,PEN,mobile
8bc25ad5-e1af-4f12-afc8-8ef5dbe04310,a09eb78a-46ec-4d7b-ab4e-611a4cbb7792,2026-08-03T13:18:35Z,rejected,916.38,PEN,mobile
e63732ab-8186-40c4-a7fd-261aa3de50f7,e5382346-7ec8-45f4-8a80-9085da0bb732,2026-09-12T06:44:16Z,rejected,135.75,PEN,api
d3f9a5e4-6bf0-4941-a72e-d5fd95838cea,ef233313-abaf-4f56-bd3f-617545caf25e,2026-08-10T15:24:03Z,rejected,968.31,PEN,mobile
b6bc2bc3-b20e-4d99-97e4-eef029098cd8,ce38f81d-cc2b-4176-9f13-38c82656fd45,2026-09-16T17:53:47Z,cancelled,222.02,PEN,web
07884133-b21d-4f9b-b00a-67d63ac5ce0e,09e4e60c-1309-4f97-9d6d-cbddf9b7d2e6,2026-08-10T18:45:34Z,confirmed,3956.96,PEN,api
ccecfda4-ffc9-4b11-9276-1604dc845a06,80ca2f4d-d447-46b3-8819-df199e20a3d2,2026-09-06T15:41:23Z,confirmed,2426.06,PEN,web
8f03776f-30ae-4709-8659-bd9fc5419fa0,3007c56c-f44f-4653-bf02-d390351a8049,2026-08-30T07:08:24Z,pending,2923.45,PEN,api
3108e0ff-d97a-46e0-839d-e6a8212ff00e,3ba0dc3d-e22d-444e-931e-df7968be0658,2026-08-15T11:08:49Z,cancelled,4688.82,PEN,mobile
78abad18-99fa-4ecf-b485-8ddbae81fd85,5f3d0e81-3eb0-4a6c-999f-9dd030e3556a,2026-09-26T13:55:24Z,confirmed,6925.23,PEN,web
97493c52-ead0-4831-a12f-114cb792fdd2,655e1dc3-1111-411e-b933-56ccce9b6753,2026-09-01T13:10:43Z,confirmed,3718.66,PEN,api
1507a3fc-d2a3-48f7-bccd-b28aa085d9fa,0bd34842-e1a2-47b8-90dd-2c6ecc293ec4,2026-08-09T11:18:49Z,confirmed,387.31,PEN,web
aaa827e5-2d08-4c58-8bf5-c3fabb29f8ac,9b1a0870-9c0a-471f-b401-69ddde89e52c,2026-08-17T09:58:57Z,confirmed,1628.6,PEN,mobile
b3a4a2c9-b2a9-49d3-8721-dddbc9ccd339,25f21054-b954-4ddc-9792-d46a0565a03c,2026-09-11T14:55:43Z,confirmed,2166.8,PEN,mobile
85e0e726-884e-4754-a5c8-53d446f28640,8c788785-f094-4a9a-80a7-6ba2bbe80e59,2026-09-17T16:46:31Z,,971.62,PEN,api
61cf828c-c5e5-46e4-b8c8-0fcb9c612ee0,6c7f728b-997b-47d5-8c19-bd5a26ca8451,2026-08-20T12:24:16Z,rejected,527.13,PEN,api
71e041bc-5c80-4b5a-b6ff-d5c901f61ff7,5a34b964-1666-4125-9289-ea12d1f6c053,2026-08-31T13:53:12Z,confirmed,59.13,PEN,mobile
cddac3be-0c9d-4547-8261-961ac1402069,de66ad88-f0c1-446e-b60c-f0657bbd5a45,2026-09-26T12:13:13Z,confirmed,1465.57,PEN,api
d7238f11-6154-42ff-bb75-ab87894491fb,57dcc8bc-7bd9-49b4-bcf5-4929c5350ebb,2026-08-22T15:40:59Z,confirmed,3014.09,PEN,mobile
e100a25f-7a7d-477d-8e99-9764a786d73e,adddcb7f-f777-44c3-b797-38c779738306,2026-09-24T13:47:32Z,rejected,80.33,PEN,mobile
0902220e-5c90-4d69-8e01-0e1259691eb4,5ee9c7fa-9a17-4554-9078-272d40c4828a,2026-08-22T15:32:31Z,pending,794.79,PEN,api
7f3d35d1-6c93-4241-b0eb-fb0eeacde3d1,e326bf87-8738-4a7c-842f-70cdd4deb567,2026-09-30T12:04:23Z,pending,1460.65,PEN,mobile
f1b644e3-74c0-4bd5-8bb5-e4d49b74da4c,a64ae7df-b059-4206-95f1-3b82758406c1,2026-08-21T13:50:46Z,confirmed,3597.9,PEN,web
590c11a9-d3c0-4a9a-8c5a-23e56755bd07,d51fc37f-3e74-4ea1-9440-2b876b12c3bc,2026-08-07T11:38:25Z,confirmed,479.28,PEN,api
f5a4b3ab-6828-4d9a-8356-3dfcce7b65d1,28e8e125-644f-48ad-86aa-10caa8ca2e85,2026-08-15T10:22:14Z,confirmed,343.28,PEN,api
9133d189-d30c-4602-9906-7840cbdff264,73f9beee-0cfc-480f-8b0e-23c5b8c2daef,2026-08-21T11:04:34Z,confirmed,797.54,PEN,mobile
3d45db68-44b5-4483-828d-153410795cb0,281c9175-fdee-4f0c-ab70-7eb5ce08288a,2026-07-28T18:23:50Z,rejected,7457.97,PEN,web
44ef7e29-a293-4602-88d5-56a20e4d203e,18077327-1f37-4ba8-903b-3ea3cd90b85e,2026-09-29T18:48:01Z,confirmed,318.6,PEN,api
36652819-7ff6-40c1-a316-b5fa3c6ed9ce,4ecb2d88-42cf-471c-b27b-bdbeca8c4432,2026-09-16T09:31:25Z,confirmed,4403.41,PEN,web
f1a208bc-a0b1-4ed3-aceb-51184287e95a,7be7f7fa-05b1-48f3-be5a-3563436aa8b9,2026-07-26T10:05:44Z,confirmed,704.52,PEN,web
7a7078cf-53f7-4154-8765-684dc535beda,4d13f243-ce88-49e9-835f-5caac99b7e69,2026-07-31T09:19:34Z,confirmed,3657,PEN,mobile
faf9f0b6-f3e1-49ae-9e0a-29767076a28f,0e08a2ca-666e-4bfa-8e58-3f0905a6b4dd,2026-08-02T06:52:49Z,confirmed,2505.49,PEN,web
60bf8112-2fd8-4c02-b0d6-0e4a3ac7cdea,0bd34842-e1a2-47b8-90dd-2c6ecc293ec4,2026-07-30T17:42:47Z,confirmed,1553.66,PEN,api
bb1fc27b-8800-4876-b45d-48bf28b82fde,a2a1c4f7-5577-4141-9fbb-df1c37985bad,2026-09-10T13:07:46Z,confirmed,5137.77,PEN,web
79744caa-0f8e-4730-9221-188ec6f470fd,80769f41-129a-4046-bea0-7c9fea51671c,2026-09-17T12:42:12Z,confirmed,702.84,PEN,api
d6a80294-b6ed-4f2e-a2a8-f6d940fd35f1,2caeb02f-23a5-4527-915c-7a11018d1f6b,2026-08-30T09:47:53Z,confirmed,1880.9,PEN,web
958572ab-356f-4c81-888b-26d25ad62f83,adddcb7f-f777-44c3-b797-38c779738306,2026-08-24T09:16:16Z,confirmed,1365.49,PEN,api
6659fe30-cdf6-4f2a-aeb6-d322a7bb08f3,24d9ae70-c907-4aa0-98b1-415b3f660382,2026-08-12T12:00:51Z,rejected,1095.74,PEN,api
d52eaeaa-af18-449e-a3ac-cd4241ba8a53,64ee2a70-2f98-45eb-ab51-310dd29695e2,2026-09-02T17:41:53Z,pending,681.98,PEN,api
da7e6414-cb89-4530-977b-0c2c43de371f,055b24e8-00f9-45be-959b-05332c292040,2026-08-10T09:53:40Z,shipped,1128.3,PEN,mobile
ebfdc1f7-8f76-4c69-846b-3abcc5019f22,6b827b53-eda9-4d4c-ac5b-42bf79928864,2026-08-29T14:12:03Z,confirmed,897.12,PEN,api
7a0e231f-9bd6-475a-b32a-6929fb3861b3,d6fc4a4a-464c-471b-b796-3551dd6840ce,2026-08-08T12:49:40Z,confirmed,1664.06,PEN,mobile
0e9518c0-1b46-4df0-9dc9-f0120b9720ff,00949d3b-f64c-4ca5-a64a-f6826ecf1389,2026-09-30T16:13:18Z,confirmed,849.54,PEN,web
6f8f7112-d645-4223-8fbe-eba34720c5bb,4d81d12a-74db-4daf-873e-23b8ab5f8aa4,2026-09-06T11:15:00Z,pending,732.88,PEN,api
fe36717c-a150-4865-8220-4f7fb75edb6f,1532525c-75ec-4957-b770-d8cb313d282f,2026-09-15T15:34:44Z,pending,324.71,PEN,web
89d57d48-e21b-46fd-92e5-1d4b87a68081,bcd51f6a-f39a-490a-a3b8-d3f8cce89550,2026-08-19T09:20:55Z,confirmed,1875.47,PEN,web
2a44d316-633f-4861-a7c4-7c18ed9c2523,82566433-62e4-408e-8486-182e7c207337,2026-09-18T09:23:55Z,confirmed,1250.28,PEN,api
398d7da0-e6ed-485a-9d46-3bc28379df60,324564f2-be5e-4966-afad-3c657403af07,2026-09-03T13:02:17Z,confirmed,1510.03,PEN,web
e8673911-7ca9-4735-a1c6-d7750778c91f,316b114d-92a3-48e0-8aec-7eb0fadccf25,2026-09-22T13:01:52Z,confirmed,3808.33,PEN,web
0635c89c-55ba-46a2-a411-dba2e619c217,b2da5aff-b473-492a-a95a-9114634417c9,2026-08-13T13:32:14Z,confirmed,265.98,PEN,web
635d7d25-045e-4dbc-a57b-875745f8e709,022a424e-e532-4d17-ad7a-5abe117711d1,2026-09-09T14:11:28Z,confirmed,2375.96,PEN,api
0d433f23-ef01-40c4-a17b-facc9167aaa4,015cf2be-a4df-4ece-b55e-fb173d14ddca,2026-09-07T09:31:36Z,rejected,1877.25,PEN,api
74ae92a0-bc12-4fb7-85e5-4eb44d1965f3,890c74a9-a349-4d30-a53f-c1935a446114,2026-09-09T12:48:46Z,pending,1140.24,PEN,web
716f7d55-9555-4433-a53d-150844df2f9b,cee90f7b-2971-40b4-8123-94ae07465128,2026-08-12T16:46:23Z,confirmed,2642,PEN,web
92356737-12bc-46e6-a0b4-3a752d588ea1,db53b155-231f-46c5-9cf2-e3c277e22fed,2026-07-18T11:41:24Z,rejected,3617.96,PEN,web
a0add794-d665-4fc8-853b-30480eca5f4e,ba6c30bd-4a28-4ba0-bd93-c0451ef3f42b,2026-07-25T09:07:12Z,rejected,5350.99,PEN,web
13727afd-2e60-4b05-8348-8580deb00d82,adddcb7f-f777-44c3-b797-38c779738306,2026-07-25T09:53:10Z,confirmed,3728.38,PEN,web
0ba05938-aad9-4d7b-8677-348c784411bc,8f03a6da-c181-416e-8736-ce59aaecdd50,2026-07-28T10:19:46Z,confirmed,4230.74,PEN,mobile
ef0c1eab-463e-45a2-9fc1-d8592cc06a06,44113992-0961-4aea-ae22-338a46f6b098,2026-08-02T12:57:10Z,confirmed,9164.8,PEN,api
5356b21d-f74c-4efb-b099-ade54ef55f50,b671eba4-fdfd-46da-a7f3-b16b98699bfd,2026-09-20T08:46:48Z,pending,370.36,PEN,api
75280aa0-8619-4b99-942f-eb240b31c4ce,1b321311-2d86-46c1-9871-3c85a416712a,2026-09-23T12:50:39Z,confirmed,1407.51,PEN,api
2421b17d-5256-42e3-b856-d379b324c2ba,b8a919a0-8e4d-4174-8cc3-9a3ad16cfddf,2026-09-07T18:02:22Z,confirmed,985.93,PEN,api
61cf7f12-fdcf-4368-b9c8-cd099ba35b91,a739b6ca-3aa0-439f-a4ed-d75e47d00d47,2026-07-21T15:10:18Z,confirmed,4001.73,PEN,api
aa63efb0-0a70-460c-8103-1bc2f5e56981,ce38f81d-cc2b-4176-9f13-38c82656fd45,2026-08-02T11:24:46Z,confirmed,709.3,PEN,mobile
72d50d0c-8d7b-4fd4-9899-5130d7f07f38,a12b17b4-4f19-4b33-8317-14f9c592439d,2026-07-31T15:01:10Z,confirmed,34.53,PEN,api
87d815f1-5c9c-4297-b908-78df40c06859,a4e2496e-43e2-4797-a15c-9c771afa100d,2026-08-27T10:17:33Z,confirmed,732.52,PEN,web
3170c18f-01fd-4e44-ade6-5969e00ce611,2d5ff65c-e594-44fa-a4ed-f7a4fb6dd4fb,2026-09-13T07:15:34Z,confirmed,3328.01,PEN,web
339adb27-df33-4ba6-9ea6-7d43c4386cfa,42bbaa43-3082-4632-81e7-9a3fc8e2482f,2026-09-10T18:38:01Z,confirmed,997.6,PEN,api
96de43f7-72d3-4493-9a24-ed72d04b6526,423a37fa-1901-4fa0-89b7-9687c281aca8,2026-09-30T09:31:46Z,confirmed,14797.42,PEN,api
c1cdf167-cb41-42b4-8c8e-5cfcf2d83e44,5372a4e9-66da-44af-8641-039da83ccee6,2026-09-05T12:58:34Z,shipped,12014.93,PEN,api
43f43fa1-ea6a-41c2-98d9-e6b107685ace,4f1a52c5-ddd5-4dcd-a3ed-af773d4ea8d2,2026-09-04T12:55:02Z,confirmed,3177.23,PEN,mobile
987f3cdd-826a-4f5b-975d-94b6760916b5,8a7555fc-c468-4d83-b83c-25fccfdde609,2026-08-01T12:32:03Z,confirmed,1402.23,PEN,web
c0f1a723-19fa-434d-8771-c0d5b2025a2a,bcd51f6a-f39a-490a-a3b8-d3f8cce89550,2026-08-10T17:42:14Z,confirmed,10476.27,PEN,mobile
a935d86f-232f-4119-a1b1-889d3246b45b,8d5d3f25-f4df-426c-b521-662882d06c4d,2026-07-25T15:15:07Z,confirmed,3627.16,PEN,api
66136f63-4fe8-4575-a3ce-4a2243eee11b,63d9dc23-e2ea-451f-86a2-970b158e4769,2026-09-13T14:40:08Z,confirmed,1032.22,PEN,api
b03f802b-20f1-4730-9982-be69f6815a77,61906bf9-012b-4daf-9e28-ad84690c6db0,2026-08-08T08:07:03Z,cancelled,5664.51,PEN,web
6b7335bc-bfce-4172-ae7d-336f286a16cb,5fa52602-705f-45ea-9b5c-11662c5a54d6,2026-09-13T11:54:46Z,confirmed,7466.93,PEN,api
10b9ffa2-b4d5-4d44-a6ee-0eb50d1f8296,072a52bf-2544-4f3a-9884-be2c40a385b1,2026-08-31T12:59:58Z,pending,1151.07,PEN,web
b12d8321-597a-4994-990a-fe003b26a624,5daf8384-4094-4f5a-8b55-8d795293f9ae,2026-08-27T17:52:01Z,confirmed,1213.81,PEN,api
8aa9988a-2ea1-45a9-b139-f35820d559bf,281c9175-fdee-4f0c-ab70-7eb5ce08288a,2026-09-28T16:44:14Z,confirmed,1521.32,PEN,web
0f86c691-031a-4d48-bf7c-725a543bef04,bbfe61aa-c4c7-45b9-8074-38dcbc9d6ff8,2026-08-26T09:11:10Z,confirmed,2833.98,PEN,mobile
8bf0910c-8d86-4299-913d-27289490114e,7558f1a2-f896-48e1-8105-1fbbeee28d33,2026-08-08T11:07:28Z,confirmed,121.56,PEN,api
f3c79743-f93a-4f69-840e-9b6357ac2838,5678ce0a-ee33-4162-bfbe-5c5364436ed4,2026-07-24T17:24:28Z,confirmed,2219.31,PEN,web
f86fcc26-20ff-4db9-a656-fd581787cc49,1a2c8976-b6b2-4fa2-89e1-15a4a4a9ff4d,2026-08-02T10:44:13Z,confirmed,3245.03,PEN,api
4476ec30-42f2-49b6-ba2e-40706f00db2f,0321ff9a-a7ed-4404-9b35-1f5d793c4c91,2026-09-02T12:34:38Z,rejected,1814.87,PEN,web
d522dbbe-5c75-46b5-8157-c92fdd956d4b,df2f0c38-a64e-4441-b61e-fac5aca71d32,2026-07-25T06:19:25Z,confirmed,59.13,PEN,api
8217a028-1ae1-4a56-a3dc-93b73a0c03b4,561a23c7-5ae3-4bed-afbb-47c53a54dc1b,2026-08-16T14:29:07Z,cancelled,158.38,PEN,api
349a8030-1353-4927-a1ed-7ea3014192ef,958c498c-c61b-446d-85e1-9e24dafafff7,2026-09-15T18:44:54Z,confirmed,2537.05,PEN,mobile
3ac45a3d-1904-462c-b828-88e7bfe6504d,272a5f90-a862-46ef-8f00-a376f970a2f3,2026-07-27T11:14:22Z,confirmed,1948.69,PEN,web
ddfde56a-e9b9-447f-8754-7282debc4c6f,335b74db-6dda-4316-9ab3-9648d265a566,2026-07-20T18:42:58Z,,307.47,PEN,api
c4d08b2e-d170-489d-ae5e-dee1a332d585,fd40388b-797c-4fd3-91f5-75033761e3fe,2026-07-18T07:17:28Z,confirmed,1290.89,PEN,mobile
9665b78b-1a75-43d7-b69c-8e34456487f0,afee4f14-89de-4dab-b2f3-ffc46b562d8e,2026-09-23T17:24:49Z,confirmed,927.78,PEN,mobile
900fc997-ca7c-4f69-adc8-0e10c8166bea,b024f91c-a961-4278-89bf-6b4ac402a130,2026-08-09T07:23:05Z,pending,2574.84,PEN,web
0a1eb741-8998-47f7-bd28-0f75b0092cdf,f1874406-082d-468a-87e9-d5b0aea86117,2026-09-14T09:33:14Z,confirmed,1657.25,PEN,api
35ae668b-ab25-4b9b-8086-c5433b1da70a,cced02b4-6156-426b-b179-256213e038ef,2026-08-29T12:56:10Z,rejected,1960.05,PEN,api
d4f92a1c-ef91-4970-8d4f-dd645574e440,d59c885b-fef4-492d-ae52-df9813ef2edf,2026-09-19T08:18:53Z,confirmed,2678.22,PEN,web
799a0e5c-66f2-4173-a191-e0427c940385,603edfb4-fa8b-413d-87a0-20746302a213,2026-07-26T15:36:58Z,confirmed,2171.36,PEN,mobile
967e8696-ebf0-46d3-a1c5-cbee8f8d6a49,06367bc7-5240-48dc-b69e-e6601f501b3e,2026-09-05T08:52:00Z,confirmed,2279.85,PEN,api
f8b82df0-ff18-4fac-aeb6-b60668ef9bba,d584c8a3-5316-4a31-9fe3-a81393b81785,2026-09-17T15:41:14Z,confirmed,2747.87,PEN,mobile
8c3d3810-bafe-4f0b-aea3-7553b90b1d64,97d6e274-2e2d-471a-92e1-fddc575f6bdf,2026-08-31T16:18:35Z,pending,1093.84,PEN,api
8715c3e1-52c4-493e-bd6a-9ae10f506212,f3e61789-4928-46dd-b493-0b84a5582ca0,2026-07-30T11:29:15Z,confirmed,10845.41,PEN,mobile
1524cec8-0594-44fd-85a0-4b73751fc1c8,76926ba4-faae-4a89-b213-5c7db58f9b3c,2026-07-19T12:06:04Z,confirmed,992.02,PEN,web
da437bdb-6747-434e-a4db-5f425ed5439d,78d58dda-aee9-472c-a706-8f4cc413d886,2026-08-29T09:23:42Z,confirmed,2208.85,PEN,api
565b7651-7af8-47d2-b09e-252ce3068240,830c7df5-6467-433b-bf47-4a58e0953621,2026-09-10T15:09:48Z,pending,1462.89,PEN,api
360b057e-901b-4b7a-87eb-5047ba4c38d1,8b684f0b-5d0b-443d-a1e6-fc6a3e4ddb40,2026-07-23T17:43:53Z,confirmed,2084.2,PEN,mobile
6e2b041c-bf90-42c6-bec4-00e28a3201db,bcd59ce1-972b-4e78-931c-15ca12b1a654,2026-07-26T06:26:03Z,confirmed,1394.21,PEN,web
087eac7b-fba2-41a1-9a4f-c8557727ee09,224b85ae-00f1-4c2d-b1f2-da6139ad614a,2026-08-01T15:49:41Z,confirmed,10076.89,PEN,web
c0754232-c124-41a7-8a26-7215d1e527f1,22f22e80-026d-470a-bb6c-8470423b5205,2026-08-13T12:34:54Z,cancelled,5275.92,PEN,mobile
bd66b613-f4dd-49bb-9320-f52390c7c394,a32503a5-bd37-4c8b-8f1e-7b2731124ea9,2026-08-11T09:46:09Z,confirmed,1024.85,PEN,web
2314f2a6-2121-49c2-a131-4af7dcd59a4b,3b72849e-e5ad-4954-bd09-b2148506707c,2026-09-10T14:33:26Z,cancelled,2906.79,PEN,api
4ceaca18-543d-4e8a-8d1f-67ff52bbb05c,44dfec7f-26fd-44f7-92bc-5513d6430f4e,2026-07-19T10:18:19Z,confirmed,5401.56,PEN,web
23d69f25-4a83-4fb8-9155-4818a9f1c67d,044ba6aa-69a4-4ef5-ba85-810c49298754,2026-07-26T12:27:27Z,confirmed,4959.97,PEN,api
91803099-2723-4c78-933e-0abac9e4bdb1,423a37fa-1901-4fa0-89b7-9687c281aca8,2026-08-26T09:06:25Z,confirmed,2388.3,PEN,mobile
a097dcf4-d073-4f1b-90ea-911c78456834,11165a00-ca1f-4bcc-a279-e751a383ec07,2026-09-05T09:50:43Z,cancelled,2002.96,PEN,mobile
54be72b7-a87c-4e74-984e-7554d3ea82f6,b1c9cdaa-07ff-4cce-b24f-c39627bb9132,2026-08-10T17:22:36Z,pending,1925.76,PEN,api
d6c12bd4-3f43-4c97-aeb0-8c116d09e95c,60222975-4e97-4214-bcb6-4421d3220e64,2026-07-22T11:06:29Z,confirmed,983.57,PEN,api
4f7fffc8-2c25-4f10-9040-591374c1567d,469bf60a-9132-47f4-ba08-44f374c25ba1,2026-09-08T09:28:24Z,pending,1479.96,PEN,mobile
b04e0e30-9477-40bc-948e-6ed0d904105c,f60ce4d4-f3fe-462b-85ee-8de5b4e14e16,2026-07-29T12:36:40Z,pending,620.19,PEN,web
7bdd0ad7-b749-47f1-ae59-7a922666d17e,022a424e-e532-4d17-ad7a-5abe117711d1,2026-07-25T10:12:33Z,confirmed,624.52,PEN,mobile
a019e94d-d747-4c53-84a3-5b60238a7aa0,60222975-4e97-4214-bcb6-4421d3220e64,2026-09-06T15:37:47Z,pending,1482.4,PEN,web
583f262b-0efd-4851-85c4-b41c5cda559b,45e42b0d-c43d-4b2b-bda9-ea2fc0f85a4e,2026-08-22T11:04:23Z,confirmed,2681.11,PEN,api
ddbf92a1-84c5-484b-b09c-a304b251e6b7,b9b88b85-3115-4cf7-8701-8b8653ad5596,2026-08-10T12:41:19Z,pending,769.76,PEN,web
3d6952b7-2f99-4a50-91b0-9f7fb2b2da70,b93fabf6-5a92-4ff2-b3cc-b512b57074b5,2026-08-11T11:36:54Z,confirmed,935.89,PEN,api
b7c47d84-1924-4faf-8f45-1c0a45b1c38f,adddcb7f-f777-44c3-b797-38c779738306,2026-09-15T13:57:24Z,confirmed,1195.17,PEN,api
69bb959f-7510-4702-9e59-f0b610f74b60,7ab0bd07-9e43-49c5-af68-6981d0def1ad,2026-08-27T09:05:04Z,confirmed,3518.72,PEN,mobile
36a5f146-c81d-4c49-82ba-55c01a494987,6e10d223-7e23-4c4e-a043-c9d40c62552d,2026-09-26T07:43:17Z,rejected,1085.71,PEN,mobile
3d897629-2f03-4848-bd7e-8429a7f68bcd,9b1a0870-9c0a-471f-b401-69ddde89e52c,2026-08-18T13:16:30Z,confirmed,535.17,PEN,web
8ed6e3ba-63f0-4514-91cb-ff54c5acca23,6141214e-f7a0-49a3-bc70-d8e6eb8c5f86,2026-08-20T12:35:37Z,confirmed,1378.76,PEN,mobile
46aab2f1-5892-4f50-bc20-52093a6f6dcf,044ba6aa-69a4-4ef5-ba85-810c49298754,2026-08-15T15:41:36Z,confirmed,169.36,PEN,web
f8eb5e9d-f4c0-4d35-86d7-942cd4ad8b77,d26e3c25-fe5b-44bc-9956-a99d577eca87,2026-09-28T15:08:41Z,confirmed,1738.49,PEN,api
b407c887-9b98-416e-bc16-6265a00eb953,e383e5ad-bc89-43a1-9017-e485bf86ac9f,2026-08-19T15:01:34Z,confirmed,964.73,PEN,api
1f2dfac5-7043-453e-b68e-00375662ddf3,a12567d3-c73d-4034-93ee-61b03e2b02b1,2026-07-27T09:37:03Z,confirmed,4639.97,PEN,mobile
0336106f-db06-4d4f-89e2-48eca525543d,6b2ff8bb-d5cb-4f80-8702-c6c672048586,2026-08-12T12:47:16Z,confirmed,259.26,PEN,api
699f80ff-4dba-4b9a-b634-3c0093dccaf1,efcf5f3f-7fa9-4758-81d1-6e79cc303f87,2026-07-24T18:58:03Z,pending,3357.08,PEN,api
6498eaf5-a0b3-4a92-bb7d-5c736ba9d967,a84eb40c-9ab2-4220-85b5-80ad342e4309,2026-08-09T11:10:31Z,confirmed,7111.56,PEN,api
6642a52c-7ec5-4dbd-a38c-f4b3679e5786,a4e2496e-43e2-4797-a15c-9c771afa100d,2026-08-27T13:55:35Z,rejected,2866.12,PEN,api
0f60b649-90fb-4267-84dc-07c866d004ee,d0ea81ea-a02c-465a-b9df-2b879fff3bc1,2026-07-22T17:59:48Z,pending,444.04,PEN,mobile
b1129975-2356-47fe-baa2-fcbedb78b55e,9602f8ce-7fd8-4f6b-8de0-ed03afd3f928,2026-09-15T11:43:49Z,confirmed,2173.79,PEN,web
1fc45735-3553-464c-8554-0aa7cafefc09,f43453d5-9613-4bb8-9f17-a8b917b1009d,2026-09-02T18:04:39Z,confirmed,208.2,PEN,api
e0d7d1af-eb66-4f27-90d2-dfb898df0241,95271a20-c276-4954-a847-8ae96dbdd33d,2026-08-18T09:53:14Z,confirmed,24.93,PEN,web
2b935bc6-b65d-4281-a5f8-7688ece3fdc8,c86993a3-c43b-4ebc-ac41-d3ac8dc819bd,2026-07-24T16:13:30Z,shipped,702.84,PEN,mobile
d0d4289c-67d5-4ec0-8f1c-39e67fac0ded,0a88f0e9-5202-4f90-bd26-e0cfc9acda14,2026-09-25T16:26:02Z,cancelled,537.49,PEN,web
3c07cba7-ea6c-4d44-80ad-1ebb2bf461d2,30d05281-e54e-4924-963d-2edc8bd6f4e8,2026-09-09T09:08:26Z,confirmed,1322.67,PEN,mobile
051feeb1-951d-4540-b4a1-eef219ac495d,63989e9e-4167-49d9-9aba-4605bf21d9bf,2026-08-20T09:45:00Z,confirmed,3413.03,PEN,web
79eaf147-319f-4a15-8b93-4cf12cd20a9f,4dc8a09b-d1ba-493a-befb-f821d38b86e1,2026-09-28T18:41:20Z,rejected,1614.19,PEN,api
ab1646a8-c789-4581-9441-d8f1b6374268,be2cc938-34ef-49b0-ac41-c8219929c599,2026-08-25T16:56:36Z,confirmed,2684.62,PEN,api
bb9ba630-b3e8-4bbc-9930-56e551ff0013,44dfec7f-26fd-44f7-92bc-5513d6430f4e,2026-07-25T14:56:44Z,confirmed,3329.88,PEN,mobile
8ab23bcf-254a-4506-8b7e-fd85a375bf99,e5e6592b-251f-43d5-aa20-a12aeb586076,2026-08-15T13:53:27Z,rejected,7775.1,PEN,web
ac485f0f-7f2e-49a0-b8ba-544ae8e4a543,908a0a58-b4bb-4980-a6ec-61d254468cfe,2026-08-27T12:30:56Z,rejected,1524.62,PEN,mobile
50a2991f-d507-416e-bc57-d1f324e8fa9f,1b321311-2d86-46c1-9871-3c85a416712a,2026-09-19T09:23:17Z,confirmed,5849.2,PEN,mobile
ae34ef81-3d21-4438-a4fb-fba09b1a8ef3,a1542865-0d56-48cd-bbce-3d1c15223e01,2026-08-21T16:24:44Z,confirmed,1783.62,PEN,api
de23641e-52e5-4d82-ab7a-ad8086773548,843d21a3-fbde-4d65-9bfd-a965fd95e01a,2026-09-25T15:17:13Z,confirmed,3645.6,PEN,mobile
554b7175-3e92-4031-9212-b2bd8cf8ff5e,fc1b4094-c1e5-492b-99cd-0335d30de363,2026-07-28T09:23:44Z,,2563.6,PEN,web
35dff22b-335c-4322-a4e7-b88c4d464291,6ff36690-1e16-485f-a21d-3c1a69687ba1,2026-08-12T15:15:19Z,confirmed,2276.84,PEN,web
04a7d950-f4bc-419c-a990-f75564fcf987,5dffb6b5-9448-472a-b188-e17e4ae0d624,2026-08-03T11:47:24Z,shipped,1052.64,PEN,web
a161d332-71af-4b8b-936b-16849d933869,f6f1327a-8657-4a5e-a82a-1136fabdf917,2026-09-10T18:07:11Z,confirmed,472.48,PEN,web
b00a96ba-14f3-4c0c-9c53-b059a614447e,9dfe24d2-2c4d-42dd-bec9-eaba907236de,2026-09-05T11:53:33Z,confirmed,6488.16,PEN,api
20700fe5-c850-4c0f-aaec-f4a3b6c11845,907e3ee0-5dff-48fe-9d89-853fde48152a,2026-08-04T18:39:27Z,confirmed,2594.96,PEN,web
3230e6db-5715-4fbb-abb9-e9afe0bcbf40,2198933b-98e4-4260-a985-98ea41253523,2026-07-26T09:17:22Z,confirmed,2680.39,PEN,mobile
a51d99ee-395d-4d4a-ba1d-68cc5d19c1e0,a7f402cd-39f4-4dc3-a0f5-883415d6235f,2026-09-10T09:29:18Z,confirmed,11319.98,PEN,web
5ef1522e-be6b-41cf-9a05-3dcab22a631c,2586604d-c19e-468e-8b45-4b0eb398a91b,2026-07-19T15:25:20Z,confirmed,1800.52,PEN,api
d9408f9c-f8d3-4315-9a38-0f1acc2d580e,cea69192-4869-4227-b9d6-a5a0ae413e91,2026-08-19T10:10:11Z,rejected,6104.19,PEN,api
62f6c4b2-3a7a-4bf2-9aab-64c9c6004472,2538dc2f-9e8a-4232-8d93-773bc4401de3,2026-08-28T14:00:33Z,confirmed,1652.88,PEN,web
720cecad-faaf-4a7b-bf75-9964e5031242,8eb2ae34-b7bf-4544-80ed-a388f8b402b8,2026-08-18T18:28:12Z,confirmed,1469.41,PEN,web
1fa0f735-42be-49f6-8f00-ad686568d816,b69086f5-255d-43dc-ac03-5ee519990367,2026-09-20T11:57:00Z,confirmed,3131.01,PEN,web
7ebdcb61-cc20-4409-988b-6c30239561ae,00949d3b-f64c-4ca5-a64a-f6826ecf1389,2026-07-26T12:54:46Z,confirmed,111.56,PEN,web
23872038-73aa-4047-a51c-a3a25c614b73,bedb21a8-08e4-40ed-9977-27bc309e057b,2026-08-11T16:34:54Z,cancelled,1953.82,PEN,mobile
03310347-3324-46b0-8c80-1b5e6f524613,335b74db-6dda-4316-9ab3-9648d265a566,2026-08-07T15:52:54Z,confirmed,1317.65,PEN,web
e61d1dd0-7995-480c-9756-13efa5926a9a,9308ede6-3016-4e5f-902c-6fb90cb758de,2026-08-05T15:54:08Z,confirmed,2203.12,PEN,api
79d570d1-419d-4fc9-9f03-c8a25a76e949,77c0eb76-ecee-47db-846f-fc2d91788548,2026-08-26T13:46:08Z,rejected,1473.07,PEN,mobile
f1498e49-295f-454e-ac89-ebfab8d8f5fd,3288c011-3674-43e2-9cf8-1797edd80857,2026-08-15T13:47:01Z,pending,4829.5,PEN,mobile
abbdd3c6-0f77-4421-a119-1e28f453bd41,94e3bb75-5c58-4564-92f2-241295510f9f,2026-09-10T15:34:37Z,confirmed,1437.09,PEN,mobile
e768fe39-7cdd-4580-84e7-c3fa5dddcf42,3da6dafb-d908-4fa9-b9d1-94336d3a4a3b,2026-08-07T18:53:41Z,confirmed,855.94,PEN,api
579ddb75-27a0-4bbe-b4ed-5aec95318296,ce88cc76-e902-47ee-bc15-175c0d97b217,2026-09-08T15:38:45Z,confirmed,100.52,PEN,mobile
29907a6b-91d9-43e4-8195-8c08d716f84e,d59c885b-fef4-492d-ae52-df9813ef2edf,2026-08-01T12:07:01Z,confirmed,1348.57,PEN,api
5ab311b3-3ec8-404e-8eb2-05e49f6ded9d,022a424e-e532-4d17-ad7a-5abe117711d1,2026-09-12T13:23:40Z,pending,823.92,PEN,api
f11269ac-7095-4acf-90c7-ad2e0b573062,a5376b6f-5b26-4a3b-a42c-918b28bca1f4,2026-08-14T17:54:33Z,rejected,2413.74,PEN,web
f8d960e7-1641-40c3-b2cc-71c19997d95a,4b643087-acd0-4cf9-ad3b-318b11660d52,2026-08-12T09:43:48Z,confirmed,5050.5,PEN,web
0e34bbbc-4015-40d0-9c37-e1152f4f11a5,a7f402cd-39f4-4dc3-a0f5-883415d6235f,2026-08-11T15:48:37Z,confirmed,5292.42,PEN,web
c32a2990-1fdd-4894-bf6b-3f86866cacd1,6f6edb8e-e930-4265-b251-3eb2890c9967,2026-08-20T13:35:42Z,confirmed,6367.32,PEN,mobile
ae90dc21-0357-4062-bf9b-46400056754b,4fcc29d8-4cdc-4b7c-b010-e57f74eb546f,2026-08-28T13:40:19Z,confirmed,1046.58,PEN,api
3413993a-e5c6-4e3c-928e-964481a4bb9e,e326bf87-8738-4a7c-842f-70cdd4deb567,2026-08-04T14:25:39Z,confirmed,6098.96,PEN,mobile
bf64afb1-ca0b-4ef6-ad93-33d4f329dd5e,94424430-c506-4bda-8e56-75b706d4e9a3,2026-09-23T17:06:43Z,confirmed,3301.9,PEN,api
e57ada11-5675-4c10-9970-b0796796145b,9216a40e-c898-4e30-bb44-e8da2b09a43d,2026-07-30T14:00:18Z,confirmed,382.68,PEN,web
b8feeb68-dd17-4d4e-bed0-b57343efa6c2,1af80749-a1fd-40cc-b540-973a52283935,2026-09-09T14:11:03Z,,2385.82,PEN,mobile
94268042-d0d7-453a-97de-432eddf2c275,16d2de38-8593-4310-8225-5ac603823e8a,2026-09-16T11:57:52Z,confirmed,196.52,PEN,api
c5f72898-9c99-4f21-977d-e8d616eaf691,d8c6c698-1a27-45db-ba6b-23adda15d2b8,2026-08-07T14:49:10Z,confirmed,4282.7,PEN,api
9b8c47e8-4e42-4dfb-aa1d-97f7a0d726d0,e709eddb-721f-4a24-a748-14e96180b661,2026-09-26T09:00:27Z,confirmed,4801.43,PEN,web
d43c937e-b9f8-4b8a-bd6f-0b9b74adb835,5f3ca191-6b40-4c74-921d-62f66116f7c2,2026-08-20T15:30:33Z,confirmed,1636.38,PEN,mobile
e9cf0149-98b0-4334-8bf9-b8edfbd398ea,8cc988ee-01e8-447e-96fe-39aaa8ee442e,2026-08-05T12:16:15Z,confirmed,9821.27,PEN,mobile
4f5c30b6-60ca-4809-83ca-e27b8a653273,3666a38d-12be-4fe6-a6a8-dfaec757e6a3,2026-07-30T16:53:06Z,confirmed,2373.54,PEN,api
e925b4be-2d2b-4756-9523-e8979c004a21,4803b749-bb44-40e1-b6b0-c4f42b19f477,2026-09-07T18:21:11Z,confirmed,150.68,PEN,web
c7cb840a-3ccd-484c-b0cf-d6aac69ea30c,18dd6ea2-3bb5-406a-a206-e37bad7a908c,2026-09-16T12:41:59Z,cancelled,6041.32,PEN,web
db560140-0e37-4f51-8e11-56795b5ff8cc,5326b56d-c246-4875-8a41-7b250561cf56,2026-09-02T12:56:49Z,confirmed,2488.25,PEN,web
01f91830-ac44-4bf8-b686-08e74c771a76,1b7a3e86-d1cd-45f4-a8ed-b9b4c510aaf8,2026-09-08T17:00:50Z,pending,3568.12,PEN,web
e70d4a42-1cfc-4534-b969-000b96705bf1,8a7555fc-c468-4d83-b83c-25fccfdde609,2026-08-04T11:18:38Z,rejected,2994.89,PEN,mobile
7fcad782-c7dc-46a9-902b-632f2aebf492,acf41c21-51ab-44df-81d1-d138e80ad382,2026-08-08T13:56:14Z,confirmed,312.96,PEN,api
b7a8e3cc-978e-4012-a5c1-750023a1442b,b7d43c85-df95-4eac-8c46-8acaa309891f,2026-07-18T12:04:18Z,rejected,1867.31,PEN,mobile
c3205fa5-c151-4083-a174-c21d6e5a8695,44dfec7f-26fd-44f7-92bc-5513d6430f4e,2026-08-20T09:52:23Z,confirmed,5339.86,PEN,api
95cc3755-529c-4822-be67-991210c1fc78,21c7a614-f229-4e2f-9e58-d12b04ab66db,2026-08-28T13:06:46Z,confirmed,680.79,PEN,mobile
22c9d93a-c55e-45e4-87e7-c0bbfe5b4ef0,35536ab9-19d0-4864-ab90-e8695ec85aeb,2026-09-29T12:33:14Z,confirmed,949.04,PEN,mobile
044c3a2a-690e-4887-bf2e-cd89f974f1de,a1542865-0d56-48cd-bbce-3d1c15223e01,2026-09-03T16:48:47Z,,686.7,PEN,web
060407df-3248-4262-b877-3d64b8a2be52,9b59acad-8db0-44c4-b089-bcc1cc028dbf,2026-07-25T13:34:51Z,confirmed,1777.75,PEN,mobile
694e77ff-9a58-4f58-a282-6507c5bd3a3a,2c87f330-93a6-4a1c-acd5-461078e4c0a5,2026-07-31T18:20:32Z,confirmed,556.4,PEN,web
e712ecb7-1d6f-4baa-a892-8d1335c8d979,9f9c0621-b7a6-4d37-befb-0d326a80606f,2026-08-17T11:11:15Z,confirmed,1197.31,PEN,web
8b1652df-9db9-47ed-8bfc-3874c8153467,c86993a3-c43b-4ebc-ac41-d3ac8dc819bd,2026-09-09T10:08:53Z,shipped,3920.95,PEN,api
e1627e20-3307-401e-a22f-77a38b0cad7f,6f6edb8e-e930-4265-b251-3eb2890c9967,2026-08-23T14:36:08Z,confirmed,5001.9,PEN,web
ce31d6c2-85c5-434a-84bb-a8a20eefc573,316b114d-92a3-48e0-8aec-7eb0fadccf25,2026-08-25T13:38:54Z,,461.7,PEN,web
c6c1c1d2-d73d-4884-8212-128ce151ef3a,a8070765-f016-4e99-9e46-01f67de200ad,2026-09-08T17:30:25Z,confirmed,114.7,PEN,web
0bf99e07-3e43-485e-8cf2-64fa077b7529,00949d3b-f64c-4ca5-a64a-f6826ecf1389,2026-09-09T18:22:58Z,rejected,268,PEN,web
4852b588-b844-4d66-badf-b19163dfa6da,5372a4e9-66da-44af-8641-039da83ccee6,2026-08-03T12:44:30Z,confirmed,3087.19,PEN,web
207cbff6-1b05-45ae-80a5-bc5910a8dec2,fb6c629d-6fce-4586-9eef-1cedea6880b1,2026-09-16T10:01:48Z,pending,465.86,PEN,api
08129e98-46da-4a5e-a09e-5b0c8f9a9b68,3773b190-b472-4990-ad7f-7898b7680b77,2026-07-30T17:59:43Z,pending,1239.51,PEN,api
c1c716e5-81a7-4524-b090-f2b9d14f6f75,cced02b4-6156-426b-b179-256213e038ef,2026-09-23T16:18:02Z,confirmed,515.95,PEN,api
6809e832-496e-44c7-a304-f35a3463f3cd,63ef388d-2232-4405-9196-7720c7736aaf,2026-07-22T17:19:13Z,confirmed,6888.9,PEN,web
f4e69393-c651-4b62-9ace-ea742c8d5c6c,3288c011-3674-43e2-9cf8-1797edd80857,2026-09-16T17:35:18Z,confirmed,3420.12,PEN,mobile
67446971-169e-4098-9c28-2ff814995529,c54317f0-fafe-4276-ae36-0d4a1ff82a88,2026-09-27T15:53:11Z,confirmed,2367.35,PEN,web
76f2997c-eec2-4300-9c2c-14617f0f72f5,c202b659-a768-4897-bdf8-9ca61dcf23b6,2026-08-16T07:21:24Z,confirmed,2865.09,PEN,mobile
838d697f-528d-41ce-a8fa-2a9e840f5c1e,4749a5ea-15ad-40da-acbb-5c0fcebbd86e,2026-09-08T16:59:46Z,confirmed,3405.66,PEN,api
281e4642-8a59-4673-89a4-e99c25c9fd7f,0d79cb79-02e7-4418-8da6-fdbda01e1620,2026-08-19T10:49:18Z,pending,609.46,PEN,web
d91e93cf-e3ed-49db-9899-86daf0e6ec75,16d1e87b-5980-4616-ba63-5fa740f5e2c1,2026-09-03T14:34:15Z,confirmed,8116.23,PEN,api
4688b2f1-313c-46e6-8513-331072fd9d5f,20463886-05ca-406b-8663-923fe6665022,2026-08-30T08:34:29Z,confirmed,258.72,PEN,mobile
c9ad0cda-798f-45f3-bb72-16760079b959,6ee43709-f998-428c-bd24-06abf0523d55,2026-08-06T15:37:57Z,pending,2169.3,PEN,web
3f86acab-7856-4caf-b883-430915b09c57,4b80efeb-c237-4174-abe3-0c088eb1f99f,2026-08-15T13:29:12Z,confirmed,153.36,PEN,api
4e030d44-96ae-4d71-849d-20f987feac22,b69086f5-255d-43dc-ac03-5ee519990367,2026-08-01T13:28:33Z,confirmed,748.7,PEN,api
89877535-0f39-41f3-b7fe-a4323cdb7abd,8f03a6da-c181-416e-8736-ce59aaecdd50,2026-09-09T13:14:31Z,rejected,261.76,PEN,api
b276a425-1159-4758-8786-abf261f6105a,a7aac2bc-045f-4608-b5b9-111f71851153,2026-09-02T14:42:12Z,cancelled,1678.84,PEN,web
e9b20d27-bc6a-4048-9455-b1dd9013f5fb,815b96fb-b5c4-4a3a-8dab-8a336d8a6a68,2026-08-20T16:14:37Z,confirmed,6474.79,PEN,web
7c737bf8-4692-47a0-85ec-dbc35c08a6ff,958c498c-c61b-446d-85e1-9e24dafafff7,2026-08-25T09:20:16Z,rejected,1947.07,PEN,mobile
2e3c64eb-b93f-40a4-ae9e-c67977001de8,b7c680a6-84e5-47d6-b3bf-6d57f2eb99a8,2026-09-01T13:16:43Z,confirmed,632.8,PEN,web
a932fc4f-cc50-462e-904e-a015c619bf39,1b7a3e86-d1cd-45f4-a8ed-b9b4c510aaf8,2026-08-15T09:21:44Z,confirmed,2253.08,PEN,mobile
41e3863c-df9a-4b6d-854f-8b8b716bb9f6,983f56cb-6710-40b1-bec9-969a30b40a85,2026-09-03T17:20:56Z,pending,10130.71,PEN,web
7f6ae9eb-83a8-464c-abea-e8f85127388a,bcd51f6a-f39a-490a-a3b8-d3f8cce89550,2026-08-22T15:46:31Z,confirmed,7246.25,PEN,api
2c4711ed-0499-4b4f-9a2e-8888e39299fb,eea44e6c-a770-4789-a4d5-0267f36c9ea2,2026-09-16T14:00:07Z,confirmed,3819.5,PEN,web
b9fb9866-4446-443b-8cf3-70232e81420a,57afb190-1d38-4236-b561-b10ad04d825a,2026-09-16T14:08:05Z,confirmed,1357.74,PEN,mobile
acb5adac-011f-4d17-8045-cd5813fae573,5e486750-d4a1-4e2d-ac24-955d8fff8421,2026-08-06T10:16:58Z,confirmed,9177.3,PEN,api
74c19d05-819f-415c-9b1c-606d8e1d63eb,a56c1b16-467d-4c06-b3cc-0e97e2a70314,2026-08-02T07:40:38Z,confirmed,6445.41,PEN,api
bcf0e7cc-b7d8-456f-b85d-4ac521808d56,c1745dc8-b3a6-4fd4-95ab-ba02610b9dd6,2026-09-23T14:00:45Z,confirmed,1221.49,PEN,api
94e20aa5-26b2-49a3-88a5-ccecedda39a1,84541a3c-dd53-49be-9a2e-a983ff5d06fc,2026-09-20T15:23:25Z,confirmed,171.64,PEN,web
eebc15e6-157b-4711-baf5-3c2446295450,c75f9bb1-3a34-4c58-8871-05762405f95a,2026-09-28T13:28:33Z,confirmed,722.83,PEN,web
d6c7197d-7241-4b73-b79e-97b96f0c55ae,3e5fdb45-99b3-4bac-9f67-1a3e50d7bbeb,2026-08-25T17:12:29Z,confirmed,1207.36,PEN,web
bc054460-bcda-47f8-8dba-c2d85416a1ad,dbd09dd7-5e26-4786-96bf-d6adfe5468f6,2026-07-19T10:02:11Z,confirmed,160.66,PEN,mobile
753bbbb2-a52e-4866-b1fe-c0527d4d6627,a7aac2bc-045f-4608-b5b9-111f71851153,2026-09-11T09:13:16Z,confirmed,1042.53,PEN,web
7937fa1c-7c1d-488a-801c-7fb247b10937,1532525c-75ec-4957-b770-d8cb313d282f,2026-08-24T16:50:05Z,confirmed,1489.96,PEN,web
c3cc3a98-484e-4452-a03d-2950d56b290c,c1a2cc8a-174f-4def-9b19-b37f0a823c09,2026-09-22T17:41:10Z,confirmed,388.64,PEN,api
6b5c4ad8-d509-48cf-beed-5e9fd12a02b5,57ee9086-6443-41dc-97d1-7ca7c27bd887,2026-08-09T06:11:06Z,confirmed,984.19,PEN,web
b05944ff-b1c9-4173-9a49-936a975e644d,6f6edb8e-e930-4265-b251-3eb2890c9967,2026-07-18T15:02:35Z,cancelled,2373.51,PEN,api
bc7eef30-e53c-4e2e-b491-53f7f1cc149c,4a67ea1f-75fc-4716-a28d-e9f79dd91fbe,2026-08-18T10:23:31Z,confirmed,248.19,PEN,mobile
05eb6904-930c-4b3f-9413-5975f23b311b,ceb37e68-1465-414b-8d42-6d20def61054,2026-08-17T14:17:15Z,confirmed,2043.64,PEN,web
6efb5e18-c602-4f47-931b-0226bad22113,a09eb78a-46ec-4d7b-ab4e-611a4cbb7792,2026-09-10T10:04:43Z,confirmed,569.58,PEN,web
707293a9-ef75-4a1c-bd89-0c4c8ba0b1e1,e0042dc2-c04d-4bdc-b17b-e0a3e25311dd,2026-09-16T09:22:43Z,confirmed,1591.56,PEN,mobile
a332fc69-7566-4bea-95ff-1721f0c20284,ea65059a-013b-45c6-8897-2d7bfc2097a8,2026-08-14T10:59:56Z,confirmed,2896.81,PEN,mobile
5bd926bc-491b-4952-a8a1-c4ba0c35a67a,d26e3c25-fe5b-44bc-9956-a99d577eca87,2026-09-07T17:33:35Z,confirmed,85.65,PEN,mobile
8c9bd2e3-5193-4fd1-a4e9-e4a9e460400f,ec84275f-6425-43bb-8085-a3238bbaf2fc,2026-09-26T14:37:34Z,confirmed,811.51,PEN,mobile
483f4cca-61f2-4672-a279-a4756e3baf44,ff6cb621-5df3-43e7-a96f-86581487c24e,2026-07-18T13:59:28Z,confirmed,88.62,PEN,web
b0e6e490-0062-44b8-9547-44be32cf44a6,dd2e775f-aed8-4b7c-8955-21935f06f059,2026-09-27T11:48:28Z,confirmed,3413.05,PEN,mobile
6fd8f445-40ec-44ab-aa21-233b7236cd0c,40039c98-8535-45c4-b2ab-a0daf524fa7f,2026-07-22T14:31:52Z,confirmed,8023.06,PEN,api
84894f78-d5a3-4172-bbb9-21a96ede84e2,562c3e97-4fcb-4914-9cf7-0e44c5811a6d,2026-09-30T13:16:29Z,confirmed,1869.04,PEN,api
de1b2cd2-9823-4b81-9f8c-a7829babe199,5a34b964-1666-4125-9289-ea12d1f6c053,2026-09-26T06:17:44Z,confirmed,11654.68,PEN,mobile
d8c897fb-6787-4041-8127-9735db97dfc6,5e486750-d4a1-4e2d-ac24-955d8fff8421,2026-09-29T16:35:24Z,confirmed,1887.6,PEN,mobile
48065d32-f38f-4354-b4c8-da780f49ac18,2c87f330-93a6-4a1c-acd5-461078e4c0a5,2026-09-17T14:17:25Z,pending,4266.05,PEN,web
73d9512d-70c9-4865-bf56-b9eb32f5e5e4,8a0786ac-09a0-4de2-82ce-faebace17e17,2026-07-20T13:22:39Z,confirmed,8382.45,PEN,api
9c21e7e9-2a10-4c6f-a763-baa90ea45d9d,5dfafe88-c72b-453a-b3fb-7c13be3fb4b2,2026-09-15T13:45:10Z,rejected,2864.14,PEN,mobile
02a88333-fe1f-4be6-8e2e-ba90ea7e4b9f,3dc96785-6e1c-4d0e-9024-db3317b269b9,2026-07-24T15:50:05Z,rejected,775.34,PEN,mobile
5ecb9a4a-abcd-49a2-9cc5-69ca599479bc,c2aaeef4-ffb5-4dbb-95ff-4a6bebc6bb03,2026-08-14T15:19:29Z,confirmed,222.02,PEN,web
64176d83-5c8f-4dc8-8ed2-d6660eef519d,b2be9157-e292-4356-b75d-31cec7ad1822,2026-09-19T09:28:10Z,rejected,369.48,PEN,web
00e79878-94d0-4e9e-bb46-4c56ef502466,5073b76d-9a40-4d4a-9383-e92bcd83d70b,2026-07-28T18:16:14Z,confirmed,791.49,PEN,mobile
2f8027d6-643f-4549-b28c-9124ba9fd300,cb43c134-0f2e-49b8-88bf-2094199e5db6,2026-08-19T13:11:31Z,confirmed,3117.09,PEN,mobile
ca20000b-8f78-4a3c-b36d-147ec3da84e8,2fd7d24a-f15f-4894-b654-e834be4188f7,2026-09-29T09:10:46Z,confirmed,3249.93,PEN,web
6145a431-4ee6-40f4-9dc0-20b808c190b3,be4620b4-1165-4703-89bd-c480f972f466,2026-08-25T15:33:45Z,confirmed,3115.28,PEN,web
063c1a73-67d3-4207-8d27-271e60507d30,fdbabfe6-f3f8-48a9-b94d-00590a5fac2f,2026-07-26T10:03:02Z,cancelled,3410.87,PEN,web
d9d30d11-bbbf-472c-b153-f7fedc1a9e10,db42478f-ecbc-4611-b809-ee1607b89739,2026-09-22T11:38:03Z,confirmed,130.9,PEN,web
ca64422d-ea7a-4ac5-aa4a-e085f6dda84e,367401ee-a448-4320-8b44-8bc51bdf0a36,2026-09-18T09:12:31Z,cancelled,2475.29,PEN,web
e45a5e83-1168-40ff-af33-a5ec4584f564,6b532dd6-97d4-4597-a091-b8cb551275b7,2026-09-27T12:57:08Z,confirmed,1316.16,PEN,web
41ab3109-b2e9-444a-abf1-1a863144924b,d26e3c25-fe5b-44bc-9956-a99d577eca87,2026-08-25T09:01:15Z,confirmed,817.22,PEN,mobile
06d0e388-2b8b-43a2-9df5-7b4fdaf0a4d5,3e5fdb45-99b3-4bac-9f67-1a3e50d7bbeb,2026-09-18T14:28:18Z,confirmed,7202.08,PEN,web
2337ba58-6662-45d7-b0ec-36c78c42a51b,ece2fcaa-4667-49ce-9eab-7f535276ce1c,2026-09-11T09:38:36Z,pending,1291.08,PEN,mobile
1e2d83c0-7a2b-458b-b4fe-48e09f6ed353,2d32846d-ffb4-41ab-802c-8614c9205e6e,2026-08-11T09:23:06Z,confirmed,2193.69,PEN,api
0bc32f53-7479-44d4-9975-80c0c47eda5b,d15780e0-aa55-4289-a4e4-cfb701e65d91,2026-08-01T10:37:10Z,confirmed,549.56,PEN,mobile
32a9b383-5a75-4ff1-92c7-1db230e57fff,51805f0e-9ece-4597-bab6-62019af412cd,2026-08-04T10:33:52Z,confirmed,180.24,PEN,web
5ea87507-9381-4ff4-b1f5-03dd26406fcc,338f3d44-917d-41a0-842a-8d139c724579,2026-09-08T09:26:23Z,confirmed,1279.3,PEN,api
810d5ebe-f782-4492-a4db-5d30455e2dd1,eea44e6c-a770-4789-a4d5-0267f36c9ea2,2026-07-31T14:41:55Z,confirmed,1414.52,PEN,web
3f2d9195-8f94-4840-8944-e428696defea,a2a1c4f7-5577-4141-9fbb-df1c37985bad,2026-08-30T10:37:37Z,confirmed,5226.42,PEN,api
e2590a53-d0ba-455f-833d-e8785de23789,8a56649b-c7df-455e-9564-0e40d0e8577f,2026-07-18T10:31:42Z,confirmed,2821.51,PEN,api
8e9352bc-7214-46b5-8aad-9b0adf3d4f4f,b300f1a7-245c-4661-be49-ab1d7fe26840,2026-09-25T17:15:31Z,confirmed,2167.23,PEN,api
391d3b28-6d6b-454b-bfef-a7a2a56eddb2,c202b659-a768-4897-bdf8-9ca61dcf23b6,2026-08-28T12:09:57Z,confirmed,348.15,PEN,web
ebdb7f16-8e3f-4719-9702-b2e99ec2cab3,6e10d223-7e23-4c4e-a043-c9d40c62552d,2026-08-03T15:28:11Z,confirmed,6090.02,PEN,web
4449f29d-9ca5-4ce4-b373-efa89359bd81,c265fb93-2cd0-42ab-8cd9-3ee3a4e6a7e5,2026-08-31T10:00:38Z,confirmed,1370.89,PEN,api
0003d5f1-3aab-4c9a-9419-232c018dad55,5e486750-d4a1-4e2d-ac24-955d8fff8421,2026-09-15T15:00:41Z,cancelled,3745.48,PEN,mobile
acc57483-08f2-4f3d-9a5e-d28f09c0ed36,0fca0ca9-a87f-44cb-9537-347346e676d6,2026-09-02T12:46:28Z,confirmed,2795.61,PEN,api
cfd7fd9d-78db-4108-8bad-541b445b9878,b5e9d945-8958-4cc8-9f90-7ae032686344,2026-07-18T07:14:29Z,confirmed,4059.54,PEN,mobile
9c0a0ea8-d114-4ca9-b2d1-4e63dc554868,044ba6aa-69a4-4ef5-ba85-810c49298754,2026-07-22T09:51:15Z,confirmed,1711.88,PEN,mobile
bf74347e-4e1c-4b7e-aa36-e2d12dcbe37a,63dd8d2c-4ce0-4527-a88d-cfa86cb6c071,2026-08-09T11:23:53Z,confirmed,2067.32,PEN,mobile
a9345484-cc5e-4936-8454-ec7e494bd219,167263b9-62ab-4c56-b60e-cda87e3c16c9,2026-08-01T06:20:23Z,pending,2982.44,PEN,mobile
c36fcf2e-0c5d-4990-bb5d-465b41ad171a,de54aee3-d105-4b83-955c-478489e89bfc,2026-08-12T13:13:42Z,pending,1922.93,PEN,mobile
60a0b127-9910-41c7-a253-1764d309b4c1,1da8058b-a2da-4531-9964-1c8a058da7dc,2026-08-28T12:28:18Z,rejected,2620.42,PEN,web
028886f3-1b28-451a-a83e-d8695e2587a9,5dfafe88-c72b-453a-b3fb-7c13be3fb4b2,2026-09-16T13:10:52Z,confirmed,1932.63,PEN,web
2e594733-6a53-4e83-9f1d-572f4c3ce0db,084d654e-75e4-4463-8305-1e92aaf3471a,2026-09-17T09:54:36Z,confirmed,774.83,PEN,mobile
b814d4e8-df6b-462e-8f6c-0ef59b5c8ea5,3f10cdae-312f-418a-8e52-1505c89d9f31,2026-09-08T12:50:30Z,confirmed,2661.06,PEN,mobile
26f1e370-3105-4b16-9375-110e4a66e84a,3288c011-3674-43e2-9cf8-1797edd80857,2026-08-23T10:16:46Z,confirmed,6232.13,PEN,web
33368abd-1ccb-4b15-bb5e-1fbd4b5566dd,34b93931-f3a4-4585-89eb-cfed9f5e66b7,2026-07-18T06:59:25Z,confirmed,1941.16,PEN,mobile
226053bc-7331-490d-881e-2ba8841fbe57,aaba8228-285b-4d15-a105-9b3ea8796b01,2026-07-28T12:24:53Z,rejected,649.42,PEN,mobile
528c9b52-8b20-4cec-a47c-91b2de93dd67,316b114d-92a3-48e0-8aec-7eb0fadccf25,2026-07-18T15:30:24Z,pending,1152.48,PEN,api
9e223522-75c9-4abd-bdf3-40c11f0957a4,d51fc37f-3e74-4ea1-9440-2b876b12c3bc,2026-08-10T15:22:35Z,confirmed,3716.94,PEN,mobile
eb6d9ad5-9e48-4d25-8349-339beb31318b,5cc569f3-5c89-48d5-abef-1f39d4861d1d,2026-09-27T09:42:29Z,confirmed,157.84,PEN,web
ef1e730c-d984-49bd-ac19-05104e694389,011a3b79-1122-4a2b-af00-9d655fc7e421,2026-07-20T10:48:18Z,confirmed,879.81,PEN,web
fc398b49-8986-48e4-99ce-24fb206ed58f,a56c1b16-467d-4c06-b3cc-0e97e2a70314,2026-07-31T17:10:10Z,confirmed,2330.22,PEN,web
219e28bb-165b-421e-a001-327d72ec17de,65e0a8b3-9d39-45b3-8648-719e32d54146,2026-09-08T18:54:31Z,confirmed,6041.14,PEN,mobile
2084b5d7-c95f-448d-a992-173348beda25,a365d6b5-6a26-45a6-bf73-7ec9b6fc0001,2026-09-02T15:36:45Z,confirmed,5545.03,PEN,api
dccb35c0-a567-4e8b-a9e0-659e52f3bfdd,d4be69b4-6c79-40e9-aa2e-5ca5192049d8,2026-09-19T08:39:18Z,cancelled,7132.86,PEN,mobile
65a8b2cd-09dc-4437-96e2-fe9c1e56567e,ceb37e68-1465-414b-8d42-6d20def61054,2026-09-19T07:31:13Z,confirmed,1117.32,PEN,api
cd7ac657-bcc0-4b52-b417-40c5c978e444,2198933b-98e4-4260-a985-98ea41253523,2026-08-07T13:06:01Z,confirmed,370.26,PEN,api
8ca59d07-885e-4a50-a337-bddff08099da,fba35db6-9b23-4d3e-893f-578b70526312,2026-09-23T16:42:11Z,confirmed,1689.84,PEN,api
4e1ec499-8dee-410a-ac90-6785a8ca8707,5678ce0a-ee33-4162-bfbe-5c5364436ed4,2026-09-27T06:22:07Z,pending,1221.12,PEN,api
8eb25063-fce4-4bbb-aaf4-7cf7005fced5,32e92878-d88e-4cd1-8d9a-98d0e0b20aa9,2026-09-20T06:50:37Z,confirmed,2800.45,PEN,web
382df3ca-e56b-49c1-a637-6138f9f2a90f,890cf578-beb1-4911-9b06-1f2454d59db4,2026-09-01T14:33:29Z,pending,2132.84,PEN,web
8e0a280e-ff13-4c5c-a2a9-39603b9556e8,7468fd42-179e-4abd-9475-1fd8135bbe92,2026-08-06T14:36:39Z,pending,1267.19,PEN,api
52032408-36fc-4752-b425-45a3e85fa2a9,8f03a6da-c181-416e-8736-ce59aaecdd50,2026-08-07T13:37:42Z,confirmed,12239.17,PEN,web
09aa073a-7839-4398-9116-15edba9c34e8,df6a11d5-06aa-4ecf-85e1-5b966296c044,2026-09-06T14:39:37Z,confirmed,516.83,PEN,api
20df9d6d-1f0d-48f3-8637-c59c7248fd54,b24525fa-0862-4597-af4f-0aa6ec2cc680,2026-08-12T11:15:16Z,rejected,1191.61,PEN,web
51b11446-479f-41f6-b5a3-d5197d791fde,d584c8a3-5316-4a31-9fe3-a81393b81785,2026-07-30T17:49:46Z,cancelled,3251.41,PEN,mobile
d3ccf833-d585-4892-9375-3cf85c819737,ece2fcaa-4667-49ce-9eab-7f535276ce1c,2026-09-13T09:14:30Z,confirmed,2728.59,PEN,api
02ddbf33-2ab7-4eab-bf35-8d385b802de4,d5ca3e4e-2d7e-431c-9596-27d514f7ffc5,2026-07-28T15:29:31Z,pending,1323.6,PEN,api
fc167e6f-4d60-47a2-9d84-ec9e29f0c547,cec503cc-96cd-4c18-bb1f-258362349b77,2026-09-05T11:04:35Z,confirmed,596.36,PEN,api
fd5782a1-6ad3-492c-9b23-1fc6eaf7b815,2586604d-c19e-468e-8b45-4b0eb398a91b,2026-08-11T16:12:11Z,confirmed,340.21,PEN,mobile
8c4fe801-31be-4bb2-ad4c-561e0e0eb07f,c1745dc8-b3a6-4fd4-95ab-ba02610b9dd6,2026-08-02T10:23:51Z,confirmed,12482.73,PEN,api
40e4a321-f688-4a3d-9a61-7c68bf3e65c7,7df29e3d-9aa4-4dcb-a5cb-54bce84813b7,2026-08-19T12:29:58Z,confirmed,1383.64,PEN,web
94dedc2e-f8d0-4c60-96bc-0430e44e1293,9cdb461e-9886-4b9b-bfe7-715d28b30911,2026-09-16T10:20:43Z,rejected,84.68,PEN,mobile
882e2da0-d5ed-4ef8-9dff-a89ea0e31c97,0fcc2f09-2699-407e-bb9d-ba0fee77cd5a,2026-09-19T07:40:33Z,pending,4370.38,PEN,api
0807b4d9-4d69-44d1-9ad6-d0604110e6a7,581db72e-fa0c-46a8-9bad-db7aa0c9e842,2026-08-29T11:53:31Z,confirmed,2639.04,PEN,api
85241e54-0fe8-4314-a955-bcce080d0aba,dda91f70-e4e5-4090-9aa5-4b12f7becfaa,2026-08-20T17:08:41Z,confirmed,965.86,PEN,mobile
7a3c24b3-d552-4b03-bdef-64b817d1c3ef,28a8cf6d-4fea-416c-8f1b-064ad758acd4,2026-08-07T14:24:39Z,confirmed,2498.06,PEN,web
1c9b9c93-9c6c-4b97-bbfc-a0b4bf677786,1eaac94b-a7bf-488e-9edf-1643a4126048,2026-09-30T14:53:58Z,confirmed,1847.27,PEN,api
0695838b-2bb7-43a4-b22b-fdf3344d04c4,43715b0d-54d9-49b3-ae39-50aedec5af54,2026-08-09T10:15:04Z,confirmed,2505.41,PEN,api
fbe594a4-3e54-4e91-be80-7b7d42987457,1a2c8976-b6b2-4fa2-89e1-15a4a4a9ff4d,2026-09-23T11:39:07Z,confirmed,553.84,PEN,web
b99e9e4e-24b9-498a-ac2f-c45af906dffc,51805f0e-9ece-4597-bab6-62019af412cd,2026-09-18T14:24:38Z,confirmed,3616.32,PEN,web
cf4067a0-af9f-42d2-a7be-2bad5935852c,119c0741-0c2a-4ce0-b702-b7af7b2591a9,2026-08-19T11:02:30Z,confirmed,436.64,PEN,web
40e7660f-daaf-4f1e-bb65-2ff7d1e380b6,b6764799-76bc-4639-bf19-49fa4244a08c,2026-08-12T09:40:00Z,confirmed,1384.36,PEN,mobile
cd089cde-e578-4624-8b19-27d0b3c9d3b9,8e076602-8fde-4e86-86e5-53a303a0cc1d,2026-09-12T11:33:51Z,confirmed,103.59,PEN,web
f55723f6-6e5e-4c54-9182-91d28575a8e8,afee4f14-89de-4dab-b2f3-ffc46b562d8e,2026-08-04T09:30:04Z,confirmed,538.47,PEN,mobile
05443b61-c6a2-487a-ac2c-41f1f30f3805,b3e4c4f9-1070-4961-ae87-2c1ffbdd4675,2026-09-04T14:50:11Z,confirmed,2054.34,PEN,web
b4a5718a-2f79-4213-bd9c-00243e744f6a,2c87f330-93a6-4a1c-acd5-461078e4c0a5,2026-08-01T06:00:57Z,confirmed,9887.33,PEN,mobile
80e195a3-5f4f-4fa5-9b1c-38a11eefe644,280b4f1d-25c2-4046-b585-b96aedf9a2ac,2026-07-22T17:05:03Z,rejected,6709.39,PEN,web
6e373b80-9f75-45c2-92cf-cc19e58289f9,2f63fde1-867a-4be8-8311-797430168219,2026-07-20T15:44:47Z,rejected,1346.76,PEN,mobile
3e2e387e-7ffa-4b49-a915-c2c095dd3f91,ca5ec968-c7e9-4746-a7ca-49d42fea1179,2026-09-30T17:35:01Z,confirmed,1556.62,PEN,api
7f33d973-0f9d-4498-a16e-a321bede49ba,167263b9-62ab-4c56-b60e-cda87e3c16c9,2026-09-24T15:51:55Z,confirmed,2786.7,PEN,web
5b20c011-6990-490f-bc6f-b84ddaab6351,63dd8d2c-4ce0-4527-a88d-cfa86cb6c071,2026-08-24T09:23:39Z,confirmed,1954.88,PEN,web
efb7cb04-53f3-406b-b449-19ef05be0c35,7735c7f0-3161-4e82-9db7-250631dbf561,2026-09-05T06:32:51Z,pending,568.84,PEN,mobile
269ae081-b805-4a44-adf9-bd5bfffe0d64,7374b014-fd71-4139-bc39-5939d6894258,2026-08-29T10:08:38Z,confirmed,6157.41,PEN,api
b6619909-04c8-483d-9b6e-6fd655f03ecb,d584c8a3-5316-4a31-9fe3-a81393b81785,2026-08-07T09:44:51Z,confirmed,6819.85,PEN,api
14f10220-ef53-4517-a5d7-ec496ef0ea68,c265fb93-2cd0-42ab-8cd9-3ee3a4e6a7e5,2026-07-26T12:59:39Z,confirmed,1621.38,PEN,api
728fe960-86aa-45e9-b325-a8b987685f50,011a3b79-1122-4a2b-af00-9d655fc7e421,2026-09-06T06:42:35Z,confirmed,345.76,PEN,web
91aedf1b-f76f-4e1f-aabc-eb69b911ed2e,9216a40e-c898-4e30-bb44-e8da2b09a43d,2026-07-23T17:31:08Z,shipped,7636.92,PEN,api
49aca5dc-1830-46ba-a230-3929e102c8c9,e5382346-7ec8-45f4-8a80-9085da0bb732,2026-09-28T09:33:09Z,confirmed,1445.8,PEN,web
1575b564-2b55-4ca6-8ee3-21ef761f765e,f847a693-d6ff-4bed-b559-2da6f7bc8cad,2026-09-12T10:00:24Z,confirmed,10423.06,PEN,web
14aeaea1-f363-4e47-b9a5-c4a883c9cb84,6f6edb8e-e930-4265-b251-3eb2890c9967,2026-08-28T15:43:14Z,cancelled,2349.48,PEN,api
8eb9efd0-ea1b-489e-8097-c3e9a0bcb7f9,3f2dcaff-0247-4dab-8f4d-883d378a92ef,2026-08-02T07:13:25Z,confirmed,1907.58,PEN,mobile
946b561b-e778-4445-948e-6175a8adcbf7,5ee9c7fa-9a17-4554-9078-272d40c4828a,2026-09-01T17:39:45Z,confirmed,3461.34,PEN,mobile
165c2cd2-dfaa-4ea0-b8fc-69fbab3a7a7b,00aeb30f-6f07-487b-a226-b966ebdb72c1,2026-09-05T06:57:04Z,shipped,1520.86,PEN,api
b10eef90-12c9-458f-8c89-a0378ab86541,6618d8d3-f600-4973-aaea-efd9a73dfe1f,2026-09-14T11:45:48Z,confirmed,771.51,PEN,mobile
498e604e-2606-4a2c-8278-8e6a4fcc1d4c,507dcf83-d774-4bbf-8c41-cff361cec025,2026-07-29T11:02:32Z,shipped,436.76,PEN,api
d347fe2f-49fa-4128-a11e-ba6e2f03c8a0,361489eb-a1fc-4e65-88c6-139b9028529d,2026-08-09T13:58:39Z,confirmed,4023.12,PEN,mobile
b9a7a55b-06f3-4141-b360-1a3ee939b44f,568e0848-4154-4c33-936a-9c1f21f9fa6b,2026-09-03T11:54:29Z,confirmed,9768.11,PEN,web
ac392ea0-ad3a-426e-a861-09dcabb74c0d,db8a4ed0-5c9b-447e-8247-a000bf9a92fc,2026-08-03T11:53:28Z,confirmed,1741.02,PEN,api
f0672c16-9a0c-49e4-a4c5-d75c1abaaddf,6c7f728b-997b-47d5-8c19-bd5a26ca8451,2026-07-19T08:04:26Z,pending,1289.37,PEN,web
c1a52ddd-0fec-4ea8-a3ba-77ff6645ca45,3da6dafb-d908-4fa9-b9d1-94336d3a4a3b,2026-08-28T11:41:50Z,confirmed,,PEN,web
5f681491-b582-42e5-bed2-6eaf7b7eba1d,bf766e61-e66b-4eb3-b8a0-f2d2300ae423,2026-07-19T06:07:35Z,confirmed,666.06,PEN,web
1b0f5502-6ef8-45b7-8d88-6d18879120b4,507dcf83-d774-4bbf-8c41-cff361cec025,2026-08-05T15:42:57Z,confirmed,4607.59,PEN,mobile
d61e6320-befc-459e-bd86-7c264ea3d9c0,06ea0ff4-de1f-4456-ad6c-37417ec5ea5d,2026-09-20T15:42:08Z,cancelled,1613.32,PEN,mobile
40943121-4d63-4637-972e-587947dff06c,11165a00-ca1f-4bcc-a279-e751a383ec07,2026-09-23T11:54:48Z,confirmed,3205.78,PEN,mobile
e93e54f2-0915-43e1-8d54-bdd79c73c507,0acfc1e5-b33a-44ce-bb7a-781c5d9f9fc7,2026-08-20T17:43:44Z,confirmed,148.11,PEN,api
a9e2c000-520c-4baf-93de-62a16d4b5ba9,eb83fed2-f82f-41e4-a22e-05e5e1998f64,2026-08-16T12:48:57Z,confirmed,674.04,PEN,web
22cef51e-cce8-4c43-9b28-fc04fd8ab8d0,37bcf0cb-fe4e-42a7-9667-0153c58e58ff,2026-08-27T09:25:29Z,cancelled,1092.41,PEN,web
a0fae86a-ba70-494a-89ff-0438fc43ae8b,e8486488-15c2-40de-b356-1cd2a91d46e9,2026-08-02T14:36:52Z,pending,1074.19,PEN,api
69047389-4472-41ad-9c97-006bd747ed96,1e9f5012-2e34-4419-97c1-d78d2b20c7d0,2026-09-30T16:39:31Z,confirmed,2114.85,PEN,api
670bc0a6-6fdd-4950-a107-7692c495718f,f00dbdc0-892d-4f0f-87a1-c122eb480b99,2026-08-13T18:19:05Z,confirmed,13747.93,PEN,mobile
cabe5f04-e2ec-4aa3-bed3-a905867105fb,09e4e60c-1309-4f97-9d6d-cbddf9b7d2e6,2026-09-15T12:03:33Z,confirmed,10545.77,PEN,web
d48067ab-a95d-4394-a711-ed2abf1fbd41,e1a8c15b-c910-408b-b48f-013188aeb02e,2026-07-30T14:46:40Z,confirmed,2133.61,PEN,api
38f4ced1-30e8-4bf2-9e01-18b08b68f80c,3288c011-3674-43e2-9cf8-1797edd80857,2026-09-02T13:33:20Z,rejected,1191.33,PEN,api
0a7299da-ceac-48de-847b-31161af217bf,d8952c2f-7ed0-40b7-bb1c-433fbf6b17e7,2026-09-10T13:35:58Z,confirmed,491.81,PEN,web
50c74cb0-959f-4c5f-b0eb-a9d4dc6945ad,4a1ce08d-1ec0-4c62-9dc4-0dd07562c4d6,2026-09-22T10:16:20Z,confirmed,5907.88,PEN,web
077f3427-f030-43c8-9ae4-1e90a65dacbe,54cde2fe-c5c7-49ea-992e-e0102d57cea7,2026-09-04T11:01:48Z,confirmed,6367.14,PEN,web
55d3a210-c8b8-4ab6-ac1d-c015979e5f20,fdcfb667-afb2-4436-95e0-a492171e10af,2026-09-05T09:26:41Z,confirmed,1927.77,PEN,web
d32ef628-4532-44e8-ad01-7d8e8e2161ef,fd166f9d-7f71-4a47-9403-5e9ecee2da3f,2026-08-15T09:15:08Z,confirmed,1869.49,PEN,api
c1b2ef80-3212-4a4d-ab0f-a7b978f26d29,8337e7b7-93eb-4099-85b1-88ac7a7b9376,2026-08-28T18:20:26Z,pending,2184.33,PEN,mobile
e26a0fd7-dee7-4a90-aeb9-957e6a5afa05,795fc802-4d4d-4feb-a971-a2107b12a8e8,2026-08-14T17:41:58Z,confirmed,848.76,PEN,mobile
7bb5f923-7dbf-4b16-a797-6ac966e8582e,e5e6592b-251f-43d5-aa20-a12aeb586076,2026-08-04T14:16:27Z,cancelled,5278.63,PEN,mobile
78579d8b-1f2d-4d51-b13a-169ce6ae59b5,5daf8384-4094-4f5a-8b55-8d795293f9ae,2026-09-29T09:55:08Z,confirmed,2469.56,PEN,web
be1952cd-2352-425a-8322-38c0a7bec338,1993c71b-2bc4-4abb-8d7a-42592c320af7,2026-08-08T11:17:24Z,confirmed,367.6,PEN,web
0dee1f0e-6bb4-4973-b9c9-35e6a9950100,bbb87787-eabd-4aa8-b832-31e686ef369b,2026-08-05T13:06:03Z,confirmed,656.77,PEN,mobile
e89ea12d-41a2-4c2a-9743-d9585cc293c0,1a30b3c0-4a65-4197-bc63-d767161d9aa2,2026-07-26T12:29:15Z,rejected,10848.58,PEN,web
e56e11cc-d7fb-4ec5-ae12-e6c224f26533,83430933-02cb-4a05-90ea-a7db9b419761,2026-08-31T17:06:48Z,confirmed,373.44,PEN,mobile
1e523318-4ce7-43ac-a0e8-bc52efe4a4be,3460a857-ad5c-43f0-a4b3-2a76048b6a95,2026-09-10T15:26:29Z,pending,1349.24,PEN,web
98b8de59-d48f-4b68-af34-1326af9dffda,8edb7004-ad8d-4af1-bf7a-4d7fa4c5944c,2026-08-09T09:56:19Z,confirmed,2271.13,PEN,mobile
5ab30719-b654-47f4-916e-e2552b91373c,6053dd65-00e8-4f4a-9e5f-d8bf4ab531cd,2026-09-14T16:46:59Z,confirmed,642.77,PEN,mobile
9f29308d-e65f-484e-b0c7-ad20abc55800,ce38f81d-cc2b-4176-9f13-38c82656fd45,2026-08-08T13:55:15Z,confirmed,744.98,PEN,mobile
f9e24405-33a8-4b34-bac3-fc4b93764056,2586604d-c19e-468e-8b45-4b0eb398a91b,2026-09-16T15:37:54Z,confirmed,1802.94,PEN,api
e382a1c0-36e8-484e-9069-dc5805dd5100,dbd09dd7-5e26-4786-96bf-d6adfe5468f6,2026-08-30T11:24:29Z,confirmed,3573.83,PEN,api
5bfdf77a-b9f8-4102-b3d7-b315f9f99168,233082a1-27df-4af2-aaa5-5970485f415a,2026-09-03T09:48:16Z,confirmed,1376.29,PEN,api
7cc4be23-ab14-4852-b317-32a5efaa5d1c,a64ae7df-b059-4206-95f1-3b82758406c1,2026-07-26T10:26:55Z,confirmed,2310.07,PEN,mobile
e1ac1acc-e477-4563-95fe-20f6656c8454,63d9dc23-e2ea-451f-86a2-970b158e4769,2026-08-29T07:25:59Z,confirmed,4273.54,PEN,mobile
b2683d28-60b0-4adb-a02e-4bf2dd4befa0,a4e2496e-43e2-4797-a15c-9c771afa100d,2026-07-31T16:43:32Z,confirmed,436.64,PEN,api
9631068d-4dd6-4336-826c-aed10beacf83,f5c65cdb-75f6-4989-92ce-1afda59318e6,2026-08-21T11:24:01Z,rejected,1376.05,PEN,web
92d3cc0c-1458-4300-ae58-c7afe7cd4551,5fa52602-705f-45ea-9b5c-11662c5a54d6,2026-08-17T12:46:23Z,cancelled,125.58,PEN,mobile
506690b6-d70c-4516-ac99-f282e17a851b,abaa6667-ac94-49ee-bde2-b501dcba97da,2026-09-01T11:29:15Z,pending,895.82,PEN,api
491e6120-1ff7-497c-aebe-3452ef4be456,1a30b3c0-4a65-4197-bc63-d767161d9aa2,2026-07-19T14:59:59Z,pending,5922.16,PEN,web
2bf16fac-d39b-4677-98ce-b83635e6e50a,63dd8d2c-4ce0-4527-a88d-cfa86cb6c071,2026-08-12T14:20:07Z,confirmed,11943.93,PEN,api
93245ba8-6f5c-40db-b3d0-afc63ecf2a5c,a84eb40c-9ab2-4220-85b5-80ad342e4309,2026-08-28T10:46:28Z,confirmed,618.46,PEN,mobile
b25baa6a-0e41-45e4-a969-f102fc8f8375,f60ce4d4-f3fe-462b-85ee-8de5b4e14e16,2026-08-31T12:36:11Z,rejected,1326.93,PEN,web
da029f5d-6c23-4fd4-a4ef-b8776e9b42cc,ddfe35f9-79b0-4986-bef7-2dfd9ec292d4,2026-08-03T16:59:50Z,pending,808.71,PEN,api
178f67f9-bb03-4843-9289-6a59e24d4a21,a739b6ca-3aa0-439f-a4ed-d75e47d00d47,2026-09-05T08:56:53Z,confirmed,9444.24,PEN,web
c17f0cf5-df8b-4a26-abfd-cd98e88fd2a9,bf766e61-e66b-4eb3-b8a0-f2d2300ae423,2026-08-22T15:01:42Z,shipped,4356.15,PEN,web
3a4fcfd8-29b2-4d96-85ff-217d03655ba3,44113992-0961-4aea-ae22-338a46f6b098,2026-08-18T12:08:40Z,confirmed,2254.91,PEN,mobile
fbf4ebc5-ff78-4b37-b86b-a58928562d34,f71cb521-c175-44ff-b1e0-d75514481acf,2026-08-03T15:04:49Z,rejected,3792.09,PEN,api
4effea50-ab4d-4121-9b4c-64d7820db515,80c6fc70-5d77-4b18-acdb-b4bb7161a163,2026-09-26T15:39:34Z,confirmed,415.38,PEN,web
f014dd1e-1b55-4445-bf77-098f0d106cc2,7f87bcb3-dd93-498d-be22-1dc5543a49c8,2026-08-28T11:53:48Z,rejected,2139.08,PEN,api
c0c8b66e-53a7-4a5f-aef5-4ea118348a01,e00fbf9f-e822-42ea-9d85-cda7dd952644,2026-09-02T15:02:24Z,confirmed,1287.76,PEN,mobile
1feb1e54-aa0c-4129-a915-40320fb8fc61,83898f5d-ec2a-4478-af13-c983468d5b9d,2026-09-26T06:46:58Z,pending,1515.24,PEN,web
c178f709-312e-4ce8-8538-eed9a5c2c079,d6c06183-b4b2-47bb-a596-3b990e2be405,2026-08-14T15:42:55Z,confirmed,3974.91,PEN,web
bfab6dca-fb3a-4faa-bb90-f52c72a0d626,afa281e9-ee2d-43ef-91ea-24651a925d71,2026-08-20T16:42:11Z,confirmed,542.84,PEN,mobile
b04fc479-ede7-46d4-936b-c8a2472885d8,224b85ae-00f1-4c2d-b1f2-da6139ad614a,2026-08-29T13:42:46Z,confirmed,3553.56,PEN,mobile
49650b12-b52d-4325-873a-01727de7b67d,055b24e8-00f9-45be-959b-05332c292040,2026-08-20T16:49:08Z,confirmed,1705.39,PEN,api
dcb7730a-bfc4-43f7-a485-a321edd44f18,084d654e-75e4-4463-8305-1e92aaf3471a,2026-08-22T08:10:27Z,confirmed,7575.35,PEN,api
07cc848a-8d13-440a-bbbc-b5a9708a950e,5fa52602-705f-45ea-9b5c-11662c5a54d6,2026-09-28T16:34:24Z,pending,919.11,PEN,web
1476e93f-cb83-4a37-b467-1586985f9b38,b671eba4-fdfd-46da-a7f3-b16b98699bfd,2026-08-16T14:30:02Z,cancelled,8305.87,PEN,mobile
05e949b5-901a-4575-92b3-b3e2a6dfe4c6,b1de999d-c219-48fd-b971-8fd2801374f4,2026-09-06T14:56:11Z,confirmed,1285.61,PEN,mobile
3d01164d-5df9-49aa-a22b-eb25243c5468,f805e84e-2118-4196-9681-08f021bc50ae,2026-09-17T11:42:11Z,confirmed,2214.89,PEN,api
dce2d7bb-9579-453c-9ce1-84a0f0f58e45,6adec02b-0686-4f76-b128-3b0f03d07c39,2026-09-29T16:31:49Z,confirmed,488.96,PEN,mobile
cf2096eb-f050-49c2-9a7c-363432d6b1bd,e6f4ad94-be9a-4bfb-9562-9357874a27cb,2026-09-11T18:31:57Z,rejected,332.64,PEN,api
a48edfb9-8a73-4c05-ac7a-f887b2808d23,6575bc9f-3158-4585-90a2-7aedff28c43d,2026-07-20T18:29:22Z,confirmed,4656.95,PEN,api
48e5555f-624d-4c84-95bb-d41cc0f55852,e1b7ee7f-4a4c-4f48-b978-f3047b8c76ee,2026-08-13T13:51:07Z,rejected,1566.85,PEN,api
4ef88df0-b4b6-4ff6-9b55-080580e6fb4f,dd9af231-6f80-4b1a-a94a-cb5ef1be244e,2026-09-06T09:05:58Z,confirmed,5045.5,PEN,web
2da821e7-fbd6-4e6f-95ac-72c71c27e827,b5f81bc3-c56b-488b-81a4-992456a3d193,2026-08-10T12:39:00Z,pending,215.62,PEN,api
5e0d2f24-766c-4d69-a77e-4b1300997e83,0ef7b87d-abdd-4d80-a0bf-30dcc443c4d1,2026-07-30T13:47:47Z,confirmed,1238.98,PEN,api
ad83e39b-289d-4d22-9d47-060e049f3290,5372a4e9-66da-44af-8641-039da83ccee6,2026-07-19T09:46:13Z,cancelled,2574.84,PEN,api
00a494f8-236d-4739-a1f9-16c92f2a23d4,398a5d40-1579-4679-82bf-b6326540301f,2026-09-18T09:05:30Z,confirmed,1284.09,PEN,api
7355b001-8a38-4051-9eca-f26e2e307525,815b96fb-b5c4-4a3a-8dab-8a336d8a6a68,2026-08-22T11:26:30Z,confirmed,717.87,PEN,web
3442a565-5502-4eaa-a661-75c3bf457b63,3f2dcaff-0247-4dab-8f4d-883d378a92ef,2026-08-31T10:39:29Z,pending,9828.78,PEN,web
04393579-7f54-4450-89e7-c5449df780c3,d26e3c25-fe5b-44bc-9956-a99d577eca87,2026-09-05T09:44:42Z,cancelled,1427.79,PEN,api
6b75d831-3349-4597-99e7-13a1813f6ed9,4c93c421-ff62-4615-85dd-c2e55419e3ff,2026-09-16T17:22:04Z,rejected,1377.81,PEN,web
44be11b1-5715-405d-894a-710f0902f8f1,6141214e-f7a0-49a3-bc70-d8e6eb8c5f86,2026-08-09T06:00:53Z,confirmed,1004.78,PEN,api
de5596bf-506d-4997-ba7c-bf60c35b0749,b69086f5-255d-43dc-ac03-5ee519990367,2026-08-03T16:08:55Z,confirmed,999.84,PEN,mobile
d95d4fd8-94da-45bd-abce-c0ee9af297f3,982de364-6313-4e59-851b-9e2c50796fe0,2026-08-28T16:35:29Z,confirmed,,PEN,web
c70b6771-c047-4434-a814-9e5e5657c39d,1eaac94b-a7bf-488e-9edf-1643a4126048,2026-09-20T10:43:50Z,confirmed,2016.3,PEN,api
2bded876-f910-4f41-873c-fc9006224ede,25fd89d7-8d75-4ad9-b892-ddffd3fc35f3,2026-09-16T09:18:06Z,confirmed,1160.23,PEN,web
0155b80c-6d59-4226-94fb-3214479c5adc,8b066b57-375d-489d-8d94-4050fd9dcadc,2026-08-16T13:29:53Z,confirmed,1442.88,PEN,api
2cd9a867-95a8-4fd4-8136-7a362b5f8b7d,b5e9d945-8958-4cc8-9f90-7ae032686344,2026-07-28T16:17:06Z,shipped,3162.11,PEN,api
3f9704ff-4cb9-43bc-8b31-804e6f61d277,e9d2a460-b1a0-46aa-b629-60cf3f1922c8,2026-09-19T08:38:28Z,confirmed,7700.18,PEN,mobile
5aa2e4f2-0f57-4b36-80e6-81155e09873c,abaa6667-ac94-49ee-bde2-b501dcba97da,2026-09-01T15:48:52Z,confirmed,1473.02,PEN,web
2c79bfea-ae06-4b4a-8b6d-59dab85d8b4f,0ef7b87d-abdd-4d80-a0bf-30dcc443c4d1,2026-09-08T12:16:54Z,rejected,310.56,PEN,api
8809969a-e7d1-40a8-921b-c119f054a0f5,73eeb5e8-848d-4bf0-9128-933745a6cae3,2026-08-16T14:25:12Z,confirmed,1786.34,PEN,mobile
2f60fd4b-2fcf-454f-a543-a2a636fc03c9,34b93931-f3a4-4585-89eb-cfed9f5e66b7,2026-08-05T11:50:51Z,confirmed,2367.53,PEN,web
8b019b5f-c2d5-4958-83a4-ed4398048d87,b8a919a0-8e4d-4174-8cc3-9a3ad16cfddf,2026-09-10T15:32:07Z,confirmed,266.92,PEN,web
e79ace04-97ac-4293-ad44-0993969ed3ab,0cb46469-bfb4-461d-a8f5-39ca87e429bb,2026-08-17T14:31:52Z,confirmed,1254.99,PEN,api
21ddcfc3-f3e6-4cba-baf5-f7b9027bf263,57dcc8bc-7bd9-49b4-bcf5-4929c5350ebb,2026-07-20T17:27:56Z,confirmed,919.74,PEN,mobile
c0216ed8-8da0-489c-b841-8e036b1ffac5,bb42233a-24cb-411e-acd3-e7799e95d78b,2026-07-30T09:17:45Z,confirmed,1371.02,PEN,mobile
114209ab-ec1c-4717-8f97-0a88a9d51998,16d1e87b-5980-4616-ba63-5fa740f5e2c1,2026-07-31T13:59:06Z,confirmed,3975.58,PEN,api
013ba62a-ebac-480d-b6e6-6cba0cd747b3,f722af2e-cb7b-4bc2-99f1-c8c168dc123b,2026-09-30T13:58:40Z,confirmed,3171.86,PEN,mobile
df145801-cbc9-4cca-88b1-f4b6825ba69f,e1b7ee7f-4a4c-4f48-b978-f3047b8c76ee,2026-09-19T10:29:05Z,confirmed,2237.98,PEN,mobile
587e0074-33da-45a5-baf6-1b9b914bd1e1,2bb8a28c-57ed-409b-b430-c619ce20ef41,2026-08-24T13:33:08Z,confirmed,3282.6,PEN,web
8b4c44e3-61f3-4cf0-b3c0-0702eb304d1b,f847a693-d6ff-4bed-b559-2da6f7bc8cad,2026-08-11T16:51:20Z,confirmed,2429.48,PEN,mobile
a63d1dd1-b2b4-48c0-94ee-98bef3f057a5,387e4c9d-e32a-4bc0-98d5-131425739778,2026-09-03T17:34:32Z,confirmed,13821.2,PEN,mobile
a7dd4e0c-0679-48d8-8234-c45f49847a99,afd56ba2-fd07-4f2d-b125-7869fb206f20,2026-07-27T16:37:31Z,confirmed,2565.72,PEN,mobile
245b370c-d780-49e3-9122-ec3706580a78,eb475e2c-c730-42fe-b890-74894d135629,2026-09-06T07:34:30Z,confirmed,446.24,PEN,mobile
fd374e15-890a-4832-9ff3-c0d08c9509c7,7a6d0709-f364-4f3a-88b6-ab1b01b205f2,2026-07-20T17:11:52Z,confirmed,8492.98,PEN,web
6249846e-0c8a-44ea-a360-07789d7a2441,7735c7f0-3161-4e82-9db7-250631dbf561,2026-08-20T15:21:15Z,pending,776.22,PEN,api
fd041533-e848-4171-b721-fdcbea695af8,9cdac7ca-0e26-40df-ba5b-443c0f978994,2026-09-13T07:28:14Z,confirmed,10053.86,PEN,mobile
a2edfdbe-1ef8-4d57-9149-9ab3c4b80d16,bbfe61aa-c4c7-45b9-8074-38dcbc9d6ff8,2026-08-25T15:14:08Z,confirmed,2643.53,PEN,mobile
3a405d1e-cf63-4b19-9c85-24566461ed9e,1c8efa06-7447-4fd2-b96d-3a0af0611218,2026-09-15T13:55:07Z,confirmed,6562.12,PEN,web
f4b6ecce-9389-45a3-8e6b-110ee83b7641,544ca703-42d7-4ea4-a72e-40a044ecad98,2026-08-24T13:05:49Z,cancelled,553.84,PEN,api
0dd0feec-9641-4d85-b3c3-e9256f86091d,dd5ce787-a7cc-489d-a569-386cc96ad2c9,2026-08-30T10:07:14Z,confirmed,4887.23,PEN,api
9e8bd88c-c4d2-4831-9d2e-4a31708fd268,87063f90-9b80-4584-982b-77118e454e97,2026-07-30T18:12:59Z,confirmed,171.2,PEN,web
e0382ecb-57a7-40e6-bad6-d76d64bfce17,9751c435-62c3-4ca4-a346-79cd6ee908d3,2026-09-03T15:38:56Z,confirmed,1219.34,PEN,mobile
607c1656-d8ad-424d-9811-c7b3d16d6631,70a5a6a2-8ac7-427c-8a4a-4cd99df397bf,2026-08-26T15:21:53Z,confirmed,1192.72,PEN,api
96239a93-52ba-4fc1-8927-dc961d503041,ce03a5e1-0cbb-4941-819e-7dbd09f14c22,2026-09-17T17:03:33Z,confirmed,2753.83,PEN,api
45be65fc-5937-4a16-b14e-a9fab928f26a,6872fe23-68c7-4319-88da-b81e9c7d873d,2026-08-18T14:19:47Z,confirmed,577.78,PEN,web
449e123b-ad18-4aa8-880f-2f797dd4082b,b489cb16-3f3e-4b59-a003-5bce38c2bbf0,2026-08-04T15:55:23Z,pending,11596.73,PEN,api
b4a818ac-7fa5-481c-8d90-e1991f42a8ef,57afb190-1d38-4236-b561-b10ad04d825a,2026-09-01T17:50:25Z,shipped,4231.22,PEN,mobile
666fae6d-2cf4-40b9-9716-c2fa4bdf8214,8c596c04-1a09-4952-939e-ae3048d1c8fb,2026-09-05T12:42:39Z,confirmed,298.18,PEN,api
1c164873-e551-4785-824e-452931100824,655e1dc3-1111-411e-b933-56ccce9b6753,2026-09-04T18:01:33Z,confirmed,6298.89,PEN,web
afe2c22e-7a62-44b1-a009-6fb5e9593817,33bdbf4d-e14c-4ff8-bc3c-c0f55f373892,2026-09-17T09:27:27Z,pending,1168.98,PEN,web
59f7acd0-75e2-4085-9181-92ccda440430,363e8255-80ac-4ffd-8813-e7e8d50dae77,2026-09-14T09:00:18Z,confirmed,12354.53,PEN,mobile
e7e38f7d-646b-45c8-9c00-235e7881902b,cee90f7b-2971-40b4-8123-94ae07465128,2026-08-03T09:46:57Z,rejected,2049.69,PEN,api
5c20df15-1cd8-4eec-884d-343ab1ec032d,46758377-672b-4e2a-ba59-a3a26ee96bf9,2026-07-25T07:52:24Z,cancelled,3176.64,PEN,web
63befa55-f1af-40be-9180-5fc0185e9359,c54317f0-fafe-4276-ae36-0d4a1ff82a88,2026-09-17T16:31:57Z,confirmed,7369.91,PEN,api
ac6c0e50-7626-43c5-bc4a-168f2fb6cf81,23fc56ca-53e2-481b-84aa-4c363dc800f5,2026-09-23T14:00:27Z,confirmed,456.84,PEN,api
431ce1f5-b74e-46c0-afe2-054c2473ed38,6c7f728b-997b-47d5-8c19-bd5a26ca8451,2026-09-01T18:09:24Z,confirmed,2315.64,PEN,mobile
9d60098b-8747-4677-86b7-d43555ad85e9,8b684f0b-5d0b-443d-a1e6-fc6a3e4ddb40,2026-07-22T18:50:38Z,confirmed,2308.7,PEN,mobile
cf37f253-acd8-411b-9727-615c850efa8a,57dcc8bc-7bd9-49b4-bcf5-4929c5350ebb,2026-08-26T14:45:43Z,confirmed,200.19,PEN,mobile
a70ad6ba-faec-40ee-9c9c-99805379e20f,45e42b0d-c43d-4b2b-bda9-ea2fc0f85a4e,2026-09-02T13:17:29Z,confirmed,10308.04,PEN,api
80c135a0-8b11-4db7-b44e-1138e8a42800,b682208a-1d3e-443e-bf57-54913f081d44,2026-07-29T16:18:23Z,confirmed,2434.65,PEN,web
8f28e2b5-2cf2-49c3-b96b-e2b67bdd2fd5,b23630ac-8203-48b6-b534-c6e1897ee209,2026-08-01T13:37:42Z,confirmed,2624.32,PEN,web
6759a02c-77df-4cd2-ab9f-7c652252902b,0ab99bdf-113b-40d5-9e84-bdc1af29c476,2026-08-02T10:40:46Z,confirmed,3288.09,PEN,mobile
b22f3552-13a9-4186-9944-32b3c3d8f13d,30d05281-e54e-4924-963d-2edc8bd6f4e8,2026-09-10T11:58:52Z,confirmed,2692.59,PEN,api
1089f967-83e7-4d2d-8332-238fcc596da9,201bb7ed-1dac-487b-ab84-4a7f324a4424,2026-08-22T12:58:27Z,rejected,277.11,PEN,mobile
0b193f03-1eac-4cd4-b60e-a0d41805ab40,b7d43c85-df95-4eac-8c46-8acaa309891f,2026-08-10T10:15:57Z,pending,1758.37,PEN,mobile
320d1e0e-bafc-41e5-8dc3-61d7408b8781,8499c1ea-7baa-4599-a10d-da71e58b2640,2026-09-29T11:29:02Z,confirmed,49.86,PEN,web
95e60727-3ba5-4353-9794-4db4bd999585,6809b22a-94c8-40ef-944f-b35f06656229,2026-08-29T06:19:42Z,confirmed,8422.78,PEN,mobile
beefa0a2-4a72-4482-aa18-25b636fac156,5cc569f3-5c89-48d5-abef-1f39d4861d1d,2026-08-05T12:25:01Z,confirmed,1356.14,PEN,mobile
c8240183-be3f-4520-a66e-b1545b61d45a,6adec02b-0686-4f76-b128-3b0f03d07c39,2026-09-23T15:54:42Z,pending,9831.77,PEN,mobile
b9c5515a-d027-4447-a25e-6833a2209224,bcf5a1d6-271b-459d-aa3b-f3171c7900f5,2026-09-13T15:58:13Z,pending,2829.79,PEN,mobile
ed7de5e9-21b3-4f78-bd69-385f521685cb,aa2159fc-721d-493a-995a-df566ea2dde3,2026-09-22T16:14:27Z,confirmed,849.64,PEN,api
9efd9590-bc1c-4e54-ac05-9501dc466eb6,c6d06e7e-fff2-4195-9e8b-5fbe41392845,2026-08-06T10:51:42Z,pending,9407.62,PEN,api
516f3460-cace-4fb4-99bd-a4626f24185a,9cdac7ca-0e26-40df-ba5b-443c0f978994,2026-07-19T14:36:11Z,confirmed,1854.22,PEN,web
49a206c4-60f7-413b-8b6c-a12f104ca91c,280b4f1d-25c2-4046-b585-b96aedf9a2ac,2026-09-13T15:02:44Z,confirmed,4802.9,PEN,api
c5081254-50b4-4259-96ad-3016c85c9899,ea65059a-013b-45c6-8897-2d7bfc2097a8,2026-07-20T09:20:45Z,pending,1722.82,PEN,api
87327683-d11a-49a7-86ab-c159248606ed,1473fa50-758a-49ff-b84c-3d244e394e91,2026-09-14T11:24:55Z,confirmed,453.52,PEN,web
a624ed81-dd7e-4365-b5f0-8480fe8e9250,b9b88b85-3115-4cf7-8701-8b8653ad5596,2026-08-22T10:51:46Z,confirmed,2940.29,PEN,mobile
50a32b9a-190f-434d-82b9-c50ede1a34f0,aa586bb0-dbd1-4924-87ba-6668638d1e71,2026-07-19T13:05:37Z,shipped,7177.87,PEN,api
53f8f6e2-b78a-4c4d-9483-dec819e7278a,224b85ae-00f1-4c2d-b1f2-da6139ad614a,2026-07-23T18:13:43Z,pending,78.84,PEN,web
7cd63b00-9777-413f-8bd5-f9862cb18c8b,f498a7ba-a490-42f5-9141-1ac5f03dde19,2026-09-25T17:29:59Z,rejected,905.57,PEN,api
8052b369-6165-421e-89ba-dbdecb7643d2,6c960fde-50fb-45c1-bef4-fff562bb76f7,2026-09-14T17:32:35Z,confirmed,442.31,PEN,api
60ede210-d6ac-4386-a034-cc5d724634f6,75e35550-fcfd-4f50-835c-a42dd3e981d5,2026-08-14T13:44:15Z,confirmed,2481.17,PEN,web
5658dd5d-77e0-4137-a752-079a4e362473,94424430-c506-4bda-8e56-75b706d4e9a3,2026-08-21T13:17:07Z,confirmed,372.49,PEN,web
1b828502-b3b4-46cf-8983-91e9c1c2a19c,740805f0-29dd-4ae7-8e40-3038862857a4,2026-09-18T15:59:49Z,confirmed,201,PEN,api
0ef9e416-c973-4cdb-97b3-a9d3c3b79a4e,2caeb02f-23a5-4527-915c-7a11018d1f6b,2026-07-18T06:50:00Z,shipped,3347.73,PEN,mobile
39d71166-bc8a-421e-9f7f-a23677b00793,0321ff9a-a7ed-4404-9b35-1f5d793c4c91,2026-09-30T15:13:10Z,confirmed,3372.02,PEN,web
2ba078ae-7ed8-44be-86f4-239a49e6df8e,281c9175-fdee-4f0c-ab70-7eb5ce08288a,2026-08-02T15:59:32Z,confirmed,3901.81,PEN,api
f5327bd4-a210-4940-aeb3-618b8b93505e,2538dc2f-9e8a-4232-8d93-773bc4401de3,2026-07-26T15:56:18Z,confirmed,2733.11,PEN,api
e86d9d68-1ffc-4335-9a43-2207bc2f82d0,d26e3c25-fe5b-44bc-9956-a99d577eca87,2026-09-19T07:41:46Z,confirmed,185.18,PEN,mobile
2620cab3-76d3-483b-b80c-cb5d0c3d9ae5,361489eb-a1fc-4e65-88c6-139b9028529d,2026-09-05T12:01:27Z,pending,4404.4,PEN,mobile
a40f2c32-5f22-489c-9301-d2ac12f9cb0b,87063f90-9b80-4584-982b-77118e454e97,2026-08-24T11:59:45Z,confirmed,374.28,PEN,api
3e018b78-2337-40af-9548-597cae6c82e0,9232cab6-c46e-40f7-ab1f-697fb70e5493,2026-09-15T17:05:05Z,confirmed,1125.72,PEN,api
bc0a449e-9d54-4512-8e19-8be02ae7a2e8,5daf8384-4094-4f5a-8b55-8d795293f9ae,2026-08-23T09:28:50Z,confirmed,11398.12,PEN,web
d17f2c35-f69a-4b56-8c96-2becba16398c,bcf5a1d6-271b-459d-aa3b-f3171c7900f5,2026-09-06T14:04:32Z,rejected,2574.84,PEN,web
b7d191ad-639c-472a-aca8-9cff8f6e6c69,afb41a16-a95d-4a90-982d-92c4dba8ef39,2026-08-21T16:58:51Z,confirmed,1530.8,PEN,api
fb77f500-5b8e-4d6d-849f-8e3c35565232,6b9526c3-0cb9-4643-bf04-e9d1bc7bdc6c,2026-09-28T10:18:30Z,confirmed,2096.81,PEN,api
2f156fc3-1ca5-409e-a1ff-10c7349fc950,f08d19b0-2ca7-4feb-b67a-ff54847fd9e7,2026-08-03T17:30:49Z,,1484.4,PEN,web
ad4cebaf-9a8c-44a2-a2b4-32e81f11d97d,561a23c7-5ae3-4bed-afbb-47c53a54dc1b,2026-08-16T12:08:45Z,confirmed,1917.71,PEN,web
39eafb0c-4439-4406-afbc-e2611ef4c023,da018864-b415-4842-9ac2-8a0f61daa001,2026-07-21T14:45:43Z,pending,5333.91,PEN,api
3877557f-a18c-419c-8100-9e104c66d44c,fe835a94-bf06-4b18-a6bc-ee6fd65a1f78,2026-09-20T11:22:51Z,confirmed,9030.56,PEN,mobile
3baf7188-bfe7-4678-9870-81d754213a23,e1a8c15b-c910-408b-b48f-013188aeb02e,2026-09-21T09:10:53Z,confirmed,194.24,PEN,web
6f569d98-2ad7-445c-952e-b3f2a9fa223c,2fe2227e-a3ea-4992-b4e7-07f23925b0a8,2026-09-15T11:10:05Z,confirmed,1482.27,PEN,api
d6aaa311-7bb9-4055-816e-b4cb9ddc807f,4ce07cfd-230b-4e4f-843a-5bb86bd7de0c,2026-07-24T09:58:57Z,rejected,5927.33,PEN,mobile
7fc7faf4-0ddc-4be9-b95f-d0a37c7ab968,c76aa9b3-5ae0-49d2-911c-4db1ed1be383,2026-08-17T18:42:45Z,confirmed,4850.28,PEN,mobile
e1efa2ce-44d7-471b-8025-dcaead4a0253,24d9ae70-c907-4aa0-98b1-415b3f660382,2026-09-12T07:15:33Z,confirmed,1281.19,PEN,mobile
dccb3c67-1948-4f4d-9b3a-3e18efbe8405,d93a84ab-68f4-449d-a5c5-9e841319c88d,2026-09-10T17:21:35Z,shipped,1155.32,PEN,api
5319c98e-afef-4691-9e34-7d5f6bc8dfd5,3944bfbd-ab28-445d-ad91-3e872169eaa5,2026-07-21T11:38:55Z,cancelled,650.12,PEN,mobile
3fd54752-1694-4890-b47f-1a40e608a281,0acfc1e5-b33a-44ce-bb7a-781c5d9f9fc7,2026-08-12T11:36:14Z,confirmed,2616.2,PEN,web
e888f1d5-376c-4a31-9c81-148b8c22b421,fb6c629d-6fce-4586-9eef-1cedea6880b1,2026-08-22T13:04:37Z,confirmed,7233.02,PEN,mobile
a042af7c-1d80-488a-b18b-38cdbf6d5049,4dc8a09b-d1ba-493a-befb-f821d38b86e1,2026-07-25T09:58:47Z,pending,7874.58,PEN,api
9d89eafd-80ed-47ee-8071-2d3fb5427e87,23fc56ca-53e2-481b-84aa-4c363dc800f5,2026-08-28T13:12:12Z,,2241.98,PEN,api
df572c31-d582-4cd4-adef-4e9afbe37f21,300de289-47e4-4a97-824c-de35ad391326,2026-08-08T09:09:45Z,confirmed,483.31,PEN,mobile
44b247d0-652e-465e-ba71-746686131281,c72dd78b-29bd-413c-95f8-29e8b6ff3100,2026-09-17T15:15:35Z,confirmed,2224.75,PEN,api
582d25dd-20b4-495b-9713-dca0ccadb39c,49a6c247-17d5-4fda-8bfe-79444a5becb6,2026-09-11T17:49:19Z,confirmed,1014.5,PEN,mobile
f12ad0f2-eead-4151-8abe-ae94af840a63,e70bbc55-d2be-4047-8a60-ba84ad22c3ee,2026-08-12T09:19:03Z,,4323.34,PEN,mobile
0b603f4d-a91f-41c6-8377-fd92b1641aea,77584e67-e628-4908-a22c-dbde8a854263,2026-09-20T15:51:37Z,pending,527.13,PEN,api
0f4a6c11-3d1a-45fd-b05d-bb261390deba,8f03a6da-c181-416e-8736-ce59aaecdd50,2026-08-19T09:49:55Z,shipped,909.5,PEN,web
c092b3ec-5ab1-49ea-a651-a7b890815f57,bcf5a1d6-271b-459d-aa3b-f3171c7900f5,2026-09-26T11:26:59Z,confirmed,945.83,PEN,web
781da091-9d86-4a9d-83c5-f8418adfe181,2c87f330-93a6-4a1c-acd5-461078e4c0a5,2026-07-31T17:53:35Z,confirmed,7149.01,PEN,mobile
2a22d54e-4824-456c-8607-40a6a7d3e19f,363e8255-80ac-4ffd-8813-e7e8d50dae77,2026-08-13T12:33:36Z,confirmed,804.58,PEN,mobile
6ca19a64-faca-45f4-8a45-dfa5ed507aa5,8cc988ee-01e8-447e-96fe-39aaa8ee442e,2026-08-25T14:58:26Z,rejected,5281.42,PEN,web
08e97c03-bde2-48a5-9608-a5eb5f9aea90,d9e05bc4-baad-4536-81da-f8ab4191c1a6,2026-08-25T16:26:09Z,rejected,1523.77,PEN,mobile
d1f3a318-dc75-429f-bb00-56beb85ee1cd,aaba8228-285b-4d15-a105-9b3ea8796b01,2026-08-25T10:31:29Z,confirmed,259.15,PEN,web
d4d1c960-1171-4801-be0e-cd914910f905,427d87e6-1597-4b73-ae04-b7bdf44f2530,2026-08-16T07:10:08Z,rejected,4137.3,PEN,mobile
25b087bb-0a76-4366-9773-eea107b2a469,e5943231-577d-4616-b03d-354583ea8282,2026-08-02T14:04:18Z,confirmed,12104.07,PEN,mobile
29ee8db9-4235-48be-8916-6f3589ff9a56,5307ce7f-6c53-43dd-8b61-61108466c944,2026-07-24T13:57:09Z,confirmed,51.97,PEN,web
8b98570a-3690-48ef-856b-fda1d36be3f6,db45798d-59cd-427f-90f9-2b3ac6e81bd9,2026-08-13T14:31:39Z,confirmed,4283.11,PEN,mobile
67269178-f6c7-4618-8ef5-5aaafa4a4141,84541a3c-dd53-49be-9a2e-a983ff5d06fc,2026-09-30T12:37:42Z,confirmed,1032.56,PEN,mobile
f39abf87-b3e5-43d6-b5c3-a340d8666e8c,bbb87787-eabd-4aa8-b832-31e686ef369b,2026-07-26T11:08:56Z,confirmed,617.2,PEN,web
34e0ebc3-29db-41d8-8fa9-482ad6325160,a7aac2bc-045f-4608-b5b9-111f71851153,2026-09-02T18:08:09Z,confirmed,75.75,PEN,api
ecadd5e6-f388-4084-85d7-a559610deebf,3fa4be75-78ee-4deb-b0e4-a4f7735e9b14,2026-08-25T11:11:23Z,,8812.4,PEN,web
fdb8fb80-41b7-4839-89f5-b2022d70a7ee,3007c56c-f44f-4653-bf02-d390351a8049,2026-07-26T12:52:06Z,confirmed,6419.52,PEN,mobile
88dda3d2-ca79-406f-ad29-e43733984f8a,c43e660d-c32f-42fa-af05-6185e3d4bc3a,2026-08-17T11:51:16Z,confirmed,5618.26,PEN,mobile
308c6093-392e-4cee-aa6f-9080edb85fe1,f48e66cd-4250-4b55-976e-2b5912d095df,2026-08-04T16:19:37Z,confirmed,1391.31,PEN,api
6885e0a2-20c7-4aef-86ec-16c7f39d6ac4,9b59acad-8db0-44c4-b089-bcc1cc028dbf,2026-08-18T09:05:58Z,pending,4407.9,PEN,api
31c4f822-d40c-45a2-a0e5-99ca0213b991,169d56a1-9d21-4245-bda2-5e2407a0b564,2026-08-22T10:46:32Z,confirmed,11311.24,PEN,api
4fc19b71-e813-4a41-beec-65fdae1c4af6,94b0226d-f39e-4ed9-9179-068ff4ec9ca7,2026-09-13T09:10:03Z,pending,103.94,PEN,api
b9fadc3c-748e-4c71-b6f1-c7b88f8fa633,908a0a58-b4bb-4980-a6ec-61d254468cfe,2026-08-19T15:59:56Z,confirmed,10465.23,PEN,mobile
a2c58e59-a7b7-4a41-beb1-b09ed84e0e19,28c0d5c4-145b-4caa-99c3-0c38d8bc69e3,2026-09-06T07:13:30Z,confirmed,3512.92,PEN,web
178c68fd-2fec-4579-8ec8-b67f52691c3d,c4b4e306-4b2e-4367-9ca9-e1e419f4cc5f,2026-08-30T09:30:32Z,confirmed,8491.41,PEN,api
3a3bb44f-f559-4855-a1c0-e571776861f2,5372a4e9-66da-44af-8641-039da83ccee6,2026-08-31T17:07:27Z,confirmed,1212.73,PEN,api
8bdd5e6b-1a21-4d01-ac67-99407bf4d22f,244a93da-ad86-49b8-88b7-6388c98a3e63,2026-07-25T10:56:05Z,confirmed,2925.76,PEN,api
23db8319-a3ae-409c-b3d6-dca5f888f0cf,843d21a3-fbde-4d65-9bfd-a965fd95e01a,2026-07-22T17:21:52Z,confirmed,5105.9,PEN,mobile
e51cd02a-3857-4f63-b375-5373ed2504c8,ff91e70b-89fd-4b40-a797-98dd4070cd82,2026-09-25T10:35:24Z,confirmed,834.95,PEN,api
bce2c42e-dc05-48e1-967b-8cf0cc91938b,ea37b035-c608-48c5-aa51-549acec75bce,2026-09-10T09:38:57Z,confirmed,2404.52,PEN,web
e5bc4eb2-c76d-47ee-81fc-cb6191572cba,1993c71b-2bc4-4abb-8d7a-42592c320af7,2026-07-28T09:36:36Z,confirmed,467.77,PEN,web
d67e6531-57b0-49f1-8c88-aa7157e6bba3,de54aee3-d105-4b83-955c-478489e89bfc,2026-07-26T11:32:47Z,confirmed,2237.76,PEN,web
b8ee9c3a-ad06-4dc7-8570-b1d07fe6e08c,5307ce7f-6c53-43dd-8b61-61108466c944,2026-09-26T11:42:36Z,confirmed,268,PEN,web
5077a239-3472-45aa-8469-cc6e80620f70,24d9ae70-c907-4aa0-98b1-415b3f660382,2026-09-10T18:35:49Z,confirmed,1608.46,PEN,mobile
eb74bfd8-1d88-4ce9-a709-1368e0a7b302,eb83fed2-f82f-41e4-a22e-05e5e1998f64,2026-08-22T07:03:27Z,confirmed,4561.74,PEN,api
72b43bb2-4451-42df-9121-63ad726d7315,76926ba4-faae-4a89-b213-5c7db58f9b3c,2026-08-02T07:39:52Z,confirmed,10542.98,PEN,mobile
c9355e12-9586-48df-9781-97614f9fc621,f19522bf-886c-44ca-a58f-b249b6bc26f5,2026-09-11T12:02:33Z,rejected,1581.47,PEN,api
fc8b3fd6-3fca-44f6-8a1c-cb17a947dda0,4b83a484-48a3-451e-8219-5d2e9fcb5316,2026-09-03T10:35:20Z,confirmed,2262.7,PEN,web
4fec42a2-2ab2-429f-acd3-bb675c1460dc,9b1a0870-9c0a-471f-b401-69ddde89e52c,2026-07-30T17:05:37Z,confirmed,3237.18,PEN,web
17256805-9801-404f-b9dd-7394ed6662a0,084d654e-75e4-4463-8305-1e92aaf3471a,2026-08-11T10:29:48Z,confirmed,1531.14,PEN,web
3b8ea9a8-7b06-42de-9b10-d56a6ff7b454,d9363844-78c4-49b1-91ab-40a135cb8932,2026-08-25T09:11:52Z,confirmed,2091.63,PEN,web
21e483b0-69dd-4db1-a867-770de9202406,717880c0-a932-45e0-8426-830dfc512b52,2026-08-28T18:40:47Z,pending,1618.96,PEN,api
938346ef-eec5-4631-859f-26ef19a5b7bc,ca6209fc-aba4-4435-89d9-94ff2a41183e,2026-08-05T14:57:45Z,confirmed,455,PEN,web
51fa7cd2-e4dd-4c38-9118-0952547725b9,37bcf0cb-fe4e-42a7-9667-0153c58e58ff,2026-07-29T09:20:22Z,confirmed,4745.81,PEN,api
d7dad230-6643-482e-a0e3-4c6c9b1a7bd3,f6f6db98-2a07-49ff-99c7-1c35f0068ede,2026-08-26T11:58:14Z,confirmed,95.64,PEN,web
703f1688-31ec-490f-8168-22b88c078205,7468fd42-179e-4abd-9475-1fd8135bbe92,2026-08-25T14:41:49Z,confirmed,3150.98,PEN,api
383f9aa1-4f55-4ddc-a67e-eceffd08a63d,2586604d-c19e-468e-8b45-4b0eb398a91b,2026-07-29T17:42:06Z,confirmed,3858.28,PEN,mobile
82278c72-a743-48f8-8363-96f424e57aec,57b74fa6-eb77-42d9-b60d-5aab4ebd023e,2026-09-06T06:53:36Z,confirmed,486.62,PEN,mobile
b30e6686-a86f-40fe-8d24-35b314952753,8cc988ee-01e8-447e-96fe-39aaa8ee442e,2026-08-15T14:31:22Z,confirmed,2078.1,PEN,web
2a55ba18-4caa-427f-aac1-5c9d043d3e92,deac50d3-6f40-4a48-8b5c-acaee72d98d1,2026-08-13T12:40:42Z,confirmed,169.36,PEN,api
ad428f62-bc4e-4063-ae40-c97736e19789,afb41a16-a95d-4a90-982d-92c4dba8ef39,2026-08-03T13:44:10Z,confirmed,1813.8,PEN,mobile
a614db65-ecd3-4dd1-9d03-38f1f6bde0a8,6ee82c33-24d3-4dc8-9c89-8fc08ee19b54,2026-09-15T16:33:10Z,rejected,458.15,PEN,api
2d1c081c-c240-4cc1-a2f5-c13e6717a562,f1874406-082d-468a-87e9-d5b0aea86117,2026-09-13T07:58:43Z,pending,1245.27,PEN,api
884603bb-69a3-4e17-b921-310584ddf765,b6764799-76bc-4639-bf19-49fa4244a08c,2026-09-07T11:08:39Z,confirmed,3832.11,PEN,mobile
c6861a82-8c3c-4845-aea7-b68d73c3b94e,9602f8ce-7fd8-4f6b-8de0-ed03afd3f928,2026-08-28T14:47:12Z,confirmed,579.18,PEN,mobile
73e6d41a-b6da-4b92-b299-5396a8ba7dd6,5a34b964-1666-4125-9289-ea12d1f6c053,2026-08-07T14:23:46Z,confirmed,7495.37,PEN,mobile
8be23536-df59-4157-88a5-1dd152366449,d5ca3e4e-2d7e-431c-9596-27d514f7ffc5,2026-09-23T11:02:24Z,confirmed,9710.67,PEN,web
9cfc1dd5-03cf-4aa6-a6f0-ce64597d5ba0,12a718ca-2c1a-43bc-aee0-624d4de6536c,2026-08-10T15:52:35Z,confirmed,4686.82,PEN,api
6f5b14d1-5396-4bbd-9221-3f8835acc478,57b74fa6-eb77-42d9-b60d-5aab4ebd023e,2026-09-09T17:14:16Z,confirmed,971.29,PEN,mobile
c154e6c6-f714-4f40-8cd8-d1c38d8da3f1,fdbabfe6-f3f8-48a9-b94d-00590a5fac2f,2026-07-20T12:37:12Z,confirmed,4129.78,PEN,web
e48d5cdb-d0ee-4dd3-b40f-af0482850b46,a365d6b5-6a26-45a6-bf73-7ec9b6fc0001,2026-09-24T10:58:08Z,pending,2968.15,PEN,web
3494c1da-3cd3-4ce9-9dd2-2eaa64e3ead9,5db12387-c164-450c-b80b-0b0c1a20d378,2026-08-07T12:23:09Z,pending,5774.81,PEN,api
9e56bb89-36bb-4396-850d-9ba77bfeb37c,cf5f9a34-ec9c-43a6-98ed-1fb940ad8be7,2026-09-12T07:16:41Z,shipped,1780.08,PEN,api
bd78df81-a5e1-40aa-b229-126a888de644,427d87e6-1597-4b73-ae04-b7bdf44f2530,2026-08-29T08:38:02Z,confirmed,7248.61,PEN,mobile
3290ef4d-d3de-4aec-add4-89f03062a6ca,0a88f0e9-5202-4f90-bd26-e0cfc9acda14,2026-09-17T13:30:48Z,confirmed,115.72,PEN,web
4102c795-2dde-45ef-b83c-928ba0ad4c19,89d5bd54-34c5-403f-a6b4-b024fd439a0d,2026-09-15T13:19:02Z,pending,1579.64,PEN,mobile
420fc493-e1ef-4d31-bbf3-e9fc033ef5dc,5303532e-4c8b-41fe-a0a9-40a9110d33b6,2026-07-31T11:55:22Z,confirmed,2030.34,PEN,web
958b9d8c-28af-467d-b936-c49c6a361788,d93a84ab-68f4-449d-a5c5-9e841319c88d,2026-09-28T15:18:45Z,confirmed,2775.79,PEN,web
93332274-885c-4326-9062-d5be7147c384,ef219736-aaa8-4a03-8680-242f036f97cc,2026-09-18T09:04:58Z,confirmed,4791.91,PEN,api
a882cd2c-c045-4160-8f34-f84009658ebb,2e9c8d5f-14ed-44d8-9c87-762de895f447,2026-08-06T12:01:32Z,confirmed,4570.66,PEN,web
5e157d68-2847-4866-add3-e28cf8076947,c5b2ff22-c8e3-41cd-9b35-74ab85f53ad6,2026-09-25T13:05:59Z,confirmed,2551.51,PEN,web
b82e47f2-3cb3-4703-890f-b92fdbb98790,2586604d-c19e-468e-8b45-4b0eb398a91b,2026-08-12T11:16:56Z,shipped,1799.38,PEN,api
dc170acf-3d35-4f05-8d61-9d8e1067158b,cb43c134-0f2e-49b8-88bf-2094199e5db6,2026-08-30T10:46:58Z,,4767.36,PEN,web
495ba8af-be9c-4109-8487-84b75a612d7e,78d58dda-aee9-472c-a706-8f4cc413d886,2026-09-07T17:41:32Z,confirmed,,PEN,api
90cab0b6-03a2-41d8-895f-93d7afeab510,d6c171c1-e02a-4aa6-99f7-8931f7597704,2026-08-11T18:21:38Z,pending,1311.24,PEN,api
7fd0bc41-4f2f-4342-8469-28f173c923fd,13e476f1-9047-422c-9094-a31178666ffe,2026-09-27T14:11:24Z,cancelled,2832.5,PEN,api
0a8d2d6d-2c80-4e59-9ba5-219e3ca39afc,5d7cd744-869d-4988-b876-b48821642f50,2026-09-06T08:08:38Z,confirmed,1766.51,PEN,mobile
15a6fec4-cb4c-4f1a-98be-40cd367e69fe,e8164dfc-6b19-4d15-8232-f92490b0fcad,2026-09-26T08:46:20Z,confirmed,2569.6,PEN,mobile
e46c4caa-c49b-49b7-888c-2d8726e64e44,0fca0ca9-a87f-44cb-9537-347346e676d6,2026-08-02T09:38:32Z,confirmed,559.71,PEN,api
f7f52303-9fce-4cdb-b2d9-bfb0f1563f02,9216a40e-c898-4e30-bb44-e8da2b09a43d,2026-09-09T13:51:24Z,pending,2607.38,PEN,web
ef139e9c-660f-430c-99ef-2b3014768d53,63109cbb-2969-4187-a0b2-f95e04a3c4b7,2026-09-26T11:21:38Z,rejected,5048.11,PEN,api
39fe3832-ec11-4850-8164-2f9abc8aa12e,30d05281-e54e-4924-963d-2edc8bd6f4e8,2026-09-30T14:43:09Z,pending,4357.49,PEN,web
b019b507-2acd-4a4f-9d49-d85278649e06,9cdac7ca-0e26-40df-ba5b-443c0f978994,2026-09-02T09:06:08Z,confirmed,594.85,PEN,mobile
bf198de7-40ea-4d83-a24d-3482203281e7,50837819-b0af-4c20-a45f-db128f20e8e6,2026-09-25T18:18:00Z,confirmed,1155.16,PEN,web
48074950-d66b-4179-b208-ad9569901c3f,6adec02b-0686-4f76-b128-3b0f03d07c39,2026-08-26T14:14:00Z,confirmed,960.75,PEN,mobile
3bc0d164-8e35-4da8-9e5c-c3cc9270f3dd,b23630ac-8203-48b6-b534-c6e1897ee209,2026-08-16T13:31:35Z,confirmed,1175.48,PEN,mobile
cb2451ff-6483-41a2-9c5a-c83b54739f20,0321ff9a-a7ed-4404-9b35-1f5d793c4c91,2026-08-02T10:28:12Z,pending,2961.01,PEN,api
bf86a05e-424a-40ca-bb76-a73d28217a86,281c9175-fdee-4f0c-ab70-7eb5ce08288a,2026-09-12T06:55:16Z,confirmed,4093.04,PEN,mobile
2353cb7a-14e7-4d7a-96cc-e5f9c4e3f92f,ce904708-ba06-41bf-bc0d-613b7023bc69,2026-08-11T15:20:24Z,cancelled,34.53,PEN,mobile
8a1bc68b-7916-4e68-918a-3609ddea39d6,fe2a1c60-8d6e-4ce0-bad3-878fc22c8dae,2026-07-29T13:33:00Z,confirmed,2719.44,PEN,web
86facca8-2ab1-4c2a-86ec-aa7819e7f349,b6764799-76bc-4639-bf19-49fa4244a08c,2026-09-23T09:55:33Z,confirmed,1085.19,PEN,api
ce54d10a-51f1-41a5-ac84-a88bd6e11d52,08998e79-35db-40b5-baaf-7e5031421ffe,2026-09-13T15:29:07Z,confirmed,2690.68,PEN,api
ca7770a8-bb46-43a0-843a-a59a4729621e,eaa4b488-dfe5-4adf-a0df-6752e12f489b,2026-07-18T12:17:00Z,rejected,1698.34,PEN,api
e2490e79-f400-41e1-afa1-c75434fb6287,a6375c1d-8338-4efa-b68d-f90530c74380,2026-08-02T08:45:07Z,confirmed,578.1,PEN,mobile
c9af3969-70bb-488c-a76c-7378a2db58cf,316b114d-92a3-48e0-8aec-7eb0fadccf25,2026-07-19T15:47:58Z,pending,2864.68,PEN,api
ca8457f3-7a49-4950-9197-f1820c328d7b,e68a8184-7e98-4abe-af8d-324fe89f2958,2026-09-11T16:16:53Z,confirmed,12768.46,PEN,api
f4a8b3dd-bbe2-4b2a-937b-05e76828be69,3cd7051a-e18e-47b2-81a1-d8c5bfd31f66,2026-08-07T09:11:46Z,confirmed,4354.78,PEN,mobile
f2d816da-e0f2-4535-aecc-0cc2f10bb33c,2fe2227e-a3ea-4992-b4e7-07f23925b0a8,2026-08-28T16:14:08Z,confirmed,1308.39,PEN,api
cff20b44-6606-4cb8-a057-120fdf76cab8,94424430-c506-4bda-8e56-75b706d4e9a3,2026-09-15T09:29:57Z,shipped,2125.29,PEN,api
8ac8115a-dd8f-4f9f-a3a4-b0ba0f004b5f,c11892c4-1f02-4391-b1a0-451b61d4933c,2026-08-19T17:16:49Z,,3588.3,PEN,api
995aeb6e-a22c-48e6-a9b7-96364be65d80,80ca2f4d-d447-46b3-8819-df199e20a3d2,2026-08-03T18:20:29Z,rejected,1207.5,PEN,api
2fc25586-a1be-4fde-b529-501d73361c99,49a6c247-17d5-4fda-8bfe-79444a5becb6,2026-07-19T09:21:00Z,confirmed,1707.96,PEN,web
0894a061-094c-44ca-94d4-e04d46b59d4a,6c60a995-8e9e-4315-ac4e-a334d598ebfe,2026-08-12T13:29:24Z,pending,879.68,PEN,mobile
21bc481c-5656-4155-8171-c07dc363544c,3b72849e-e5ad-4954-bd09-b2148506707c,2026-09-27T10:21:54Z,pending,1388.64,PEN,web
f03abac1-9e49-4e24-86de-b51a0c61bf84,b84387d7-7bc5-41db-a71a-160ca1bf9086,2026-09-19T11:19:49Z,rejected,151.5,PEN,mobile
52b05b63-1b46-4e00-be07-b3c5fd7e76a7,814627f8-970e-41c1-a650-f164c9e27850,2026-09-19T06:36:12Z,pending,3456.37,PEN,web
2af99076-a220-4de4-82bd-cbd1c97d00c7,4ef94ee4-2c04-420f-a961-79b86b9db999,2026-07-19T13:10:41Z,rejected,2128.9,PEN,api
a3f1ca26-0b0a-428b-8079-9c40b1b82ba7,06367bc7-5240-48dc-b69e-e6601f501b3e,2026-09-24T11:00:20Z,rejected,2355.42,PEN,api
6077a3d0-0e3c-4c1e-b83d-fb927ebb3c6e,6618d8d3-f600-4973-aaea-efd9a73dfe1f,2026-08-30T13:47:33Z,confirmed,2605.22,PEN,api
bccc4494-2a42-4ff8-9ab3-ea056066216a,abaa6667-ac94-49ee-bde2-b501dcba97da,2026-08-19T17:04:46Z,cancelled,893.14,PEN,web
702a08cb-919e-466d-a882-093bdabaaa25,83430933-02cb-4a05-90ea-a7db9b419761,2026-08-15T06:51:11Z,confirmed,873.28,PEN,web
8a645ed9-629c-4cf2-a470-b126fb96ae37,a0ba7906-8c74-4fc5-a6c8-c283d6f88394,2026-08-09T14:07:12Z,confirmed,7113.24,PEN,web
f9a46ea2-3b1e-480f-8274-efff8b005c36,322a1bd5-3ef1-4500-b2ca-8096b5e1ad1e,2026-08-26T13:09:13Z,confirmed,1300.24,PEN,web
d1be2bc5-49ae-41cc-b531-5e9fdbe92ec5,f0ffdc20-cf43-4016-9711-a875a645085e,2026-08-21T12:43:28Z,confirmed,466.62,PEN,web
121964cf-c433-4c96-a8c8-ab07470d4db7,8499c1ea-7baa-4599-a10d-da71e58b2640,2026-07-26T10:53:30Z,rejected,3184.88,PEN,mobile
589276d9-b72a-4c09-a10a-3345db9644ad,e3079dfe-e526-47bc-b634-ec12d0a8095d,2026-07-25T11:29:08Z,confirmed,4462.99,PEN,web
ce924ff0-4274-4f08-863a-52b2a28c962b,6053dd65-00e8-4f4a-9e5f-d8bf4ab531cd,2026-08-15T08:58:05Z,confirmed,5134.31,PEN,api
d4093004-9274-4fb7-a53d-bfb8717ca519,cb43c134-0f2e-49b8-88bf-2094199e5db6,2026-08-24T10:56:02Z,confirmed,1467.26,PEN,api
9ce3bfe5-96e3-41c6-9bf4-e96e3cf54039,5307ce7f-6c53-43dd-8b61-61108466c944,2026-09-21T14:53:22Z,confirmed,3916.66,PEN,web
80b49d75-3bf0-4ed3-9629-2f8651740663,42bbaa43-3082-4632-81e7-9a3fc8e2482f,2026-07-28T13:27:09Z,confirmed,2074.88,PEN,web
d91d245d-8782-48c6-a7ee-d4745bb39039,42d45561-d9f5-446d-affe-8634c8d634a2,2026-09-21T14:08:55Z,confirmed,5792.95,PEN,web
52cddb2a-6c72-480f-82ce-c2c668535430,4c93c421-ff62-4615-85dd-c2e55419e3ff,2026-09-06T08:18:45Z,confirmed,1166.05,PEN,mobile
84ec307f-ab82-4502-9642-056556c17071,ca5ec968-c7e9-4746-a7ca-49d42fea1179,2026-08-20T09:36:31Z,pending,1192.72,PEN,web
a598653d-de51-4327-a764-e0e05fb6e5bc,a0ba7906-8c74-4fc5-a6c8-c283d6f88394,2026-08-21T18:55:03Z,confirmed,2597.19,PEN,web
ddd77a8b-bdc6-4bc9-8084-4f6959538786,27471e7f-9655-4f70-87b9-27ab5c16f4fa,2026-09-14T11:54:35Z,pending,1577.35,PEN,mobile
8d7af109-684d-4727-837e-20bf6455c7fe,1532525c-75ec-4957-b770-d8cb313d282f,2026-08-04T12:27:57Z,rejected,2369.03,PEN,web
f6806210-ef81-4c37-9c94-428b695d96b0,34dae421-3cb4-4118-9fdf-e04b448c9d92,2026-08-04T16:52:54Z,confirmed,7977.29,PEN,mobile
003f01b0-fe78-4b49-9a01-99e082a748e1,865f2c9a-86bd-4c5c-978b-b12eb2073e6c,2026-09-21T15:28:14Z,confirmed,6110.35,PEN,web
f012eec4-4bf4-4640-bae2-3dacaa70b6b6,6ff36690-1e16-485f-a21d-3c1a69687ba1,2026-08-17T13:27:13Z,cancelled,381.88,PEN,web
0ab77ecd-cab9-4703-835b-85f1c7418358,e1a8c15b-c910-408b-b48f-013188aeb02e,2026-08-21T12:56:37Z,pending,103.85,PEN,mobile
ef08fff9-8008-4744-9d17-6e9eaf99a40b,9db74d33-fa0e-4e84-98ea-6f05acb12fa5,2026-09-02T17:15:26Z,confirmed,3387.16,PEN,web
391d50d2-1120-4c72-abe9-452abd5a2b73,31e90c5f-2289-4355-ad4f-08e26726c0e4,2026-09-21T14:43:30Z,confirmed,454.75,PEN,api
8608bbb4-c612-4885-8a3a-a3be899fbd1e,3879c26c-385f-4b9c-b1ac-c13ecb7a9baf,2026-09-24T17:37:48Z,confirmed,1468.11,PEN,api
5a1e18e6-6016-4453-96a3-79bcc9a3509e,bf2698f5-7f26-4fce-9c8d-dc61cc8918ad,2026-08-21T11:27:31Z,confirmed,52.75,PEN,web
23d79d19-73de-4999-aa98-d4ddb3ae4fc9,3dc96785-6e1c-4d0e-9024-db3317b269b9,2026-09-06T08:19:44Z,confirmed,215.62,PEN,api
c7f4bc67-d765-498b-b6d6-aee7c8250c09,a5a102f9-83ba-4e97-8825-ddb093ec80be,2026-09-29T18:24:19Z,cancelled,3528.14,PEN,mobile
6ed41f01-d666-4abc-a0ef-83ba0c73dcb3,45e42b0d-c43d-4b2b-bda9-ea2fc0f85a4e,2026-08-09T07:21:16Z,confirmed,713.56,PEN,mobile
e3573f28-7cc2-4668-a924-9ef14b67b219,7be7f7fa-05b1-48f3-be5a-3563436aa8b9,2026-09-28T10:45:35Z,pending,4988.38,PEN,web
f97b2507-1a11-48d5-9ba5-f157bbd7124d,715fa856-b1a2-4460-b29b-a25abaf1c17a,2026-08-27T10:01:53Z,confirmed,593.47,PEN,api
d4810ca5-ad08-40fb-9fd3-0f13ba831a0d,740805f0-29dd-4ae7-8e40-3038862857a4,2026-08-27T09:58:30Z,rejected,1109.54,PEN,api
2e881e6b-6e76-4eca-bdb9-f6c858681383,34777596-0323-4725-a1a3-e080be3a28d2,2026-08-31T11:40:20Z,confirmed,608.06,PEN,web
4994374a-6004-489b-9bda-5a41fcd40771,d43684f7-b0c8-494f-8996-f17d47f58b0b,2026-08-22T12:54:30Z,pending,1804.8,PEN,mobile
600a30da-bbb6-45a6-a02a-766a1c19cfeb,a7aac2bc-045f-4608-b5b9-111f71851153,2026-09-20T12:35:01Z,cancelled,1987.62,PEN,api
d529bea4-ff17-4519-adbb-8e28e86743c5,bf766e61-e66b-4eb3-b8a0-f2d2300ae423,2026-08-10T15:47:15Z,confirmed,9659,PEN,api
d551924b-9047-4375-8663-cbea91611aeb,3777ce28-1286-4576-a512-b4e2b633c86d,2026-08-27T10:57:59Z,,6216.26,PEN,api
03275e31-b512-44d8-91ba-f4171ccef847,06ea0ff4-de1f-4456-ad6c-37417ec5ea5d,2026-09-25T13:38:09Z,pending,620.77,PEN,web
226dd718-5609-4d2b-9691-6b9f2da274da,afb41a16-a95d-4a90-982d-92c4dba8ef39,2026-08-27T18:25:54Z,confirmed,11790.84,PEN,api
16960c96-c9cf-46eb-b881-4f17ca18a296,c2cba4c7-5d38-4c9c-a9ae-d2ed60f69d07,2026-08-15T12:28:31Z,confirmed,426.19,PEN,api
eac975a1-81fe-4be2-b015-b940e89953bf,2caeb02f-23a5-4527-915c-7a11018d1f6b,2026-08-13T18:01:46Z,confirmed,9490.9,PEN,api
44c599b1-d43b-4dc6-be7c-db1270eb3148,c0879d1f-69a4-496d-ac55-b02c1acd7518,2026-09-17T11:40:09Z,confirmed,9133.55,PEN,web
43a2e5fb-7320-4f84-bdfb-be4a7301530d,a5376b6f-5b26-4a3b-a42c-918b28bca1f4,2026-09-18T10:31:36Z,confirmed,314.82,PEN,api
96ebfc50-01f5-4c9a-b0c4-158a2b9b901d,a90e88bc-bfb9-4869-ab72-f9334f7223d0,2026-09-10T12:16:17Z,confirmed,510.24,PEN,web
ec3059ca-0502-4f36-be7b-13e84cca6f20,b489cb16-3f3e-4b59-a003-5bce38c2bbf0,2026-07-18T08:56:19Z,confirmed,2051.46,PEN,api
ca443289-ada7-45c3-9d82-8550f3bc6c85,1a467541-cdc7-4a8d-8d56-118527ceb2c5,2026-09-07T12:39:10Z,shipped,719.29,PEN,mobile
fd64a3e5-a49d-4e05-b27b-e8c7957ef08c,3b72849e-e5ad-4954-bd09-b2148506707c,2026-08-13T12:38:41Z,confirmed,738.94,PEN,web
f3497349-8a72-41eb-85c7-9bed0babad48,763f835a-10b5-46ee-a181-07f82bba4ab3,2026-07-23T13:41:00Z,confirmed,1658.47,PEN,api
c8d998d3-d6c3-4b01-888b-bad4f43284d2,d6c171c1-e02a-4aa6-99f7-8931f7597704,2026-08-29T15:48:08Z,confirmed,6868.67,PEN,web
a20ae956-0648-4ed6-8e47-b677b145dc37,6618d8d3-f600-4973-aaea-efd9a73dfe1f,2026-08-26T13:37:21Z,confirmed,3786.58,PEN,web
e79c8cf9-4459-4375-941c-16e08ba6c30a,78d58dda-aee9-472c-a706-8f4cc413d886,2026-07-21T15:23:32Z,pending,236.97,PEN,mobile
1a2dfd68-3887-4db1-abd2-8184156840dc,a12b17b4-4f19-4b33-8317-14f9c592439d,2026-08-01T07:51:25Z,confirmed,2664.1,PEN,mobile
6ca90528-c2aa-47d5-b4f3-7c95d942f544,063bda34-c878-40a8-a321-b93c319c3a4a,2026-09-09T17:00:42Z,confirmed,2836.22,PEN,web
1dfb31c8-1966-42cc-9157-1dd5e0fa5ac0,890cf578-beb1-4911-9b06-1f2454d59db4,2026-07-29T14:27:18Z,rejected,3242.76,PEN,mobile
17e35012-9660-402f-9d1c-bedab803bea9,2799a183-23f2-4b27-a812-6c9451cfdb84,2026-07-23T15:31:39Z,pending,3432.94,PEN,web
29a50688-8ad6-4aaa-9a83-6d9166a9e872,9232cab6-c46e-40f7-ab1f-697fb70e5493,2026-07-21T09:15:57Z,confirmed,2789.54,PEN,web
32247489-b0c7-495f-a5f8-f14c21a906e1,7d89c253-3905-48f5-886c-8dfb555d956d,2026-07-30T13:59:40Z,pending,9480.78,PEN,mobile
9a69909c-0ada-4e1c-a0ae-b436343a0364,1e0c855f-6b97-424a-98a1-7c793cd62ce5,2026-07-29T09:36:59Z,confirmed,1078.08,PEN,api
751f868a-6808-4510-9f28-39d68c864608,0b235f07-361b-4a70-a601-abd74d5a59be,2026-08-07T09:04:13Z,confirmed,6218.78,PEN,web
3465dcaf-a4aa-4fc6-b472-30646e34d56b,75337039-c5c7-414a-ad10-4d14b0706254,2026-08-01T13:47:33Z,rejected,1245.54,PEN,api
a87c0a2c-5461-4a4e-8534-71b5b4bc833a,b15b1ab4-d139-46ef-b8c3-73256abbc7e6,2026-08-10T12:33:45Z,confirmed,2015.4,PEN,web
524a8eed-57b8-4fa1-823d-2567af848aeb,a4ae0fa7-6c4a-4add-bbba-35a358bb4ec4,2026-07-20T14:03:26Z,confirmed,677.89,PEN,mobile
4975d092-00ec-42e8-bda0-cc81e98decfa,d430f899-e88d-499b-99e8-224679bf2855,2026-08-31T09:13:53Z,confirmed,395.58,PEN,api
6f99425d-7a46-4e6d-b2ba-b874fb6c7d71,bd4a7315-1020-47d0-a1a7-7a48bb0418d3,2026-08-23T11:26:59Z,rejected,5312.17,PEN,web
6347cc9a-4f7a-4c62-84d0-bc3e7b8148bc,e3079dfe-e526-47bc-b634-ec12d0a8095d,2026-08-31T09:23:14Z,confirmed,14043.42,PEN,mobile
43a99a2c-3834-4e7e-b4c8-16f714f79a87,1c91da22-14ce-43ef-9b70-88858969fadb,2026-07-23T13:31:40Z,confirmed,6306.84,PEN,web
308c614c-7ffb-41ff-9c66-1c719a800f77,624588c6-e3e4-48c7-8042-6590cb49b87e,2026-08-09T15:20:27Z,confirmed,2693.28,PEN,mobile
d6d55c04-41e0-4b11-a0e5-5a64b4728bc3,ef219736-aaa8-4a03-8680-242f036f97cc,2026-08-10T16:33:18Z,shipped,7636.89,PEN,web
9c641a7d-1a41-49a2-967b-30f56a6d2f36,c2aaeef4-ffb5-4dbb-95ff-4a6bebc6bb03,2026-09-12T14:46:30Z,confirmed,1769.24,PEN,mobile
f41f7e9b-eecc-4fb4-919b-63844412a2ca,ef219736-aaa8-4a03-8680-242f036f97cc,2026-07-18T08:16:21Z,confirmed,2694.4,PEN,mobile
a93723ec-7494-4a21-a2d0-e7801b397f82,45e42b0d-c43d-4b2b-bda9-ea2fc0f85a4e,2026-07-25T06:46:24Z,confirmed,10625.23,PEN,mobile
51a724f3-9436-4706-87b4-889b28c764d2,4519e394-3f2f-4f6f-aafa-9f65fa9f7b4d,2026-09-09T13:16:02Z,pending,766.63,PEN,mobile
ae8df84a-bbde-4050-80f3-62b96d0f9aab,830c7df5-6467-433b-bf47-4a58e0953621,2026-08-23T07:37:46Z,confirmed,2876.79,PEN,mobile
716241f0-b51d-4689-aed6-0099f97133ed,c11892c4-1f02-4391-b1a0-451b61d4933c,2026-09-23T17:23:18Z,confirmed,862.48,PEN,api
9906a505-6351-470c-929a-8fd5a21ba7c2,c86993a3-c43b-4ebc-ac41-d3ac8dc819bd,2026-09-07T14:46:48Z,shipped,1204.01,PEN,web
2e8f887d-923e-43b8-9163-3002fcc05cf6,814627f8-970e-41c1-a650-f164c9e27850,2026-08-11T13:52:58Z,rejected,1048.29,PEN,web
3d48cb7f-1109-427b-9f4d-a030e768e954,b1de999d-c219-48fd-b971-8fd2801374f4,2026-09-24T15:37:14Z,confirmed,1521.8,PEN,mobile
8d78047f-39b1-4e29-b3cc-37d87c40fdc6,3f6fca09-7fcb-4ade-afdd-e12e97a8730a,2026-09-10T17:16:33Z,confirmed,400.5,PEN,api
0968860b-27bd-40cf-9717-e2487947b385,6ec3838a-91d3-4f30-9772-988d2dc37fab,2026-09-16T10:20:45Z,rejected,569.58,PEN,mobile
4fd2c459-39c6-4126-8262-2fd734e84a1b,4a67ea1f-75fc-4716-a28d-e9f79dd91fbe,2026-09-08T11:04:35Z,confirmed,3176.05,PEN,api
23e66b73-ba2b-43be-a4ba-e0f1aec8e33c,e709eddb-721f-4a24-a748-14e96180b661,2026-08-07T09:33:46Z,confirmed,2031.61,PEN,web
85702ccd-4a45-4339-8e3c-e5cebfd907a3,660ab802-b920-43c7-9ecf-b4427a2ff6cf,2026-08-16T15:05:23Z,confirmed,2952.15,PEN,web
2bc71a63-ebc4-4101-ae8c-bf1840751017,45473e32-93cf-45ac-859e-30c6db185b88,2026-09-09T16:40:48Z,pending,1422.54,PEN,mobile
671b0348-394a-4284-bdf4-d91f93af05c0,c9c1a360-34ab-4aca-864c-cd56746b06cb,2026-09-13T14:50:16Z,pending,11159.93,PEN,api
7c97fb57-7c2b-4680-904e-90c29ea9d3e6,0e686300-11f1-48a9-9d87-1402faa4867d,2026-08-31T14:06:42Z,confirmed,766.11,PEN,mobile
6f226dde-132f-4e07-9fa7-af6a98ca53e4,a7ca5db8-8977-40c4-bab7-7f75dbefba57,2026-08-06T15:29:51Z,confirmed,2154.51,PEN,api
92df9e81-83a7-4661-acce-3ef13b13d098,63989e9e-4167-49d9-9aba-4605bf21d9bf,2026-08-13T16:11:07Z,confirmed,6700.64,PEN,web
0e2adec8-0a71-4282-b748-b4c6f8260901,16ef4d1f-28a9-432c-94b8-51644ddc9eb1,2026-09-04T18:47:26Z,rejected,512.98,PEN,mobile
6d1570b2-4eb7-4831-b54a-21ec2b673ee3,983f56cb-6710-40b1-bec9-969a30b40a85,2026-09-19T15:09:49Z,confirmed,844.22,PEN,api
9a5c7bbf-3c90-4de4-b8db-edc86642d948,0c70409d-f7f3-4eb4-8a28-1a7f42d48e62,2026-08-21T18:35:29Z,pending,5916.21,PEN,web
a01bb4bf-f671-4c7c-a573-54b4a7e01d23,77c0eb76-ecee-47db-846f-fc2d91788548,2026-09-27T13:37:48Z,confirmed,327.57,PEN,mobile
ed98b1e2-90c3-45a2-a239-1528d63b64b9,541bfb8b-fd17-45f2-b410-b61469787f28,2026-08-13T11:55:25Z,confirmed,7289.14,PEN,mobile
b8484980-007a-4dd3-a72d-910cd12d179b,3cdb632b-b197-4a4f-86f9-16262385d4e0,2026-09-01T17:35:11Z,confirmed,1679.13,PEN,web
cfaefbf6-5e68-4308-b068-e0f8afab965c,ea65059a-013b-45c6-8897-2d7bfc2097a8,2026-08-31T13:35:52Z,rejected,8458.94,PEN,mobile
f2cc9e27-63cd-4260-8e89-230f41655729,cd10f4d7-0257-483f-b803-cf8bdd6222e3,2026-08-31T10:09:21Z,confirmed,2957.38,PEN,mobile
4a3f143e-233e-43c2-97ea-d1dd35130ab1,1eaac94b-a7bf-488e-9edf-1643a4126048,2026-08-27T12:20:09Z,confirmed,1286.94,PEN,mobile
1719b809-5f63-4f1c-b296-1bbbc1e7b002,1a79a34b-9a49-4c0e-a6fd-74c7023794b3,2026-07-18T12:46:41Z,confirmed,167.22,PEN,mobile
19ce935c-89f0-4329-9d97-2c33f84fbfec,34b93931-f3a4-4585-89eb-cfed9f5e66b7,2026-08-31T12:52:13Z,confirmed,268,PEN,mobile
8dd6e07c-c272-4011-a919-ce56770e82e2,44dfec7f-26fd-44f7-92bc-5513d6430f4e,2026-08-23T12:13:36Z,confirmed,172.84,PEN,api
b5d15dc2-1851-4b18-8373-46b558efd292,6d5945f5-aac2-4bd0-8253-916d453a7815,2026-07-28T12:57:12Z,confirmed,5687.82,PEN,mobile
63c60099-afd0-42f8-bba7-48be01f3ac57,22f22e80-026d-470a-bb6c-8470423b5205,2026-08-04T12:48:43Z,pending,1992.82,PEN,api
1b697734-742a-41a3-a90b-e737a116fa73,6b9526c3-0cb9-4643-bf04-e9d1bc7bdc6c,2026-08-16T06:17:18Z,confirmed,98.26,PEN,web
1913f085-b08b-4691-a721-1d6198272842,b300f1a7-245c-4661-be49-ab1d7fe26840,2026-08-30T10:02:59Z,pending,3058.33,PEN,mobile
5464b165-3e9f-47e2-9171-b16e079bd714,bd4a7315-1020-47d0-a1a7-7a48bb0418d3,2026-08-12T09:41:39Z,confirmed,750.8,PEN,web
9c6a1a8b-3a7f-4d72-b0d3-0a289623c232,63dd8d2c-4ce0-4527-a88d-cfa86cb6c071,2026-09-11T09:49:49Z,pending,817.22,PEN,mobile
aff2af58-a541-483a-b560-6363af0cff31,d43684f7-b0c8-494f-8996-f17d47f58b0b,2026-08-25T11:30:47Z,confirmed,26.14,PEN,mobile
01eff59c-c567-4e7d-95db-d554620305a8,4a67ea1f-75fc-4716-a28d-e9f79dd91fbe,2026-07-19T09:57:55Z,rejected,2258.83,PEN,api
63edc73a-1a84-4fd5-ab31-d183a1308b62,82566433-62e4-408e-8486-182e7c207337,2026-08-11T15:29:12Z,confirmed,2479.31,PEN,mobile
6c9d4a76-87c4-4334-8df2-93a219486fde,367401ee-a448-4320-8b44-8bc51bdf0a36,2026-08-12T14:05:53Z,confirmed,1283.91,PEN,api
d1e3ba2e-bb89-4eb1-acfc-929e5e3f0c39,7ac58a67-6ccb-4353-bb9a-b03d815ab5f8,2026-07-25T15:56:35Z,confirmed,645.1,PEN,mobile
6c86de4f-cecc-4721-98a5-cd787e302a63,6575bc9f-3158-4585-90a2-7aedff28c43d,2026-08-18T12:13:08Z,confirmed,1162.97,PEN,api
4506bb02-6ff6-4568-9404-4e4059c04437,2d5ff65c-e594-44fa-a4ed-f7a4fb6dd4fb,2026-09-08T10:08:00Z,confirmed,759.32,PEN,api
f1981a62-51ad-40f0-9bc4-f2f139cd9c13,63587e5b-90e3-4738-a2a5-1a258f44baf0,2026-09-11T09:47:14Z,cancelled,2313.38,PEN,web
6b620983-48ea-45e8-a142-0caca26681e8,2425308f-347f-4b05-8673-2e018da0c135,2026-07-26T06:52:42Z,confirmed,666.38,PEN,api
9b010665-0b20-47f8-8d73-3aaefbddc1d4,a15437bf-ad74-45c4-9271-a8655669303e,2026-09-11T16:56:25Z,confirmed,564.21,PEN,api
3f921ace-6384-43f9-bb8f-183588a9474b,6053dd65-00e8-4f4a-9e5f-d8bf4ab531cd,2026-08-23T12:19:46Z,confirmed,2187.57,PEN,web
1365ee1d-9f39-4dae-ae40-5c86dedb730d,8d07d794-bf95-4b1e-a1bd-04b5823cb12e,2026-07-20T12:41:49Z,confirmed,49.86,PEN,web
e96dc5dd-ea85-4697-b2c5-e5753ea5be6d,3773b190-b472-4990-ad7f-7898b7680b77,2026-09-02T13:17:10Z,rejected,2282.82,PEN,api
9514f05f-b11f-4fee-9598-78b534ffd5b9,d708680b-244c-48ca-8421-82b141bc73be,2026-07-24T12:14:27Z,pending,3483.21,PEN,mobile
30eb507c-adf5-4b7f-95b5-dcc341049607,d14b887b-79f4-46bc-ad84-3d5e544a77d8,2026-08-16T10:35:14Z,confirmed,3572.03,PEN,api
1efc3492-80bf-4d54-914c-15b6ea5dc103,b7d43c85-df95-4eac-8c46-8acaa309891f,2026-07-23T11:48:36Z,,2622.68,PEN,web
dd54e96e-881c-4030-9177-3956554715e3,6b30949f-7401-4c94-be6f-c31c21c747c2,2026-09-14T09:36:01Z,confirmed,4374.89,PEN,mobile
cab8cb6b-1c89-4d47-9d99-6db7e144186c,a6cc9a6d-b48c-476d-aa4e-bae7cd4856cf,2026-09-03T16:19:02Z,pending,11439.71,PEN,web
7e5368fc-3b21-4511-8a4e-9a9940bd552a,fba35db6-9b23-4d3e-893f-578b70526312,2026-08-05T10:39:05Z,confirmed,2846.81,PEN,mobile
a0769c1c-400b-4a0e-ac9c-3ca7cc3d63f8,830c7df5-6467-433b-bf47-4a58e0953621,2026-08-01T14:37:47Z,confirmed,5053.26,PEN,web
f5e629a5-6989-40eb-a53b-7f8bb1d4bf39,f5f54f1a-8708-454d-bf93-3b9479e440c4,2026-08-13T14:03:00Z,confirmed,4195.52,PEN,api
310c0ddc-0bd4-45c6-b403-bf69decf6cd3,73f9beee-0cfc-480f-8b0e-23c5b8c2daef,2026-08-30T12:12:53Z,confirmed,4952.61,PEN,mobile
e7523b2e-a758-4b21-81b4-7ac71eef2e4f,cd10f4d7-0257-483f-b803-cf8bdd6222e3,2026-07-27T11:36:52Z,rejected,1849.82,PEN,web
53fea8f8-4bda-4bb0-b244-3255f3702a0b,e8d54ae7-208f-47bb-a52f-14296a9c22d7,2026-07-29T16:27:17Z,shipped,8627.83,PEN,web
8b373d52-2d19-4fe0-863b-01e31d309538,1a467541-cdc7-4a8d-8d56-118527ceb2c5,2026-09-14T13:41:29Z,confirmed,280.53,PEN,api
c080a2da-6290-444c-9896-e53241bea430,fd173908-89d3-4fda-a34d-f805c2ff7347,2026-08-10T12:15:41Z,confirmed,1630.77,PEN,api
d2ce3673-1a85-4951-9dab-3eb02eab7460,0b235f07-361b-4a70-a601-abd74d5a59be,2026-09-21T15:14:09Z,rejected,1374.35,PEN,web
bc15a88d-3d94-4da6-82a3-8e9d30c9f11b,fd40388b-797c-4fd3-91f5-75033761e3fe,2026-08-23T10:13:20Z,confirmed,444.04,PEN,mobile
f0c0ad53-edda-4035-be4a-6366b82d922c,469bf60a-9132-47f4-ba08-44f374c25ba1,2026-09-10T11:52:57Z,confirmed,917.27,PEN,api
bf1eb758-3e6b-4d18-b0d9-3f87016f600e,c9c1a360-34ab-4aca-864c-cd56746b06cb,2026-09-19T08:34:33Z,confirmed,1775.5,PEN,web
0af3dc09-ce66-449c-8697-da46184b5e05,a4e2496e-43e2-4797-a15c-9c771afa100d,2026-08-11T10:45:00Z,rejected,3297.46,PEN,api
05779bee-eb96-402e-acbb-630d027d4ef7,6685c30b-1692-4d22-871c-3c28bd3016b6,2026-09-14T13:17:55Z,confirmed,2000.5,PEN,web
a169fbc2-49f8-4d50-b6cf-af344f184690,f767d21e-30d7-48d9-9742-0e3777a4319c,2026-07-26T12:24:44Z,confirmed,3140.01,PEN,api
d60e730f-339b-4fbc-98ba-37f809365aa2,69788eb4-b16a-4094-818c-67c58f11350b,2026-08-11T16:43:01Z,shipped,3125.92,PEN,mobile
e7f4e825-1a81-4110-9021-96278afb750c,ad622294-f2b0-4d79-a5ab-4e0b778bca50,2026-08-17T18:45:22Z,confirmed,3117.63,PEN,api
9d17c442-eb9d-44fe-95ba-41acd9cb475d,2198933b-98e4-4260-a985-98ea41253523,2026-07-28T13:11:09Z,cancelled,735.28,PEN,web
a49fee17-0ad8-4fd8-b6da-556ac869b987,94ea81d9-0ba6-4d03-b848-39b1cbeba397,2026-09-19T09:26:22Z,confirmed,8377.14,PEN,mobile
d4221520-6dd5-4045-a360-ee409359cd5f,d3097284-ea47-4773-ad38-05927a7a0c74,2026-08-23T09:32:44Z,confirmed,3518.72,PEN,web
445ad427-e24d-43ca-96a6-ebdc3781acd2,b69086f5-255d-43dc-ac03-5ee519990367,2026-09-11T12:16:38Z,confirmed,222.02,PEN,mobile
92d46019-ed0b-4b71-a72c-03e82be5d82c,ef233313-abaf-4f56-bd3f-617545caf25e,2026-08-08T12:13:07Z,rejected,759.93,PEN,api
b2fd2857-b0c5-402d-adbe-c3086bf334d3,decac2f3-67ee-4e9e-9f88-c847f5232895,2026-08-31T11:26:36Z,rejected,2088.1,PEN,web
8df0892e-9aca-4858-b91b-8115ab4a7105,055b24e8-00f9-45be-959b-05332c292040,2026-08-12T18:13:46Z,confirmed,1288.84,PEN,web
cc185284-a3ea-4905-879d-9521cb9d8bc0,1a467541-cdc7-4a8d-8d56-118527ceb2c5,2026-07-18T15:19:17Z,confirmed,1643.48,PEN,api
0d49739c-cfb8-400f-b816-e8b5bc005e57,3288c011-3674-43e2-9cf8-1797edd80857,2026-08-07T15:29:10Z,confirmed,3052.37,PEN,api
db9721ec-f853-49a5-a31f-f0baf7395d50,9cea6a0c-6dac-4ddb-abe3-23774cb2b3f4,2026-08-08T12:45:57Z,confirmed,1154.16,PEN,api
472e3e66-87ed-47af-bbe1-955d570a2336,4d6a1b1f-a23d-4c9e-bb74-9bef7b06b0df,2026-09-11T18:54:41Z,confirmed,478.36,PEN,web
eca40dba-672c-47b0-b2e5-1a495b5670a3,5f3ca191-6b40-4c74-921d-62f66116f7c2,2026-09-18T13:20:24Z,rejected,966.48,PEN,mobile
ba6d61d2-099b-434f-9df1-95192cfdac30,2419006b-0926-4d3c-9fd7-8b33bd91dc0f,2026-07-29T12:37:40Z,confirmed,2854.92,PEN,mobile
d94616b7-84c7-4d1c-a248-b37881cf1755,e6763a14-51b3-41d7-805e-7dc1d2d88cbd,2026-09-01T12:46:51Z,cancelled,4017.33,PEN,api
99b83e74-1f43-4d42-aca4-1b730dcba92f,763f835a-10b5-46ee-a181-07f82bba4ab3,2026-08-07T18:07:17Z,shipped,3234.9,PEN,api
ad375b42-d4d5-4d18-b9d9-c6f2bcc5f792,a8070765-f016-4e99-9e46-01f67de200ad,2026-08-11T16:40:39Z,confirmed,3174.16,PEN,mobile
f0d9dfb7-07ae-4531-b645-7a67d0eb3a6f,43715b0d-54d9-49b3-ae39-50aedec5af54,2026-09-23T10:39:00Z,confirmed,75.34,PEN,web
24fc50c4-a878-471d-b9a5-1a3fa220bd5e,1b80d010-ffd1-4dd1-b582-986e480a6015,2026-08-28T18:25:58Z,confirmed,5116.73,PEN,web
8392b185-50ad-4e34-aeff-c8ffdebf3189,728f6d69-24be-4e58-9439-a7fc8be6be9f,2026-09-22T11:53:09Z,confirmed,996.64,PEN,web
c6e1b5e5-2849-4db5-b385-a917bc1abfee,01f541be-1f2b-4617-8c9c-aa5c439164e6,2026-08-16T10:19:52Z,pending,1579.07,PEN,api
b08d5bee-db0e-4b84-bac0-60b3c58f8891,ce03a5e1-0cbb-4941-819e-7dbd09f14c22,2026-09-02T09:31:39Z,confirmed,4262.54,PEN,mobile
582f6d2c-c201-4374-b29d-ea7e0e3cf8a4,4215b7d9-b916-47e3-9e2c-4b8ec33496b0,2026-08-03T17:51:19Z,rejected,566.08,PEN,mobile
215e6cff-b107-48d4-86d2-f55951474c66,bdcefc5f-88b4-4dac-a122-b2d5c3ee966d,2026-09-13T15:40:53Z,confirmed,1688.44,PEN,api
0c20a3fa-efc5-40c0-86f3-a144fc329c90,5f3d0e81-3eb0-4a6c-999f-9dd030e3556a,2026-08-05T11:22:02Z,confirmed,1274.73,PEN,api
470593b1-e266-46d5-8de8-7663f77bf267,7735c7f0-3161-4e82-9db7-250631dbf561,2026-08-25T11:21:34Z,confirmed,3004.76,PEN,web
581d33bc-0ff3-449b-8542-35994a705f5e,c539fc46-dfb2-43f6-9a8b-5a9b60529283,2026-07-20T18:15:27Z,confirmed,2952.62,PEN,web
b2ef6635-ea3d-4d32-9a4a-b5fb84236056,f02747b3-0b61-4197-9d6b-fdfa1e7cc0d2,2026-09-29T16:28:34Z,,3141.85,PEN,api
032172fd-9b5d-4f0a-9047-714cb783e575,f00dbdc0-892d-4f0f-87a1-c122eb480b99,2026-09-14T13:08:29Z,pending,2757.65,PEN,web
2577a3ba-afb2-4e59-8a3c-cb9de20c1075,461609d7-d1c6-4957-a2df-dfbf48baca05,2026-08-12T17:41:09Z,confirmed,919.11,PEN,api
5039779e-7bec-4e4a-ac29-78a5382172cc,00aeb30f-6f07-487b-a226-b966ebdb72c1,2026-09-05T11:21:10Z,pending,1494.18,PEN,mobile
61e471a3-a423-4a7c-a794-750ab4cdb806,561a23c7-5ae3-4bed-afbb-47c53a54dc1b,2026-08-04T18:16:04Z,shipped,3465.63,PEN,web
f2a1e839-606a-430d-9790-b8f4add8649b,aa586bb0-dbd1-4924-87ba-6668638d1e71,2026-09-17T14:29:06Z,confirmed,910.2,PEN,mobile
f5cd0b7c-1485-4e7d-aa78-1f19594f258d,5c3c0a8e-75ed-4622-8f3f-934fdbbe000e,2026-09-01T10:51:12Z,confirmed,1706.69,PEN,api
9f72bf4f-f5f7-47c3-98cd-19287b2a0579,06ea0ff4-de1f-4456-ad6c-37417ec5ea5d,2026-09-01T09:25:55Z,confirmed,1600.88,PEN,api
370c20d3-73a8-41d8-9738-7a5c588532e3,1532525c-75ec-4957-b770-d8cb313d282f,2026-08-04T10:16:24Z,pending,2181.14,PEN,web
85a4c590-2bc2-4b19-a4dc-4c6d5a75d81f,84541a3c-dd53-49be-9a2e-a983ff5d06fc,2026-09-15T13:40:36Z,confirmed,558.66,PEN,api
07c94a1b-df14-47b0-94f2-2ec8a6713de6,dda91f70-e4e5-4090-9aa5-4b12f7becfaa,2026-07-21T10:35:35Z,rejected,5734.51,PEN,api
2ca1bb5f-038b-4254-a6c0-340bd60fd3a9,3dcc9d0e-6b4b-420f-b543-6dc2d958e4c6,2026-08-04T15:41:41Z,confirmed,2084.92,PEN,mobile
6c46ab37-685f-4abd-8345-6ca55de552b8,9dfe24d2-2c4d-42dd-bec9-eaba907236de,2026-08-15T06:26:43Z,confirmed,653.44,PEN,mobile
08ae9322-ff23-465f-8cd9-909f2e191024,c43e660d-c32f-42fa-af05-6185e3d4bc3a,2026-09-25T12:59:07Z,pending,1748.59,PEN,web
7ec54148-56ae-4ee3-920c-abd826075b32,7735c7f0-3161-4e82-9db7-250631dbf561,2026-08-15T11:05:29Z,shipped,5197.72,PEN,web
c21c2f7a-77f6-460d-bfd1-7b3bf28dfae5,9216a40e-c898-4e30-bb44-e8da2b09a43d,2026-09-22T17:30:52Z,confirmed,2281.7,PEN,api
c7db1965-59c0-47a2-b898-efe251c3c7fe,0dfbc3a1-a728-4873-8bbf-babb25a3fea4,2026-09-03T18:47:02Z,confirmed,910.9,PEN,web
6d75bd19-846c-4c9e-ad81-87f4882293bd,760bbc5d-70cf-453d-879e-af65ac29aa9e,2026-09-02T15:28:49Z,confirmed,5120.1,PEN,web
b7398963-6bf4-46d2-a72e-b7ee870aaf56,908a0a58-b4bb-4980-a6ec-61d254468cfe,2026-08-08T08:18:54Z,pending,1622.7,PEN,mobile
72216b75-8de4-467e-9714-6b3d0ba3f6af,6ccf67e9-a492-4e00-b91c-4dd1ad4f0257,2026-09-20T11:50:50Z,confirmed,3094.72,PEN,api
77036bad-23df-4fac-8bab-fe52c87286dc,25fd89d7-8d75-4ad9-b892-ddffd3fc35f3,2026-08-19T16:20:34Z,pending,8808.8,PEN,web
686f4c3b-dee7-417a-a327-aab69e15cdbb,28e8e125-644f-48ad-86aa-10caa8ca2e85,2026-09-03T13:29:09Z,pending,8135.22,PEN,web
4adfa648-e062-4a6d-a0d0-f4d59acf9dc2,a15437bf-ad74-45c4-9271-a8655669303e,2026-09-22T17:39:12Z,pending,710.91,PEN,api
5172f36e-79bd-4b53-949c-417e05a89b87,28c0d5c4-145b-4caa-99c3-0c38d8bc69e3,2026-09-21T17:34:06Z,cancelled,9704.27,PEN,api
54119c1f-9159-43e2-a7c9-a899115ff4bd,a6375c1d-8338-4efa-b68d-f90530c74380,2026-09-17T14:10:44Z,confirmed,381.33,PEN,mobile
b2efa31e-eef2-434d-beeb-62b6152c3e51,cced02b4-6156-426b-b179-256213e038ef,2026-07-21T09:43:15Z,confirmed,80.33,PEN,mobile
0d7cfbb4-ea2b-46b2-a17f-422467c1ae8c,1da8058b-a2da-4531-9964-1c8a058da7dc,2026-07-26T09:03:25Z,confirmed,8221.41,PEN,mobile
0fb8292b-1c01-40a5-aa72-8d6e7fbf69ae,08998e79-35db-40b5-baaf-7e5031421ffe,2026-08-27T13:22:00Z,confirmed,2789.64,PEN,mobile
6c796f5f-e3b4-446c-8006-eaef3989aa5f,0165ef69-3b96-403c-b81b-953fee6c8f93,2026-09-01T12:58:18Z,pending,603.76,PEN,mobile
5e9caa64-60b0-47e7-a5c2-d23e928f2f90,a6cc9a6d-b48c-476d-aa4e-bae7cd4856cf,2026-09-02T14:08:16Z,pending,6262.32,PEN,api
52abe2cf-6dcf-4704-bf81-7a8019b1146e,6053dd65-00e8-4f4a-9e5f-d8bf4ab531cd,2026-09-08T13:50:31Z,confirmed,2557.26,PEN,mobile
69e9900c-2dac-4fe8-a358-7e8681f018c0,a6b495f8-d8c9-4826-b737-5720ac871a4a,2026-09-21T16:41:26Z,confirmed,478.46,PEN,mobile
9d871983-d16f-4cce-95ee-8544f3866e55,ac563b51-76eb-4063-9f46-e9e2a56a7942,2026-08-30T15:07:40Z,confirmed,960.87,PEN,mobile
72b45e8e-5398-499b-a44d-3c0e09cd2a34,a5376b6f-5b26-4a3b-a42c-918b28bca1f4,2026-09-03T12:23:35Z,confirmed,8722.13,PEN,web
ca09e4d1-d142-41df-9971-70483da4907d,92f9bb2e-bba7-42ea-b0a4-757a5f2c58a7,2026-08-31T16:46:38Z,confirmed,3521.46,PEN,web
445e72e7-8f6c-4c6b-83a1-34ee41ef411c,e2ae3f1d-ef9a-41b1-8d29-2274736f3fe6,2026-08-21T10:35:50Z,confirmed,2147.98,PEN,api
4a26bff2-7b0e-45e4-a2fe-c56f4fc1541b,4ef94ee4-2c04-420f-a961-79b86b9db999,2026-07-25T08:32:27Z,confirmed,5520.18,PEN,web
4028d406-fa65-4e38-9578-3a03236addc5,6b58a9f2-3af6-4405-9a2f-3e2cf3b74982,2026-08-11T11:44:53Z,confirmed,7550.25,PEN,web
665e84a6-db55-427d-b089-af5a7199fe85,538ce41e-cc3d-4201-a8f0-d9101b05c87c,2026-08-15T06:25:01Z,confirmed,1756.53,PEN,web
5d0139c2-dc0c-499d-9f23-9700c526ef42,8a0786ac-09a0-4de2-82ce-faebace17e17,2026-07-22T14:12:19Z,confirmed,3234.27,PEN,api
56327061-effe-4a0e-88b8-0cd277c0954f,044ba6aa-69a4-4ef5-ba85-810c49298754,2026-09-23T10:21:17Z,confirmed,203.51,PEN,api
da9671ac-71b7-49b6-8cc6-2dd60521c567,9216a40e-c898-4e30-bb44-e8da2b09a43d,2026-08-29T08:34:56Z,confirmed,355.34,PEN,mobile
9f7df232-8cee-435a-a259-a3601ae6749b,83898f5d-ec2a-4478-af13-c983468d5b9d,2026-09-30T10:42:57Z,confirmed,5414.79,PEN,mobile
d97d0b62-f415-40b4-9e21-aa3b1d3a465f,784c4e82-1907-42a2-96d0-a3d772338838,2026-07-29T13:22:39Z,pending,414.08,PEN,mobile
96c28df1-db6a-4502-839c-7425cb53fa5f,3da6dafb-d908-4fa9-b9d1-94336d3a4a3b,2026-08-27T16:10:56Z,pending,729.85,PEN,web
e350d533-3f2d-453e-8193-41f98d061ba7,2538dc2f-9e8a-4232-8d93-773bc4401de3,2026-08-14T15:44:18Z,pending,1326.08,PEN,api
eec2340b-707b-414b-afa5-fdb2947b3d59,06a3c77e-bf93-45cf-afe1-fabf18abf75b,2026-09-13T07:41:26Z,confirmed,229.4,PEN,api
70438b79-6c74-4138-bdce-f68cc6985bee,6c960fde-50fb-45c1-bef4-fff562bb76f7,2026-09-03T15:57:57Z,confirmed,296.82,PEN,api
82b880d3-c912-4ee2-9356-9ca04898d5a4,afd56ba2-fd07-4f2d-b125-7869fb206f20,2026-09-02T17:42:58Z,confirmed,4628.05,PEN,mobile
4c2f1d71-9c18-45df-926a-3cc6b46a028d,3f2dcaff-0247-4dab-8f4d-883d378a92ef,2026-09-25T15:28:43Z,pending,1649,PEN,web
112d3685-4b0f-45e9-a497-65d753884f1c,196afff2-decc-4ade-9699-260a73d86316,2026-07-31T16:46:11Z,rejected,99.72,PEN,web
a27238c7-88d6-47c9-a18f-541d7b7f87b0,224b85ae-00f1-4c2d-b1f2-da6139ad614a,2026-07-29T17:41:47Z,confirmed,3363.63,PEN,web
1943e798-dc8a-49cf-91f5-f870716d8760,1a5dc441-b2c3-49d1-9ae5-de85bff80383,2026-08-14T13:54:36Z,confirmed,1450.7,PEN,mobile
497cd9e5-e114-411e-b479-51a05b4bf5fc,217ac775-e8cd-4ff0-8064-76d28fecd732,2026-07-26T07:28:04Z,confirmed,2032.8,PEN,api
1a42d38c-ef9a-43a9-8095-689e7405e63b,33bdbf4d-e14c-4ff8-bc3c-c0f55f373892,2026-09-10T12:22:07Z,cancelled,1711.51,PEN,mobile
c5b8a321-ce1a-4ab3-8131-df230eb26730,f6f6db98-2a07-49ff-99c7-1c35f0068ede,2026-09-15T17:20:05Z,confirmed,1185.16,PEN,web
d09cd379-bdfa-4a07-8233-1cd453aabb10,84541a3c-dd53-49be-9a2e-a983ff5d06fc,2026-09-14T13:52:10Z,pending,3325.1,PEN,mobile
df41a452-30d2-4755-9a96-eea79c961483,57dcc8bc-7bd9-49b4-bcf5-4929c5350ebb,2026-08-31T09:13:53Z,confirmed,2937.96,PEN,web
dbc1ad39-680e-4af1-b832-b3a690a639ce,ce9daa30-2eac-4b8f-9144-324142ee4e16,2026-09-13T13:53:12Z,confirmed,3666.16,PEN,api
4aeb8457-02ed-4775-9fab-632c18a744a5,cee90f7b-2971-40b4-8123-94ae07465128,2026-08-05T11:01:54Z,confirmed,2258.83,PEN,api
5c1333f6-115c-4720-b41b-747754003597,8c596c04-1a09-4952-939e-ae3048d1c8fb,2026-09-22T17:46:13Z,confirmed,3623.44,PEN,mobile
3c9a0b3c-149e-46e2-8d3c-1ed759ccee5c,795fc802-4d4d-4feb-a971-a2107b12a8e8,2026-09-06T07:25:43Z,confirmed,3418.61,PEN,web
fc7458c8-d432-4ceb-8822-95249fdb77c2,2bb8a28c-57ed-409b-b430-c619ce20ef41,2026-08-22T08:49:19Z,confirmed,5228.46,PEN,api
3cb05ee9-d582-4614-90d5-37af494befa7,d0dc1682-dc48-4168-8cd5-a0df67d4f5a8,2026-08-12T15:35:49Z,confirmed,3427.09,PEN,web
1cc58338-4fee-4a1a-a88c-eecc1b16721a,4763db35-43aa-458c-8829-2d8c2080fa9f,2026-08-20T17:09:52Z,confirmed,7707.4,PEN,web
fd4407cf-beff-4840-91e1-07a5d9ea8e72,75e35550-fcfd-4f50-835c-a42dd3e981d5,2026-09-19T15:11:44Z,confirmed,7505.91,PEN,mobile
f01cf8bf-3eaf-401f-8fb3-151adc92c136,603edfb4-fa8b-413d-87a0-20746302a213,2026-07-31T18:04:29Z,pending,104.7,PEN,mobile
61ad8b75-2669-427a-893d-e67ab20d0e06,dc65d16d-5b4a-4f1e-8a4d-105da5891c86,2026-08-31T15:35:36Z,cancelled,3898.53,PEN,web
ad1d14d7-8661-4cd0-ab7c-547f17e19ae6,a365d6b5-6a26-45a6-bf73-7ec9b6fc0001,2026-08-12T10:56:12Z,confirmed,1178.91,PEN,mobile
c2d58d8a-d6a6-4649-b22b-e750c96199ff,3f2dcaff-0247-4dab-8f4d-883d378a92ef,2026-09-15T18:49:47Z,pending,143.93,PEN,web
7d7f705f-868e-41e3-a927-7dbebec3383e,6c60a995-8e9e-4315-ac4e-a334d598ebfe,2026-08-31T13:24:14Z,confirmed,445.79,PEN,mobile
11645a50-f75c-4b7e-b51a-14af17a0a6a4,d78b9834-9ce1-4cc8-ab5d-ef2ef61815e4,2026-08-16T14:13:17Z,pending,2744.96,PEN,api
aadbfb1c-2784-4853-81d2-2a6987cc2932,d43684f7-b0c8-494f-8996-f17d47f58b0b,2026-07-26T15:31:16Z,confirmed,10244.27,PEN,mobile
c4dc62e6-3b43-437b-9cd0-7b8a12d036f7,18efe406-6876-49c2-8377-b1d4c8b5fee1,2026-08-25T14:59:34Z,confirmed,2021.07,PEN,web
233e7897-b2c4-4c1b-9a42-2651fbc6e41e,469bf60a-9132-47f4-ba08-44f374c25ba1,2026-07-31T09:07:25Z,confirmed,1446.54,PEN,web
2f61ac7d-6b77-4c90-9475-a67a6fd593b8,6ee43709-f998-428c-bd24-06abf0523d55,2026-09-19T08:13:49Z,confirmed,10712.17,PEN,api
2d403631-cb7e-4327-92ae-36dd4079e777,cf5f9a34-ec9c-43a6-98ed-1fb940ad8be7,2026-07-29T12:06:59Z,rejected,3646.92,PEN,api
a9845582-079b-482d-8d71-67e8b48397b1,f48e66cd-4250-4b55-976e-2b5912d095df,2026-08-30T07:32:41Z,confirmed,5555.62,PEN,api
378b782a-3cf9-4c2b-98cf-66a42247c285,e383e5ad-bc89-43a1-9017-e485bf86ac9f,2026-08-27T16:19:24Z,confirmed,11132.58,PEN,api
97558874-54b5-4b1f-bfa4-7ef9734ecf02,fd173908-89d3-4fda-a34d-f805c2ff7347,2026-09-13T12:13:12Z,confirmed,5153.04,PEN,api
4c533723-512d-44e7-8fe8-6b3f3dac4abb,907e3ee0-5dff-48fe-9d89-853fde48152a,2026-09-07T16:04:16Z,pending,1212.13,PEN,api
b43e58ec-4b16-4507-b7bd-588b141ec92f,85d2ac43-ac4c-4001-9f3a-2e0adfc856ac,2026-08-17T12:12:41Z,confirmed,877.69,PEN,web
d4b4297e-db09-42f0-a08f-96a87e3b3f95,3944bfbd-ab28-445d-ad91-3e872169eaa5,2026-08-14T11:03:52Z,pending,4541.26,PEN,api
89f267b2-bded-46f4-bb12-bf4ca65f21f0,b1c9cdaa-07ff-4cce-b24f-c39627bb9132,2026-09-10T17:23:49Z,confirmed,4089.48,PEN,api
84d90ebf-c682-4a99-ac33-98eba4a0da2f,1da8058b-a2da-4531-9964-1c8a058da7dc,2026-09-05T09:49:02Z,confirmed,435.04,PEN,api
24b3895e-6074-40f5-a05f-66b975123755,8499c1ea-7baa-4599-a10d-da71e58b2640,2026-09-04T12:00:29Z,cancelled,1495.97,PEN,api
23330b13-f943-42de-90b5-c91eb28da930,544ca703-42d7-4ea4-a72e-40a044ecad98,2026-08-28T16:48:39Z,confirmed,6901.26,PEN,web
c5e09e27-c2b2-418d-9a69-c1204271cfd9,bb42233a-24cb-411e-acd3-e7799e95d78b,2026-09-13T12:45:42Z,confirmed,239.03,PEN,api
6bcce7b0-87d4-43eb-99d8-986a6a283e1c,d51fc37f-3e74-4ea1-9440-2b876b12c3bc,2026-07-23T18:12:29Z,confirmed,92.59,PEN,web
1b2424ab-5a21-4ce5-97f0-e03a48d6583a,0dfbc3a1-a728-4873-8bbf-babb25a3fea4,2026-08-02T12:28:07Z,pending,7445.17,PEN,api
2a9c8ee2-738d-4c0f-a509-14086f1a1bde,280b4f1d-25c2-4046-b585-b96aedf9a2ac,2026-09-22T13:21:01Z,confirmed,2395.51,PEN,mobile
ef1ead17-012c-46d4-ae23-2d9f757893b8,ce9daa30-2eac-4b8f-9144-324142ee4e16,2026-08-11T09:10:02Z,confirmed,1291.67,PEN,api
8286542e-1f6a-4133-ba6d-6332fc716fb6,ee13bfad-1cb4-4be7-88d1-45b16ff1552d,2026-08-16T13:18:42Z,confirmed,155.91,PEN,api
cf84c358-fee9-4068-baf3-fb4ab59e1887,cb37d938-c915-447f-ac90-4db0706d3594,2026-08-24T10:36:35Z,rejected,7319.92,PEN,api
f81c532b-4cba-4d78-8dde-36584aba1414,20a25123-1072-4f93-bbcf-51eb1b4b3cc1,2026-09-26T09:29:14Z,confirmed,1038.93,PEN,api
565334d6-710a-47b5-a392-2116a24dbdbb,fb6c629d-6fce-4586-9eef-1cedea6880b1,2026-08-18T13:38:34Z,confirmed,4346.15,PEN,mobile
ba9eb8ba-a2b2-42d5-8d9a-8400e173ba64,40039c98-8535-45c4-b2ab-a0daf524fa7f,2026-09-23T17:38:26Z,rejected,2328.67,PEN,web
8bc2b9a7-7940-43f5-9f36-8be8b69329e2,d430f899-e88d-499b-99e8-224679bf2855,2026-09-30T10:28:07Z,rejected,1520.96,PEN,web
70cee563-5125-437c-b399-5be9df24f7bf,67a4e065-b72b-4f3f-926c-8a43145ba361,2026-09-17T18:24:00Z,,8194.32,PEN,mobile
430893b4-3b28-49cc-be4e-617706a5a8fe,834c7ded-8434-4bce-adf8-b1034df2bd4e,2026-07-22T17:23:04Z,confirmed,1001.94,PEN,api
4fe47fd8-fb06-4646-aaca-b1a50998762a,06ea0ff4-de1f-4456-ad6c-37417ec5ea5d,2026-09-29T12:15:26Z,cancelled,822.15,PEN,api
563d453e-06fd-4b5b-aeb1-2e548540141c,f71cb521-c175-44ff-b1e0-d75514481acf,2026-08-24T17:08:05Z,confirmed,1521.18,PEN,web
c24c96fc-1d86-4062-84da-4bc2bbe7e127,a2a1c4f7-5577-4141-9fbb-df1c37985bad,2026-08-23T11:29:48Z,confirmed,147.65,PEN,api
ee5ef182-1eac-4ee2-8e0b-64a2bbe92117,11165a00-ca1f-4bcc-a279-e751a383ec07,2026-08-26T12:40:59Z,confirmed,2324.57,PEN,mobile
10093147-afb8-4e46-9a9e-12c7dfd16841,4dc8a09b-d1ba-493a-befb-f821d38b86e1,2026-09-29T18:45:09Z,,298.75,PEN,mobile
8847e7fc-7e52-4b15-96be-676e2aa7ac71,18dd6ea2-3bb5-406a-a206-e37bad7a908c,2026-09-23T16:45:24Z,confirmed,5060.94,PEN,mobile
6d60c0e8-016a-4762-893e-4cc9fbca38d0,f02747b3-0b61-4197-9d6b-fdfa1e7cc0d2,2026-09-13T07:56:34Z,confirmed,569.58,PEN,web
6b91aaac-56ed-4004-a7f2-9456c87ef749,5dfafe88-c72b-453a-b3fb-7c13be3fb4b2,2026-08-09T09:59:45Z,confirmed,4738.83,PEN,api
f52f621f-ec77-4258-afe9-11b8d24c2ee7,6ee43709-f998-428c-bd24-06abf0523d55,2026-08-30T10:26:15Z,confirmed,1595.26,PEN,web
be3e6944-6140-4e04-924c-d5e0f7255853,28e8e125-644f-48ad-86aa-10caa8ca2e85,2026-09-21T09:53:02Z,confirmed,4112.95,PEN,api
b3489e1d-666e-4c85-b4c4-d2518559f80b,a6375c1d-8338-4efa-b68d-f90530c74380,2026-09-05T11:56:39Z,confirmed,1353.56,PEN,api
4bbe9441-37d0-49d3-a857-8a13b4a784e5,25fd89d7-8d75-4ad9-b892-ddffd3fc35f3,2026-09-16T17:35:05Z,confirmed,237.57,PEN,web
afafeba3-fa59-4d3c-a22a-1cfb5df7c59f,398a5d40-1579-4679-82bf-b6326540301f,2026-09-22T09:37:33Z,pending,2941.47,PEN,mobile
b08c82dd-18f5-4842-993b-fb39ce494b46,695b3b12-4475-4522-b18a-1aa4bd36303f,2026-08-26T14:16:44Z,confirmed,2639.04,PEN,api
9975c0d2-e0d6-4222-b54f-6ea1ffd3a753,ff6cb621-5df3-43e7-a96f-86581487c24e,2026-08-01T14:42:11Z,cancelled,822.33,PEN,api
25599933-d197-4be4-aeef-6008f752b2bd,b84387d7-7bc5-41db-a71a-160ca1bf9086,2026-08-28T13:49:00Z,pending,865.07,PEN,mobile
46038586-27d9-4980-8758-d70e867b6579,5326b56d-c246-4875-8a41-7b250561cf56,2026-08-31T13:18:12Z,confirmed,425.19,PEN,web
0bbfd6fd-16a3-4e36-970e-bb66c9e28282,8820ec3a-b879-4c92-8be0-de9ec4af5921,2026-08-02T06:34:26Z,confirmed,947.88,PEN,api
b4b9b42f-8758-4b37-b0fc-d12b06e78c44,1a79a34b-9a49-4c0e-a6fd-74c7023794b3,2026-08-20T09:40:40Z,pending,488.87,PEN,api
bc2bc443-4622-4069-9c0a-52a4697beb80,e2d9ef00-e6bb-4543-8648-29150a37e342,2026-08-09T12:22:08Z,confirmed,1360.15,PEN,web
a4cac7aa-8a1f-43cb-8f62-4048604fd27d,2f63fde1-867a-4be8-8311-797430168219,2026-08-17T16:15:16Z,confirmed,809.29,PEN,web
8f2815ea-365a-4114-b8fc-f5fdbaad172d,ee13bfad-1cb4-4be7-88d1-45b16ff1552d,2026-07-25T14:23:53Z,confirmed,514.63,PEN,web
7f7a0e86-47e6-4a62-a698-03507b06cde5,77e5d5a8-0dff-4bc6-8b4d-77ffcc13d8cf,2026-09-03T13:51:48Z,confirmed,4895.98,PEN,api
bf1785c3-33e9-4406-bb10-61a06ef08cba,469bf60a-9132-47f4-ba08-44f374c25ba1,2026-08-09T14:55:20Z,pending,2800.46,PEN,web
0c26c276-89ba-45e1-aff0-e4af9b6f84c2,18077327-1f37-4ba8-903b-3ea3cd90b85e,2026-09-06T08:04:50Z,confirmed,3938.05,PEN,web
d0880c5e-5d13-4d8b-ab57-b8d219987866,ad622294-f2b0-4d79-a5ab-4e0b778bca50,2026-08-06T12:51:59Z,confirmed,892.71,PEN,web
4a5e2792-2567-40d2-9b23-8a917df82403,de54aee3-d105-4b83-955c-478489e89bfc,2026-08-30T14:58:25Z,confirmed,591.47,PEN,api
e7b8a95b-0fa0-49d6-986a-0af23dfa9dce,b2b3a2f1-4e79-4eb3-a0b7-1213ad5b3ba4,2026-09-24T11:32:19Z,rejected,674.21,PEN,web
5255763b-c10a-43be-b9f6-5da42614f192,a27a4237-0f01-4fb7-80be-dfacf8fb7096,2026-09-19T13:47:21Z,confirmed,2695.34,PEN,web
b3772201-a4b6-4db8-b39d-bc1a31048e05,0e686300-11f1-48a9-9d87-1402faa4867d,2026-08-30T10:03:51Z,confirmed,5102.56,PEN,mobile
1484806a-2ae9-4a48-a113-2f66881ed1aa,2f1f6569-c6d4-4fce-ae0e-deb1eb5412aa,2026-07-18T11:58:29Z,pending,637.6,PEN,mobile
dff2a8c6-e883-4449-93a2-e2098fedcb8d,3cd7051a-e18e-47b2-81a1-d8c5bfd31f66,2026-09-04T12:51:59Z,confirmed,1818.13,PEN,web
9750989a-f433-4e08-882c-79e75281e4bd,0554326a-2a0f-4a4e-b543-b8fe17c6a279,2026-07-18T11:06:11Z,cancelled,366.28,PEN,api
47df8086-b598-453d-bc49-43eed656964f,6431fc4e-8ccf-4446-8982-8cbd7bcb80e6,2026-08-04T12:01:28Z,cancelled,363.2,PEN,mobile
ddd6bf4f-d026-4656-8d48-fc2ce656dbc8,35536ab9-19d0-4864-ab90-e8695ec85aeb,2026-09-18T18:38:51Z,confirmed,1927.04,PEN,mobile
23d4463d-153f-476b-bf83-d2299b2868c2,1da8058b-a2da-4531-9964-1c8a058da7dc,2026-09-17T16:41:42Z,rejected,1585.62,PEN,mobile
83ad3f02-8b47-4a95-bbc2-feb27d64f88c,ff6cb621-5df3-43e7-a96f-86581487c24e,2026-08-27T09:25:41Z,confirmed,3771.95,PEN,web
8a123a54-9ce5-492a-a8a6-af314b33a796,01f541be-1f2b-4617-8c9c-aa5c439164e6,2026-09-26T09:56:52Z,confirmed,2794.28,PEN,web
ee8e7c77-5e70-4a72-8536-70b20771ea5b,6adec02b-0686-4f76-b128-3b0f03d07c39,2026-09-24T11:06:19Z,pending,551.06,PEN,web
f20664eb-7f8e-4d6f-b985-c8999fde45f3,cf5f9a34-ec9c-43a6-98ed-1fb940ad8be7,2026-09-02T17:33:03Z,shipped,965.8,PEN,mobile
577740cb-7703-4075-bd3f-5999d732645d,6b22ae26-71c1-4923-a4cd-a874fafda1e3,2026-08-28T11:26:19Z,pending,2920.46,PEN,api
7e44d28a-0f19-49ed-993d-d05e082282b1,d26e3c25-fe5b-44bc-9956-a99d577eca87,2026-09-06T07:34:06Z,pending,4604.13,PEN,web
e4732aae-6005-4e40-89be-b9c8d0362915,2f1f6569-c6d4-4fce-ae0e-deb1eb5412aa,2026-09-24T15:24:19Z,confirmed,2618.13,PEN,web
940d3b72-2027-4f4e-8e46-9df79c5bcdfa,bcf5a1d6-271b-459d-aa3b-f3171c7900f5,2026-09-11T15:07:44Z,confirmed,3893.34,PEN,mobile
10978f83-2371-46a0-97f5-b8c7fcad535c,a34bafb9-1986-436d-bdbf-3dcb52b05158,2026-08-26T10:34:28Z,confirmed,9897.36,PEN,api
6af5cfa4-12e1-4aed-92fe-3165d44ef58a,3da6dafb-d908-4fa9-b9d1-94336d3a4a3b,2026-08-26T18:12:53Z,confirmed,4404.4,PEN,web
c77784bb-d0ba-4b52-b37e-82d5299fbf96,6521c20b-e0bc-4a39-b4b2-4ba4d0f0aa81,2026-09-23T13:25:09Z,pending,993.23,PEN,mobile
3bd56078-db58-4fe8-a51a-d8a9c6f3125b,4a1ce08d-1ec0-4c62-9dc4-0dd07562c4d6,2026-07-25T09:51:22Z,pending,646.02,PEN,api
3d053c79-ff35-4ae3-9f1d-98c2065ef482,865f2c9a-86bd-4c5c-978b-b12eb2073e6c,2026-07-18T09:12:12Z,confirmed,4829.5,PEN,api
abe3228b-afb0-45ca-8e94-f7083c5796f1,f00dbdc0-892d-4f0f-87a1-c122eb480b99,2026-09-26T12:41:13Z,cancelled,228.25,PEN,mobile
45696751-fbfb-4d00-a4a3-35e74b645249,890cf578-beb1-4911-9b06-1f2454d59db4,2026-09-23T13:41:39Z,confirmed,1111.77,PEN,api
39488dec-4ad8-4c40-b88b-081601877567,2e9c8d5f-14ed-44d8-9c87-762de895f447,2026-08-30T08:34:06Z,confirmed,2899.49,PEN,api
beda4b2c-6349-43e7-bfd8-0382c71072a0,31e90c5f-2289-4355-ad4f-08e26726c0e4,2026-08-29T06:58:25Z,confirmed,1302.72,PEN,mobile
bfd97bf7-f90c-4574-abd9-4ade233790cf,94424430-c506-4bda-8e56-75b706d4e9a3,2026-08-30T13:24:53Z,pending,1191.69,PEN,mobile
5f2921ef-2e9a-4e71-a498-beaf9e0c1d36,e2d9ef00-e6bb-4543-8648-29150a37e342,2026-07-26T13:12:31Z,confirmed,1320.32,PEN,mobile
40bb4fc6-85be-4700-b586-0697216a355e,7b1e0eda-a51c-4454-833c-f0c066970a7d,2026-08-30T15:40:07Z,confirmed,57.35,PEN,mobile
ab8a6dd4-9f6f-4c59-a119-59b93111097e,4d6a1b1f-a23d-4c9e-bb74-9bef7b06b0df,2026-08-05T18:18:05Z,pending,5625.6,PEN,web
a6ae00c9-ebce-4c77-949a-5ffc2818cab7,469bf60a-9132-47f4-ba08-44f374c25ba1,2026-09-23T15:32:47Z,confirmed,1210.56,PEN,api
f92ef64c-3b1c-4bcc-9b01-16b95d6d608f,be4620b4-1165-4703-89bd-c480f972f466,2026-09-01T13:17:45Z,pending,4075.03,PEN,api
d3b5ca7a-0eef-4f86-a88b-6b1bc8b5cb21,784c4e82-1907-42a2-96d0-a3d772338838,2026-08-27T12:09:55Z,confirmed,3666.67,PEN,api
2eaedb7a-6c82-4634-91ea-f0164536a303,c75f9bb1-3a34-4c58-8871-05762405f95a,2026-08-16T13:39:43Z,confirmed,3240.06,PEN,mobile
e466c19a-a704-4aec-b577-8d2e7cae23b3,79b771a0-c531-4d63-967a-6cc6d5b7f3b1,2026-09-19T08:07:31Z,confirmed,336.66,PEN,mobile
4a39823b-db00-45ff-9b09-9e1d52d36132,538ce41e-cc3d-4201-a8f0-d9101b05c87c,2026-09-18T09:52:27Z,confirmed,1697.54,PEN,api
949c3fee-fe42-4680-a32f-d6aa3f95e10c,77584e67-e628-4908-a22c-dbde8a854263,2026-07-24T11:18:06Z,confirmed,2602.69,PEN,mobile
d3cd1b0d-567b-401c-97f3-e7f3af86bde8,e8d54ae7-208f-47bb-a52f-14296a9c22d7,2026-08-05T17:31:23Z,pending,1930.44,PEN,mobile
fd439c6b-f1ba-414b-9cc9-a8a58e7cbac6,a6cc9a6d-b48c-476d-aa4e-bae7cd4856cf,2026-08-23T10:45:34Z,shipped,1086.6,PEN,api
681b2f7c-a67e-453d-8667-831679992232,46758377-672b-4e2a-ba59-a3a26ee96bf9,2026-09-09T15:51:24Z,shipped,830.13,PEN,web
4ef78d91-cb62-42e1-b42d-5c47430974f3,224b85ae-00f1-4c2d-b1f2-da6139ad614a,2026-09-11T11:15:09Z,confirmed,994.4,PEN,api
e103344c-2bb0-45bc-a653-540389040338,b1bac5f9-da8c-4c5b-8b91-1efbc8c45bef,2026-07-20T12:14:18Z,confirmed,378.42,PEN,mobile
ba3bf75a-127b-467d-9a5a-1dc99e788383,562c3e97-4fcb-4914-9cf7-0e44c5811a6d,2026-08-10T09:58:35Z,confirmed,2378.27,PEN,mobile
e03011f8-63ad-46c3-ac54-09b93009dc54,c6a7bd70-ef0f-4fc1-9ed5-758c4e46b8e9,2026-08-20T09:50:03Z,confirmed,1609.16,PEN,api
b8bd328b-5c1c-4581-9ab2-5e94cd63187e,6fbbb05e-1f7a-4fda-a64c-e76e4f72668c,2026-08-20T17:01:44Z,shipped,1816.4,PEN,web
db7e8aa7-d220-4352-a039-015477f1550e,a27a4237-0f01-4fb7-80be-dfacf8fb7096,2026-08-08T10:41:01Z,confirmed,928.51,PEN,api
9f41586f-838c-481a-8ca0-3cc1718d1335,74db3ee4-ba63-4347-8faf-ee38a3ae6b73,2026-09-15T12:53:07Z,confirmed,2816.4,PEN,api
bf6035e9-1b0b-4928-b244-331575cf647d,7468fd42-179e-4abd-9475-1fd8135bbe92,2026-09-03T14:46:31Z,confirmed,1500.59,PEN,api
d9d38ef0-2fd1-4934-8dd5-43586c81f4a9,6fbbb05e-1f7a-4fda-a64c-e76e4f72668c,2026-08-16T07:05:02Z,shipped,3698.27,PEN,mobile
f5229f55-4a4f-498e-9ac1-b34178ba13b2,db639438-a5a7-495e-9396-3473ccbeafed,2026-08-30T11:26:56Z,confirmed,75.67,PEN,web
24083819-352d-47f9-8c43-6715902a98a2,8c596c04-1a09-4952-939e-ae3048d1c8fb,2026-08-15T12:27:20Z,confirmed,343.11,PEN,api
55907ae4-bb42-42ad-a55b-23b69bb1ad3b,2bb8a28c-57ed-409b-b430-c619ce20ef41,2026-07-19T11:47:21Z,confirmed,181,PEN,mobile
b1bd6633-194f-4910-a6ad-8f414d973d67,e326bf87-8738-4a7c-842f-70cdd4deb567,2026-08-08T07:25:27Z,pending,942.28,PEN,api
4403dd71-631f-4dba-b936-a84581bfb73f,8fb2f654-f204-4ea9-a628-c0a87b0b68d6,2026-08-07T11:18:05Z,confirmed,5756.33,PEN,mobile
70a86ea0-6c00-4dff-b932-64f0c3147ef6,3c892611-1e39-4461-b585-80557952d0cd,2026-08-21T17:30:55Z,shipped,415.97,PEN,web
7814e22c-0f1b-4c68-a45f-9620b7dd6520,9db74d33-fa0e-4e84-98ea-6f05acb12fa5,2026-08-30T11:45:43Z,confirmed,215.62,PEN,mobile
7faf8a2d-85ff-4a59-8cc0-10b9c5ab1a6d,ca5ec968-c7e9-4746-a7ca-49d42fea1179,2026-07-22T09:17:09Z,confirmed,3559.07,PEN,api
bf034da1-7067-4403-a332-fefc5fbc3d54,ee13bfad-1cb4-4be7-88d1-45b16ff1552d,2026-07-31T16:50:18Z,pending,1681.48,PEN,web
de832df7-eb0c-4fe9-abf7-8a96702a2e1b,c1a2cc8a-174f-4def-9b19-b37f0a823c09,2026-09-06T12:47:20Z,pending,4432.86,PEN,web
111d9346-dfb1-443e-b12d-eede1b9084fe,277b94bf-75c1-4a05-8574-3f55016062c8,2026-09-08T17:37:26Z,confirmed,761.31,PEN,web
754c314f-c7b6-4956-8ef9-25de8eeeaf71,8820ec3a-b879-4c92-8be0-de9ec4af5921,2026-09-13T06:03:36Z,confirmed,3772.28,PEN,api
8f4a49b4-f8f1-4c40-baf8-b9cb691c6d61,0bd34842-e1a2-47b8-90dd-2c6ecc293ec4,2026-07-20T10:26:23Z,confirmed,1570.25,PEN,web
479a9ee9-cbb7-4cd9-a28b-b086c8e61b18,34777596-0323-4725-a1a3-e080be3a28d2,2026-07-29T14:57:16Z,pending,2343.57,PEN,api
3c1de143-0dde-4c99-a81a-d5227465164c,4849f447-4cdf-43ea-8b17-d86c4bbb28e3,2026-09-11T18:16:45Z,cancelled,3453.95,PEN,web
9fb00734-c35f-4e3f-84a6-f1f72e0f0179,c5b2ff22-c8e3-41cd-9b35-74ab85f53ad6,2026-09-12T13:41:54Z,rejected,235.57,PEN,api
b5af0978-6109-4151-9aa1-d0918d5347e5,4b80efeb-c237-4174-abe3-0c088eb1f99f,2026-09-11T14:18:02Z,confirmed,1074.79,PEN,api
746f644e-7119-4f9a-9243-536e004eb626,6121588d-c115-477b-b6ba-e0ec3951376a,2026-09-23T09:03:17Z,pending,194.24,PEN,web
682dce61-0d2f-4bda-bf1a-5c1c66880e80,5303532e-4c8b-41fe-a0a9-40a9110d33b6,2026-07-19T15:58:54Z,confirmed,2533.67,PEN,api
0f2078ca-f8dc-4788-80c7-823de96c3ea2,0acfc1e5-b33a-44ce-bb7a-781c5d9f9fc7,2026-08-25T11:52:14Z,rejected,957.48,PEN,web
bf6ae103-ed9e-41bd-8600-65aa0bc8553e,656140a7-51ae-4e1e-ad91-bc12bc977022,2026-08-21T17:17:01Z,confirmed,2589.79,PEN,mobile
6aa46deb-5ad8-4e1c-9b55-3410a36d31f6,d78b9834-9ce1-4cc8-ab5d-ef2ef61815e4,2026-09-22T13:39:09Z,confirmed,2564.22,PEN,mobile
d995b875-cf9f-4231-a768-78b78c6d35e4,cd10f4d7-0257-483f-b803-cf8bdd6222e3,2026-08-31T09:11:16Z,confirmed,1544.84,PEN,web
5c835f5d-0c7a-4336-a240-77100fee42fa,e1ee8718-0547-4d2c-818b-c7f2c8f4ec16,2026-09-29T11:08:36Z,pending,1767.96,PEN,api
f67e1e49-f5b6-499a-9829-ee82da3744ca,3288c011-3674-43e2-9cf8-1797edd80857,2026-09-06T15:39:34Z,confirmed,287.86,PEN,mobile
18b0c9e3-4c66-4b79-8a39-8045acfb7f32,890cf578-beb1-4911-9b06-1f2454d59db4,2026-08-24T12:42:29Z,pending,4075.43,PEN,mobile
cceacd2d-db13-4480-9d03-7d7bb91af324,ce904708-ba06-41bf-bc0d-613b7023bc69,2026-09-30T16:58:35Z,confirmed,2804.62,PEN,mobile
7eb6af36-e217-42a4-a8e6-dbee06490d5a,b3e4c4f9-1070-4961-ae87-2c1ffbdd4675,2026-07-31T17:49:51Z,confirmed,2202.2,PEN,mobile
62f85cb0-da73-490e-b5bc-8df52104167c,25585117-b312-4837-bf97-73f5c5f45f55,2026-09-28T10:08:55Z,confirmed,2403.83,PEN,api
2fd4f8a2-455e-4bcf-8a85-757741537a75,423a37fa-1901-4fa0-89b7-9687c281aca8,2026-08-16T14:12:27Z,rejected,1978.53,PEN,mobile
cee5eadc-019a-4e81-af37-005f443d78a9,280b4f1d-25c2-4046-b585-b96aedf9a2ac,2026-09-07T13:30:33Z,confirmed,4831.02,PEN,api
d2f8ba7d-8ef4-456f-a411-c8cb2c9fe1ae,2c6b2ce6-b4c2-49d0-a3d9-2e8ffb2a850f,2026-09-27T14:52:53Z,confirmed,1589.4,PEN,web
21df3890-afec-4c0b-833f-36adf02ac955,843d21a3-fbde-4d65-9bfd-a965fd95e01a,2026-09-21T14:51:09Z,confirmed,2386.44,PEN,api
c4264151-497a-4fcb-86d6-bdc545c57b46,fb6c629d-6fce-4586-9eef-1cedea6880b1,2026-08-15T09:06:14Z,confirmed,1291.08,PEN,mobile
d7161f70-8849-4a60-a829-472b1933e844,1a5dc441-b2c3-49d1-9ae5-de85bff80383,2026-09-07T09:55:07Z,confirmed,3633.72,PEN,api
7106826a-2535-4cd4-a45d-bf7c3977d6e7,ead6716f-fc7f-4314-8edd-43df8fe0f6d9,2026-08-13T12:30:26Z,confirmed,3772.33,PEN,api
f28cfd64-d5ec-4b70-be23-c181f7dfec06,d43684f7-b0c8-494f-8996-f17d47f58b0b,2026-08-20T17:31:34Z,cancelled,1689.02,PEN,mobile
56e000a7-5090-4acb-b559-1dd9a8534ff1,75e5eeb5-3052-4155-a21f-b59b14e86786,2026-08-12T14:54:23Z,confirmed,2067.32,PEN,web
1953f219-4a11-47d6-bfcc-b56cfded9a20,b1bac5f9-da8c-4c5b-8b91-1efbc8c45bef,2026-08-02T10:27:44Z,confirmed,5709.1,PEN,mobile
175052eb-63a4-4a20-9e3a-ab53ce0adda3,11165a00-ca1f-4bcc-a279-e751a383ec07,2026-07-30T17:55:03Z,confirmed,4419.21,PEN,mobile
bb8f4dc0-8e4d-437e-9c5a-e8248c6aaf75,3ba0dc3d-e22d-444e-931e-df7968be0658,2026-08-10T16:45:21Z,pending,2249.76,PEN,web
5c97e6d9-1f6b-4af9-a4b0-d7058027ca80,91f59ed5-e27e-488c-b25b-24f9a744c7c6,2026-07-30T12:37:40Z,confirmed,1624.73,PEN,mobile
8afe9bb7-8913-4e7f-86ce-23556ccb3dbd,ddb69adb-5087-4551-bbb5-6216f54b16a2,2026-08-05T09:32:08Z,shipped,2861.11,PEN,web
15dc37f9-9ed4-4f66-a59f-b2a6a408d016,5372a4e9-66da-44af-8641-039da83ccee6,2026-09-14T15:36:53Z,confirmed,349.35,PEN,mobile
64157886-2f6e-45fb-b90a-f95e5f72e004,97d6e274-2e2d-471a-92e1-fddc575f6bdf,2026-07-26T07:10:41Z,confirmed,1319.37,PEN,mobile
f36ff6b0-f1ba-4993-adb4-79ab0050d169,f767d21e-30d7-48d9-9742-0e3777a4319c,2026-08-09T06:30:23Z,rejected,3100.61,PEN,mobile
8a7aea6a-1726-422e-beed-c2765db018b2,74e53d17-9177-43fb-bbf8-8b7835e518ac,2026-09-27T12:10:15Z,confirmed,1981.21,PEN,mobile
dafd16f3-2ef2-427b-a7a2-baef94cfcb5d,6575bc9f-3158-4585-90a2-7aedff28c43d,2026-08-09T15:41:26Z,confirmed,5256.09,PEN,api
61ada2e9-409f-4db6-aa54-a49677d209aa,c1745dc8-b3a6-4fd4-95ab-ba02610b9dd6,2026-08-18T16:36:35Z,confirmed,3517.76,PEN,api
556c752f-1dd4-42f2-ac8f-6bf189d0af24,25f516de-6135-45a3-a792-d912db21a03a,2026-09-21T18:07:54Z,rejected,5091.05,PEN,mobile
d433903e-c6a5-4204-bda1-8c8a8e8555bf,ee13bfad-1cb4-4be7-88d1-45b16ff1552d,2026-07-23T16:22:19Z,shipped,3110.56,PEN,mobile
3d768375-103d-406a-afed-623e457d4b29,5ad252e1-03db-4c6e-a17d-6f63e9899cd9,2026-08-17T11:02:18Z,confirmed,577.58,PEN,mobile
3e6af97e-79df-4e55-9a7a-5727c9b84dd8,a7aac2bc-045f-4608-b5b9-111f71851153,2026-08-21T10:42:31Z,confirmed,2091.73,PEN,api
4ea6077d-bf98-4197-8b3f-f73dd3179e86,44dfec7f-26fd-44f7-92bc-5513d6430f4e,2026-09-26T14:34:08Z,confirmed,111.37,PEN,api
544ffea7-b9aa-4504-830f-ea16434dded9,6685c30b-1692-4d22-871c-3c28bd3016b6,2026-09-17T18:35:10Z,confirmed,13881.74,PEN,mobile
16d00425-1b19-48bf-b35a-441926c63f64,3f6fca09-7fcb-4ade-afdd-e12e97a8730a,2026-09-01T11:06:55Z,confirmed,1577.29,PEN,mobile
a9c66554-2745-4c0b-b50f-ac33d1e716bb,fe2a1c60-8d6e-4ce0-bad3-878fc22c8dae,2026-08-13T14:26:28Z,confirmed,1156.66,PEN,mobile
2806a588-4d45-4d8e-85a5-f474b19fcf22,4e52be87-ca3e-4637-8ba2-1a85853a3113,2026-08-11T18:52:38Z,confirmed,8003.1,PEN,api
a1432751-bde7-4f0f-a213-daed4edadc31,387e4c9d-e32a-4bc0-98d5-131425739778,2026-08-06T14:40:46Z,confirmed,4377.92,PEN,web
17ee8be6-b9f8-471c-aab4-5f3aa360a9a3,423a37fa-1901-4fa0-89b7-9687c281aca8,2026-09-23T10:00:45Z,rejected,477.9,PEN,api
b4ef262a-ebb9-4927-861c-8ce795121cc3,cbfbf760-96e4-413b-8024-276281ca6b22,2026-08-15T08:07:50Z,pending,962.9,PEN,mobile
1ba95d2e-083a-4b36-97b0-035e4725656b,0d79cb79-02e7-4418-8da6-fdbda01e1620,2026-08-07T14:00:04Z,rejected,75.34,PEN,web
b8c6e002-a589-4041-bc16-ba41efd6bec5,9f742a90-cfa8-4220-ab51-9021d8b03be3,2026-08-06T14:08:29Z,confirmed,11525.37,PEN,mobile
ee036f25-11fe-411c-9e51-a286a2c8029a,8a0786ac-09a0-4de2-82ce-faebace17e17,2026-09-14T18:12:00Z,pending,1483.91,PEN,mobile
792396e0-56de-4c7b-8102-2cbecc02c90a,63587e5b-90e3-4738-a2a5-1a258f44baf0,2026-08-22T07:34:49Z,confirmed,590.35,PEN,mobile
47679c89-08b9-4570-b904-0c2b8567aa36,b1de999d-c219-48fd-b971-8fd2801374f4,2026-09-04T11:42:12Z,confirmed,2530.09,PEN,api
2ddca3fa-027b-4bb0-8cea-904855a05e6d,a09eb78a-46ec-4d7b-ab4e-611a4cbb7792,2026-08-05T12:51:33Z,confirmed,2232.72,PEN,web
334732d7-dd2d-4bd3-a3c5-5fc314fc1c8e,3f2dcaff-0247-4dab-8f4d-883d378a92ef,2026-09-21T16:06:22Z,confirmed,711.72,PEN,mobile
bd23271e-9321-4925-ab70-25209e2037eb,b69086f5-255d-43dc-ac03-5ee519990367,2026-07-28T11:57:30Z,confirmed,1687.32,PEN,web
c12b7647-2f8f-4522-8c2e-549c8c4bb06b,b7a3285f-ea29-4001-b4d4-29a03ef1f104,2026-08-07T15:06:17Z,shipped,1499.26,PEN,mobile
12740996-44ef-4953-87e5-139e06189c05,e328a513-a749-4476-8fed-814c53aaa5ae,2026-07-29T13:27:25Z,pending,3504.48,PEN,api
8cd1091f-cdc1-4687-911d-05560b404d4f,072a52bf-2544-4f3a-9884-be2c40a385b1,2026-08-26T14:49:01Z,confirmed,258.19,PEN,web
b3ad66b0-0b72-4d76-b37d-2a121ff0cdb8,be5ac07d-50d4-4a58-81e7-e7972deebdbd,2026-08-30T15:41:47Z,confirmed,5176.28,PEN,api
05da0222-90d3-49cb-bf9b-abd5c1a6ad22,9b88c213-1cb2-48e8-84f7-7a2e867b919c,2026-07-20T13:50:01Z,confirmed,9863.08,PEN,web
b6bb283e-d1a0-4fed-a814-632131d9736d,0fcc2f09-2699-407e-bb9d-ba0fee77cd5a,2026-07-24T13:36:03Z,confirmed,1381.08,PEN,web
b2549521-f0e2-4424-8503-00c3a27387a9,33f1e1ab-8ef3-4e05-a7d1-17e4eac32343,2026-09-23T11:45:29Z,pending,402.08,PEN,mobile
d6fd3c4b-393d-4b14-bc29-7f6f029e5be8,b7a3285f-ea29-4001-b4d4-29a03ef1f104,2026-08-15T09:35:16Z,cancelled,9659,PEN,web
36c86957-7da9-452b-b714-73c6aa8dab79,6e10d223-7e23-4c4e-a043-c9d40c62552d,2026-09-07T18:24:06Z,confirmed,8726.45,PEN,api
9d8165e6-792e-4b85-b708-b12198e973cf,c51ee4e6-40d2-4f75-acf5-fedd9ab36765,2026-09-12T14:58:15Z,confirmed,9800.07,PEN,mobile
de9c623f-2bd2-4c73-b01e-97106acbbe62,569787e1-0646-42f9-a2b4-436111d5f0c2,2026-08-02T09:07:09Z,confirmed,811.43,PEN,mobile
17f0cf1b-1c91-487a-89f7-b4a6c29aa011,16d1e87b-5980-4616-ba63-5fa740f5e2c1,2026-09-14T18:56:06Z,confirmed,722.33,PEN,web
07bcbb0d-5434-4c59-b78d-b33e89803932,5e0b8dde-3475-4b12-9a07-71146cd6fa38,2026-09-10T12:58:19Z,confirmed,3905.45,PEN,web
d48d7aac-552e-4735-bcdd-c5f095c45f52,217ac775-e8cd-4ff0-8064-76d28fecd732,2026-09-07T13:16:32Z,confirmed,5871.03,PEN,web
fcd6d4aa-8cec-477b-8e31-da9fd17f6f57,db640e2f-8591-477e-8d7c-e5d1207508c3,2026-08-08T13:05:38Z,confirmed,1524.74,PEN,web
9d1de0e0-3606-4f14-858c-0c75b4f64a27,e6763a14-51b3-41d7-805e-7dc1d2d88cbd,2026-09-15T17:59:55Z,confirmed,2052.24,PEN,mobile
ab1b2f97-b679-4131-8f69-a333bc7ab434,8fb2f654-f204-4ea9-a628-c0a87b0b68d6,2026-09-27T10:48:52Z,confirmed,8198.72,PEN,api
ea1507c1-15b1-4e61-b686-8ba3199e22f5,42d45561-d9f5-446d-affe-8634c8d634a2,2026-09-25T09:54:47Z,confirmed,369.48,PEN,api
06bbafec-0659-4906-bde2-2e2c6fa1b90b,c4b4e306-4b2e-4367-9ca9-e1e419f4cc5f,2026-09-11T18:18:32Z,shipped,3256.23,PEN,api
b57518b3-c089-4df6-a5b8-70c26bf1f29b,d708680b-244c-48ca-8421-82b141bc73be,2026-09-05T10:06:51Z,confirmed,868.66,PEN,web
734a03b5-f58b-40a1-aa7b-9c047c3b2978,44dfec7f-26fd-44f7-92bc-5513d6430f4e,2026-07-21T18:59:19Z,pending,8553.72,PEN,mobile
c57b2d67-ec80-4754-aa2b-a35db7f80224,69788eb4-b16a-4094-818c-67c58f11350b,2026-09-27T08:06:18Z,confirmed,1182.94,PEN,web
d2af0ff4-8898-4fd2-88ed-2867904a5d44,8dfb0827-b10a-4537-839e-e231a7daab91,2026-09-28T10:02:25Z,confirmed,866.02,PEN,mobile
2713521e-3a31-4b9a-a315-11795cdd4ebd,44dfec7f-26fd-44f7-92bc-5513d6430f4e,2026-09-01T16:10:06Z,pending,1205.94,PEN,mobile
e7ccbf47-1f59-4b10-a8f2-b3a1564793fc,d9e05bc4-baad-4536-81da-f8ab4191c1a6,2026-09-13T14:28:11Z,shipped,1108.37,PEN,web
15722d00-092b-4b2f-af0f-f32567b8bc5e,cbfbf760-96e4-413b-8024-276281ca6b22,2026-09-14T16:47:42Z,confirmed,527.99,PEN,mobile
7d6f7395-f112-49ae-9e90-6c172aba8591,c1745dc8-b3a6-4fd4-95ab-ba02610b9dd6,2026-08-17T12:08:28Z,pending,3973.19,PEN,api
fcc12e5c-de8c-459f-af12-9df8cff9653d,8cc988ee-01e8-447e-96fe-39aaa8ee442e,2026-07-22T16:40:49Z,shipped,1802.36,PEN,api
b5498917-407f-457b-a64e-36c2668ec013,16d2de38-8593-4310-8225-5ac603823e8a,2026-08-07T15:52:38Z,confirmed,1063.37,PEN,api
72a61efc-5457-43c3-b095-24d2fb86bf92,44b866a3-cd26-41db-b178-482a4dcdb397,2026-07-23T09:09:55Z,pending,414.29,PEN,api
78def3cf-08b9-4371-aafd-46e525b12182,568e0848-4154-4c33-936a-9c1f21f9fa6b,2026-08-28T15:08:51Z,confirmed,905.08,PEN,web
7c9d8806-e08d-40be-85f7-3a2a4c4b9a05,bb42233a-24cb-411e-acd3-e7799e95d78b,2026-08-05T12:44:49Z,confirmed,2976.03,PEN,mobile
efb51929-9c7f-4867-88c1-46aea00881d2,2f63fde1-867a-4be8-8311-797430168219,2026-08-20T12:58:41Z,confirmed,8993.04,PEN,mobile
0ef44802-95ef-4014-89a2-eb11b7662aad,8fb2f654-f204-4ea9-a628-c0a87b0b68d6,2026-08-21T16:10:11Z,confirmed,8954.05,PEN,web
dff151cd-cc73-4678-9a2d-3532c03caa35,e8486488-15c2-40de-b356-1cd2a91d46e9,2026-07-31T18:58:05Z,confirmed,7252.14,PEN,web
e7426a35-db7b-4628-908c-fb61b61f3217,a6cc9a6d-b48c-476d-aa4e-bae7cd4856cf,2026-09-09T09:21:50Z,rejected,497.92,PEN,web
d4709186-84a2-46be-9f82-ce6a62c77b76,bfff3423-2d46-401c-bddd-489ab14be63f,2026-08-06T18:23:20Z,pending,3124.9,PEN,web
ae0bf8e6-c2eb-4a95-bd5c-51f63b2b7a13,ee405e69-acb7-4c52-82f9-1053cda5a1d4,2026-09-04T14:45:42Z,cancelled,8390.76,PEN,api
fee098ad-91cd-48c4-9fcb-de428849a0b3,4a1ce08d-1ec0-4c62-9dc4-0dd07562c4d6,2026-08-05T12:46:38Z,cancelled,1138.55,PEN,api
fc491e85-a80a-4c5b-8779-1f404d8c755b,bf766e61-e66b-4eb3-b8a0-f2d2300ae423,2026-08-12T11:25:01Z,confirmed,1992.99,PEN,api
108f9b13-7d0f-4847-8034-ab7ab2f57b26,ff91e70b-89fd-4b40-a797-98dd4070cd82,2026-09-27T15:03:35Z,cancelled,2005.41,PEN,web
bda25854-fe84-4657-ba1a-0187fe690db7,ae839baa-4436-4de5-bd20-1792a1217486,2026-09-13T08:35:01Z,confirmed,5211.56,PEN,api
60a9b449-df7f-4c05-a7d6-3f6ce28eb541,224b85ae-00f1-4c2d-b1f2-da6139ad614a,2026-08-02T15:38:22Z,confirmed,728.6,PEN,mobile
09d66913-771b-4a77-b945-811b15f86f56,acf41c21-51ab-44df-81d1-d138e80ad382,2026-07-31T14:28:44Z,confirmed,245.78,PEN,web
c149f4a8-2b73-474c-946b-66bccc091dfd,0554326a-2a0f-4a4e-b543-b8fe17c6a279,2026-08-24T12:20:31Z,confirmed,2893.31,PEN,api
3d32d5e8-7f44-4e35-9546-4d33f4f70b9d,fe2a1c60-8d6e-4ce0-bad3-878fc22c8dae,2026-08-26T10:32:34Z,confirmed,3211.44,PEN,api
d0d830ed-d3da-4fde-8261-32de17da775e,656140a7-51ae-4e1e-ad91-bc12bc977022,2026-08-25T17:25:53Z,confirmed,856.03,PEN,mobile
7dcc36b8-7794-4763-9fa7-c2204ad861eb,25fd89d7-8d75-4ad9-b892-ddffd3fc35f3,2026-07-31T13:08:42Z,confirmed,473.18,PEN,web
476df787-00a1-43c2-b1b3-1d83b26c3474,224b85ae-00f1-4c2d-b1f2-da6139ad614a,2026-08-01T08:21:12Z,confirmed,757.68,PEN,mobile
d4df3e28-c601-4fd8-9cb6-a1991debb8bd,f8872865-1934-427f-bef7-008af95f233b,2026-09-15T17:49:47Z,confirmed,1464.99,PEN,web
8af07ef1-7bb8-4c29-9de2-a895720ee55d,f9143da0-79dc-463d-86a4-92eadc6f5e69,2026-09-30T09:59:26Z,confirmed,2471.62,PEN,web
d6197fbe-1347-4889-972d-88d0a0c29749,4585ece7-3716-48f2-86a9-a1e367196e7c,2026-07-27T17:22:20Z,confirmed,74.59,PEN,mobile
20fd9f21-5a64-4861-b5c1-828a890859ca,73f9beee-0cfc-480f-8b0e-23c5b8c2daef,2026-09-17T10:30:33Z,confirmed,3320.17,PEN,web
06c8f2f6-38d6-4250-961c-f4609a138a91,33bdbf4d-e14c-4ff8-bc3c-c0f55f373892,2026-07-20T11:49:37Z,confirmed,2501.38,PEN,api
892572c4-8f90-4409-bf39-d81633f1fa43,1532525c-75ec-4957-b770-d8cb313d282f,2026-09-03T12:33:23Z,pending,3919.83,PEN,web
40b95873-0d82-4657-959d-d4df31513613,2af92c84-2ffd-4852-9bbe-0133c2ed5200,2026-09-11T11:42:03Z,confirmed,10342.73,PEN,api
6119069a-e7b0-49b0-b395-5f32d7a2684f,577c1c36-8fdd-49b1-a11e-1db93bb7de8f,2026-08-29T08:57:47Z,confirmed,817.22,PEN,api
f177e78a-1d98-4940-8cc0-9ad926222e32,40039c98-8535-45c4-b2ab-a0daf524fa7f,2026-09-23T18:45:27Z,confirmed,7561.25,PEN,api
02ddec6f-b9ef-4189-86d5-8db57cce4abd,9cea6a0c-6dac-4ddb-abe3-23774cb2b3f4,2026-08-11T17:45:40Z,confirmed,8669.36,PEN,api
d265a2e4-2840-4f96-81b8-1b806552f020,63109cbb-2969-4187-a0b2-f95e04a3c4b7,2026-09-13T14:38:20Z,confirmed,1408.2,PEN,web
26af09d7-49e6-4948-be1f-598e7316db4d,c0879d1f-69a4-496d-ac55-b02c1acd7518,2026-08-15T06:38:28Z,confirmed,4938.17,PEN,web
56c72c88-8c3c-4d6f-9da0-887bc63fab4c,ef233313-abaf-4f56-bd3f-617545caf25e,2026-09-07T14:39:02Z,confirmed,510.24,PEN,api
43ef9b4f-5416-4e71-9679-1aa0198e9cfc,1a30b3c0-4a65-4197-bc63-d767161d9aa2,2026-07-25T11:20:20Z,rejected,4202.63,PEN,mobile
720cbf9f-a5f6-4d05-8471-88c8bdc3c0aa,9dfe24d2-2c4d-42dd-bec9-eaba907236de,2026-09-28T18:11:47Z,confirmed,5891.92,PEN,api
cc932c01-d14c-4b27-b36a-b9a3219917bd,a8f797b0-bc69-4f9a-b0b5-a060ebd80dcb,2026-08-18T13:48:27Z,rejected,492.07,PEN,mobile
988527a6-c99f-44f3-8fb3-62a6bb686e3f,3b72849e-e5ad-4954-bd09-b2148506707c,2026-08-30T09:58:16Z,confirmed,2964.2,PEN,web
68c11e2e-974a-4b3a-83e5-ca003f0635de,ce88cc76-e902-47ee-bc15-175c0d97b217,2026-08-24T15:09:03Z,confirmed,1040.87,PEN,web
278532d1-680f-4653-b9b7-9ed171cac9e9,eb83fed2-f82f-41e4-a22e-05e5e1998f64,2026-09-10T12:30:49Z,confirmed,577.4,PEN,api
6af6e358-1798-4175-a14a-a629e45d87b2,6ccf67e9-a492-4e00-b91c-4dd1ad4f0257,2026-07-26T08:21:21Z,confirmed,9392.02,PEN,web
9d4a489f-48d9-4b06-88c6-630fbcbd6dcf,5ee9c7fa-9a17-4554-9078-272d40c4828a,2026-08-03T17:41:19Z,confirmed,6925.23,PEN,api
b8f76dfc-c191-46aa-b7ce-5ebbd3f28550,760bbc5d-70cf-453d-879e-af65ac29aa9e,2026-07-22T09:07:41Z,confirmed,3258.71,PEN,api
19d69d9e-22c5-4d3c-afa2-c8b3b45dfeff,3cd7051a-e18e-47b2-81a1-d8c5bfd31f66,2026-07-24T12:52:30Z,confirmed,1645.87,PEN,web
86dd034b-6933-4480-84f4-022e176c87f9,15a2582d-59cb-4b96-b07b-8dc33b1c08db,2026-08-26T13:26:44Z,confirmed,2722.67,PEN,mobile
bb12d265-fe89-4b1b-a2fb-7d73e8a72702,3666a38d-12be-4fe6-a6a8-dfaec757e6a3,2026-08-17T11:35:57Z,confirmed,8047.92,PEN,api
7750f94f-1eaf-4625-b167-d55c488d5a4f,34777596-0323-4725-a1a3-e080be3a28d2,2026-08-15T06:13:40Z,confirmed,1121.74,PEN,web
c9f3bf27-6dda-4035-9e55-556158eaa7ac,b5e9d945-8958-4cc8-9f90-7ae032686344,2026-09-19T13:04:04Z,cancelled,2535.96,PEN,web
1a29ec05-a6aa-418f-ab4a-617f38eea365,3fa4be75-78ee-4deb-b0e4-a4f7735e9b14,2026-09-09T09:13:58Z,confirmed,2689.17,PEN,api
b5562bc8-5797-42b3-92c7-e334ec0b2ba9,cb43c134-0f2e-49b8-88bf-2094199e5db6,2026-09-18T15:57:05Z,confirmed,6643.71,PEN,web
f605472c-ea0f-4579-93e0-3391f55caf22,24d9ae70-c907-4aa0-98b1-415b3f660382,2026-07-26T09:22:33Z,confirmed,4487.99,PEN,mobile
07f2684d-1aee-4186-8831-b9cbe7928ccc,f805e84e-2118-4196-9681-08f021bc50ae,2026-09-05T07:15:27Z,pending,2213.5,PEN,web
959b7a62-205e-4697-87bf-1200ad97adb1,5303532e-4c8b-41fe-a0a9-40a9110d33b6,2026-09-03T12:48:25Z,pending,6798.03,PEN,mobile
f30415e5-e267-4356-9754-401afd8cf09f,6ec3838a-91d3-4f30-9772-988d2dc37fab,2026-08-04T15:51:25Z,cancelled,830.15,PEN,mobile
537beb5c-9508-4f42-bf38-f65708252cec,d22d0234-a671-4601-baee-6e37e670886a,2026-09-09T11:45:45Z,confirmed,5671.13,PEN,web
00291e31-1549-45ad-b2ba-5a0e5f86269a,1b7a3e86-d1cd-45f4-a8ed-b9b4c510aaf8,2026-09-01T13:55:01Z,confirmed,3151.86,PEN,web
3af5e673-1201-41cc-a502-e36c1f82c823,3944bfbd-ab28-445d-ad91-3e872169eaa5,2026-08-25T15:54:02Z,shipped,275.7,PEN,api
ec73a4b8-688a-47b5-a072-2f31ac985ee1,2af9be03-bde1-4b7a-a707-8dc96cac7b66,2026-09-22T13:49:38Z,confirmed,13617.28,PEN,web
cf30f846-d179-4df8-81ba-06867beec7db,87063f90-9b80-4584-982b-77118e454e97,2026-09-20T10:25:13Z,confirmed,2238.84,PEN,web
7f789859-7660-47cc-9076-a897061aacd3,de54aee3-d105-4b83-955c-478489e89bfc,2026-08-14T10:49:23Z,confirmed,821.67,PEN,api
4da1e832-39e1-49eb-97ab-6e65b69947a4,67a4e065-b72b-4f3f-926c-8a43145ba361,2026-08-01T06:05:39Z,confirmed,2360.74,PEN,web
d4f49870-1a45-4724-ab93-cdc527b1ff5b,42bbaa43-3082-4632-81e7-9a3fc8e2482f,2026-09-01T15:33:31Z,rejected,750.98,PEN,mobile
a11d5714-e95f-4d28-bf05-fd313898f277,4803b749-bb44-40e1-b6b0-c4f42b19f477,2026-09-04T10:34:30Z,confirmed,2857.17,PEN,web
022c2557-1159-4928-b5c3-13512e177c63,ead6716f-fc7f-4314-8edd-43df8fe0f6d9,2026-09-28T13:24:46Z,confirmed,2723.97,PEN,web
2a526958-c2a5-4ca0-8533-9217a125ce7c,2419006b-0926-4d3c-9fd7-8b33bd91dc0f,2026-08-28T18:50:11Z,confirmed,1719.76,PEN,mobile
acf5c181-0f35-4125-a09e-85fa6f5055fb,6809b22a-94c8-40ef-944f-b35f06656229,2026-07-26T14:44:31Z,confirmed,3307.94,PEN,mobile
64832c46-0a6a-4015-a938-467159025f62,71aa7699-88db-446a-8e3e-6484f1b2376a,2026-08-26T17:16:55Z,confirmed,2398.25,PEN,api
11941259-408c-4aa8-88d6-d32365763c4f,7df29e3d-9aa4-4dcb-a5cb-54bce84813b7,2026-08-08T10:13:33Z,confirmed,1847.26,PEN,web
52e36dbf-f4a6-4b1b-a794-8cca6ed2a785,0ef7b87d-abdd-4d80-a0bf-30dcc443c4d1,2026-08-24T12:50:02Z,confirmed,5497.5,PEN,mobile
95b8d41b-face-4f05-8548-18ef822b4d06,eea44e6c-a770-4789-a4d5-0267f36c9ea2,2026-07-20T17:14:18Z,confirmed,575.72,PEN,web
8bd52f96-5408-4735-a079-15acd73ba915,42bbaa43-3082-4632-81e7-9a3fc8e2482f,2026-09-09T14:14:27Z,confirmed,8179.08,PEN,api
d0a5b7c3-f30b-43a4-8038-33043e1ba9fa,581db72e-fa0c-46a8-9bad-db7aa0c9e842,2026-08-27T17:53:40Z,confirmed,2233.49,PEN,mobile
976fd85d-5542-43cd-87be-4f95a06751e7,6c7f728b-997b-47d5-8c19-bd5a26ca8451,2026-09-06T14:46:50Z,confirmed,713.56,PEN,mobile
0ed9b954-01ad-4f2a-a3ed-81185976cc8a,1993c71b-2bc4-4abb-8d7a-42592c320af7,2026-08-14T16:05:54Z,confirmed,2773.12,PEN,api
c533b1fd-b272-4611-81ec-ba0eaaef82df,70a5a6a2-8ac7-427c-8a4a-4cd99df397bf,2026-07-21T18:58:46Z,confirmed,4820.93,PEN,api
d5458488-caeb-44e7-9800-0afb236665c2,834ab6eb-adaa-4ff9-85ab-15d076d48ac9,2026-08-04T18:18:36Z,confirmed,4580.69,PEN,api
8bc91021-604d-4ad7-b9d5-38856a2ea331,aa72f0d1-a74c-4c58-a130-9cefac813d82,2026-09-21T15:15:37Z,confirmed,1295.57,PEN,web
47f69627-329a-4fcf-9e0d-c6dc57af1737,196afff2-decc-4ade-9699-260a73d86316,2026-09-22T13:04:05Z,confirmed,2006.95,PEN,mobile
32c883a4-25c4-4779-8c42-008a5539801c,02b68be5-08e6-40cc-b03a-44c68d65e10d,2026-08-18T11:17:10Z,confirmed,7230.31,PEN,mobile
f057c6dc-cc6f-4eac-9683-65fbc955ad91,3007c56c-f44f-4653-bf02-d390351a8049,2026-08-14T15:23:26Z,confirmed,1788.26,PEN,mobile
21f888ba-4a59-4ca4-be25-8e2ed004a808,47ffc40c-73ae-478b-a72d-1af626e1b4de,2026-07-29T13:41:32Z,confirmed,3224.79,PEN,api
709181d7-9ac3-4cd6-8766-ec635e1c4498,f5c65cdb-75f6-4989-92ce-1afda59318e6,2026-08-10T17:01:59Z,confirmed,2456.12,PEN,mobile
4ac2637f-678a-44a6-b355-90625e5f70b0,b0e753ad-bfc7-4ac8-9cec-c9dfcbc960ad,2026-08-07T12:43:43Z,confirmed,354.48,PEN,api
fc170fca-b46b-4503-99c5-d770fcf499a4,b24525fa-0862-4597-af4f-0aa6ec2cc680,2026-09-25T16:55:11Z,confirmed,4582.4,PEN,web
116bb9e1-ab1a-46e1-bf6b-456342b7e8d3,5073b76d-9a40-4d4a-9383-e92bcd83d70b,2026-08-10T11:42:19Z,confirmed,1989.72,PEN,web
319f2e3c-d79d-4a16-8769-b66d4149bee4,338f3d44-917d-41a0-842a-8d139c724579,2026-08-28T18:53:06Z,,883.98,PEN,mobile
6893ff5f-8361-4745-aa16-a83eb9d867df,2fd7d24a-f15f-4894-b654-e834be4188f7,2026-08-26T10:49:46Z,confirmed,393.04,PEN,mobile
82a0c46f-07f0-462b-862e-db0577ae8c1c,b3e4c4f9-1070-4961-ae87-2c1ffbdd4675,2026-07-29T18:55:29Z,confirmed,4927.7,PEN,web
0e2cdf3c-d21b-46e8-b493-54a654c22ca1,244a93da-ad86-49b8-88b7-6388c98a3e63,2026-09-04T12:38:59Z,pending,1897,PEN,web
084a522f-867a-4e2a-b262-5dfd9a3445c4,4a1ce08d-1ec0-4c62-9dc4-0dd07562c4d6,2026-08-25T11:31:05Z,confirmed,303.43,PEN,api
064ab700-3884-4fe0-8b09-e15e81faba20,afa281e9-ee2d-43ef-91ea-24651a925d71,2026-08-29T11:24:54Z,confirmed,220.07,PEN,web
c571d3bc-a5b1-43c2-a71a-30fb7d1eeb39,e00fbf9f-e822-42ea-9d85-cda7dd952644,2026-08-29T07:44:32Z,confirmed,3778.48,PEN,api
6b6b0dcd-143a-4a16-94eb-204ae378a162,9a9af634-4e27-4268-bc15-f690c9f015a0,2026-08-15T15:20:45Z,confirmed,275.7,PEN,api
18e7bf17-e8b1-45d1-b825-a9ccb2d6b01f,b682208a-1d3e-443e-bf57-54913f081d44,2026-09-16T16:49:24Z,pending,4735.32,PEN,mobile
914d3a12-bb09-4103-ad64-39f622d5b728,80ca2f4d-d447-46b3-8819-df199e20a3d2,2026-09-29T11:47:26Z,shipped,1371.2,PEN,api
1807c48d-3286-49b2-af23-312f656eab38,60222975-4e97-4214-bcb6-4421d3220e64,2026-08-10T15:31:53Z,confirmed,3110.42,PEN,api
bb15702b-3f0b-4c92-bdb7-973de634488d,31e90c5f-2289-4355-ad4f-08e26726c0e4,2026-08-24T12:54:04Z,confirmed,1927.31,PEN,web
9913c5b4-efb8-4dbb-8404-a07a1871d1d3,94b0226d-f39e-4ed9-9179-068ff4ec9ca7,2026-09-05T13:53:50Z,confirmed,57.35,PEN,web
259a12ca-72db-4393-986f-3386d2930ffe,6c7f728b-997b-47d5-8c19-bd5a26ca8451,2026-09-23T10:13:17Z,confirmed,7062.53,PEN,mobile
9fbb9e6f-4dc6-415d-adb9-5a97b5a28681,ef219736-aaa8-4a03-8680-242f036f97cc,2026-09-10T18:51:10Z,pending,1372.86,PEN,mobile
8bf707a6-3504-4b16-bd86-9b8943db2cfc,281c9175-fdee-4f0c-ab70-7eb5ce08288a,2026-09-24T12:54:03Z,rejected,3218.32,PEN,api
6f226ca8-0d9e-4b84-a258-81f6c63c623c,a56c1b16-467d-4c06-b3cc-0e97e2a70314,2026-07-24T15:43:07Z,confirmed,3115.95,PEN,mobile
e45a2321-af01-4655-a33a-fd74290d6aed,0c98d880-c643-4eac-8e7d-178190077d64,2026-08-01T14:06:03Z,confirmed,1503.34,PEN,web
0b02c982-9e29-429a-8e7e-fbb3f87f6fd9,8c596c04-1a09-4952-939e-ae3048d1c8fb,2026-07-30T17:47:21Z,confirmed,6136.9,PEN,mobile
b337cfbc-fccc-4e35-847c-0c5d6e0a470f,830c7df5-6467-433b-bf47-4a58e0953621,2026-09-01T12:46:36Z,pending,3156.3,PEN,web
26b6648a-f3bf-40ee-9b51-c08b4ded7cc5,4803b749-bb44-40e1-b6b0-c4f42b19f477,2026-08-11T14:13:50Z,confirmed,975.18,PEN,mobile
7120732b-cfb5-4e18-abbe-7b173b463f0a,cced02b4-6156-426b-b179-256213e038ef,2026-08-21T14:09:08Z,confirmed,1937.35,PEN,web
f2c759e8-4c5a-4356-8ba9-1c2500cffa5f,b69086f5-255d-43dc-ac03-5ee519990367,2026-07-22T13:10:47Z,shipped,918.72,PEN,mobile
988b3197-a515-428d-92b5-ae7e21a9ccb9,f60ce4d4-f3fe-462b-85ee-8de5b4e14e16,2026-08-14T11:29:46Z,confirmed,304.03,PEN,api
b3174916-bb0a-47e1-9795-a00b89d02164,94ea81d9-0ba6-4d03-b848-39b1cbeba397,2026-07-31T11:25:33Z,confirmed,723.45,PEN,mobile
2db040fa-a815-49f2-a280-fd29c564a454,49a6c247-17d5-4fda-8bfe-79444a5becb6,2026-09-21T12:43:39Z,confirmed,360.02,PEN,web
91b78c70-b3ca-4638-ba97-40999bf50898,bd4a7315-1020-47d0-a1a7-7a48bb0418d3,2026-08-20T11:19:58Z,confirmed,1835.76,PEN,api
39b19b32-5c91-49ee-9c45-d5d5f73bc7b2,4ecb2d88-42cf-471c-b27b-bdbeca8c4432,2026-09-21T18:05:20Z,confirmed,1733.5,PEN,api
4d7a19f7-bee1-4b7c-b3c9-798f9488b388,4c93c421-ff62-4615-85dd-c2e55419e3ff,2026-08-21T16:36:47Z,confirmed,274.64,PEN,mobile
f785eee2-7696-497c-9e34-ac840d40db66,25585117-b312-4837-bf97-73f5c5f45f55,2026-09-08T18:30:16Z,confirmed,1559,PEN,api
e946693c-675a-4584-a9b1-dd258e44a5f3,6ee82c33-24d3-4dc8-9c89-8fc08ee19b54,2026-09-08T10:10:50Z,confirmed,8746.49,PEN,mobile
d7c854de-26d9-4b9a-8f6c-0c5840dc841c,e2ae3f1d-ef9a-41b1-8d29-2274736f3fe6,2026-09-08T11:23:47Z,confirmed,1341.89,PEN,mobile
e90e0db9-1cb6-4f6a-a2eb-888253219216,ad4291a4-069a-44a9-867d-4a06c6eb9bbf,2026-08-11T14:38:45Z,confirmed,264.24,PEN,web
e7d4966d-8780-4cee-8503-a7def7ab8afd,b8229628-4101-4c68-a34a-5d8da06e0b15,2026-09-22T15:48:14Z,confirmed,2317.7,PEN,web
65a9293e-8caf-4baf-9cf3-4916158a6b14,9153b920-5a5d-412e-af0a-8b734fcceb56,2026-09-02T16:52:51Z,confirmed,1767.46,PEN,web
e77ff6cc-be4f-43f6-b52e-410f3cb83ea6,3777ce28-1286-4576-a512-b4e2b633c86d,2026-09-24T17:51:55Z,confirmed,5754.68,PEN,mobile
24fd5959-e03d-4563-bda0-c1f0ca38287c,70a5a6a2-8ac7-427c-8a4a-4cd99df397bf,2026-09-25T09:48:17Z,confirmed,4277.33,PEN,web
d3f8b4ef-a335-45a2-91cb-be4c1f44436b,538ce41e-cc3d-4201-a8f0-d9101b05c87c,2026-09-15T14:51:59Z,confirmed,2492.84,PEN,mobile
ad6c16bc-819d-4aaa-af34-bf245e227152,f1874406-082d-468a-87e9-d5b0aea86117,2026-09-10T09:52:48Z,confirmed,3518.72,PEN,mobile
41a286d7-2623-4052-a543-c824cea20d8c,ad4291a4-069a-44a9-867d-4a06c6eb9bbf,2026-08-23T07:35:01Z,shipped,352.32,PEN,mobile
7b339e0e-48ae-4069-9bc1-c78bd72d5f68,94e3bb75-5c58-4564-92f2-241295510f9f,2026-08-30T12:38:28Z,confirmed,1937.61,PEN,mobile
f67b373c-c928-49e0-a058-f38204d2bd0d,67f22bfd-8b98-4e1b-90db-fecc6f68ae2b,2026-09-02T16:11:12Z,pending,704.1,PEN,api
997bf0f4-903f-4214-a331-e1ac545bbab4,bbfe61aa-c4c7-45b9-8074-38dcbc9d6ff8,2026-09-03T16:49:01Z,confirmed,202.9,PEN,api
6684cc23-c2ee-485c-842b-16ff3afb2299,ef233313-abaf-4f56-bd3f-617545caf25e,2026-07-31T12:06:01Z,confirmed,2625.18,PEN,api
fc025b1e-da02-4e24-ac18-18d9e5a01e45,b93fabf6-5a92-4ff2-b3cc-b512b57074b5,2026-08-07T16:41:31Z,confirmed,2412.15,PEN,web
bd97f6f9-3a64-4457-a24f-0744472d5e67,a5a236f6-dcb7-463e-b286-60b26412fedf,2026-07-26T15:58:08Z,pending,2202.2,PEN,web
a5f26752-2538-45f4-833e-0f2b919e4c82,feeb1eec-2c3d-4d16-b6d2-84561c7b8ac4,2026-09-13T12:55:36Z,rejected,1326.93,PEN,mobile
45a6d788-f2f7-4726-986f-460fc8fe0824,ca5ec968-c7e9-4746-a7ca-49d42fea1179,2026-09-17T10:11:18Z,confirmed,1487.38,PEN,mobile
dc81b0f5-3988-4456-a421-461d4426318e,6d5945f5-aac2-4bd0-8253-916d453a7815,2026-09-30T14:59:12Z,confirmed,2923.12,PEN,mobile
bcd311bc-27bc-42ff-a86f-2d7519ca1faf,a64ae7df-b059-4206-95f1-3b82758406c1,2026-09-18T10:45:54Z,confirmed,3079.5,PEN,api
7fde87a2-bf20-43c1-a578-f65661c74572,ce904708-ba06-41bf-bc0d-613b7023bc69,2026-08-05T09:22:58Z,confirmed,3888.69,PEN,web
561df9b8-f08c-4230-b3a0-29c82f3ffd99,a3afb1d1-f66b-4408-834e-b9ee24c384fa,2026-09-12T07:38:12Z,confirmed,2232.23,PEN,web
6f8fdc6e-0b1d-4ade-b007-cf63595f281c,b3e4c4f9-1070-4961-ae87-2c1ffbdd4675,2026-08-09T09:30:23Z,confirmed,5362.15,PEN,web
bdde23c3-0d98-42f9-8b77-8a1bebace4be,b682208a-1d3e-443e-bf57-54913f081d44,2026-09-15T10:55:14Z,confirmed,2271.71,PEN,mobile
68e54dc8-2430-4785-803d-6ea17922f807,ad4291a4-069a-44a9-867d-4a06c6eb9bbf,2026-07-27T18:54:43Z,confirmed,5257.95,PEN,mobile
4366ff78-0ae5-409d-8590-f9e218c44799,ca5ec968-c7e9-4746-a7ca-49d42fea1179,2026-09-26T08:33:27Z,pending,1024.39,PEN,mobile
88165217-3865-4274-bae5-c6e9dd0752d4,5be7c870-8376-4ba4-ba2b-c8a73d9fd790,2026-09-22T13:18:26Z,pending,730.24,PEN,mobile
69654581-e112-41bf-9b5b-189af06dd3dd,6c960fde-50fb-45c1-bef4-fff562bb76f7,2026-07-23T18:47:37Z,confirmed,4359.58,PEN,api
7b5309ba-a0c7-447b-a49d-6b8e28fac563,b8a81eb3-1ea6-40c9-b96d-486b0077e7cb,2026-09-15T12:30:45Z,confirmed,6666.57,PEN,web
2089f00c-937b-47a4-b06f-dcba44cb1487,6ff8902b-9237-401b-9be7-ec93141df1f5,2026-09-07T15:21:10Z,confirmed,546,PEN,api
9aea329c-6ab6-4014-a3d9-80b7c7122fc1,201bb7ed-1dac-487b-ab84-4a7f324a4424,2026-09-12T12:37:11Z,confirmed,6134.9,PEN,api
ff77ec07-d4ba-4502-8eb4-805829f82411,97d6e274-2e2d-471a-92e1-fddc575f6bdf,2026-08-03T17:57:02Z,confirmed,2570.95,PEN,api
ded6ceea-0db1-4b06-bb56-116927196332,335b74db-6dda-4316-9ab3-9648d265a566,2026-09-04T16:42:14Z,confirmed,590.81,PEN,web
2330c9ea-f183-4012-bd81-2c0dc447f9c1,5326b56d-c246-4875-8a41-7b250561cf56,2026-08-08T12:05:04Z,confirmed,527.13,PEN,web
2004efc6-612c-4bb1-a25f-f2cc69b788a8,4d6a1b1f-a23d-4c9e-bb74-9bef7b06b0df,2026-09-12T08:15:48Z,confirmed,1722.98,PEN,api
d5dabd1c-6812-4544-9ff8-61ee2486e9c2,544ca703-42d7-4ea4-a72e-40a044ecad98,2026-09-21T18:49:21Z,confirmed,3905.31,PEN,mobile
494e1f82-866b-43de-9fc7-9bae695952ef,556515ae-6089-45e2-9795-010fb67778f7,2026-07-18T10:53:16Z,confirmed,2698.4,PEN,api
d3889c12-36fa-4c7d-9696-1c9cba4de0b8,196afff2-decc-4ade-9699-260a73d86316,2026-09-10T15:40:05Z,cancelled,1340.12,PEN,mobile
f14d865f-c7eb-42cd-9b2b-fa9f9b524a8a,78d58dda-aee9-472c-a706-8f4cc413d886,2026-08-15T14:17:07Z,confirmed,227.25,PEN,mobile
36ce4a89-d7ee-41ca-aed3-1bc5e5a8e9e9,d084fc41-c2d1-4ab3-af53-3d30a7f6d2e8,2026-08-10T10:15:37Z,rejected,1224.53,PEN,mobile
c107c46d-f73c-4f65-a413-a1dbfe9d8d76,84541a3c-dd53-49be-9a2e-a983ff5d06fc,2026-09-07T17:15:08Z,confirmed,2365.88,PEN,web
1ed3c227-5923-4010-bf3e-df49388cc257,20463886-05ca-406b-8663-923fe6665022,2026-09-11T09:49:40Z,confirmed,2210.15,PEN,web
e5db4d09-47c1-46e1-bba6-906bd3c55ca0,02b68be5-08e6-40cc-b03a-44c68d65e10d,2026-09-09T11:07:59Z,confirmed,1743.4,PEN,web
e9c104cb-3ac5-4630-b6b0-6b4cfe96b8f1,235ca555-a290-4bc3-9568-d27c47f7f584,2026-07-20T18:40:45Z,confirmed,459.69,PEN,web
aa45edac-1020-4d0a-8d37-ee2142b8c3b9,1da8058b-a2da-4531-9964-1c8a058da7dc,2026-08-10T16:23:15Z,cancelled,1033.66,PEN,api
2d8eef01-b79e-48c9-8bf4-5da8c678257f,76926ba4-faae-4a89-b213-5c7db58f9b3c,2026-08-10T12:22:15Z,confirmed,1071.48,PEN,api
c8114fb4-a26e-4fb6-b2b9-f061d5fb225a,d509ccc0-f24c-4b54-a1fd-fe55492cdc6b,2026-08-22T08:18:13Z,confirmed,330.64,PEN,api
d1e03ebf-82d4-4fdd-a791-0da678979a63,5fa52602-705f-45ea-9b5c-11662c5a54d6,2026-08-10T16:12:37Z,cancelled,1825.53,PEN,mobile
e0663feb-9289-44c5-bb7c-6e7f335c4e5f,9df61751-84b6-45ea-ad26-bdef33e58600,2026-09-13T15:48:34Z,rejected,3564.84,PEN,mobile
7f933cef-788a-4fa3-a9b3-87d988e531dd,8820ec3a-b879-4c92-8be0-de9ec4af5921,2026-09-23T17:05:36Z,confirmed,1274.17,PEN,api
0800b83a-d9e3-4140-85f6-a39501d67853,f1874406-082d-468a-87e9-d5b0aea86117,2026-08-31T09:37:28Z,pending,547.06,PEN,mobile
6696b363-aca9-4b37-aefd-63e57f4a84f7,3da6dafb-d908-4fa9-b9d1-94336d3a4a3b,2026-08-14T12:24:49Z,confirmed,3254.44,PEN,web
4479af4f-98cf-4a9a-9100-1074c0cb3977,581db72e-fa0c-46a8-9bad-db7aa0c9e842,2026-07-29T15:43:48Z,cancelled,6102.54,PEN,mobile
c7f5a0f8-81d6-471c-8047-0a0a65873095,38110926-ecdc-4c1b-8e34-5bece711d081,2026-08-18T15:38:24Z,rejected,1362.61,PEN,api
c4e33a1b-fa4a-43d2-96e5-c52329523d56,f9143da0-79dc-463d-86a4-92eadc6f5e69,2026-07-27T12:51:58Z,confirmed,3388.66,PEN,api
cfef224a-86c0-4bf6-9780-bb981bfd731e,5307ce7f-6c53-43dd-8b61-61108466c944,2026-08-03T18:00:03Z,pending,720.42,PEN,web
c6c96329-55e1-4381-a602-9a6f8304caf8,882b16c3-c4db-4286-bf9e-571f4a37694b,2026-08-27T13:22:06Z,rejected,6998.2,PEN,api
b4047f36-d9b5-4010-8a95-6a666cedae4a,f9143da0-79dc-463d-86a4-92eadc6f5e69,2026-09-18T12:27:35Z,pending,5389.21,PEN,web
6c7b50f0-aacc-40b5-8ebc-e8ab6fa69f72,9d65bf36-a83d-4565-b16f-d792c507e3e5,2026-09-14T13:01:00Z,confirmed,5084.58,PEN,api
b5592a8b-9cf8-48a0-930e-aba756b7c02a,24d9ae70-c907-4aa0-98b1-415b3f660382,2026-08-12T13:14:25Z,confirmed,582.72,PEN,api
bdba6436-6687-44e5-9076-d2b1d464c2b7,43715b0d-54d9-49b3-ae39-50aedec5af54,2026-09-30T17:45:25Z,shipped,2380.56,PEN,mobile
3c63fa17-90d6-4988-bc2c-889afba65226,acf41c21-51ab-44df-81d1-d138e80ad382,2026-09-20T15:09:11Z,shipped,2581.56,PEN,api
ad2558e8-25c2-49cc-a90c-7831ef1aef0b,bdee05ed-1013-4321-9480-4b17eca2621a,2026-07-29T17:59:45Z,pending,184.74,PEN,web
458f2227-0778-4d2a-99ae-f4d5a43aeeaf,9308ede6-3016-4e5f-902c-6fb90cb758de,2026-09-09T10:44:33Z,confirmed,2123.73,PEN,api
eda9531b-edc1-46b5-a0bb-3d224343c3fc,0e08a2ca-666e-4bfa-8e58-3f0905a6b4dd,2026-09-08T17:20:24Z,confirmed,10314.96,PEN,mobile
950b13e1-bd26-47ff-99d8-8459c32a389c,decac2f3-67ee-4e9e-9f88-c847f5232895,2026-08-07T15:00:26Z,confirmed,2350.32,PEN,web
a05ce6b9-ded9-460f-8748-6da71b292761,d6c06183-b4b2-47bb-a596-3b990e2be405,2026-08-15T06:12:05Z,cancelled,513.44,PEN,mobile
816778b4-5538-4f6c-812c-296ee5e5c856,0fcc2f09-2699-407e-bb9d-ba0fee77cd5a,2026-09-28T17:47:30Z,confirmed,160.66,PEN,api
478e9be6-491e-4abe-abfa-df7d90401a2a,ff6cb621-5df3-43e7-a96f-86581487c24e,2026-08-22T07:14:04Z,confirmed,3881.48,PEN,web
2205941a-7e6c-4356-b0c0-e3b2fbf4498d,233082a1-27df-4af2-aaa5-5970485f415a,2026-07-21T18:06:01Z,cancelled,5556.4,PEN,web
b3d7f854-21ab-48fd-8214-27f7cbcb1a0c,5f3d0e81-3eb0-4a6c-999f-9dd030e3556a,2026-08-19T16:53:53Z,confirmed,104.7,PEN,api
3df76cf2-ef25-4421-937d-d637b6093d64,e405e8b2-b78b-415d-a1e2-808a7889b09d,2026-09-22T16:47:37Z,confirmed,584.76,PEN,api
14ffe444-340d-4500-82a7-a9ab0ac3cd59,8499c1ea-7baa-4599-a10d-da71e58b2640,2026-07-31T16:12:17Z,confirmed,120.51,PEN,mobile
e8cab96c-0b05-4ed8-a584-3ec062d292b2,e17528a6-f43a-460a-9047-a3c903fdeae5,2026-08-20T15:35:23Z,confirmed,694.65,PEN,web
9196c1eb-a9df-4027-9dea-5cccec2a0ecc,80ca2f4d-d447-46b3-8819-df199e20a3d2,2026-07-30T18:08:01Z,confirmed,,PEN,web
9f2f3765-18ac-4f65-8c8d-f8799f1bfad9,6b667359-b0c4-45a2-8472-09e0d1593c63,2026-08-27T12:52:31Z,,2331.11,PEN,api
0e875234-b3c6-4375-81f1-8717d247502f,044ba6aa-69a4-4ef5-ba85-810c49298754,2026-07-25T13:59:37Z,cancelled,9899.7,PEN,mobile
00d42eab-494f-48c2-840d-29b10a86edfb,db640e2f-8591-477e-8d7c-e5d1207508c3,2026-09-25T16:53:00Z,confirmed,168.51,PEN,api
5a3274fb-32eb-47db-95e5-77a6e1e63d9f,2198933b-98e4-4260-a985-98ea41253523,2026-08-22T08:36:48Z,confirmed,1359.72,PEN,api
dea19afc-1eb8-4813-9532-2852f41763dc,8b0c5e83-a777-46d0-85a8-f31ab818207d,2026-07-27T09:54:33Z,confirmed,19.28,PEN,web
e670fba0-cc2f-4f5a-8daa-cb64b11a0b78,e8486488-15c2-40de-b356-1cd2a91d46e9,2026-09-23T10:00:49Z,confirmed,1893.7,PEN,api
d3443607-fc64-4d89-85ef-9998bdc104ae,6ff8902b-9237-401b-9be7-ec93141df1f5,2026-09-14T14:37:05Z,confirmed,1441.66,PEN,api
ad643580-f736-44fe-b58d-1398bb9b192c,a3afb1d1-f66b-4408-834e-b9ee24c384fa,2026-09-21T18:05:02Z,confirmed,477.9,PEN,mobile
257a1e5a-da01-4952-b0ca-6b8d8b6c2587,3777ce28-1286-4576-a512-b4e2b633c86d,2026-08-07T14:13:05Z,rejected,1534.39,PEN,web
6b8b62dd-0fcb-4eb0-b1f3-3fe5cec72e51,701cda5b-85cf-46d8-a9ff-b2b9d4bd88fe,2026-08-08T07:05:46Z,rejected,3201.68,PEN,api
7aea4852-5533-44ea-8f21-5d3b490cb22d,a12b17b4-4f19-4b33-8317-14f9c592439d,2026-08-31T15:14:13Z,confirmed,5670.67,PEN,api
19baf063-5d5d-4544-9751-61e13a2ace99,d8952c2f-7ed0-40b7-bb1c-433fbf6b17e7,2026-07-24T18:19:24Z,confirmed,103.94,PEN,mobile
cd701191-3c6f-48dc-abaa-c3855d1c1b75,ef8506d5-a65f-4dda-b260-94d933d0e961,2026-08-18T12:28:10Z,rejected,833.04,PEN,web
fba512cc-aeac-4c5e-84d2-8bc2d143854f,084d654e-75e4-4463-8305-1e92aaf3471a,2026-09-27T11:38:10Z,confirmed,24.93,PEN,mobile
97851ebe-3334-4038-80a8-39abc3dcb38b,8fb2f654-f204-4ea9-a628-c0a87b0b68d6,2026-09-03T11:37:27Z,confirmed,2399.18,PEN,web
255b1c53-6d07-4829-85c8-72e66786c343,3777ce28-1286-4576-a512-b4e2b633c86d,2026-09-09T13:45:55Z,rejected,3503,PEN,web
7fe25e62-991e-4f84-bd0a-f3fe6a959de2,c2f0843a-ead9-4b7d-981c-9fcbd7d42561,2026-09-06T13:28:03Z,cancelled,2981.76,PEN,api
6f0f48cd-3cf5-46a3-8166-020e92846c46,25fd89d7-8d75-4ad9-b892-ddffd3fc35f3,2026-09-10T10:39:37Z,confirmed,1505.88,PEN,api
60394f37-3f5c-43c4-bc92-75b4ee1f9678,717880c0-a932-45e0-8426-830dfc512b52,2026-09-26T11:11:56Z,confirmed,5496.34,PEN,mobile
c9d5453b-f50d-422e-951f-61d74d6b14ce,a1f14f8d-2cb8-42b8-b7cc-2784ca416963,2026-08-22T15:51:40Z,confirmed,2548.34,PEN,mobile
554835fd-6207-4ef1-ba1b-036002bd88ec,9df61751-84b6-45ea-ad26-bdef33e58600,2026-09-15T17:43:00Z,confirmed,6511.85,PEN,api
27335103-9e12-4e71-a3ad-12d396df541d,c2cba4c7-5d38-4c9c-a9ae-d2ed60f69d07,2026-08-17T11:58:39Z,cancelled,2407.79,PEN,api
d96369ef-79df-4385-ae60-26bf163c6a03,75741148-ab4c-4f9a-8a86-763267e503ab,2026-09-10T13:32:04Z,confirmed,268,PEN,api
680af60d-d2eb-428e-9f0c-90ff767ceaa3,43715b0d-54d9-49b3-ae39-50aedec5af54,2026-07-28T15:11:28Z,confirmed,1598.19,PEN,mobile
caa792dc-fe13-4b11-b9d7-91757175ec28,dd2e775f-aed8-4b7c-8955-21935f06f059,2026-09-05T10:51:07Z,confirmed,1455.31,PEN,web
11ed8384-3d5e-4005-b016-9588ca4267e6,c202b659-a768-4897-bdf8-9ca61dcf23b6,2026-07-31T09:42:19Z,confirmed,5338.9,PEN,mobile
9fa772fa-e708-4dc3-898a-c6f33de16301,9f742a90-cfa8-4220-ab51-9021d8b03be3,2026-08-15T08:09:07Z,cancelled,5744.15,PEN,web
e19e2916-806f-4e6f-8af0-2c9d91fc95c5,d9363844-78c4-49b1-91ab-40a135cb8932,2026-08-02T15:08:06Z,confirmed,4705.95,PEN,web
df2a70ad-40c9-45a0-aa41-3cf638a649ad,ead6716f-fc7f-4314-8edd-43df8fe0f6d9,2026-08-28T11:04:14Z,confirmed,4875.11,PEN,mobile
0afae88b-6819-4b70-be6e-9fd9f1272d02,28c0d5c4-145b-4caa-99c3-0c38d8bc69e3,2026-07-19T14:02:53Z,pending,1414.88,PEN,api
38a003c2-c1bb-474a-bfc4-f856f4ecf0d3,acf41c21-51ab-44df-81d1-d138e80ad382,2026-09-19T13:08:28Z,confirmed,1511.79,PEN,api
7520b7d8-3685-4de8-833a-eab5145c7bcc,2ce190bd-32de-4b98-9689-d7fe40a43bfd,2026-08-08T14:53:19Z,cancelled,2933,PEN,mobile
96391188-2124-4e73-9497-e64e47790750,80c0480c-6b64-467a-abbb-d8c93dcf6d4f,2026-09-24T12:41:39Z,confirmed,393.81,PEN,web
becc490f-1eaf-4250-9489-d12838db48aa,e17528a6-f43a-460a-9047-a3c903fdeae5,2026-08-18T15:18:32Z,confirmed,1165.6,PEN,mobile
e0b8a583-473c-4286-a91b-ad9245ee165d,217ac775-e8cd-4ff0-8064-76d28fecd732,2026-08-16T11:29:04Z,confirmed,2368.06,PEN,mobile
9d628e05-5ab7-4496-a132-07443ddeaa61,660ab802-b920-43c7-9ecf-b4427a2ff6cf,2026-07-20T15:02:20Z,confirmed,,PEN,web
05580a0d-9b86-4365-b5b1-25d8f4fac824,75e35550-fcfd-4f50-835c-a42dd3e981d5,2026-09-26T07:16:52Z,confirmed,7690.25,PEN,web
06427166-aa1b-479d-9226-303212ae126b,5c3c0a8e-75ed-4622-8f3f-934fdbbe000e,2026-07-26T09:27:35Z,shipped,2829.38,PEN,api
835f8d9c-d62c-46a0-a514-438128be69bc,e405e8b2-b78b-415d-a1e2-808a7889b09d,2026-08-13T09:13:11Z,confirmed,2128.45,PEN,api
e9dcaf1e-430e-4910-9e85-45b8d3348312,908a0a58-b4bb-4980-a6ec-61d254468cfe,2026-09-04T11:50:00Z,pending,794.53,PEN,mobile
77966700-3abf-471d-8dbb-d8e9ad1bb621,12a718ca-2c1a-43bc-aee0-624d4de6536c,2026-09-20T07:25:26Z,confirmed,6356.88,PEN,api
05462b96-e284-4a7b-9231-c197af395f1a,12a718ca-2c1a-43bc-aee0-624d4de6536c,2026-09-06T11:06:12Z,confirmed,3877.22,PEN,mobile
5f500841-2023-4381-90b4-89a941c1cac0,9f9c0621-b7a6-4d37-befb-0d326a80606f,2026-09-05T07:54:28Z,confirmed,4332.96,PEN,api
6aaa7d3b-5c87-48a7-968d-59bd7171891f,bb0928e9-463c-4d3e-ad21-5abba5fdfbfb,2026-08-31T16:00:07Z,confirmed,4510.11,PEN,mobile
d2c57079-812b-4017-b4ba-2b5034324e63,958c498c-c61b-446d-85e1-9e24dafafff7,2026-07-20T13:46:49Z,confirmed,6157.51,PEN,mobile
9a266c63-1900-4017-a97c-d8bae8a42a0d,23fc56ca-53e2-481b-84aa-4c363dc800f5,2026-09-01T10:30:19Z,confirmed,1577.1,PEN,api
bf2e9a7b-cdc5-4f7f-9df9-cb286e881b6f,7ac58a67-6ccb-4353-bb9a-b03d815ab5f8,2026-09-26T12:20:12Z,confirmed,2358.86,PEN,api
0716b1bf-aa74-45ae-82da-9a2f6c40320d,834c7ded-8434-4bce-adf8-b1034df2bd4e,2026-09-25T15:56:30Z,confirmed,3594.97,PEN,mobile
41243122-6044-4664-af83-f1792f2985e0,6b532dd6-97d4-4597-a091-b8cb551275b7,2026-09-12T13:44:24Z,confirmed,169.36,PEN,web
14f8ac21-9169-4d0b-980e-620c912d5935,06a3c77e-bf93-45cf-afe1-fabf18abf75b,2026-08-18T17:14:22Z,confirmed,2800.03,PEN,api
05694504-31fa-4820-a387-4349811bbe89,d8c6c698-1a27-45db-ba6b-23adda15d2b8,2026-09-21T18:40:51Z,confirmed,416.46,PEN,web
838a59e3-bf2b-4ae0-b18b-25a89301be54,2bb8a28c-57ed-409b-b430-c619ce20ef41,2026-08-04T17:38:09Z,confirmed,8127.72,PEN,mobile
d300218b-d3ee-428a-a80c-4710215db8cd,66c538cb-6ba7-4de7-b6a7-10a137c4d642,2026-09-08T14:29:56Z,confirmed,1912.34,PEN,web
a1fff7d5-5e88-48be-8d5a-1c32b9c9e928,335b74db-6dda-4316-9ab3-9648d265a566,2026-09-07T09:38:00Z,pending,38.56,PEN,api
83569d3a-6f21-4f8c-a9a9-1d93f62bdb0c,a7f402cd-39f4-4dc3-a0f5-883415d6235f,2026-09-09T16:44:28Z,confirmed,498.8,PEN,mobile
862e3811-4d89-41b6-a3b4-aa8539261ec5,25585117-b312-4837-bf97-73f5c5f45f55,2026-07-23T12:11:09Z,confirmed,2472.06,PEN,api
68fa6f1d-3cc5-44de-92af-43596ef7b0a8,d78b9834-9ce1-4cc8-ab5d-ef2ef61815e4,2026-09-25T18:46:34Z,confirmed,2782.9,PEN,api
6338249e-687c-4a32-8aec-75bcf381a907,305de989-1168-4187-a7df-09a3dd57bdf7,2026-09-18T10:42:52Z,confirmed,1068.59,PEN,api
5d587879-7410-48ef-a932-5d1fbc5fde2b,235ca555-a290-4bc3-9568-d27c47f7f584,2026-09-19T12:06:40Z,confirmed,4269.83,PEN,web
8b5d2e2b-ea8d-453b-8d2e-c848ae46a912,6b827b53-eda9-4d4c-ac5b-42bf79928864,2026-09-08T10:57:27Z,confirmed,1157.88,PEN,mobile
40411e31-a725-4212-9fc6-d7066a5a8c12,3ba0dc3d-e22d-444e-931e-df7968be0658,2026-09-17T17:57:13Z,confirmed,2130.04,PEN,mobile
284d4d25-81cf-4aac-b740-704694088a24,d0ea81ea-a02c-465a-b9df-2b879fff3bc1,2026-09-24T12:24:09Z,confirmed,2049.86,PEN,mobile
98d10ac7-d7d8-4fe6-8544-d4a17110d98b,fcc7dc79-5d82-4692-9adb-5e30673d411e,2026-09-24T09:40:56Z,confirmed,3868.93,PEN,web
f7d7e7bf-e456-40c6-934f-38159ed3ed78,11165a00-ca1f-4bcc-a279-e751a383ec07,2026-08-13T16:20:50Z,confirmed,1417.16,PEN,web
b73e9e85-30eb-4fa0-9bd8-cb45665f5d89,055b24e8-00f9-45be-959b-05332c292040,2026-09-27T14:22:22Z,confirmed,1291.75,PEN,web
76e3ba1a-88e4-46e8-a81f-8f99506741f4,2538dc2f-9e8a-4232-8d93-773bc4401de3,2026-07-31T12:39:22Z,cancelled,3359.19,PEN,mobile
6ce4bd14-194b-444e-ae20-c3bbc8419bc8,4b83a484-48a3-451e-8219-5d2e9fcb5316,2026-09-22T09:13:03Z,shipped,2337.96,PEN,mobile
ec891499-ae64-48e2-8bde-0af65f142e48,3288c011-3674-43e2-9cf8-1797edd80857,2026-08-14T15:12:48Z,confirmed,2174.55,PEN,web
ade34318-67f4-4fa2-a890-c79e4570cb7c,bc66d068-5d23-4fb4-9b78-89981015a77e,2026-09-16T11:34:00Z,confirmed,9857.47,PEN,api
83e902d3-eaf1-4963-8c69-634211e5856b,1532525c-75ec-4957-b770-d8cb313d282f,2026-08-25T12:12:22Z,confirmed,893.27,PEN,api
d390a777-bc72-46c4-8208-5ba8bbdc9834,277b94bf-75c1-4a05-8574-3f55016062c8,2026-07-28T15:37:48Z,confirmed,652.27,PEN,mobile
e279bd91-bb7c-4c52-853d-cb72efcee981,7a6d0709-f364-4f3a-88b6-ab1b01b205f2,2026-07-20T12:36:52Z,confirmed,2764.43,PEN,mobile
a819efd0-7f79-424d-ac15-804f9909e988,9dfe24d2-2c4d-42dd-bec9-eaba907236de,2026-09-27T09:26:03Z,pending,2899.81,PEN,web
bac69182-b98b-456b-b4b6-c024d982d2b0,890c74a9-a349-4d30-a53f-c1935a446114,2026-09-05T12:59:58Z,confirmed,698.57,PEN,mobile
d89bdded-2875-46d4-958f-0ae8822e0847,a8d5d713-57a9-4eac-a9e4-afce7ef72d0b,2026-07-29T12:41:19Z,confirmed,10558.21,PEN,api
3e396f66-bc0c-49da-943a-528a8d029ab7,335b74db-6dda-4316-9ab3-9648d265a566,2026-09-04T15:45:37Z,confirmed,1660.82,PEN,web
935a294c-6a38-41c8-a501-5ef83dd04069,882b16c3-c4db-4286-bf9e-571f4a37694b,2026-07-18T07:45:10Z,confirmed,257.46,PEN,api
8c83e31e-bf1a-47a0-a5d1-46cf29158f8e,367401ee-a448-4320-8b44-8bc51bdf0a36,2026-07-22T10:17:16Z,confirmed,1471.19,PEN,mobile
1201a8f7-f390-4443-8e65-98eef279642e,43715b0d-54d9-49b3-ae39-50aedec5af54,2026-09-13T08:32:55Z,confirmed,2691.68,PEN,web
f0ea9ca1-122a-4c59-b603-29881d82295c,a5a236f6-dcb7-463e-b286-60b26412fedf,2026-07-21T10:39:50Z,confirmed,1264.29,PEN,web
84ba0ace-6609-476e-bdc3-09b1579942c6,745748b8-122a-4c2a-8884-958cf173e8ec,2026-08-07T18:01:57Z,confirmed,10543.62,PEN,mobile
5c747b8a-0656-4847-ba89-6fe296355fd8,21316472-2119-40d8-9097-a661fe2c270f,2026-08-20T12:07:36Z,shipped,659.4,PEN,api
24e072e1-4a77-4784-bf47-9965f50fce35,44b866a3-cd26-41db-b178-482a4dcdb397,2026-09-23T15:51:08Z,confirmed,8305.34,PEN,mobile
3b458ff8-b269-4e93-9fc5-20bc4df7cc5c,c1745dc8-b3a6-4fd4-95ab-ba02610b9dd6,2026-09-08T10:23:06Z,,737.34,PEN,api
f76cb851-fbe8-439d-ba9d-04da2d555d86,368adfd4-e0dc-435e-b95a-26cbc457af70,2026-07-28T09:29:01Z,confirmed,4613.8,PEN,mobile
a39f0f3c-9961-428c-a266-05e68d54afea,09419060-5986-493f-8cd8-ae90806edde9,2026-08-14T17:28:16Z,cancelled,808.56,PEN,api
fe3082de-0a70-4389-afc0-567ac2a91b9c,90ca32ad-0623-47d6-828e-b91d7d888878,2026-08-03T13:13:35Z,cancelled,219.67,PEN,web
3036ac30-d24a-47e5-a596-6d05277cc462,a1542865-0d56-48cd-bbce-3d1c15223e01,2026-09-22T10:08:57Z,cancelled,1778.58,PEN,api
f099941b-b670-49d5-96c7-4f28b5de0f46,d0dc1682-dc48-4168-8cd5-a0df67d4f5a8,2026-08-08T07:18:38Z,pending,654.96,PEN,web
8557570a-0dbe-401f-a4b0-3b22d4cbf49f,660ab802-b920-43c7-9ecf-b4427a2ff6cf,2026-09-05T12:18:43Z,pending,830.37,PEN,api
67bd40b0-7cce-486d-a8b8-364253442bce,eea44e6c-a770-4789-a4d5-0267f36c9ea2,2026-07-23T09:03:11Z,confirmed,326.28,PEN,mobile
99be60c6-0b64-4c0e-a8cf-f75bcfe59518,f5f29239-cf7b-423a-b000-8983f0be8084,2026-07-27T17:49:49Z,confirmed,1551.92,PEN,web
9ae0752b-bc78-4a37-868d-00d6c7e1264b,8c788785-f094-4a9a-80a7-6ba2bbe80e59,2026-08-14T12:55:26Z,confirmed,316.57,PEN,api
017293fc-2a7a-492e-adba-1a3763ee1354,055b24e8-00f9-45be-959b-05332c292040,2026-08-03T17:15:40Z,confirmed,2268.89,PEN,api
91cc8ab0-cfa5-4bd9-89cb-a198f7072035,4ce07cfd-230b-4e4f-843a-5bb86bd7de0c,2026-07-21T17:48:34Z,rejected,2216.88,PEN,mobile
f17cf8d2-01f0-41eb-a392-d16de7a059a4,38110926-ecdc-4c1b-8e34-5bece711d081,2026-08-13T11:54:00Z,confirmed,1310.74,PEN,api
699c01df-6a88-4ef0-8485-27b7662b7a86,d43461b2-0512-43a9-a5c5-a6cb92166834,2026-09-16T18:38:06Z,confirmed,1111.32,PEN,mobile
49f00a71-33d7-42b0-94bf-410ed71f7cb2,1b321311-2d86-46c1-9871-3c85a416712a,2026-07-22T11:18:41Z,confirmed,3880.12,PEN,web
3347c21f-19d5-4b3d-aad1-a5214bfef4ab,f6007b28-2fbb-4233-89c5-f1a5e842b119,2026-09-06T15:58:36Z,rejected,3901.66,PEN,mobile
24bd2d22-4fdf-429e-a85e-307d69ef8e4b,b671eba4-fdfd-46da-a7f3-b16b98699bfd,2026-09-20T12:41:41Z,rejected,1939.84,PEN,api
2f789f2c-e254-455a-b401-10aa179cf6bb,83430933-02cb-4a05-90ea-a7db9b419761,2026-09-16T10:20:58Z,pending,867.6,PEN,mobile
b541d677-01d5-427b-9a04-de0cedc320c7,b24525fa-0862-4597-af4f-0aa6ec2cc680,2026-09-06T13:06:04Z,pending,1459.35,PEN,web
b37cb188-9218-4671-abfd-b8546b5721ac,728f6d69-24be-4e58-9439-a7fc8be6be9f,2026-08-11T13:53:53Z,confirmed,579.2,PEN,api
70ba7336-efd4-4ed4-ab0b-10a99383e72f,ce904708-ba06-41bf-bc0d-613b7023bc69,2026-08-26T12:27:38Z,pending,1762.27,PEN,web
a01cb2cd-f547-42c8-870e-d193563629ea,d9363844-78c4-49b1-91ab-40a135cb8932,2026-09-19T11:18:16Z,confirmed,7274.25,PEN,mobile
e23ba339-a6c8-4faf-ad9b-7bf9dfbff02f,eea44e6c-a770-4789-a4d5-0267f36c9ea2,2026-08-16T11:52:31Z,confirmed,1585.65,PEN,mobile
db5c1392-10df-495f-a28b-3d9aa8aeb711,5fc726fe-5bd4-43b0-bd60-cbe6574c6d13,2026-07-25T09:19:52Z,confirmed,12803.66,PEN,mobile
9cdafeb6-1e36-4a51-9446-c7435bff44e7,bcd51f6a-f39a-490a-a3b8-d3f8cce89550,2026-08-22T12:24:38Z,confirmed,2139.08,PEN,api
86dd3164-3c0d-48ae-96df-0c760f922867,c76aa9b3-5ae0-49d2-911c-4db1ed1be383,2026-08-01T08:07:05Z,confirmed,9999.29,PEN,api
de5a7f2f-aecf-4cf0-8a83-c0bf57cf9058,35cea61a-cc63-4bc8-9512-4795cd9d0b0f,2026-08-27T14:55:04Z,confirmed,306.37,PEN,api
06bf219a-a9ad-458c-8342-860b398b892a,c2f0843a-ead9-4b7d-981c-9fcbd7d42561,2026-09-15T10:29:26Z,confirmed,4583.8,PEN,web
808e4f16-790e-4da2-8b1f-71f053d88fca,c265fb93-2cd0-42ab-8cd9-3ee3a4e6a7e5,2026-09-17T18:03:35Z,confirmed,3090.42,PEN,mobile
ad9a0fa4-9ef2-4f19-9507-73aa33851856,a1f14f8d-2cb8-42b8-b7cc-2784ca416963,2026-09-08T09:33:57Z,confirmed,3063.01,PEN,mobile
755cd62e-7020-4ac4-8622-92b51023031c,398e134f-e97a-4f8d-b454-30680dc58180,2026-09-16T11:24:44Z,pending,436.56,PEN,api
a64ce756-8cb3-468d-903f-f59257fff4ab,db42478f-ecbc-4611-b809-ee1607b89739,2026-07-20T10:28:18Z,pending,255.12,PEN,web
291ed2fe-9c4f-44d6-8c91-2797f9f59a00,cbfbf760-96e4-413b-8024-276281ca6b22,2026-08-18T16:22:17Z,confirmed,2979.27,PEN,api
070345f6-23a6-406c-b8a0-63111099e569,d93a84ab-68f4-449d-a5c5-9e841319c88d,2026-07-20T09:40:23Z,confirmed,1901.39,PEN,api
9fc54ce3-6af4-4c77-8368-23b00b3d49f3,9232cab6-c46e-40f7-ab1f-697fb70e5493,2026-09-11T17:35:33Z,pending,172.05,PEN,api
991404b1-54dc-4774-a5ea-b118da1b8e36,6d5945f5-aac2-4bd0-8253-916d453a7815,2026-09-24T09:20:22Z,confirmed,654.96,PEN,web
a471595b-8e4d-4a5b-9375-ea5f15ef1cdb,45473e32-93cf-45ac-859e-30c6db185b88,2026-08-12T16:31:48Z,confirmed,2018.9,PEN,mobile
766bb57e-89cb-4321-8b87-b2cdd2689107,398a5d40-1579-4679-82bf-b6326540301f,2026-08-19T16:50:55Z,rejected,3543.21,PEN,mobile
2ee1866a-ba1a-41bb-bd06-41ba42e84a83,0c70409d-f7f3-4eb4-8a28-1a7f42d48e62,2026-07-31T17:48:04Z,confirmed,92.59,PEN,web
0d8e4d1c-bfbc-48bd-b4c7-2b429cd76fde,8b066b57-375d-489d-8d94-4050fd9dcadc,2026-09-28T11:21:27Z,confirmed,827.44,PEN,mobile
25a5fa50-e164-4e89-9330-de10315cdb04,13e476f1-9047-422c-9094-a31178666ffe,2026-08-25T17:23:12Z,rejected,1696.38,PEN,mobile
ac238fa9-a27e-4ba7-895e-d615793cb1af,f02747b3-0b61-4197-9d6b-fdfa1e7cc0d2,2026-09-02T12:46:40Z,confirmed,512.29,PEN,web
9f486ee4-ef72-43a4-bc82-95fe5e43c6bd,0bd34842-e1a2-47b8-90dd-2c6ecc293ec4,2026-07-23T10:07:15Z,confirmed,1687.32,PEN,mobile
1bc4f8b4-420c-458a-a114-507a2638b6a9,95399cf1-a86b-4353-b03c-aec2999e6d24,2026-07-29T13:04:52Z,confirmed,510.24,PEN,api
b989b17a-ae09-46e3-801a-7792b216533d,6b22ae26-71c1-4923-a4cd-a874fafda1e3,2026-07-23T14:27:23Z,cancelled,631.91,PEN,api
622e14ea-4f3e-4eba-88dd-fe7ffb2a3d39,8d6a21c6-be54-497c-a44d-3d22a082bf8e,2026-07-22T12:10:45Z,confirmed,1325.97,PEN,mobile
08d64b60-a2ee-4f08-abf8-09102a2b1134,f6007b28-2fbb-4233-89c5-f1a5e842b119,2026-08-05T17:33:14Z,cancelled,698.57,PEN,web
3b1c75b5-2506-494a-a9c3-36e13bf82fe1,e326bf87-8738-4a7c-842f-70cdd4deb567,2026-08-27T17:24:57Z,pending,2955.76,PEN,api
ae8e6e47-3ce9-4044-9582-accc0f988452,7689c687-0199-46c0-ac66-6fe61b037a1c,2026-08-20T18:02:58Z,confirmed,227.25,PEN,web
760f7223-b579-453c-a73f-9d33f9eda315,00aeb30f-6f07-487b-a226-b966ebdb72c1,2026-08-16T09:23:04Z,confirmed,2413.65,PEN,api
9a525130-b391-41f3-b35e-f7a9bbc31d9e,7ab0bd07-9e43-49c5-af68-6981d0def1ad,2026-09-02T09:44:20Z,pending,2706.4,PEN,mobile
fabebbbb-46e3-424e-abf4-f560b54c7175,882b16c3-c4db-4286-bf9e-571f4a37694b,2026-09-07T14:05:03Z,confirmed,3399.2,PEN,web
0c455a47-eb08-4a2a-99a9-0231f2715268,c43e660d-c32f-42fa-af05-6185e3d4bc3a,2026-09-11T09:56:58Z,confirmed,481.58,PEN,mobile
b778a14e-b156-4b38-9160-d7fc150cd3ee,5073b76d-9a40-4d4a-9383-e92bcd83d70b,2026-08-01T08:05:31Z,rejected,1912.5,PEN,mobile
22f3e60e-4af3-4a1f-9c72-5b0b0e867dd4,6da820d8-f09d-44df-bc55-710da59238d3,2026-09-21T12:20:46Z,cancelled,2205.82,PEN,api
6b856c82-507f-4479-a380-ce9e3448ac10,16ef4d1f-28a9-432c-94b8-51644ddc9eb1,2026-08-28T16:19:12Z,confirmed,1336.12,PEN,mobile
e8019ce1-5f6d-4695-978f-bae179db9468,0c98d880-c643-4eac-8e7d-178190077d64,2026-07-23T09:05:21Z,confirmed,1089.11,PEN,web
ec3e4061-0e30-4163-8a02-cffdee7fd6a6,08998e79-35db-40b5-baaf-7e5031421ffe,2026-08-07T14:55:52Z,confirmed,3652.98,PEN,api
6e17c0d8-f42b-4e02-b2b9-4369d476f774,4849f447-4cdf-43ea-8b17-d86c4bbb28e3,2026-08-24T09:56:23Z,confirmed,5431.98,PEN,mobile
1c49cf6c-dab5-4ea1-b817-702d097d0c12,67a4e065-b72b-4f3f-926c-8a43145ba361,2026-09-28T11:20:20Z,cancelled,6078.94,PEN,web
01ca43d2-3fca-45c4-b637-320838f5d75a,f43453d5-9613-4bb8-9f17-a8b917b1009d,2026-09-21T13:12:39Z,confirmed,1006.77,PEN,web
1f8a6464-e9d6-4a8f-b459-7ae82118f668,aa72f0d1-a74c-4c58-a130-9cefac813d82,2026-08-12T15:10:09Z,cancelled,1161.66,PEN,web
c6d4d8db-1434-4872-baa5-7521388086c5,6141214e-f7a0-49a3-bc70-d8e6eb8c5f86,2026-07-23T10:04:05Z,confirmed,4813.34,PEN,mobile
159b9c00-b849-4a4d-9996-53fdf34231c2,353fc2eb-208b-44a8-a044-5c6941cf5ca6,2026-09-14T17:29:38Z,pending,1812.77,PEN,web
7f0433ef-512e-4e76-80c9-cfeb1003f2b0,8cc988ee-01e8-447e-96fe-39aaa8ee442e,2026-08-02T09:36:05Z,rejected,541.2,PEN,web
d11ccbf5-f823-4780-b399-141644def62a,64859f31-170b-444e-a7f5-897a729460d1,2026-09-06T14:51:33Z,rejected,3856.18,PEN,mobile
3d06777e-e243-417a-848f-17879ddb5d10,5ee9c7fa-9a17-4554-9078-272d40c4828a,2026-09-20T09:29:03Z,confirmed,10371.98,PEN,mobile
50f137d7-4dee-41fe-81d9-d74a7319dc63,3e5fdb45-99b3-4bac-9f67-1a3e50d7bbeb,2026-07-24T11:13:22Z,rejected,5013.76,PEN,web
adfd690e-4afc-41ea-a52b-0810bc662c1a,217ac775-e8cd-4ff0-8064-76d28fecd732,2026-08-26T13:35:53Z,confirmed,756.23,PEN,web
9d570b8d-69f3-4478-911f-4de9cc92057b,a6b495f8-d8c9-4826-b737-5720ac871a4a,2026-07-24T17:20:24Z,pending,625.57,PEN,mobile
962d2459-949a-4b85-b90d-34c256ff0d3c,bcd51f6a-f39a-490a-a3b8-d3f8cce89550,2026-09-23T15:23:14Z,cancelled,3019.1,PEN,api
52b36211-37d1-4ee2-b244-9b53f9d63059,42d45561-d9f5-446d-affe-8634c8d634a2,2026-09-16T17:59:20Z,confirmed,294.78,PEN,web
15831a43-7216-4653-9e1d-ac3e0ec02bd5,0fcc2f09-2699-407e-bb9d-ba0fee77cd5a,2026-07-22T18:34:13Z,confirmed,446.24,PEN,mobile
43ecdc3a-76b5-4d45-986c-2c729919ca3b,df6648d9-4050-4445-93a7-cde3244c2f79,2026-08-30T09:23:52Z,rejected,985.73,PEN,api
ed9cd033-b4f9-479d-a50b-575d786d2ae9,f498a7ba-a490-42f5-9141-1ac5f03dde19,2026-08-28T14:22:14Z,confirmed,947.88,PEN,api
65412172-c5b5-4459-b7fc-f68a037a27fa,e3079dfe-e526-47bc-b634-ec12d0a8095d,2026-09-13T07:03:07Z,rejected,933.72,PEN,api
30e27564-6522-42b8-b1e3-852c8204ce72,398e134f-e97a-4f8d-b454-30680dc58180,2026-08-14T09:36:42Z,confirmed,17223.3,PEN,web
e8bd01c7-e997-451c-bbc6-a0eed0b4926d,f6f1327a-8657-4a5e-a82a-1136fabdf917,2026-08-20T17:30:15Z,confirmed,7542.04,PEN,api
0bc336fd-e909-4d77-8dbd-03ba04c6c37e,06367bc7-5240-48dc-b69e-e6601f501b3e,2026-07-27T18:54:48Z,confirmed,3176.33,PEN,mobile
1e819197-ec50-4cf1-96e8-7348311c32fa,7a6d0709-f364-4f3a-88b6-ab1b01b205f2,2026-08-08T14:57:03Z,confirmed,6581.39,PEN,mobile
550a5da9-ba7a-4d14-9c0b-b3bd4df9ae16,a34bafb9-1986-436d-bdbf-3dcb52b05158,2026-09-16T11:10:47Z,confirmed,5202.95,PEN,mobile
6e4e2da1-31cb-4217-9cff-1933773fa133,814627f8-970e-41c1-a650-f164c9e27850,2026-07-21T15:31:21Z,confirmed,1316.38,PEN,mobile
85552f8a-770b-43e5-9af5-49a9804b96a0,25f516de-6135-45a3-a792-d912db21a03a,2026-07-25T08:18:23Z,confirmed,5247.52,PEN,web
bef00f2b-9d5c-4223-9fd4-4b7e052ea8d3,e405e8b2-b78b-415d-a1e2-808a7889b09d,2026-09-17T12:46:30Z,confirmed,858.61,PEN,web
85fac4c1-1836-4a74-82aa-90b10f9e592e,d6c171c1-e02a-4aa6-99f7-8931f7597704,2026-09-16T09:37:30Z,confirmed,713.72,PEN,mobile
0d0d57c5-b6a5-4ea9-bd67-79f1ca94cab3,15a2582d-59cb-4b96-b07b-8dc33b1c08db,2026-07-21T15:49:47Z,confirmed,2919.93,PEN,api
79a20c07-2ea5-40cc-ae5f-2b4b16823214,a7f402cd-39f4-4dc3-a0f5-883415d6235f,2026-08-04T09:17:14Z,confirmed,2569.19,PEN,api
f7428850-3b84-4a2c-b5e4-345db634580a,2f2a234d-6854-4d98-b8da-3f1f9366fd4c,2026-08-17T10:25:44Z,confirmed,1986.34,PEN,mobile
229a1c2f-24dd-495c-8f9c-3babb027dc41,1c91da22-14ce-43ef-9b70-88858969fadb,2026-09-15T09:24:30Z,confirmed,6606.6,PEN,api
94812ec7-435c-4934-828b-7f65d0fed40c,0b3a5bd9-e352-4af5-8467-32ed1cb5dbca,2026-09-14T17:36:13Z,confirmed,1559.65,PEN,web
3c87c606-e967-430e-8771-5af2038dd61c,9f9c0621-b7a6-4d37-befb-0d326a80606f,2026-07-20T09:32:22Z,confirmed,3464.62,PEN,mobile
50f4f5a8-0855-4290-a963-7d6a688f581a,57dcc8bc-7bd9-49b4-bcf5-4929c5350ebb,2026-07-22T09:57:50Z,pending,5844.83,PEN,api
8ac9bf0b-6792-4bbc-9f6f-6f09f2bc0960,1eaac94b-a7bf-488e-9edf-1643a4126048,2026-07-18T06:16:45Z,confirmed,2281.82,PEN,web
e44b70ed-a7c1-4fc0-b971-48929770a809,00949d3b-f64c-4ca5-a64a-f6826ecf1389,2026-08-16T10:01:14Z,confirmed,377.39,PEN,web
7bc51b7e-e16e-4f68-ba6d-beccddc3a2b1,7735c7f0-3161-4e82-9db7-250631dbf561,2026-07-24T18:36:37Z,confirmed,3696.69,PEN,mobile
d729e3d2-399c-45cd-a0b9-d4f84fe4f56f,ef219736-aaa8-4a03-8680-242f036f97cc,2026-07-23T17:00:18Z,confirmed,667.93,PEN,web
d3fb5854-3fc4-4875-adc9-5e14603f666b,6c960fde-50fb-45c1-bef4-fff562bb76f7,2026-08-13T17:06:56Z,pending,1069.54,PEN,web
20e833dc-201d-467b-bfdf-5288aeeb77d9,c9c1a360-34ab-4aca-864c-cd56746b06cb,2026-08-30T10:42:36Z,confirmed,595.14,PEN,api
3fc43390-ae29-4b76-a9d6-a8cb3609e2ac,d26e3c25-fe5b-44bc-9956-a99d577eca87,2026-08-28T09:31:09Z,confirmed,2591.14,PEN,mobile
c99bad81-0455-44c2-8e30-db9569f5159f,b2da5aff-b473-492a-a95a-9114634417c9,2026-09-19T07:57:01Z,confirmed,3238.39,PEN,api
8ffc9faf-de07-4d82-99c1-6801e8ccd7e2,603edfb4-fa8b-413d-87a0-20746302a213,2026-07-30T11:42:23Z,confirmed,1219.84,PEN,mobile
c1c3152f-2ba7-46fe-a8fb-1165bd93bcf7,423a37fa-1901-4fa0-89b7-9687c281aca8,2026-09-04T13:04:57Z,confirmed,191.58,PEN,mobile
32397242-a3d2-4d9f-827a-afaeec0a8653,148e9296-155c-40ed-b9a1-2f3685b7eb82,2026-08-08T08:20:38Z,rejected,634.32,PEN,api
e8c2834c-9f30-4d41-a9ab-706e195493d3,fd173908-89d3-4fda-a34d-f805c2ff7347,2026-08-31T11:50:47Z,confirmed,7380.75,PEN,mobile
c475155d-ca05-4a15-8cb5-5052d5f81481,9602f8ce-7fd8-4f6b-8de0-ed03afd3f928,2026-09-18T16:19:40Z,confirmed,6301.05,PEN,web
1a4bed90-3c71-4322-935b-366abc67ea55,fba35db6-9b23-4d3e-893f-578b70526312,2026-09-21T12:00:43Z,confirmed,627.05,PEN,api
fd6ff0f5-bb27-4923-b16e-1c8a55c304e4,21c7a614-f229-4e2f-9e58-d12b04ab66db,2026-07-22T12:54:32Z,rejected,2292.06,PEN,api
aef7da8f-f7c4-4793-bc12-e94cb2b164e6,244a93da-ad86-49b8-88b7-6388c98a3e63,2026-09-15T11:27:51Z,pending,1919.69,PEN,web
11f4b1a8-2d75-4ffb-8665-0786b4889120,843d21a3-fbde-4d65-9bfd-a965fd95e01a,2026-08-27T15:17:13Z,confirmed,464.52,PEN,api
dafb39fd-5743-45d7-99dd-4a2fb923d794,ef233313-abaf-4f56-bd3f-617545caf25e,2026-09-29T10:00:29Z,confirmed,1041.26,PEN,mobile
904417d9-4b95-4f39-b66b-3f3e173307c2,df96c70f-5e07-4bbb-b51a-730d026bb361,2026-08-06T14:01:38Z,confirmed,2466.61,PEN,api
af5003a9-3eb3-41da-b7bf-2a9739e66400,8dfb0827-b10a-4537-839e-e231a7daab91,2026-07-26T08:19:22Z,rejected,1079.67,PEN,mobile
cf61b669-7e06-4c7e-b09e-305f8707f9dd,f00dbdc0-892d-4f0f-87a1-c122eb480b99,2026-07-29T10:10:23Z,confirmed,2731.37,PEN,mobile
46576807-cca3-41db-a24f-8dee0b524730,76926ba4-faae-4a89-b213-5c7db58f9b3c,2026-09-17T16:45:48Z,confirmed,4376.12,PEN,web
aed44ac3-6f55-4f47-8025-122f9f9fdda7,08114246-4b0f-4172-b3f1-859f1660aa76,2026-09-21T12:16:49Z,confirmed,2440.41,PEN,api
ffa8bcaf-daec-45d5-847b-9d0c12e755f6,834c7ded-8434-4bce-adf8-b1034df2bd4e,2026-07-19T07:32:15Z,confirmed,1238.98,PEN,api
bdd0bd69-ca24-489d-a06b-7287743966ef,3cd7051a-e18e-47b2-81a1-d8c5bfd31f66,2026-09-09T18:51:45Z,confirmed,2010.58,PEN,web
0dfcf1f2-8a8b-4d31-ab3c-e0ad9abbfb93,09419060-5986-493f-8cd8-ae90806edde9,2026-09-28T12:18:10Z,confirmed,288.57,PEN,api
73daa385-76ae-43a0-84e3-1dba115c7b5f,8d6a21c6-be54-497c-a44d-3d22a082bf8e,2026-08-07T12:08:53Z,confirmed,10988.76,PEN,api
4c285157-59fa-415d-aecc-c3f0234ceaac,feeb1eec-2c3d-4d16-b6d2-84561c7b8ac4,2026-09-20T06:48:34Z,confirmed,474.72,PEN,api
426cf336-f34d-4dd4-af92-a626faff0a1c,30de6d7d-e1d5-431a-a4f7-a4af8cdb1074,2026-08-20T09:39:17Z,confirmed,563.13,PEN,api
e884878b-719a-4a30-9cae-449e08f50282,25f21054-b954-4ddc-9792-d46a0565a03c,2026-09-11T09:23:02Z,confirmed,1093.36,PEN,mobile
407f609d-5463-47fe-8b2c-7d1006bbcab6,4b643087-acd0-4cf9-ad3b-318b11660d52,2026-08-05T12:46:43Z,rejected,1687.76,PEN,web
def98eaf-8afb-4043-baa9-ab853f2f2454,ad622294-f2b0-4d79-a5ab-4e0b778bca50,2026-08-21T17:42:16Z,rejected,301.56,PEN,web
35227b4c-5aa0-4ab3-9fbf-70d6f59a2efd,94e3bb75-5c58-4564-92f2-241295510f9f,2026-08-19T11:02:25Z,confirmed,1738.05,PEN,mobile
bb29ff2d-6a41-4fb2-9f39-e01dc9ea6335,e45be8ac-0ad1-4357-9d3c-9ab82dd99f97,2026-09-19T06:26:22Z,confirmed,3585.65,PEN,web
9cc53f7d-281c-49e7-be18-adf3714db817,2f2a234d-6854-4d98-b8da-3f1f9366fd4c,2026-08-02T07:24:02Z,shipped,575.72,PEN,web
04653751-9812-4359-866a-b9f83c1bfba4,715fa856-b1a2-4460-b29b-a25abaf1c17a,2026-08-30T10:01:37Z,confirmed,1473.59,PEN,mobile
a0d4e548-7383-4006-8330-f39caf95ba0c,7b1e0eda-a51c-4454-833c-f0c066970a7d,2026-09-30T09:48:10Z,confirmed,5522.36,PEN,mobile
5852f6b2-dc88-428d-baa1-3cae28e6940a,e541a716-9ff4-4821-ae23-fd645d7331b5,2026-08-03T17:27:23Z,confirmed,674.04,PEN,web
e902b944-82cf-4445-84c5-0c0f6eb0d6dd,ee13bfad-1cb4-4be7-88d1-45b16ff1552d,2026-09-16T18:43:02Z,pending,608.06,PEN,api
8fb692ef-597f-4b01-9868-100edfef1dfa,2024162c-8de7-438f-bf08-fb157e28ce74,2026-08-04T15:27:00Z,confirmed,1035.32,PEN,web
5446ee03-65d5-42c3-8409-7e0b0156ebf1,5dffb6b5-9448-472a-b188-e17e4ae0d624,2026-08-22T10:36:11Z,confirmed,1334.45,PEN,api
d33d11e0-8f6a-4ba5-9a72-2caf9174bfad,1a79a34b-9a49-4c0e-a6fd-74c7023794b3,2026-08-02T10:53:09Z,confirmed,337.02,PEN,mobile
7de1601e-7273-4c15-b751-78ae7946c8f2,4749a5ea-15ad-40da-acbb-5c0fcebbd86e,2026-09-15T18:03:07Z,confirmed,269.52,PEN,mobile
20413d03-0920-453b-8f92-c0c004554c11,6c960fde-50fb-45c1-bef4-fff562bb76f7,2026-09-15T14:52:12Z,rejected,6575.9,PEN,api
7720109a-1cc4-442e-b475-a187537b3127,745748b8-122a-4c2a-8884-958cf173e8ec,2026-08-23T13:58:11Z,confirmed,682.11,PEN,web
c9c85a1d-5939-45a7-b48c-204141a6fafb,0a88f0e9-5202-4f90-bd26-e0cfc9acda14,2026-09-08T11:07:26Z,pending,329,PEN,mobile
05aa4293-fa42-4659-aa94-5ad38fa8994c,561a23c7-5ae3-4bed-afbb-47c53a54dc1b,2026-07-22T17:01:31Z,pending,379.72,PEN,mobile
2cb6d02c-fb62-4511-950e-9927e3324b41,890cf578-beb1-4911-9b06-1f2454d59db4,2026-09-19T08:16:55Z,confirmed,,PEN,api
55f369d9-083f-47ff-941c-6ebcc59a28a1,3f2dcaff-0247-4dab-8f4d-883d378a92ef,2026-08-09T11:29:53Z,confirmed,952.4,PEN,web
0c469e38-4972-40af-8d09-3eb7ac1a26b5,b6764799-76bc-4639-bf19-49fa4244a08c,2026-08-21T13:11:21Z,pending,6925.23,PEN,mobile
a34b3223-87dd-446e-961b-58ef0bea7fe9,c202b659-a768-4897-bdf8-9ca61dcf23b6,2026-09-07T11:47:26Z,confirmed,5382.15,PEN,web
a5041089-56e3-4031-b618-a646cb579232,a09eb78a-46ec-4d7b-ab4e-611a4cbb7792,2026-07-25T10:14:23Z,confirmed,,PEN,api
5ebabe5e-a610-44ab-b8cb-87f2087653f2,a32503a5-bd37-4c8b-8f1e-7b2731124ea9,2026-08-13T10:48:57Z,confirmed,3250.99,PEN,web
5945fb6f-2926-4f60-a89b-9a9f753a9dca,d15780e0-aa55-4289-a4e4-cfb701e65d91,2026-09-10T11:45:27Z,cancelled,3082.56,PEN,api
1f055d60-be97-47c6-95bc-04d0e31a7cfd,244a93da-ad86-49b8-88b7-6388c98a3e63,2026-09-14T18:24:11Z,confirmed,3192.5,PEN,api
9d0f6ede-5d97-4101-812a-49839a5a8cc7,95399cf1-a86b-4353-b03c-aec2999e6d24,2026-09-08T09:17:07Z,confirmed,158.25,PEN,mobile
cfc9f6d8-4814-4510-932c-860d9084da10,5fc726fe-5bd4-43b0-bd60-cbe6574c6d13,2026-08-14T17:08:18Z,cancelled,2745.34,PEN,api
4a479419-8542-4f8b-a858-5228381c25fd,60222975-4e97-4214-bcb6-4421d3220e64,2026-08-05T09:15:12Z,confirmed,5347.88,PEN,web
bdedf1cb-f2be-475b-8038-4483ba40f912,f767d21e-30d7-48d9-9742-0e3777a4319c,2026-09-19T08:33:00Z,confirmed,5397.85,PEN,web
e4af89e0-f3d2-414f-8167-f514d7e0db68,9315533f-1b04-4025-843d-97dbb8e98669,2026-08-07T17:36:53Z,confirmed,2990.75,PEN,api
27f716ef-2040-435d-ba93-713b4710910c,f498a7ba-a490-42f5-9141-1ac5f03dde19,2026-09-12T09:22:59Z,confirmed,3768.1,PEN,mobile
764b210a-cc11-4d89-897b-3f19b9405449,1eaac94b-a7bf-488e-9edf-1643a4126048,2026-09-24T14:42:21Z,confirmed,4607.76,PEN,web
f066401d-d163-4eef-bf76-def2cf4c2866,c5b2ff22-c8e3-41cd-9b35-74ab85f53ad6,2026-08-26T12:26:12Z,confirmed,1400.03,PEN,api
f5703c3a-34a6-46b0-b330-6812491ddd79,ead6716f-fc7f-4314-8edd-43df8fe0f6d9,2026-09-12T06:00:41Z,cancelled,505.62,PEN,api
8c134b18-b59c-4fdc-a78d-d84e030dbe52,18077327-1f37-4ba8-903b-3ea3cd90b85e,2026-09-12T12:08:46Z,confirmed,4027.01,PEN,api
401907e6-a823-4c87-b37d-51c1c608a8c5,8b0c5e83-a777-46d0-85a8-f31ab818207d,2026-08-05T14:32:36Z,confirmed,134,PEN,web
5127cf4f-613a-4dc9-853c-5fc11c78cd2a,9d6f86fb-be53-4c53-a1dd-798d1a115c83,2026-09-17T16:05:07Z,confirmed,819.38,PEN,mobile
d3ba60d4-f080-4183-a4d7-58a14f09a13e,aaba8228-285b-4d15-a105-9b3ea8796b01,2026-07-25T07:29:43Z,confirmed,1759.11,PEN,api
e91b58f5-4c68-4bd6-896f-b98363c31348,3dc96785-6e1c-4d0e-9024-db3317b269b9,2026-08-08T13:34:35Z,confirmed,2501.64,PEN,mobile
b45bdd75-cd1d-4a63-9436-064b8fd79e80,acf41c21-51ab-44df-81d1-d138e80ad382,2026-09-16T18:56:47Z,confirmed,2352.39,PEN,mobile
27e1371a-832e-4899-92c5-0081834b14d0,3288c011-3674-43e2-9cf8-1797edd80857,2026-09-15T09:45:54Z,rejected,2644.91,PEN,mobile
eba49f2d-14fb-48af-bcf0-81276056a333,45473e32-93cf-45ac-859e-30c6db185b88,2026-07-31T14:26:21Z,pending,1596.91,PEN,api
e67c2bf1-b8ec-4a06-bbed-9fed0f8ed71b,7374b014-fd71-4139-bc39-5939d6894258,2026-08-10T15:59:04Z,confirmed,1025.12,PEN,web
d0f18c78-2e9c-4e2a-a9b2-5e1ecde753e6,7f87bcb3-dd93-498d-be22-1dc5543a49c8,2026-08-31T11:42:09Z,confirmed,1086.53,PEN,mobile
76837d9b-792b-4822-bb2b-47c4babf01c1,6e10d223-7e23-4c4e-a043-c9d40c62552d,2026-07-26T07:14:44Z,confirmed,934.89,PEN,mobile
c4732849-9227-44f3-b720-bdd4aae94638,1c8efa06-7447-4fd2-b96d-3a0af0611218,2026-09-16T16:53:26Z,rejected,2857.61,PEN,web
07c09a35-d544-4833-9dfe-1465d541ce1f,b06caa11-1142-4381-b47c-a276f5d78e78,2026-09-08T15:30:23Z,confirmed,2060.1,PEN,mobile
14828aa2-1f4b-4610-b00d-39f179a10d42,6521c20b-e0bc-4a39-b4b2-4ba4d0f0aa81,2026-08-28T09:06:13Z,confirmed,837.34,PEN,web
f5e8b9c2-5cc8-4750-a9bd-5b4d6f968eb6,cc44ce41-528d-4c79-a52a-c250f70387ef,2026-09-11T18:15:49Z,,3868.16,PEN,mobile
76a31907-c5e1-4d38-b2ec-a2f03fd54b24,27471e7f-9655-4f70-87b9-27ab5c16f4fa,2026-09-08T13:28:02Z,confirmed,3601.58,PEN,web
42b54bcc-4b66-4995-b240-bb959b78f38b,a7ca5db8-8977-40c4-bab7-7f75dbefba57,2026-07-23T11:59:07Z,confirmed,3067.53,PEN,api
60788fbf-fbe7-4132-b4ae-78f795ae81c8,80ca2f4d-d447-46b3-8819-df199e20a3d2,2026-08-28T13:22:05Z,confirmed,3733,PEN,mobile
b4c3ace1-f9ac-414c-be96-f1bda594312b,db45798d-59cd-427f-90f9-2b3ac6e81bd9,2026-08-10T12:43:02Z,confirmed,6925.23,PEN,api
7334092e-5b50-4705-82f2-af5279cffe13,dd9af231-6f80-4b1a-a94a-cb5ef1be244e,2026-08-01T06:40:49Z,rejected,2949.91,PEN,mobile
0b387dac-d992-41c2-817a-897640e7e4d5,40039c98-8535-45c4-b2ab-a0daf524fa7f,2026-09-05T09:52:40Z,confirmed,1216.48,PEN,web
bd8f8f6a-cd18-4320-b6ec-ba758c226788,9b1a0870-9c0a-471f-b401-69ddde89e52c,2026-09-28T11:10:58Z,confirmed,265.86,PEN,mobile
8342fd70-a2d6-4ec0-a894-6c541e18add0,538ce41e-cc3d-4201-a8f0-d9101b05c87c,2026-09-30T11:50:11Z,,2657.47,PEN,mobile
3bcadaf2-b167-4180-8e22-528d5afda2f3,6b9526c3-0cb9-4643-bf04-e9d1bc7bdc6c,2026-07-21T14:11:02Z,confirmed,7690.97,PEN,web
4c846487-ecce-4c83-9e70-20244fed481c,3dc96785-6e1c-4d0e-9024-db3317b269b9,2026-07-19T14:39:41Z,confirmed,4846.64,PEN,web
0096fdb3-8916-42fe-813e-a45d532e0c87,95271a20-c276-4954-a847-8ae96dbdd33d,2026-09-09T09:46:11Z,rejected,1598.79,PEN,api
d1fedf6f-63b0-4ece-b9ab-52af2f845037,023dffe1-7484-423e-9aba-df88016aaed1,2026-09-14T16:32:21Z,confirmed,10519,PEN,mobile
2995228f-c147-494d-ab3e-1e66c349efb3,16d2de38-8593-4310-8225-5ac603823e8a,2026-09-22T09:57:09Z,pending,349.88,PEN,web
76a4bd54-8bc3-4365-b69e-0644e226361c,830c7df5-6467-433b-bf47-4a58e0953621,2026-07-25T13:19:41Z,confirmed,748.9,PEN,web
3ffe4ab7-c86e-4134-821a-ea24651371a3,dd9af231-6f80-4b1a-a94a-cb5ef1be244e,2026-09-11T10:27:59Z,rejected,646.86,PEN,mobile
175e5fa4-031e-4a78-b0d7-fc11a6697b80,9dfe24d2-2c4d-42dd-bec9-eaba907236de,2026-07-26T10:00:44Z,rejected,2050.8,PEN,web
7d89c730-662f-4598-b38b-02bde664ab54,18dd6ea2-3bb5-406a-a206-e37bad7a908c,2026-08-30T12:23:33Z,confirmed,1088.67,PEN,web
02c81595-e499-4455-aaf4-1ab8b82a9b87,8a0786ac-09a0-4de2-82ce-faebace17e17,2026-08-21T15:18:10Z,rejected,1717.4,PEN,mobile
9a5a2ce7-d647-453e-884b-c85f6052777e,b8a81eb3-1ea6-40c9-b96d-486b0077e7cb,2026-08-08T10:26:19Z,confirmed,1441.99,PEN,mobile
09c81f91-c870-4bca-85ab-05bd535062b8,e562fbcf-ca2c-492c-98a5-6628db0702a7,2026-09-13T10:28:31Z,rejected,3087.16,PEN,api
52107db7-5d95-41ce-bfe9-c3779b0e9a2f,6b578e23-9d7d-4dd7-a59c-0ebc58244808,2026-08-02T15:29:48Z,confirmed,1364.86,PEN,mobile
37a3fb3d-28b6-4dc3-8e57-be5c115bb19e,958c498c-c61b-446d-85e1-9e24dafafff7,2026-08-15T15:23:34Z,rejected,923.4,PEN,mobile
fadac234-d1b1-44fd-8e6d-8ba096156c09,35e73eb1-39b1-4831-a8e0-1b63c6d6ae7a,2026-08-01T06:19:01Z,confirmed,4260.45,PEN,api
4113f8ac-416c-43e8-83cf-d8b68de0e78f,ef233313-abaf-4f56-bd3f-617545caf25e,2026-08-16T14:21:54Z,pending,4724.25,PEN,mobile
052d7983-c3c2-4918-8730-1f42ee6c2854,119c0741-0c2a-4ce0-b702-b7af7b2591a9,2026-07-19T10:40:45Z,pending,1238.98,PEN,mobile
dd29d15d-08e5-411c-b8fe-ec2015bbc8cf,5307ce7f-6c53-43dd-8b61-61108466c944,2026-08-13T10:16:50Z,confirmed,1262.16,PEN,web
47411489-638a-4aed-9fb8-6a6a1f70bb1e,b84387d7-7bc5-41db-a71a-160ca1bf9086,2026-09-08T14:45:09Z,confirmed,2715.53,PEN,mobile
377cf91e-cf4e-4e29-991a-26d9603cf519,d584c8a3-5316-4a31-9fe3-a81393b81785,2026-07-22T18:56:49Z,confirmed,1233.3,PEN,api
a720f371-b10f-48b7-8f47-5909504a9acf,c6a7bd70-ef0f-4fc1-9ed5-758c4e46b8e9,2026-08-09T15:27:17Z,confirmed,1204.35,PEN,web
c0d3ec0d-06ca-4e13-af41-0fe7e616a09a,49a6c247-17d5-4fda-8bfe-79444a5becb6,2026-09-27T08:31:17Z,confirmed,2067.32,PEN,api
e871cb2a-fe93-45d5-89ca-4de163e51845,75e5eeb5-3052-4155-a21f-b59b14e86786,2026-08-30T14:38:05Z,shipped,5378.31,PEN,api
50be7d39-b9f4-4637-992d-8106ed8831b4,16bd2eac-d54f-4129-a8b3-2acb27b3a3b9,2026-07-30T18:04:11Z,pending,275.39,PEN,mobile
782f259d-271f-4a1f-89a4-1e8b02304dbc,0b235f07-361b-4a70-a601-abd74d5a59be,2026-08-06T13:03:33Z,cancelled,207.88,PEN,mobile
ca4836db-a1b8-48c1-81fc-17a2240ebc05,eb475e2c-c730-42fe-b890-74894d135629,2026-09-24T15:48:35Z,pending,3125.66,PEN,api
ee7d08ed-0fe6-455b-842b-dd1de236b260,e5e6592b-251f-43d5-aa20-a12aeb586076,2026-09-23T15:23:19Z,confirmed,1017.86,PEN,web
55a16d67-3239-47a7-b766-e9d72bdd1d36,5b9d58a3-95c2-434e-b63c-d3bd19ee2243,2026-07-18T08:02:14Z,confirmed,4812.57,PEN,api
88788eb1-8973-4df5-bf5c-a0481c8b29fd,28c0d5c4-145b-4caa-99c3-0c38d8bc69e3,2026-09-10T16:14:58Z,pending,2334.05,PEN,mobile
9860daae-c1a1-498d-9120-5c3da9eef06b,a5376b6f-5b26-4a3b-a42c-918b28bca1f4,2026-09-06T07:24:09Z,confirmed,3295.83,PEN,api
6f74fe51-1667-4c32-b568-0583f82ddad3,5e486750-d4a1-4e2d-ac24-955d8fff8421,2026-08-13T16:01:06Z,,2985.78,PEN,api
a85ca0a6-d305-421b-8cfe-14ad41a5557b,99dfe542-7a8a-44f5-88f1-93b0386fb87c,2026-08-27T17:31:00Z,confirmed,769.53,PEN,api
eb93e6c5-a2de-4020-a1af-7262e1ace9c2,358c8562-4cb2-4e67-af94-8e1596377d84,2026-07-23T11:33:43Z,confirmed,2939.17,PEN,web
8c52d8ea-3a12-468c-b011-2c8dc150f526,8cc988ee-01e8-447e-96fe-39aaa8ee442e,2026-08-16T11:19:12Z,pending,1659.56,PEN,api
653369f6-b909-450a-b263-d88402406947,92edc5e9-96bd-49d2-a9e0-a71602b21d3a,2026-08-31T09:01:15Z,confirmed,1302.58,PEN,web
737a9649-0a7c-4364-85f3-e135071a8cdd,2caeb02f-23a5-4527-915c-7a11018d1f6b,2026-09-10T13:28:49Z,confirmed,1463.98,PEN,api
8bba3169-6474-455f-8fe0-10e3ba302078,a6cc9a6d-b48c-476d-aa4e-bae7cd4856cf,2026-09-01T12:32:38Z,confirmed,3049.27,PEN,api
f1c83f90-17ae-4dfe-915c-7cfbaf439037,fdbabfe6-f3f8-48a9-b94d-00590a5fac2f,2026-09-06T15:54:03Z,confirmed,920.54,PEN,web
bfad0f72-a5c7-45be-a191-d7ffa531ec19,e155552a-01dc-4f97-8709-00fe49d0d71a,2026-09-01T15:35:51Z,confirmed,3100,PEN,web
8be25718-94d4-4a89-b89e-394a46ecdccf,01f541be-1f2b-4617-8c9c-aa5c439164e6,2026-09-14T16:53:30Z,confirmed,902.7,PEN,api
517ce26f-4fff-4946-a859-6a0ce75aac49,09419060-5986-493f-8cd8-ae90806edde9,2026-07-31T11:28:52Z,confirmed,2379.79,PEN,mobile
d7dd4bbd-c167-4039-8df5-8f24b4c1003c,507dcf83-d774-4bbf-8c41-cff361cec025,2026-09-02T16:09:18Z,confirmed,960.75,PEN,web
69530f5c-b592-4f6b-94cf-1e66a44e6daf,3f2dcaff-0247-4dab-8f4d-883d378a92ef,2026-09-25T16:46:09Z,confirmed,2424.63,PEN,web
7765a57c-14f2-4c74-9049-9fe3c8084bfe,a7e84bf7-ab00-4aeb-b9b0-1b96f1e4b245,2026-09-10T15:56:24Z,confirmed,4846.47,PEN,mobile
c3d3d90f-3de0-4c74-8b75-c68f7f463905,fa1aaf88-5801-46e0-bfdc-045093e7a76b,2026-09-23T13:28:10Z,confirmed,116.02,PEN,api
b48dc0f2-65f1-4818-936f-bd30290a4c32,91fdd06c-3cbb-441d-9e73-607638a72d9c,2026-07-28T09:03:20Z,cancelled,7202.08,PEN,web
ebd83e5e-5a0f-48d3-87e2-9874e73af52f,0ab99bdf-113b-40d5-9e84-bdc1af29c476,2026-07-18T15:05:28Z,pending,2672.25,PEN,api
929de9ad-20ad-4aaa-803a-8e77df3f4467,8cc988ee-01e8-447e-96fe-39aaa8ee442e,2026-09-04T11:40:26Z,confirmed,1705.93,PEN,api
2b7b292b-6a96-4e95-9911-b1327af2ac61,9eb9ed31-75f3-4717-811e-857a38b3fff8,2026-09-24T15:03:41Z,confirmed,1702.04,PEN,web
8c0148bb-b03d-4d88-b8ed-fe04b7a98d4f,6ff8902b-9237-401b-9be7-ec93141df1f5,2026-09-27T15:59:16Z,confirmed,100.52,PEN,mobile
1a6ff97c-86fe-4024-8f34-b27e349e76ef,dbd09dd7-5e26-4786-96bf-d6adfe5468f6,2026-08-13T17:51:14Z,confirmed,1796.56,PEN,api
6fa7c5e9-bdbd-4763-b41d-5477d32b3165,b24525fa-0862-4597-af4f-0aa6ec2cc680,2026-08-31T14:07:57Z,confirmed,1587.04,PEN,web
a5c087d5-06fb-4a25-954b-dd87bf2471ba,be2cc938-34ef-49b0-ac41-c8219929c599,2026-09-02T18:41:35Z,,6142.37,PEN,web
74b5d7a2-57b4-49ff-81bc-d620d5f70ddb,656140a7-51ae-4e1e-ad91-bc12bc977022,2026-07-28T13:50:09Z,pending,1557.14,PEN,mobile
ac59f625-4f00-4f41-a204-ba137fe325b7,568e0848-4154-4c33-936a-9c1f21f9fa6b,2026-08-28T11:23:45Z,confirmed,608.06,PEN,web
3c56719e-a861-4b62-b4fe-264a3c4c96dc,e3aeb3fe-f7e7-40da-926c-b2794b58a071,2026-09-18T09:50:15Z,confirmed,6367.93,PEN,mobile
a519e8b0-fdbb-44b4-8f3a-574119801cb6,e70bbc55-d2be-4047-8a60-ba84ad22c3ee,2026-08-13T17:59:07Z,confirmed,2129.78,PEN,web
bb783a79-149b-4e5f-9105-e8a329773e12,6b22ae26-71c1-4923-a4cd-a874fafda1e3,2026-07-27T11:28:19Z,confirmed,3073.01,PEN,web
c45752ed-2783-4e34-92fe-5d92cb3d430e,c9c1a360-34ab-4aca-864c-cd56746b06cb,2026-09-12T13:31:18Z,rejected,143.6,PEN,mobile
a88507d6-0cfa-4705-9101-e925483c7dc5,66450343-b390-4a91-ac38-41e26bc6c8e1,2026-08-24T15:14:36Z,rejected,173.58,PEN,mobile
e0dfd6e1-407f-4226-a26f-8d7d4540d3f7,5a34b964-1666-4125-9289-ea12d1f6c053,2026-08-10T09:19:57Z,,4266.71,PEN,api
495c794e-fff8-4ef1-bcb6-2fe7a74b03a6,bb275612-b3bb-4efd-8d8c-edf6e6ddf7f7,2026-09-12T15:36:47Z,confirmed,3523.72,PEN,web
5351e592-2d6b-45d8-b75f-4f765d6a145b,eee67a24-7086-41f2-956e-412ad7220ac9,2026-08-30T07:34:26Z,rejected,5727.18,PEN,mobile
c69bed1b-5dc1-4868-bcde-ba75722965ed,9b1a0870-9c0a-471f-b401-69ddde89e52c,2026-07-21T13:46:21Z,confirmed,1703.62,PEN,web
aeb15ad6-cf3b-45c8-97ce-7bb6af5a5b56,94e3bb75-5c58-4564-92f2-241295510f9f,2026-09-02T11:19:01Z,confirmed,870.68,PEN,web
21c093e9-37a3-4b25-a78c-f9d70cc12f15,00949d3b-f64c-4ca5-a64a-f6826ecf1389,2026-09-23T10:14:06Z,confirmed,499.56,PEN,web
d5b298e7-1a49-4ad6-b154-7107c1ce8c40,0321ff9a-a7ed-4404-9b35-1f5d793c4c91,2026-08-25T18:21:52Z,cancelled,1545.52,PEN,api
504589cc-befd-4b4b-ba9c-ab5f20a1a177,ce03a5e1-0cbb-4941-819e-7dbd09f14c22,2026-08-19T12:45:40Z,cancelled,10630.56,PEN,web
bd4f6f73-0eea-49ea-a1e4-8b08b2f95fc8,055b24e8-00f9-45be-959b-05332c292040,2026-08-23T10:02:42Z,pending,788.22,PEN,mobile
03075d3b-d2f5-496b-b6ca-668a318f63cd,556515ae-6089-45e2-9795-010fb67778f7,2026-09-02T09:26:05Z,rejected,2446.5,PEN,web
dcb295e1-9e7d-4721-80d9-b94c08adc258,fd166f9d-7f71-4a47-9403-5e9ecee2da3f,2026-08-11T10:03:24Z,confirmed,7437.23,PEN,web
030c440a-db4a-4f67-8ff9-208a2722cef7,a79818e2-4500-4c92-93dd-5c23aab23d4b,2026-07-27T16:37:47Z,cancelled,2567.91,PEN,api
1f7b049f-5d1c-43be-a2a9-d22823c58647,1a5dc441-b2c3-49d1-9ae5-de85bff80383,2026-08-19T10:47:23Z,confirmed,1534.9,PEN,web
82f599bf-f71b-4b69-b5a9-0e104c8506b7,d22d0234-a671-4601-baee-6e37e670886a,2026-09-15T15:18:49Z,confirmed,841.2,PEN,api
ee023a2b-4213-481b-99ac-bed7d31a9a49,0b3a5bd9-e352-4af5-8467-32ed1cb5dbca,2026-09-01T09:13:16Z,confirmed,1534.05,PEN,web
dfebac44-4b94-4e60-88ee-4492cd6c08c8,834c7ded-8434-4bce-adf8-b1034df2bd4e,2026-08-29T10:32:47Z,confirmed,2921.4,PEN,web
0fefafe3-a7e0-40cf-9005-735493bb80d5,45473e32-93cf-45ac-859e-30c6db185b88,2026-07-25T12:51:04Z,confirmed,368.5,PEN,web
3b37c207-0100-4b14-8ee1-eb1b5d271f30,1b321311-2d86-46c1-9871-3c85a416712a,2026-08-15T08:48:02Z,confirmed,209.41,PEN,api
e9cd9965-96de-400b-9fe2-af75bb15fc6d,13e476f1-9047-422c-9094-a31178666ffe,2026-08-10T11:13:08Z,cancelled,2898.28,PEN,mobile
2560d45e-d7bb-4234-aeec-280ae23575f5,4ef94ee4-2c04-420f-a961-79b86b9db999,2026-07-23T14:22:18Z,pending,4517.58,PEN,api
0a8cee76-69d5-4ffe-b1e8-aeff0049e330,b8229628-4101-4c68-a34a-5d8da06e0b15,2026-07-21T11:35:58Z,pending,3461.08,PEN,mobile
006fbb53-21c7-4bcd-a750-056b902a676d,fd173908-89d3-4fda-a34d-f805c2ff7347,2026-07-30T14:50:38Z,confirmed,4808.25,PEN,web
120c8c58-12bc-45de-94a1-19045a181492,fe835a94-bf06-4b18-a6bc-ee6fd65a1f78,2026-07-21T16:19:14Z,confirmed,972.24,PEN,web
facee6a6-5a90-4324-b448-caf0b2f64ffe,815b96fb-b5c4-4a3a-8dab-8a336d8a6a68,2026-09-06T14:00:53Z,confirmed,1169.59,PEN,mobile
6d2a6868-fa14-45fb-8c69-cae91959ed1b,8c596c04-1a09-4952-939e-ae3048d1c8fb,2026-07-30T14:15:30Z,cancelled,443.29,PEN,api
9970bb9c-9303-479b-8ac2-758d1a8af464,6ccf67e9-a492-4e00-b91c-4dd1ad4f0257,2026-08-10T10:05:27Z,confirmed,446.24,PEN,mobile
157a4468-6c63-4c51-aae8-e93627064d73,2425308f-347f-4b05-8673-2e018da0c135,2026-08-08T15:55:05Z,confirmed,7244.25,PEN,api
5bf85c2e-07b1-4a49-82e6-66c19ef0a3de,a55d2ad0-cdd7-4b2b-8b1e-b14b1f54c441,2026-08-07T10:54:28Z,confirmed,737.34,PEN,api
1e210931-feaa-4aae-8750-59693164c5b1,47ffc40c-73ae-478b-a72d-1af626e1b4de,2026-08-04T18:41:37Z,confirmed,3990.47,PEN,mobile
8453b2c5-016f-4882-b37b-1e45c848e3da,023dffe1-7484-423e-9aba-df88016aaed1,2026-08-12T14:43:37Z,pending,8471.92,PEN,mobile
634cdeaf-aff5-432d-95c6-10896a9dd845,d509ccc0-f24c-4b54-a1fd-fe55492cdc6b,2026-09-01T17:47:49Z,confirmed,1721.41,PEN,web
db8729cf-45b7-47c0-9430-e56889034503,210a4171-d1e1-4eef-8ee4-66c44aae869a,2026-08-21T15:21:57Z,rejected,150.68,PEN,api
77ec40e9-a1eb-42d2-a0f7-52c722434359,3fa4be75-78ee-4deb-b0e4-a4f7735e9b14,2026-09-11T17:32:39Z,pending,3053.6,PEN,web
6f9c6282-c2fc-4be3-b366-682ffd563bfd,dda91f70-e4e5-4090-9aa5-4b12f7becfaa,2026-08-02T08:19:45Z,confirmed,577.36,PEN,api
360f74f5-153b-4fce-99be-68edaa9efee5,745748b8-122a-4c2a-8884-958cf173e8ec,2026-09-02T11:42:04Z,confirmed,3148.81,PEN,api
9e6ec0f3-ed63-40c1-bf09-4c649bf673dc,148e9296-155c-40ed-b9a1-2f3685b7eb82,2026-08-28T18:06:55Z,shipped,7610.48,PEN,mobile
d323543e-5a7b-4516-b718-8c3bb1cdeed0,21316472-2119-40d8-9097-a661fe2c270f,2026-09-08T16:19:41Z,cancelled,5613.86,PEN,web
9c835a02-0e11-473e-98a4-3cf45cf9cb42,ceb37e68-1465-414b-8d42-6d20def61054,2026-09-17T14:25:12Z,cancelled,4678.63,PEN,mobile
d571bacf-3ba4-4a99-94aa-f75e04ebe46b,5073b76d-9a40-4d4a-9383-e92bcd83d70b,2026-09-15T10:10:40Z,pending,935.62,PEN,web
83f747ce-93c7-4254-8ea4-0d1c9d26fffd,ce904708-ba06-41bf-bc0d-613b7023bc69,2026-08-02T12:21:09Z,confirmed,392.64,PEN,web
a34b7507-d468-4cb7-a69f-52478c732303,b48ba0ae-c816-4dde-9a3c-fb94d809950a,2026-08-06T10:49:40Z,confirmed,569.58,PEN,api
9331ff21-4a7c-4c45-a7b6-6af0c210a7aa,52f95753-baa8-4e23-ab91-8287a6bfe8ee,2026-08-03T17:50:44Z,pending,1104.66,PEN,api
c2947532-6752-4beb-ad3d-b608cad41134,89d5bd54-34c5-403f-a6b4-b024fd439a0d,2026-08-08T10:26:16Z,confirmed,2671.89,PEN,api
e2d4a345-6144-44fe-b621-e094eefad341,3c892611-1e39-4461-b585-80557952d0cd,2026-08-12T12:19:58Z,confirmed,1527.5,PEN,web
69610d2b-7d98-4df9-be64-b9af15201235,b2be9157-e292-4356-b75d-31cec7ad1822,2026-09-15T15:11:05Z,confirmed,3975.5,PEN,api
b23c27e5-6794-4ba0-86e9-02351a1dc9ac,695b3b12-4475-4522-b18a-1aa4bd36303f,2026-09-24T16:38:54Z,confirmed,964.62,PEN,mobile
2fed6ab9-8aad-4d5c-b8e5-d36788fece33,8eb2ae34-b7bf-4544-80ed-a388f8b402b8,2026-09-22T12:35:09Z,confirmed,7780.85,PEN,web
a22d3406-72f0-4124-8aea-3e4a94b96312,e3aeb3fe-f7e7-40da-926c-b2794b58a071,2026-08-09T06:02:58Z,confirmed,2499.77,PEN,mobile
04f24bbc-47bc-4153-8f74-45d40690211e,b1de999d-c219-48fd-b971-8fd2801374f4,2026-08-15T13:48:57Z,,2249.76,PEN,web
ffe2f234-4050-48c3-b0f2-c80b2aedea82,ef8506d5-a65f-4dda-b260-94d933d0e961,2026-08-20T18:13:26Z,confirmed,1300.24,PEN,api
a2390564-867b-42d4-b26c-4d0ed7023a78,acf4e046-98b8-47d8-b01a-f2e0601571b1,2026-08-23T14:14:30Z,confirmed,3305.07,PEN,api
28d3e845-8141-408a-aac1-375ca0dcee48,9308ede6-3016-4e5f-902c-6fb90cb758de,2026-09-28T14:30:42Z,confirmed,266.92,PEN,mobile
dcf112be-9960-47df-8922-3c29f82be509,95271a20-c276-4954-a847-8ae96dbdd33d,2026-09-07T17:42:39Z,confirmed,2026.36,PEN,api
36dd5878-e7a9-4502-9f1a-1089935faabb,54cde2fe-c5c7-49ea-992e-e0102d57cea7,2026-08-29T13:16:20Z,confirmed,7695.23,PEN,api
9a000d3d-e2d9-40f5-935e-cfc625526431,63587e5b-90e3-4738-a2a5-1a258f44baf0,2026-07-21T13:43:50Z,confirmed,5036.72,PEN,web
c888661c-4b1f-48a4-8300-eb87530553a4,e328a513-a749-4476-8fed-814c53aaa5ae,2026-09-02T11:00:38Z,confirmed,2415.44,PEN,api
424433ed-fb96-4260-a13d-9096be558a8f,461609d7-d1c6-4957-a2df-dfbf48baca05,2026-07-25T11:56:11Z,confirmed,612.74,PEN,api
dc226eef-ef35-4c1d-9bf5-7cb7a9f5b823,b1adad27-311a-4820-b200-de6892f20643,2026-07-30T09:05:00Z,pending,3360.82,PEN,api
4bfd4ba6-df6c-439a-8e32-4d2cf52626a1,499f2fe4-499e-46a4-8ea2-5226f981ef12,2026-09-14T14:04:06Z,confirmed,549.42,PEN,web
63e8f135-984d-4257-85cb-ac33006b1974,efcf5f3f-7fa9-4758-81d1-6e79cc303f87,2026-09-12T08:01:34Z,confirmed,8562.96,PEN,mobile
f9fc12bb-fa04-4875-b612-47a6d6a43405,35cea61a-cc63-4bc8-9512-4795cd9d0b0f,2026-09-20T08:29:09Z,pending,2742.07,PEN,mobile
78758b24-42e8-4a95-8699-cffd2d51828e,22bcf022-34d8-4f1c-8a79-0f9f5fae4c93,2026-08-04T11:39:25Z,confirmed,1278.18,PEN,mobile
e9d7fa47-4771-4b4a-9d53-a3c80f9ce012,6b827b53-eda9-4d4c-ac5b-42bf79928864,2026-09-15T18:12:56Z,confirmed,759.44,PEN,web
8677efb0-d043-4bd5-9a56-1672b10dc87f,22bcf022-34d8-4f1c-8a79-0f9f5fae4c93,2026-08-13T11:17:43Z,confirmed,5040.77,PEN,api
7f99dff6-5076-47b9-896f-6cae280dadea,d14b887b-79f4-46bc-ad84-3d5e544a77d8,2026-09-08T17:45:52Z,confirmed,1033.66,PEN,mobile
6e341c95-4545-41d2-92e2-c2ae1c355219,dda91f70-e4e5-4090-9aa5-4b12f7becfaa,2026-08-21T16:15:20Z,cancelled,269.52,PEN,api
b8d5288b-9cf6-4c3a-8d82-e141ddef89d2,7558f1a2-f896-48e1-8105-1fbbeee28d33,2026-09-06T14:18:40Z,confirmed,4990.68,PEN,api
bc993ba9-ef11-41a4-9073-ae6d4ac2507a,33bdbf4d-e14c-4ff8-bc3c-c0f55f373892,2026-08-31T11:58:40Z,pending,405.52,PEN,api
b1bf4c94-1716-4454-ad25-3e37334efbc1,7689c687-0199-46c0-ac66-6fe61b037a1c,2026-07-25T07:49:56Z,confirmed,342.4,PEN,mobile
9b4e027d-908c-4e4a-99f7-9738932142d5,1b7a3e86-d1cd-45f4-a8ed-b9b4c510aaf8,2026-09-15T17:20:04Z,confirmed,842.58,PEN,mobile
15542c6b-fcc3-46fe-bf12-d1b1394e6ae4,6b2ff8bb-d5cb-4f80-8702-c6c672048586,2026-07-26T09:51:51Z,rejected,1687.89,PEN,web
50920073-e87c-4098-84e1-9b003d1a0a09,e0042dc2-c04d-4bdc-b17b-e0a3e25311dd,2026-09-28T09:25:07Z,confirmed,1992.31,PEN,web
debf54cc-eb7c-4277-b394-7be00fc31e08,4fcc29d8-4cdc-4b7c-b010-e57f74eb546f,2026-08-27T12:23:03Z,confirmed,1581.96,PEN,web
c5b653dc-dc1a-4c65-97a6-f25813f0fd70,cea69192-4869-4227-b9d6-a5a0ae413e91,2026-07-28T14:08:28Z,confirmed,791.49,PEN,web
2c38668f-6784-4892-86c4-25f858d94388,b23630ac-8203-48b6-b534-c6e1897ee209,2026-07-22T13:25:58Z,confirmed,12260.95,PEN,api
5833a9cf-e2f9-4cae-b29a-c7c1f00c4089,8b3dc529-2400-4fd3-b7df-c08128dc7f7d,2026-08-25T10:36:37Z,confirmed,2473.37,PEN,web
2ad84e00-1147-4f67-8063-a5938b031014,00949d3b-f64c-4ca5-a64a-f6826ecf1389,2026-08-03T10:51:21Z,confirmed,124.48,PEN,web
b5f75098-df12-416a-854b-38f33fdb2220,2c49c42f-a2c9-4f65-aecc-3a8d2124737b,2026-08-26T09:21:23Z,confirmed,1774.24,PEN,mobile
a16e1b31-5274-404c-9fad-0a40495217cc,e5382346-7ec8-45f4-8a80-9085da0bb732,2026-08-25T11:15:24Z,confirmed,542.83,PEN,api
24bd2af9-45d7-4367-8b34-52d66cfff2e8,3dfa9bb1-35c3-4f28-bede-eaf304bd5f25,2026-09-07T09:40:14Z,pending,2455.72,PEN,web
cd3609ed-8006-49e6-a4c5-b6318cba7da3,6e10d223-7e23-4c4e-a043-c9d40c62552d,2026-08-20T15:12:38Z,confirmed,1668.32,PEN,mobile
1fc71c4b-8706-4834-8c2f-d659faa802bd,9f9c0621-b7a6-4d37-befb-0d326a80606f,2026-09-12T09:49:57Z,confirmed,1714.34,PEN,api
c4ec47c0-5a96-4e8f-994e-5e830144e91f,b8a919a0-8e4d-4174-8cc3-9a3ad16cfddf,2026-08-20T17:07:08Z,confirmed,2507.39,PEN,mobile
0a97bc1b-28ee-489a-82bb-f2b73d311688,507dcf83-d774-4bbf-8c41-cff361cec025,2026-09-29T12:52:11Z,confirmed,1376.28,PEN,api
4b9ecf6d-c284-4307-87e7-29ada3c2b5ef,f498a7ba-a490-42f5-9141-1ac5f03dde19,2026-08-11T10:59:31Z,confirmed,5836.45,PEN,mobile
e614917b-4d8b-4b4f-a015-1712c4b86a0e,33f1e1ab-8ef3-4e05-a7d1-17e4eac32343,2026-08-03T12:05:23Z,rejected,4844.56,PEN,api
8ceba01d-1e1d-4c39-93a9-4eaaf05394df,21316472-2119-40d8-9097-a661fe2c270f,2026-09-10T14:33:10Z,confirmed,196.52,PEN,mobile
05c5690d-a15b-48b6-9c94-c83e84f7063b,44b866a3-cd26-41db-b178-482a4dcdb397,2026-09-08T18:05:13Z,confirmed,918.71,PEN,mobile
140a917a-fef1-4612-9012-cb506947b2ba,3e5fdb45-99b3-4bac-9f67-1a3e50d7bbeb,2026-07-18T12:57:39Z,confirmed,750.41,PEN,api
f6bfa1ae-54aa-4180-9854-a5518a1643aa,54cde2fe-c5c7-49ea-992e-e0102d57cea7,2026-09-09T12:43:01Z,confirmed,2158.59,PEN,api
dd9945c0-3200-4429-8928-291d8c2755b2,4a67ea1f-75fc-4716-a28d-e9f79dd91fbe,2026-09-05T14:29:57Z,confirmed,595.67,PEN,api
f4c7d1e8-9a88-4322-9242-f55c4accdd31,387e4c9d-e32a-4bc0-98d5-131425739778,2026-09-10T16:36:23Z,pending,1631.1,PEN,web
01972697-8ef7-4e83-9244-406f1458c0ce,e8d54ae7-208f-47bb-a52f-14296a9c22d7,2026-09-14T10:46:38Z,confirmed,2244.59,PEN,web
efe99e22-ddb9-432b-ab47-022df686ebca,08114246-4b0f-4172-b3f1-859f1660aa76,2026-07-26T11:01:10Z,rejected,7579.71,PEN,mobile
e0c45f68-8d9b-4f31-9e61-8da04663d993,6a1451c1-74ac-4a46-add8-11636191528b,2026-08-26T09:05:20Z,confirmed,4068.19,PEN,api
75f6fc33-2a27-48c0-8283-68f7405a049f,f02747b3-0b61-4197-9d6b-fdfa1e7cc0d2,2026-09-29T13:23:04Z,confirmed,3563.34,PEN,mobile
aec81b10-785e-4a77-abad-d06b19400f7c,e5943231-577d-4616-b03d-354583ea8282,2026-09-04T14:21:43Z,shipped,5902.11,PEN,web
3ed27f09-8aa3-4767-b5f8-65145d72a2be,88f05240-7b15-4c96-b929-9ebbda883d61,2026-08-28T18:52:17Z,confirmed,212.66,PEN,web
b310e1b2-d06d-4772-bd48-06c0772b345a,c2cba4c7-5d38-4c9c-a9ae-d2ed60f69d07,2026-08-20T18:44:27Z,confirmed,227.25,PEN,mobile
06f5b000-7f42-41b4-a87e-a7f0e5bbe771,6575bc9f-3158-4585-90a2-7aedff28c43d,2026-08-20T18:35:25Z,confirmed,1041.58,PEN,mobile
8162cd3d-662e-4df8-b9eb-a46a1f253d8b,20463886-05ca-406b-8663-923fe6665022,2026-09-28T17:06:06Z,pending,6606.6,PEN,api
d9e10a5f-9d11-4b0b-be90-933e68c4dad0,9d4dd53c-665f-4298-915d-9f28e33a2afc,2026-09-24T14:00:58Z,rejected,1050.45,PEN,api
56694ae1-713d-4339-a5b0-623d7962b4ee,65e0a8b3-9d39-45b3-8648-719e32d54146,2026-09-03T17:40:56Z,confirmed,525.11,PEN,web
1ccbdd4b-16d7-473b-9ff9-ed1701b60c34,538ce41e-cc3d-4201-a8f0-d9101b05c87c,2026-09-27T09:37:20Z,confirmed,3126.74,PEN,api
36cd7f88-d5d5-4a00-b2c9-21774221178a,90ca32ad-0623-47d6-828e-b91d7d888878,2026-08-12T14:14:12Z,confirmed,637.2,PEN,api
83682188-f133-4098-b2b7-d1770fcca308,044ba6aa-69a4-4ef5-ba85-810c49298754,2026-07-25T13:10:40Z,confirmed,825.43,PEN,web
6e460273-2f3c-4fa6-be8d-e492297789ab,6b352090-9266-4ddf-96d4-6b2177d83e28,2026-07-31T17:02:56Z,confirmed,1855.43,PEN,web
e461470e-a028-41b0-b2ae-09b20b3a3aaf,73fe410c-7466-4d96-8f06-67a2e4c5a86a,2026-08-20T13:44:04Z,cancelled,658.82,PEN,web
389a41ea-4b57-4440-bfe3-a1af589c7806,92edc5e9-96bd-49d2-a9e0-a71602b21d3a,2026-09-08T16:55:12Z,confirmed,3962.07,PEN,web
6c86efa8-e6e8-4872-9318-fadf13efa71a,43715b0d-54d9-49b3-ae39-50aedec5af54,2026-07-30T10:42:24Z,cancelled,3039.24,PEN,mobile
2312df73-1bf9-4b2c-8df5-2f254b553477,28c0d5c4-145b-4caa-99c3-0c38d8bc69e3,2026-08-29T09:33:21Z,confirmed,5752.76,PEN,web
4b4909ed-eb50-491e-b1e0-83bde4ae5b23,57b74fa6-eb77-42d9-b60d-5aab4ebd023e,2026-08-28T11:15:29Z,pending,57.1,PEN,mobile
780d73b0-804e-45fc-b5be-5181365fd9b4,117d0042-dff4-48f2-bac2-21c3ccc7b01d,2026-09-30T15:24:52Z,confirmed,2455.13,PEN,mobile
e5c2bf47-b647-4ab3-b1dc-b5e46130e2c0,b489cb16-3f3e-4b59-a003-5bce38c2bbf0,2026-08-09T13:47:38Z,confirmed,363.91,PEN,mobile
3f69d1c4-f872-4f62-acff-1696e64ad518,16ef4d1f-28a9-432c-94b8-51644ddc9eb1,2026-09-06T13:21:58Z,confirmed,221.76,PEN,api
56b68be1-79ea-4ca5-9365-fcae6cacddf2,25f21054-b954-4ddc-9792-d46a0565a03c,2026-07-23T09:04:53Z,confirmed,11010.41,PEN,web
e239adde-c59c-4989-8113-25373d658035,fa4db3e7-146d-4312-b7e9-1aeb00361c36,2026-08-25T15:53:24Z,confirmed,6537.81,PEN,web
95b28901-6acd-4b0c-9538-6aa647da38f1,624588c6-e3e4-48c7-8042-6590cb49b87e,2026-09-23T10:59:46Z,confirmed,478.7,PEN,api
cc76cd8d-c2a6-4eeb-a86d-b684a12143c3,233082a1-27df-4af2-aaa5-5970485f415a,2026-07-25T15:25:42Z,confirmed,3121.78,PEN,api
751e44fa-9c95-4fbb-ad67-3c95922a2f76,a79818e2-4500-4c92-93dd-5c23aab23d4b,2026-09-07T11:40:34Z,confirmed,5240.64,PEN,api
b78be643-0653-4018-ae11-68d980081032,2bb8a28c-57ed-409b-b430-c619ce20ef41,2026-09-07T12:01:45Z,confirmed,1377.01,PEN,mobile
461c1662-a7f6-4e17-8351-257e569a4160,d0dc1682-dc48-4168-8cd5-a0df67d4f5a8,2026-09-04T18:52:00Z,confirmed,2213.92,PEN,web
2038bf60-20b5-4857-9da8-64993d5e567f,9f742a90-cfa8-4220-ab51-9021d8b03be3,2026-09-23T09:50:19Z,confirmed,2830.46,PEN,api
0e526791-1e47-4a8e-9e0f-d61bd80c6cae,5b9d58a3-95c2-434e-b63c-d3bd19ee2243,2026-08-23T06:16:57Z,confirmed,154.56,PEN,mobile
6732aa34-05a0-4535-af1e-73fd05241540,57afb190-1d38-4236-b561-b10ad04d825a,2026-08-16T09:06:51Z,cancelled,948.58,PEN,mobile
ca916cfc-3eca-4c3a-935f-b0c8656a7a4c,e6763a14-51b3-41d7-805e-7dc1d2d88cbd,2026-07-28T18:11:03Z,,899.31,PEN,web
9aa1223c-71e8-4932-ae69-b1301340a316,0554326a-2a0f-4a4e-b543-b8fe17c6a279,2026-08-11T11:21:40Z,confirmed,4986.16,PEN,api
9d2e246b-5242-420a-abad-5b6077e046a8,69788eb4-b16a-4094-818c-67c58f11350b,2026-08-16T15:52:39Z,confirmed,968.34,PEN,mobile
e7dc3180-496c-4c7a-b38e-cf8e8b7e637b,983f56cb-6710-40b1-bec9-969a30b40a85,2026-08-17T09:49:35Z,confirmed,10897.24,PEN,web
6f49fdc2-a3e7-4d1c-90f4-2a9be5ce0ca4,a7f402cd-39f4-4dc3-a0f5-883415d6235f,2026-07-31T09:43:43Z,rejected,545.85,PEN,mobile
21ff251c-2c52-468f-8d73-bd3ff8cf772d,80c6fc70-5d77-4b18-acdb-b4bb7161a163,2026-09-07T16:27:26Z,confirmed,111.28,PEN,mobile
53c519a3-8a52-4e6d-9b68-173877573aef,f9143da0-79dc-463d-86a4-92eadc6f5e69,2026-09-30T10:53:25Z,confirmed,1767.96,PEN,web
8596d03b-c07a-4046-a8e6-abee018df7c0,499f2fe4-499e-46a4-8ea2-5226f981ef12,2026-09-11T11:22:24Z,confirmed,1894.83,PEN,api
48a64dee-8b75-40fe-8a71-d872a1d8c238,f60ce4d4-f3fe-462b-85ee-8de5b4e14e16,2026-09-17T09:00:20Z,confirmed,504.61,PEN,api
831267e7-9c05-462d-936c-e5708d1f3d59,be5ac07d-50d4-4a58-81e7-e7972deebdbd,2026-09-19T06:16:23Z,pending,5276.28,PEN,api
e893fb62-6ace-4de2-b9ad-c62276119a7b,d22d0234-a671-4601-baee-6e37e670886a,2026-08-19T14:43:37Z,confirmed,355.99,PEN,api
2766f078-9c74-45fd-a4e2-feefccf115c0,a4ae0fa7-6c4a-4add-bbba-35a358bb4ec4,2026-09-14T14:00:05Z,pending,567.48,PEN,web
c2bdd795-2233-4e00-8955-6c6d182fd001,d430f899-e88d-499b-99e8-224679bf2855,2026-07-28T13:24:29Z,confirmed,3887.01,PEN,web
83e1d530-c5ca-435a-b2b5-b030b0d19e9f,5fc726fe-5bd4-43b0-bd60-cbe6574c6d13,2026-08-03T15:34:51Z,confirmed,1067.15,PEN,mobile
e78f604d-6331-4034-a882-283572c3c903,1c91da22-14ce-43ef-9b70-88858969fadb,2026-08-25T12:34:27Z,confirmed,756.55,PEN,mobile
9e1a2809-4a88-40c8-bf94-7a1bb17433ce,a5a102f9-83ba-4e97-8825-ddb093ec80be,2026-08-20T10:31:35Z,confirmed,2647.05,PEN,web
38a2200d-0d26-480a-98f6-d37c61b8b14d,b3e4c4f9-1070-4961-ae87-2c1ffbdd4675,2026-08-12T12:23:02Z,confirmed,2331.56,PEN,web
3ad99029-13d9-4b90-b0d7-013a1a277a90,a12567d3-c73d-4034-93ee-61b03e2b02b1,2026-08-07T15:40:00Z,confirmed,274.64,PEN,web
dbb76d57-3b2d-411a-9c98-d743ba86f1db,084d654e-75e4-4463-8305-1e92aaf3471a,2026-08-13T13:59:42Z,confirmed,738.94,PEN,web
58a02b12-875b-40fd-b609-533ffac5cb45,9b1a0870-9c0a-471f-b401-69ddde89e52c,2026-08-30T14:02:17Z,confirmed,2483.31,PEN,mobile
a7d6c560-731e-488d-b969-a89d871aa0c1,aca33cae-faeb-4ed4-956c-d0b92135f59b,2026-09-11T18:21:56Z,confirmed,3371.24,PEN,mobile
004aad35-fd44-4964-9799-b5ef7b9688ab,afb41a16-a95d-4a90-982d-92c4dba8ef39,2026-08-15T10:35:26Z,confirmed,9941.89,PEN,api
aabd570a-1227-4a87-bf92-23d4167d6f0a,2c604468-97e3-4090-98e7-ff4a66e19c50,2026-08-31T14:40:47Z,confirmed,1865.82,PEN,mobile
89d970c7-a427-46ca-b74f-c59f04bb91c4,23fc56ca-53e2-481b-84aa-4c363dc800f5,2026-09-11T13:25:23Z,pending,303.22,PEN,api
98e41bac-cc8a-431a-a23d-22925098861a,6d5945f5-aac2-4bd0-8253-916d453a7815,2026-08-11T15:18:05Z,confirmed,2013.63,PEN,web
f06b090e-870d-41f8-a1fe-c713c809ad6e,0b235f07-361b-4a70-a601-abd74d5a59be,2026-08-27T09:28:41Z,cancelled,2297.39,PEN,mobile
57021d6b-ca91-463d-9465-1c40fa745fc9,167263b9-62ab-4c56-b60e-cda87e3c16c9,2026-07-28T14:10:39Z,confirmed,364.02,PEN,web
d745c412-d154-46b1-b5a9-9692465972a8,dda91f70-e4e5-4090-9aa5-4b12f7becfaa,2026-07-20T12:48:43Z,confirmed,641.69,PEN,api
1c132759-2652-45d0-be1c-0b28eee649b1,bcd51f6a-f39a-490a-a3b8-d3f8cce89550,2026-08-28T16:44:06Z,confirmed,1715.94,PEN,api
ecc6c091-3733-4ad5-a885-1e4712413b6f,bb0928e9-463c-4d3e-ad21-5abba5fdfbfb,2026-07-30T14:50:02Z,confirmed,1049.2,PEN,mobile
5ab82740-401a-448b-a77c-4124b3dfabaf,1a5dc441-b2c3-49d1-9ae5-de85bff80383,2026-07-21T09:34:25Z,cancelled,1671.55,PEN,web
84e7c923-21a6-4f7c-9adc-88623fb19310,83898f5d-ec2a-4478-af13-c983468d5b9d,2026-09-10T16:54:33Z,confirmed,646.86,PEN,web
2fb55069-dd95-40bb-bf84-9cb5299b115c,1a2c8976-b6b2-4fa2-89e1-15a4a4a9ff4d,2026-08-18T18:39:23Z,confirmed,3870.86,PEN,web
d0f449ec-3361-4b51-9526-388b0056060c,0cb46469-bfb4-461d-a8f5-39ca87e429bb,2026-09-21T10:03:47Z,pending,954.72,PEN,web
08bc7116-3713-4ab4-9b3e-caca13d4a6f0,9b88c213-1cb2-48e8-84f7-7a2e867b919c,2026-08-22T11:41:21Z,confirmed,1888.64,PEN,mobile
d4da44c2-82e8-4950-9e3e-911f47e87979,77e5d5a8-0dff-4bc6-8b4d-77ffcc13d8cf,2026-07-21T11:05:29Z,confirmed,117,PEN,web
5ba0e04f-8afb-4223-94da-b9cb6c7b97b3,6a1451c1-74ac-4a46-add8-11636191528b,2026-09-09T12:24:41Z,confirmed,888.08,PEN,api
df7b6994-74b1-4329-b5cc-75f8a0f3b869,2799a183-23f2-4b27-a812-6c9451cfdb84,2026-09-01T17:06:31Z,confirmed,4382.95,PEN,api
f75ead32-ab16-49db-9fae-9e8f9707075d,50837819-b0af-4c20-a45f-db128f20e8e6,2026-09-15T10:37:53Z,,3372.73,PEN,api
b03c4466-9385-442f-92f6-dc17731cd91e,6b667359-b0c4-45a2-8472-09e0d1593c63,2026-09-18T13:19:53Z,pending,2155.04,PEN,mobile
0ff30f7b-f2d6-43cb-9dce-ff15b91a83cb,5f3d0e81-3eb0-4a6c-999f-9dd030e3556a,2026-08-13T09:06:23Z,pending,9744.14,PEN,web
cf8349cd-da26-452f-b72c-b346ea71b16b,ef8506d5-a65f-4dda-b260-94d933d0e961,2026-08-19T10:53:39Z,confirmed,129.78,PEN,web
2382c890-5661-4e59-8dbe-450b9397926a,f8872865-1934-427f-bef7-008af95f233b,2026-07-22T14:56:19Z,confirmed,3256.16,PEN,api
2b3461f9-2989-4147-b914-77f278201da6,ca6209fc-aba4-4435-89d9-94ff2a41183e,2026-07-31T17:18:27Z,confirmed,2216.82,PEN,mobile
4eee664f-fb59-4e7c-a917-39962806ff36,235ca555-a290-4bc3-9568-d27c47f7f584,2026-09-06T13:43:56Z,confirmed,57.86,PEN,api
42f4359d-cdee-4922-9385-422606f00b43,fc82bf19-7396-48c8-90fa-62b154771155,2026-08-21T14:53:37Z,confirmed,1661.68,PEN,web
fcc3bb96-bc58-40c2-b90e-6237a5f2ecb5,6b827b53-eda9-4d4c-ac5b-42bf79928864,2026-08-19T17:47:19Z,confirmed,884.62,PEN,api
d9133ce2-8d68-4f43-b98c-cfe377a2e54c,eee67a24-7086-41f2-956e-412ad7220ac9,2026-08-11T18:45:23Z,confirmed,,PEN,mobile
25614cd4-a832-4157-b4c4-d094e2beb5c5,77e5d5a8-0dff-4bc6-8b4d-77ffcc13d8cf,2026-08-11T11:11:36Z,confirmed,1641.08,PEN,mobile
bfab8922-ca65-4575-91df-6d907855f0f5,f5f29239-cf7b-423a-b000-8983f0be8084,2026-07-28T15:45:51Z,confirmed,3145.96,PEN,web
5d7006ef-d66b-4ee9-ac99-d3ff94325037,9602f8ce-7fd8-4f6b-8de0-ed03afd3f928,2026-08-21T09:39:04Z,confirmed,1765.7,PEN,mobile
78899b88-7e88-4788-80ba-16bc10b90c12,decac2f3-67ee-4e9e-9f88-c847f5232895,2026-09-23T18:29:50Z,confirmed,6359.65,PEN,web
7660fa95-2125-4ce2-a68a-81aee7ada562,f9143da0-79dc-463d-86a4-92eadc6f5e69,2026-07-24T09:47:41Z,,1185.76,PEN,web
65290fdf-6bf1-4902-a447-92d7040449e1,469bf60a-9132-47f4-ba08-44f374c25ba1,2026-08-05T17:36:36Z,confirmed,5480.46,PEN,mobile
bd7295fb-ac59-4a43-9ba8-3360ab76490b,4a67ea1f-75fc-4716-a28d-e9f79dd91fbe,2026-08-16T08:44:09Z,pending,135.3,PEN,mobile
34f3ba20-2b8d-49e3-ba99-db9c1dc5afd4,db45798d-59cd-427f-90f9-2b3ac6e81bd9,2026-08-29T12:07:39Z,pending,326.72,PEN,web
4cd91287-ec24-4664-a949-344e4524332a,d0ea81ea-a02c-465a-b9df-2b879fff3bc1,2026-08-24T13:02:19Z,confirmed,994.7,PEN,web
11444020-697e-4040-a495-f3b91914c92c,335b74db-6dda-4316-9ab3-9648d265a566,2026-08-08T08:37:11Z,confirmed,168.51,PEN,api
c5f68827-b160-438d-abdd-6f87e49a15e3,ffb8aadf-5975-43f7-93da-ac7ce1af0e20,2026-08-15T10:58:00Z,confirmed,1175.56,PEN,api
50517c5a-27b6-4a28-8a17-9b76204591ca,80c0480c-6b64-467a-abbb-d8c93dcf6d4f,2026-08-01T15:33:57Z,cancelled,9329.51,PEN,api
215de002-1e24-4b21-8b6a-22bce913f3a5,f5c65cdb-75f6-4989-92ce-1afda59318e6,2026-07-29T13:04:02Z,pending,8976.23,PEN,mobile
92bfdde7-4996-4350-966c-23dd2769a2dd,982de364-6313-4e59-851b-9e2c50796fe0,2026-08-29T09:42:54Z,confirmed,12905.79,PEN,api
89ac55a5-aabb-437a-abdf-55e7644d567e,6ccf67e9-a492-4e00-b91c-4dd1ad4f0257,2026-08-19T15:00:53Z,confirmed,2285.2,PEN,web
a5591977-8a7a-4cd8-be0e-bfd2cc59988a,8c788785-f094-4a9a-80a7-6ba2bbe80e59,2026-09-01T13:47:19Z,confirmed,75.75,PEN,web
2e70222c-7e3e-42d7-a7fa-e9a5a1a2a8fc,d6c06183-b4b2-47bb-a596-3b990e2be405,2026-09-20T15:04:40Z,cancelled,7404.28,PEN,mobile
ff118abd-d8ff-414b-95d5-1b598f9eb3c6,74db3ee4-ba63-4347-8faf-ee38a3ae6b73,2026-09-16T14:42:57Z,,2306.9,PEN,api
2538544c-dddb-45fe-a01f-0f65b5a93ce6,0271104c-ced5-4cf4-9781-641c46238aad,2026-09-07T17:54:25Z,confirmed,78.92,PEN,api
969fd44f-2cd8-4de6-983d-0d83c4b1409a,a55d2ad0-cdd7-4b2b-8b1e-b14b1f54c441,2026-07-25T12:23:57Z,pending,2169.1,PEN,api
be527bf2-69b2-4479-9370-d5bd1c97e184,f847a693-d6ff-4bed-b559-2da6f7bc8cad,2026-09-08T09:44:19Z,confirmed,1541.11,PEN,api
910136fa-8697-4016-9a56-ebb49dcd8bae,7ab0bd07-9e43-49c5-af68-6981d0def1ad,2026-08-31T18:23:06Z,confirmed,782.54,PEN,api
5cde4e59-0c4c-4fc9-ace5-9f16f438ca26,80c0480c-6b64-467a-abbb-d8c93dcf6d4f,2026-09-24T16:52:08Z,pending,2730.01,PEN,api
77d5b9a7-c50d-4273-9e7c-b0c17e42f829,16d2de38-8593-4310-8225-5ac603823e8a,2026-08-28T11:38:10Z,confirmed,16833.19,PEN,web
0c17c0ae-9f5e-4f2d-9158-40048ae45598,2c6b2ce6-b4c2-49d0-a3d9-2e8ffb2a850f,2026-09-07T13:42:44Z,confirmed,7853.3,PEN,api
4add4d5f-81e1-41ba-9f7e-0f49797443b5,b3e4c4f9-1070-4961-ae87-2c1ffbdd4675,2026-07-31T15:51:42Z,confirmed,5918.29,PEN,web
64f5af3e-003d-4888-95b0-b55b21fd5951,db53b155-231f-46c5-9cf2-e3c277e22fed,2026-07-23T15:31:06Z,rejected,326.72,PEN,mobile
b65064d6-80d1-415f-a598-231ec4f1f383,603edfb4-fa8b-413d-87a0-20746302a213,2026-08-02T09:46:47Z,confirmed,683.21,PEN,web
f9624a05-4d37-4a26-a0b4-3109e27a788a,353fc2eb-208b-44a8-a044-5c6941cf5ca6,2026-09-09T15:09:58Z,pending,3172.66,PEN,web
1b17baa8-5663-4a11-8837-7b52fb455490,d26e3c25-fe5b-44bc-9956-a99d577eca87,2026-09-14T09:59:51Z,confirmed,1005.52,PEN,web
e9bebb0f-e412-4484-ae5a-a092ba0b98dd,bb42233a-24cb-411e-acd3-e7799e95d78b,2026-09-10T16:27:51Z,confirmed,2828.74,PEN,web
c6ff5bef-a92c-4126-975f-4e49ea9f6317,e1a8c15b-c910-408b-b48f-013188aeb02e,2026-09-10T16:41:02Z,confirmed,2955.95,PEN,web
7771d610-90c9-4cb0-8831-6a290bb99ec6,a365d6b5-6a26-45a6-bf73-7ec9b6fc0001,2026-08-29T06:08:12Z,cancelled,3748.32,PEN,mobile
ff07ef62-b464-4f56-baaf-c164a7636272,3c892611-1e39-4461-b585-80557952d0cd,2026-08-18T11:24:25Z,rejected,673.32,PEN,web
2249d8c1-a182-446c-b1cd-76ba2d4740e7,bd255b1c-e591-41ae-b787-57c9774099d1,2026-09-02T18:11:53Z,confirmed,854.17,PEN,mobile
e801a633-e99c-4500-bd3a-74a4a3949791,b88884e0-306f-480c-9794-51c2d08ea5c0,2026-08-09T11:47:39Z,confirmed,157.05,PEN,mobile
79fd42db-fb0c-44ce-b2c1-80b2ee0f5d1e,a6b495f8-d8c9-4826-b737-5720ac871a4a,2026-09-11T11:54:08Z,confirmed,2168.77,PEN,web
4350bbed-b304-41b3-bdbe-d81d2804f6ce,47ffc40c-73ae-478b-a72d-1af626e1b4de,2026-08-15T11:32:30Z,confirmed,1682.2,PEN,web
0c20ba3a-6d9c-4530-9971-c3062e50f785,ead6716f-fc7f-4314-8edd-43df8fe0f6d9,2026-09-20T15:21:26Z,shipped,240.99,PEN,api
372ba81d-db7a-4799-b1e3-d568357f6bd7,760bbc5d-70cf-453d-879e-af65ac29aa9e,2026-08-10T16:52:31Z,cancelled,1267.12,PEN,web
79611cb5-9b26-4eff-82b1-8e1375ec78d3,bdee05ed-1013-4321-9480-4b17eca2621a,2026-07-23T10:41:23Z,pending,2953.96,PEN,api
6360f63e-43b5-4cbc-8266-b236a9457327,99dfe542-7a8a-44f5-88f1-93b0386fb87c,2026-09-02T11:57:40Z,confirmed,1914.24,PEN,mobile
641a2fb8-d561-4bbb-8110-ab8b5023e7e6,728f6d69-24be-4e58-9439-a7fc8be6be9f,2026-08-29T15:03:18Z,,2761.32,PEN,api
9cee4d8c-5c95-4ead-b432-cd3f29a465de,75e35550-fcfd-4f50-835c-a42dd3e981d5,2026-08-11T12:14:03Z,confirmed,1318.69,PEN,api
a0d96ec1-3910-4a6c-8171-1ff81a6604df,a6cc9a6d-b48c-476d-aa4e-bae7cd4856cf,2026-09-09T11:05:22Z,confirmed,388.47,PEN,web
1c4b8957-dba1-472f-9030-d7e218e5ea88,28a8cf6d-4fea-416c-8f1b-064ad758acd4,2026-09-16T16:29:27Z,confirmed,6925.23,PEN,mobile
cbed2f7b-46cd-480a-953c-d59faac99f57,62ec58cc-0304-4c81-a766-b2a140fbecc1,2026-08-10T18:18:51Z,confirmed,1101.56,PEN,mobile
542771ab-121a-499f-a805-3324c310a189,67a4e065-b72b-4f3f-926c-8a43145ba361,2026-09-19T11:00:51Z,confirmed,1379.48,PEN,web
a56e9c53-b6b7-4b4a-9b0d-fed9540151f2,1da8058b-a2da-4531-9964-1c8a058da7dc,2026-07-28T09:48:54Z,pending,684.72,PEN,api
059f5ddd-e94b-4110-9e14-66463775b189,7b1e0eda-a51c-4454-833c-f0c066970a7d,2026-09-18T17:16:58Z,confirmed,134.76,PEN,web
08518ef8-22b7-4134-a548-13dcbc75821f,cb43c134-0f2e-49b8-88bf-2094199e5db6,2026-09-12T14:23:58Z,confirmed,3105.44,PEN,web
3d6f4ad6-1143-49ed-a5a3-2e7216fae0b2,dd5ce787-a7cc-489d-a569-386cc96ad2c9,2026-08-26T16:19:18Z,cancelled,174.03,PEN,api
73932797-17d1-4485-ac5e-e7a102a93664,e326bf87-8738-4a7c-842f-70cdd4deb567,2026-07-27T12:29:45Z,confirmed,458.4,PEN,api
7a46aa82-56aa-4810-ac90-79bbc7f94cf9,4afce755-fe29-450e-ba0a-821deb2211a3,2026-07-19T07:05:22Z,confirmed,349.27,PEN,mobile
397e7d9f-2eec-434b-9779-500dfc7f05ab,b1de999d-c219-48fd-b971-8fd2801374f4,2026-08-06T11:14:33Z,cancelled,402.08,PEN,api
0362e6ac-b5c6-4d28-b297-a02736dd490e,0271104c-ced5-4cf4-9781-641c46238aad,2026-09-29T16:09:39Z,pending,829.13,PEN,mobile
ed15bd9d-846e-4ae2-95b7-f31627c5ccaa,148e9296-155c-40ed-b9a1-2f3685b7eb82,2026-07-21T14:55:39Z,confirmed,886.59,PEN,web
562c0819-0f9b-4419-bb02-cbd92471a244,3dfa9bb1-35c3-4f28-bede-eaf304bd5f25,2026-08-13T11:27:04Z,confirmed,1281,PEN,mobile
5c9360fb-b017-4af1-ad24-f8f27a541455,ca6209fc-aba4-4435-89d9-94ff2a41183e,2026-09-05T12:23:29Z,confirmed,4442.96,PEN,web
59f4ba72-6a4d-4415-aaf1-3240bdf49b79,16b345a6-2b44-4b31-beac-8d0745e98db1,2026-09-22T10:18:34Z,confirmed,1931.45,PEN,web
a56893f2-40bc-40f5-b8fb-614be9b1682b,4288c93b-e94c-4789-97fa-934b85b9bb2c,2026-08-29T13:18:32Z,confirmed,1909.78,PEN,api
21a14835-8886-4689-a9e4-2f14205ad765,ef8506d5-a65f-4dda-b260-94d933d0e961,2026-08-31T17:30:13Z,confirmed,645.54,PEN,web
18634a53-fb74-4d09-9a5f-3448daae0ed1,fc1b4094-c1e5-492b-99cd-0335d30de363,2026-09-12T15:18:20Z,shipped,287.86,PEN,api
46528d8e-8995-4118-a47b-e7a871755cf0,1a30b3c0-4a65-4197-bc63-d767161d9aa2,2026-08-03T16:05:59Z,cancelled,1199.12,PEN,mobile
0055dd78-62b1-41ec-b996-6f116c6d0e32,1473fa50-758a-49ff-b84c-3d244e394e91,2026-07-29T09:55:20Z,pending,1955.2,PEN,web
03125878-ae1e-494d-ba52-28bd627d8532,5db12387-c164-450c-b80b-0b0c1a20d378,2026-08-18T13:55:15Z,confirmed,1821.61,PEN,web
c07ba117-4266-4ac9-838a-53f341edb886,6b667359-b0c4-45a2-8472-09e0d1593c63,2026-09-26T07:14:24Z,rejected,3581.85,PEN,api
492aadbd-db95-4a47-8ad3-81d2d4e5b4e0,5ad252e1-03db-4c6e-a17d-6f63e9899cd9,2026-09-24T09:14:33Z,pending,2837.86,PEN,api
756dc60c-21fd-49a9-915a-237509879139,5ee9c7fa-9a17-4554-9078-272d40c4828a,2026-08-24T10:59:40Z,confirmed,1222.01,PEN,web
9ca70da6-daae-483f-a315-f00404adb822,6ee43709-f998-428c-bd24-06abf0523d55,2026-09-19T15:54:59Z,confirmed,524.28,PEN,mobile
4c811a3f-c39f-4438-93fa-e5a9d5992d6c,bb0928e9-463c-4d3e-ad21-5abba5fdfbfb,2026-09-30T09:19:25Z,confirmed,7299.74,PEN,api
89f99e26-b049-443b-adf0-bf1a38008c3e,6b9526c3-0cb9-4643-bf04-e9d1bc7bdc6c,2026-09-04T14:25:36Z,confirmed,3283.27,PEN,api
ad234e5e-eb9a-43fb-9c82-4b33e5fbd688,6ee43709-f998-428c-bd24-06abf0523d55,2026-08-14T16:12:00Z,cancelled,2699.04,PEN,web
89ad6f12-6b8f-4d39-ac94-4e10286789d6,e6f4ad94-be9a-4bfb-9562-9357874a27cb,2026-07-28T11:40:16Z,cancelled,3447.24,PEN,web
9cf05494-7d97-460b-bca2-b673ba666a41,87063f90-9b80-4584-982b-77118e454e97,2026-07-26T12:06:12Z,confirmed,241.18,PEN,api
81f1baa8-0df7-4f9d-8be3-4c88021aba29,9751c435-62c3-4ca4-a346-79cd6ee908d3,2026-08-30T08:46:57Z,confirmed,216.89,PEN,mobile
fbdebe1c-7511-4af8-ad3b-f5f0fd10f35e,57afb190-1d38-4236-b561-b10ad04d825a,2026-08-29T15:18:37Z,rejected,3962.42,PEN,mobile
f9475890-91cf-4daf-aa8b-03dde6645dd7,9232cab6-c46e-40f7-ab1f-697fb70e5493,2026-08-11T09:34:32Z,confirmed,,PEN,api
65a30773-4919-4eda-9880-d6e070c2c1ef,a5a102f9-83ba-4e97-8825-ddb093ec80be,2026-09-25T10:13:17Z,confirmed,3281.77,PEN,api
d18ed988-2959-4fd8-8619-7aeb394acb6c,e155552a-01dc-4f97-8709-00fe49d0d71a,2026-08-19T16:51:13Z,rejected,1622.24,PEN,mobile
23aa0150-bf92-447a-937f-4eb2bcc3e2e5,9cdb461e-9886-4b9b-bfe7-715d28b30911,2026-09-18T10:01:26Z,confirmed,2478.98,PEN,mobile
597a0d41-8c38-4c98-b1ac-a440679aebfd,18077327-1f37-4ba8-903b-3ea3cd90b85e,2026-08-17T14:48:56Z,pending,1638.78,PEN,api
2efdfa01-7f6d-49ef-8f97-730df52b8cb9,82566433-62e4-408e-8486-182e7c207337,2026-08-19T09:12:19Z,pending,3270.49,PEN,web
b7143265-1f46-4ca8-b832-5d8ee8362af2,5ad252e1-03db-4c6e-a17d-6f63e9899cd9,2026-08-10T12:55:36Z,pending,172.88,PEN,mobile
490f63e2-379c-47a7-b1d1-891ca63c178f,7be7f7fa-05b1-48f3-be5a-3563436aa8b9,2026-09-13T15:31:18Z,shipped,1176.44,PEN,mobile
6f7fa3af-2330-4ba9-bf4a-ebf49c6dd795,8cc988ee-01e8-447e-96fe-39aaa8ee442e,2026-07-26T12:07:29Z,confirmed,490.48,PEN,api
35a6d594-2457-4aaf-b1b8-12387c582434,5dffb6b5-9448-472a-b188-e17e4ae0d624,2026-08-07T12:03:05Z,confirmed,1540.41,PEN,web
176d589c-3e7f-4d93-82f9-d7a28f2cae21,499f2fe4-499e-46a4-8ea2-5226f981ef12,2026-09-15T16:18:02Z,confirmed,219.96,PEN,mobile
778c4305-9a64-4b54-9a16-453ed945f24b,80769f41-129a-4046-bea0-7c9fea51671c,2026-09-12T14:38:34Z,confirmed,245.49,PEN,mobile
e70f6919-21bf-4c1e-a5bd-55d6eaf48484,5a34b964-1666-4125-9289-ea12d1f6c053,2026-08-15T08:55:23Z,confirmed,1632.26,PEN,web
146f55bc-e783-48cc-9ea4-2cda105dd4b6,08114246-4b0f-4172-b3f1-859f1660aa76,2026-07-20T16:23:31Z,confirmed,7801.81,PEN,web
319b4864-6e5c-4c0f-a966-8dc02aa20d2e,bfff3423-2d46-401c-bddd-489ab14be63f,2026-09-29T10:20:51Z,confirmed,549.28,PEN,api
09c4ce2a-00c1-4ca5-a192-e9f0beccfdd7,1a467541-cdc7-4a8d-8d56-118527ceb2c5,2026-09-14T09:07:04Z,confirmed,162.61,PEN,web
fe4c15d4-8921-4041-9275-8a391e96038c,8b3dc529-2400-4fd3-b7df-c08128dc7f7d,2026-08-17T11:30:40Z,confirmed,3955.98,PEN,api
7425cb2a-88fc-43a8-8c50-dc8f16b08786,bdcefc5f-88b4-4dac-a122-b2d5c3ee966d,2026-09-15T15:25:58Z,confirmed,1655.69,PEN,web
8907f9f3-55c1-4ae5-b8ca-778c0f44a45a,e6f4ad94-be9a-4bfb-9562-9357874a27cb,2026-08-02T12:31:09Z,confirmed,78.92,PEN,web
2db2306f-a38a-42fd-bd0c-8c11fc957e8c,63587e5b-90e3-4738-a2a5-1a258f44baf0,2026-07-27T14:23:58Z,shipped,184.89,PEN,web
029b9ac9-891a-4364-9158-3d238bb07018,907e3ee0-5dff-48fe-9d89-853fde48152a,2026-09-07T15:57:55Z,confirmed,405.9,PEN,web
8e179faf-22e6-40d6-a582-db59c527760b,6ee82c33-24d3-4dc8-9c89-8fc08ee19b54,2026-07-18T15:27:38Z,confirmed,3107.07,PEN,api
3a836aa9-27e4-4087-9575-2bd7220e48ff,cced02b4-6156-426b-b179-256213e038ef,2026-08-02T11:52:01Z,confirmed,6924.25,PEN,api
f0bb28ab-65b0-4a04-b994-4be76f1a3920,2f63fde1-867a-4be8-8311-797430168219,2026-08-22T15:30:59Z,pending,4815.01,PEN,web
2e9bea65-057c-4dda-906d-4c4613e57f59,3cd7051a-e18e-47b2-81a1-d8c5bfd31f66,2026-07-31T10:13:51Z,confirmed,2533.02,PEN,web
a2d4c536-f854-418d-915d-75fface655d0,27471e7f-9655-4f70-87b9-27ab5c16f4fa,2026-09-19T14:59:12Z,confirmed,1111.07,PEN,web
b0106c1c-e5bb-444c-86ec-93a5dd429e77,d584c8a3-5316-4a31-9fe3-a81393b81785,2026-09-11T12:45:30Z,confirmed,2409.14,PEN,mobile
baacf6d5-fe4f-4283-9bf3-f2f99c5cde2f,277b94bf-75c1-4a05-8574-3f55016062c8,2026-08-03T12:19:13Z,rejected,5746.81,PEN,web
2b1f0d88-d679-4e9a-9083-495e92667d73,b3e4c4f9-1070-4961-ae87-2c1ffbdd4675,2026-09-03T11:41:41Z,pending,2015.07,PEN,api
7c42663a-a841-4446-9228-e0ff038f4138,82566433-62e4-408e-8486-182e7c207337,2026-08-13T18:12:25Z,confirmed,218.14,PEN,mobile
c23b33e5-6b3f-47bc-8386-3d627323449c,f3e61789-4928-46dd-b493-0b84a5582ca0,2026-09-04T14:13:28Z,pending,1424.02,PEN,web
e86ea3ee-2736-49e2-acaf-37d4a9af6f2b,8fb2f654-f204-4ea9-a628-c0a87b0b68d6,2026-08-24T11:45:31Z,confirmed,2375.91,PEN,mobile
7b5791a6-e496-4238-877e-9ec2ab15e19b,f805e84e-2118-4196-9681-08f021bc50ae,2026-07-31T16:34:38Z,confirmed,1596.48,PEN,web
047267ac-6be6-464a-9c22-6a23aa5e76ae,4f1a52c5-ddd5-4dcd-a3ed-af773d4ea8d2,2026-09-11T17:53:36Z,confirmed,1542.28,PEN,web
936a54a0-42d7-411f-892b-4172ce20c986,a27a4237-0f01-4fb7-80be-dfacf8fb7096,2026-08-01T10:23:34Z,confirmed,1245.86,PEN,mobile
3ff520b1-b574-4756-ac8f-fd7eddde8b29,6872fe23-68c7-4319-88da-b81e9c7d873d,2026-09-14T12:30:57Z,confirmed,2016.03,PEN,api
8fc3d309-31f2-48fd-a331-a0886288aea5,60222975-4e97-4214-bcb6-4421d3220e64,2026-07-18T15:47:10Z,pending,1506.63,PEN,mobile
2da908b4-b55d-4acb-b68a-29625c99d83e,a32503a5-bd37-4c8b-8f1e-7b2731124ea9,2026-07-30T12:39:37Z,,3601.04,PEN,api
5dabeae1-f68f-4844-97c3-f01fd22a9af0,92023cf3-4db1-42bf-b3dc-b79ddacc2887,2026-09-04T17:12:17Z,confirmed,3053.55,PEN,api
d5c46103-ec75-4b4a-9891-dcbc0721eae2,6053dd65-00e8-4f4a-9e5f-d8bf4ab531cd,2026-09-24T11:22:18Z,confirmed,415.38,PEN,web
60f6e8fb-b758-4e9f-a1a3-8c6e739a319a,6f6edb8e-e930-4265-b251-3eb2890c9967,2026-09-20T07:40:16Z,confirmed,1746.76,PEN,mobile
454805f3-9839-4bbf-9b6a-21e1cacf4bc4,70a5a6a2-8ac7-427c-8a4a-4cd99df397bf,2026-08-08T09:09:52Z,confirmed,858.61,PEN,web
7fc0774d-cb3e-45ab-ba7c-2742f46ef07b,5cc569f3-5c89-48d5-abef-1f39d4861d1d,2026-08-05T13:23:52Z,pending,1346.47,PEN,web
75cb1e33-6835-4bbe-9052-18c9053679cb,df6a11d5-06aa-4ecf-85e1-5b966296c044,2026-09-06T12:24:20Z,confirmed,6546.41,PEN,web
10f0d4e2-8c62-415b-9dfb-55e635d81bed,2c87f330-93a6-4a1c-acd5-461078e4c0a5,2026-09-10T15:31:45Z,confirmed,3296.84,PEN,api
13b4b2b4-118f-40c9-868b-1283f4eae0cf,c75f3c61-3ea2-4abf-a47b-7bc89d1e27f8,2026-08-07T09:57:14Z,rejected,400.28,PEN,web
95895cce-a3f6-4cc1-a1d0-1615aeb95522,95271a20-c276-4954-a847-8ae96dbdd33d,2026-09-18T15:47:30Z,cancelled,947.88,PEN,mobile
cc4c5aa9-634c-423f-ab8b-1e68feaa59f3,063bda34-c878-40a8-a321-b93c319c3a4a,2026-09-06T12:27:04Z,cancelled,2153.41,PEN,mobile
123b867a-9868-45b8-98a8-fdf3d04bae82,8d5d3f25-f4df-426c-b521-662882d06c4d,2026-09-22T13:44:43Z,pending,1281,PEN,api
51ebefc4-85d9-486f-8741-2108c42f1e50,67454d30-8a3c-4baf-87d0-9a4fe98c142f,2026-08-29T14:24:04Z,confirmed,2717.94,PEN,mobile
4980b774-5f01-4166-9f58-6afc86b6fe5f,d59c885b-fef4-492d-ae52-df9813ef2edf,2026-07-22T14:36:10Z,confirmed,10264.87,PEN,mobile
2388a0db-5f96-4264-b2fe-9a9c3c98a2be,2799a183-23f2-4b27-a812-6c9451cfdb84,2026-09-16T17:40:47Z,confirmed,1679.13,PEN,api
471bbd79-b9b3-4d7e-8d19-a1354403e3c3,4dc8a09b-d1ba-493a-befb-f821d38b86e1,2026-08-23T15:53:25Z,confirmed,267.96,PEN,web
e9bf1279-04ad-4eec-91d2-8f06e397ec29,ce904708-ba06-41bf-bc0d-613b7023bc69,2026-08-08T06:05:19Z,confirmed,194.04,PEN,api
d5b2b70b-01e2-4566-9bdd-fd098216e812,f805e84e-2118-4196-9681-08f021bc50ae,2026-09-20T15:23:27Z,cancelled,776.96,PEN,web
84bb068d-fb21-448e-a5b3-1d636a696a40,660ab802-b920-43c7-9ecf-b4427a2ff6cf,2026-09-14T17:05:09Z,confirmed,132.65,PEN,mobile
0a98455d-bae3-440b-88c9-97e2f3c3f118,34dae421-3cb4-4118-9fdf-e04b448c9d92,2026-08-15T08:55:07Z,confirmed,326.72,PEN,web
e4ee95a2-ed44-45d4-bb85-d2158b66d152,aca33cae-faeb-4ed4-956c-d0b92135f59b,2026-08-23T11:22:31Z,pending,562.6,PEN,web
c52ac74f-b280-49d8-ac54-b9cef3a4cba6,5db12387-c164-450c-b80b-0b0c1a20d378,2026-08-06T13:55:18Z,confirmed,1822.8,PEN,web
78d22b91-e727-469b-afb1-a80e39952685,4803b749-bb44-40e1-b6b0-c4f42b19f477,2026-09-27T06:27:38Z,confirmed,227.25,PEN,web
6265ad50-2fc7-48e4-a7a8-f2cb83904b86,3dcc9d0e-6b4b-420f-b543-6dc2d958e4c6,2026-09-08T14:17:52Z,confirmed,3801.94,PEN,mobile
d871cfca-8ce7-4a8e-b933-d1dd6433c2aa,d26e3c25-fe5b-44bc-9956-a99d577eca87,2026-07-24T16:58:59Z,confirmed,1989.02,PEN,web
7d26fd4e-77d8-4d3c-9b8d-0212b8ba5456,4b4be7f3-54fd-46a8-8eb0-c5c6ef1b09da,2026-09-24T15:56:17Z,cancelled,441.23,PEN,mobile
7578ba86-da3c-487d-b809-05e71ce3267e,4a67ea1f-75fc-4716-a28d-e9f79dd91fbe,2026-07-25T12:31:00Z,confirmed,2413.74,PEN,web
19b8a1a0-a226-45b2-bd12-6a3591b23f8b,8f03a6da-c181-416e-8736-ce59aaecdd50,2026-08-21T18:10:00Z,confirmed,543.26,PEN,mobile
da0a6426-8b0e-467a-a3f5-3a4346a9d02b,60bc8323-8a97-4577-a433-0bc585514c0e,2026-09-27T06:11:49Z,confirmed,160.66,PEN,api
f20c6df5-99f4-4835-8b77-9a1fe4432861,9eb9ed31-75f3-4717-811e-857a38b3fff8,2026-07-19T12:09:12Z,confirmed,4486.23,PEN,api
52d4da1d-4a28-43d9-b1fc-64bff915893c,277b94bf-75c1-4a05-8574-3f55016062c8,2026-07-28T15:07:08Z,confirmed,216.97,PEN,web
13331e13-f0e8-4a9f-b9e4-b03a94f8a2da,6b2ff8bb-d5cb-4f80-8702-c6c672048586,2026-07-26T08:51:27Z,confirmed,2803.5,PEN,api
cda79767-b05a-4ccf-ab56-e67eb4eb4e8b,a6cc9a6d-b48c-476d-aa4e-bae7cd4856cf,2026-08-16T11:07:10Z,confirmed,1941.75,PEN,api
9997fbfd-f1f1-48e7-99ba-94d34e194e4d,9be195b8-ecda-4c61-b3e7-bafebf509fdb,2026-08-03T17:42:18Z,confirmed,1939.48,PEN,mobile
fa59602a-799b-4646-9055-e5cdde5740db,63587e5b-90e3-4738-a2a5-1a258f44baf0,2026-08-26T12:50:08Z,confirmed,2756.17,PEN,api
d0b076fd-638d-45dc-862f-44e563d13077,3c17ec7c-a906-4f72-b850-094f557bbe52,2026-09-07T11:25:56Z,confirmed,2926.48,PEN,api
a62dc7b4-7e4c-4eb5-aef0-3b7d158a5596,3a0f8e21-9b87-4810-862f-e8de075fa797,2026-08-14T18:09:59Z,confirmed,2060.1,PEN,mobile
d16c20be-0221-41fa-9663-e36f9d4b02c2,bd255b1c-e591-41ae-b787-57c9774099d1,2026-09-08T14:30:29Z,confirmed,444.16,PEN,mobile
32a03140-7d86-4914-873f-b406208e1452,28c0d5c4-145b-4caa-99c3-0c38d8bc69e3,2026-08-06T10:54:28Z,cancelled,6280.97,PEN,mobile
1871ae37-3da8-4093-bf7f-1d793808acf7,a32503a5-bd37-4c8b-8f1e-7b2731124ea9,2026-08-14T11:57:17Z,confirmed,1265.78,PEN,web
14932975-2996-4d2a-a17d-753a5d3c1898,4afce755-fe29-450e-ba0a-821deb2211a3,2026-09-16T17:15:22Z,confirmed,2736.34,PEN,web
289c9446-1d6a-4458-bfef-2e3512339db7,f8872865-1934-427f-bef7-008af95f233b,2026-08-25T14:00:33Z,confirmed,2616.34,PEN,api
57f89b54-eea9-4585-91e3-bfda9a4318b8,427d87e6-1597-4b73-ae04-b7bdf44f2530,2026-07-24T17:02:08Z,confirmed,1061.01,PEN,mobile
1481606e-0889-46a9-9a73-40ccb9ebb8e7,6c960fde-50fb-45c1-bef4-fff562bb76f7,2026-08-29T12:01:40Z,pending,512.48,PEN,mobile
d985ccd5-b9e0-4713-b90d-6c810b83e46d,3cdb632b-b197-4a4f-86f9-16262385d4e0,2026-09-17T13:12:09Z,confirmed,934.82,PEN,web
96b4dadf-3009-482c-9957-131f7bfce9bb,7b1e0eda-a51c-4454-833c-f0c066970a7d,2026-08-24T16:51:08Z,confirmed,2209.44,PEN,web
bc75f39e-aad8-4bfe-892a-cadd6af75b90,75741148-ab4c-4f9a-8a86-763267e503ab,2026-07-31T12:37:31Z,confirmed,75.75,PEN,api
9d701268-166a-4f79-b2ae-e75e64df13e0,3c892611-1e39-4461-b585-80557952d0cd,2026-08-16T13:30:42Z,confirmed,2916.93,PEN,api
dae760c0-e04f-4e8c-93f0-773f466387d6,b1de999d-c219-48fd-b971-8fd2801374f4,2026-09-13T10:33:33Z,confirmed,2166.49,PEN,mobile
57f9fd46-4635-48b7-a623-8a803b4f0136,e1ee8718-0547-4d2c-818b-c7f2c8f4ec16,2026-08-01T15:12:33Z,confirmed,844.15,PEN,mobile
0bf9e0b2-2acb-4aa8-89d3-4188dbc47773,3f10cdae-312f-418a-8e52-1505c89d9f31,2026-08-30T10:15:41Z,confirmed,5864.67,PEN,mobile
60212731-06ed-4afe-bc6e-c62c23b997f5,6ccf67e9-a492-4e00-b91c-4dd1ad4f0257,2026-07-23T14:37:36Z,confirmed,542.97,PEN,mobile
6aacb470-31ae-4343-81d6-516ab71c8058,8f03a6da-c181-416e-8736-ce59aaecdd50,2026-09-30T14:01:19Z,confirmed,2746.8,PEN,api
349eefb1-e280-4127-99e3-31123b243ffd,6e10d223-7e23-4c4e-a043-c9d40c62552d,2026-07-25T09:06:47Z,confirmed,2560.62,PEN,web
233cb93c-bbf2-4ab4-a18d-4ce397ce958a,87063f90-9b80-4584-982b-77118e454e97,2026-09-26T06:29:16Z,confirmed,317.91,PEN,mobile
9a23fcc8-435e-4483-98c0-dfb57d45662c,c2aaeef4-ffb5-4dbb-95ff-4a6bebc6bb03,2026-08-02T15:17:02Z,confirmed,12768.21,PEN,mobile
4106497d-cbf0-4701-a8d0-fede479d8b0e,dda91f70-e4e5-4090-9aa5-4b12f7becfaa,2026-09-07T10:19:16Z,confirmed,4845.49,PEN,web
0057eb33-7399-4f2a-817a-941d128f7378,88f05240-7b15-4c96-b929-9ebbda883d61,2026-08-17T18:46:41Z,confirmed,5143.71,PEN,mobile
f5a76ed6-e223-42f3-8bc8-ef81ac7794fe,6141214e-f7a0-49a3-bc70-d8e6eb8c5f86,2026-07-29T17:25:14Z,confirmed,3549.1,PEN,mobile
1efeecd1-c7ae-4e0b-8c0a-6cc79df537f1,ce03a5e1-0cbb-4941-819e-7dbd09f14c22,2026-08-27T13:29:03Z,pending,2714.18,PEN,api
a59141af-9079-45d6-b3b5-83a1e8ab140c,11165a00-ca1f-4bcc-a279-e751a383ec07,2026-09-03T18:21:42Z,rejected,2507.52,PEN,mobile
ba4fbbc4-7433-4e55-bcb3-45d117029656,7a6d0709-f364-4f3a-88b6-ab1b01b205f2,2026-07-22T18:09:35Z,confirmed,1032.16,PEN,web
7468685e-e2af-4f60-bc4b-5cdc27e8db2a,958c498c-c61b-446d-85e1-9e24dafafff7,2026-08-02T12:46:52Z,confirmed,8310.41,PEN,api
0e51854e-1350-46be-b0e2-aa5333c4e915,8e076602-8fde-4e86-86e5-53a303a0cc1d,2026-08-16T12:59:23Z,cancelled,4035.62,PEN,api
9667f99e-c235-499e-ae00-ccb64f42d6db,1e0c855f-6b97-424a-98a1-7c793cd62ce5,2026-09-27T10:10:13Z,confirmed,2622.54,PEN,api
9ce37084-a8b2-4d29-9515-d8834ce0076e,a90e88bc-bfb9-4869-ab72-f9334f7223d0,2026-08-24T18:42:26Z,confirmed,943.99,PEN,mobile
564a34fc-7ddf-41c6-aa9f-d1ce72050976,d235b62c-6b89-42e8-8b6b-067e7cffedb7,2026-08-23T11:18:16Z,confirmed,339.05,PEN,mobile
8501f2c9-d694-4bc9-bbf0-6ae2ee28628c,d430f899-e88d-499b-99e8-224679bf2855,2026-08-13T11:11:07Z,confirmed,4456.6,PEN,api
e29b8857-804d-4fea-997d-5b15ed7c4033,bc66d068-5d23-4fb4-9b78-89981015a77e,2026-09-03T11:43:56Z,confirmed,2328.48,PEN,web
395e7e73-15c1-4d70-8ae4-778919e9b98c,d318b15a-77ab-4756-9b20-ce3cbb79cf9a,2026-07-31T11:17:17Z,confirmed,969.46,PEN,web
79bdfc4d-ac37-4589-897c-4d816e783bb9,34777596-0323-4725-a1a3-e080be3a28d2,2026-08-18T15:29:23Z,confirmed,4256.18,PEN,mobile
0b036339-0fb5-49a3-be0d-2ce1d2340ac0,fba35db6-9b23-4d3e-893f-578b70526312,2026-08-05T11:46:58Z,confirmed,4713.28,PEN,mobile
533ee4a0-6d28-4eec-8865-1d07c0468dd4,538ce41e-cc3d-4201-a8f0-d9101b05c87c,2026-08-04T11:09:37Z,confirmed,431.79,PEN,api
c928e5b5-e1c4-4c30-a25e-0b562c15eb2d,4c52605d-9a28-4473-ba9b-01aa8391eb76,2026-09-19T14:22:49Z,confirmed,5577.05,PEN,api
668ec5d2-60db-45d2-bcde-74f4f5af4171,233082a1-27df-4af2-aaa5-5970485f415a,2026-09-18T15:50:06Z,confirmed,7390.28,PEN,web
f1e9f30c-9f27-4941-9a4b-5f5fc377cc1f,a34bafb9-1986-436d-bdbf-3dcb52b05158,2026-08-01T10:57:13Z,confirmed,1988.92,PEN,mobile
42411c9b-7ee5-4d69-9a77-ab6b2878ab7f,6b578e23-9d7d-4dd7-a59c-0ebc58244808,2026-07-18T13:10:24Z,confirmed,3082.51,PEN,web
8d8efb1a-1576-4219-ab5c-a62e87af00c1,60bc8323-8a97-4577-a433-0bc585514c0e,2026-08-09T15:50:40Z,rejected,1380.43,PEN,mobile
89a845e4-9642-4f29-96e5-6df415439fd2,c0879d1f-69a4-496d-ac55-b02c1acd7518,2026-09-23T10:48:41Z,confirmed,165.46,PEN,web
9272fff8-7ab3-47dd-8b95-6423764bc89a,db640e2f-8591-477e-8d7c-e5d1207508c3,2026-08-08T07:21:05Z,confirmed,1390.88,PEN,api
92734f00-5608-4d11-bfa9-b99482b0d126,3666a38d-12be-4fe6-a6a8-dfaec757e6a3,2026-07-31T11:14:02Z,shipped,2992.74,PEN,api
e752f5cb-e2fb-4fa7-a568-4e1d8884e5a7,a90e88bc-bfb9-4869-ab72-f9334f7223d0,2026-08-30T08:35:04Z,confirmed,1433.29,PEN,api
01e46202-2fdc-4a12-937b-61ec81c8238a,b3e4c4f9-1070-4961-ae87-2c1ffbdd4675,2026-07-20T18:39:07Z,confirmed,962.58,PEN,mobile
2e9daba3-7370-4d7c-a75a-a8ed3b388e1f,b9b88b85-3115-4cf7-8701-8b8653ad5596,2026-08-20T15:35:31Z,rejected,717.36,PEN,web
3e3f9f2c-2b53-46f0-a59f-c4410ca78c49,9153b920-5a5d-412e-af0a-8b734fcceb56,2026-08-06T16:28:50Z,confirmed,602.15,PEN,mobile
7fe41cc8-58c5-49be-99a2-552489ec90cd,5fc726fe-5bd4-43b0-bd60-cbe6574c6d13,2026-08-03T16:21:38Z,confirmed,10227.28,PEN,mobile
07cdf0a1-70c0-4c0f-9048-8e8653769d75,f60ce4d4-f3fe-462b-85ee-8de5b4e14e16,2026-08-15T06:49:07Z,confirmed,2418.69,PEN,mobile
543220c7-3799-4d7a-b5f5-62a9c6b58c15,db5739a1-3cbc-4088-973b-25679113455d,2026-08-27T13:28:39Z,confirmed,5969.92,PEN,mobile
27d2500d-b238-4a6a-a345-e306b296260a,bd255b1c-e591-41ae-b787-57c9774099d1,2026-08-24T14:27:30Z,confirmed,75.67,PEN,api
6902210b-b852-44e7-8a97-d6fc903fe1e9,34777596-0323-4725-a1a3-e080be3a28d2,2026-08-02T09:19:36Z,confirmed,2365.88,PEN,api
a1117d8c-d5d6-4471-8a87-4bcf4c15819d,2538dc2f-9e8a-4232-8d93-773bc4401de3,2026-09-12T06:37:52Z,confirmed,1954.79,PEN,mobile
e3086e37-b917-452d-aad0-0f6786236bf3,16d1e87b-5980-4616-ba63-5fa740f5e2c1,2026-08-02T09:30:44Z,confirmed,581.92,PEN,mobile
59cd2f83-a084-4b8f-9b30-7392a9b83f7a,87063f90-9b80-4584-982b-77118e454e97,2026-09-20T09:47:57Z,confirmed,3864.87,PEN,mobile
434b43d9-1ea4-42ac-853f-a6b802f65b4d,8499c1ea-7baa-4599-a10d-da71e58b2640,2026-09-15T18:47:24Z,cancelled,2889.72,PEN,api
29d7ad73-3166-4207-8823-89e0869384e0,8b684f0b-5d0b-443d-a1e6-fc6a3e4ddb40,2026-08-29T12:09:52Z,confirmed,3437.28,PEN,api
11811153-cb95-413f-aa2d-b7dc80e6e024,5cfd2008-4ab7-49ea-921e-695ffb769ab4,2026-08-02T06:16:35Z,rejected,612.74,PEN,mobile
fe9a9f4d-3cc5-4446-9f41-b7a0657581d7,982de364-6313-4e59-851b-9e2c50796fe0,2026-08-11T10:30:04Z,pending,2679.36,PEN,web
38ed06c5-fe82-4365-8d59-0f654e1c4600,f19522bf-886c-44ca-a58f-b249b6bc26f5,2026-08-04T16:03:32Z,shipped,10505.46,PEN,web
b2fa2f1b-24e6-4f93-8e5a-82a1366043f2,67454d30-8a3c-4baf-87d0-9a4fe98c142f,2026-09-10T14:11:44Z,confirmed,2289.31,PEN,api
5c4e4e6c-2b99-4b49-9a5d-ec0c0df9c18a,5678ce0a-ee33-4162-bfbe-5c5364436ed4,2026-08-16T07:49:11Z,confirmed,4846.99,PEN,mobile
7c293402-5a0d-4540-a69c-c9e1a37ee26d,0271104c-ced5-4cf4-9781-641c46238aad,2026-09-23T15:49:34Z,confirmed,,PEN,api
a2db60d3-722b-4c8b-a13f-2747a3981a71,890cf578-beb1-4911-9b06-1f2454d59db4,2026-08-03T10:47:01Z,confirmed,471.28,PEN,api
7492a68d-1d67-4399-83c6-851b53cdcdde,f6f6db98-2a07-49ff-99c7-1c35f0068ede,2026-08-16T15:58:32Z,rejected,1119.42,PEN,web
a41acc22-cebf-4899-95ea-7b308ad49c30,df96c70f-5e07-4bbb-b51a-730d026bb361,2026-08-16T15:10:11Z,confirmed,15217.58,PEN,web
58900724-8729-4d0a-b96c-65940c6140c5,c0879d1f-69a4-496d-ac55-b02c1acd7518,2026-09-11T12:03:58Z,confirmed,514.04,PEN,web
4163f6e1-3297-4b2a-a1a2-5c9e20e5ef7c,8cc988ee-01e8-447e-96fe-39aaa8ee442e,2026-08-17T14:26:58Z,confirmed,2382.28,PEN,api
7c94454d-1719-4e79-a2d6-30330c0374fc,32e92878-d88e-4cd1-8d9a-98d0e0b20aa9,2026-09-06T15:04:24Z,confirmed,2852.79,PEN,mobile
1223b980-d51f-4231-84f8-a5754a1e785a,1a30b3c0-4a65-4197-bc63-d767161d9aa2,2026-09-21T15:35:32Z,cancelled,3875.29,PEN,api
70b289e8-8cfb-4543-ad8a-8d367a6a8183,367401ee-a448-4320-8b44-8bc51bdf0a36,2026-08-16T11:28:44Z,confirmed,6925.23,PEN,web
fbaddb11-5efd-435f-b2d9-7fa83af143d9,91f59ed5-e27e-488c-b25b-24f9a744c7c6,2026-09-07T10:57:29Z,confirmed,639.26,PEN,mobile
350d05bf-4c33-4d0c-a801-9a6076dd7b17,63587e5b-90e3-4738-a2a5-1a258f44baf0,2026-08-05T09:27:32Z,confirmed,75.34,PEN,api
fbd1f09d-7206-4e8e-885c-e9e0edb59bb1,ce03a5e1-0cbb-4941-819e-7dbd09f14c22,2026-09-16T15:46:37Z,pending,4241.59,PEN,web
1a21c9e8-a04c-4a15-a45f-b179c35e63fb,dd5ce787-a7cc-489d-a569-386cc96ad2c9,2026-09-25T15:28:51Z,confirmed,1922.65,PEN,api
df632238-a3b6-4f07-b7e5-768c1fc5360a,324564f2-be5e-4966-afad-3c657403af07,2026-08-29T13:36:36Z,confirmed,1370.87,PEN,web
a79a7bda-47ee-4154-8e83-47d9c3589599,d6c06183-b4b2-47bb-a596-3b990e2be405,2026-09-14T10:23:52Z,confirmed,237.57,PEN,web
0e7b0fb1-bf3a-41d0-932c-2b58ef18efe5,244a93da-ad86-49b8-88b7-6388c98a3e63,2026-07-25T13:33:59Z,rejected,663.69,PEN,api
313b7410-d4f0-4d81-aab5-b1434e286658,4c52605d-9a28-4473-ba9b-01aa8391eb76,2026-08-21T18:23:58Z,confirmed,955.68,PEN,mobile
7e70278a-8ff6-4efa-a2f9-c9282fd019a4,ac563b51-76eb-4063-9f46-e9e2a56a7942,2026-08-12T18:25:10Z,confirmed,5033.84,PEN,api
1f5f4531-018d-4faf-b4c1-57a565472cdc,343042a5-ff80-4ff7-a5f5-76fa7a767366,2026-08-10T16:01:27Z,pending,4600.5,PEN,web
62b30bfc-b182-4cbb-a08b-be3958271c1b,cd10f4d7-0257-483f-b803-cf8bdd6222e3,2026-08-12T09:26:25Z,confirmed,867.6,PEN,web
f6bcf657-098e-4438-8d87-7313f9e6af2c,d084fc41-c2d1-4ab3-af53-3d30a7f6d2e8,2026-07-18T09:34:48Z,confirmed,5510.34,PEN,mobile
7e396968-0304-41ac-9a42-db7b340054b6,7558f1a2-f896-48e1-8105-1fbbeee28d33,2026-09-02T14:16:59Z,rejected,1524.19,PEN,api
51c9583a-cb82-427c-b611-2607180e068a,2afe5f2d-4ba3-4d7b-a6a2-40ea68a157a6,2026-08-27T14:05:20Z,confirmed,3295.11,PEN,web
63116e9b-b505-4037-9b40-2d1e81b2d99c,c202b659-a768-4897-bdf8-9ca61dcf23b6,2026-09-19T14:15:18Z,pending,1732.04,PEN,api
1c873971-864d-4f12-900d-deb51eaa1b01,ba6c30bd-4a28-4ba0-bd93-c0451ef3f42b,2026-08-31T11:11:01Z,confirmed,1579.69,PEN,api
7e5bd8d8-d5b7-4f92-aba8-4158c8b748bb,8a7555fc-c468-4d83-b83c-25fccfdde609,2026-09-04T10:32:59Z,rejected,2981.64,PEN,api
9b1a83ff-7fb2-42df-9cf4-13ad84591c22,2538dc2f-9e8a-4232-8d93-773bc4401de3,2026-07-28T13:25:50Z,confirmed,4046.9,PEN,web
01b2a0bf-a309-43ee-9d91-51e9d70352bb,6e10d223-7e23-4c4e-a043-c9d40c62552d,2026-08-14T16:33:48Z,confirmed,266.92,PEN,api
c6d70667-f3da-4211-8f36-623dabbc1b36,210a4171-d1e1-4eef-8ee4-66c44aae869a,2026-09-25T14:35:42Z,confirmed,3685.52,PEN,web
a6f6eeb3-75c5-4167-bb47-0a6c237337d6,fcc7dc79-5d82-4692-9adb-5e30673d411e,2026-09-02T13:41:53Z,confirmed,2770.74,PEN,mobile
a37642b2-4a56-4956-8128-8385adf6e184,b2be9157-e292-4356-b75d-31cec7ad1822,2026-09-22T18:52:10Z,confirmed,1603.04,PEN,api
c3dc669c-c519-46e5-8590-47983124aec4,de66ad88-f0c1-446e-b60c-f0657bbd5a45,2026-08-09T13:09:29Z,rejected,329.89,PEN,api
28f77c06-b886-4e97-be2b-d2d0ae74db0c,afee4f14-89de-4dab-b2f3-ffc46b562d8e,2026-07-19T12:33:28Z,confirmed,918.74,PEN,web
1a1fcdb6-1f62-4099-998e-1b43f77f7079,5a34b964-1666-4125-9289-ea12d1f6c053,2026-08-10T16:03:12Z,confirmed,207.6,PEN,web
dc2f0253-fb7d-4c29-b325-a7068cf2c91e,277b94bf-75c1-4a05-8574-3f55016062c8,2026-09-23T18:48:08Z,confirmed,2497.14,PEN,api
43e95e44-7675-4b64-8e81-6fc2192b39f4,67454d30-8a3c-4baf-87d0-9a4fe98c142f,2026-09-15T13:37:06Z,rejected,104.39,PEN,mobile
2b5840ea-db70-41fd-b441-336b357ca5f8,0271104c-ced5-4cf4-9781-641c46238aad,2026-09-02T13:31:47Z,confirmed,1007.62,PEN,api
03600f86-715f-4dcc-bcc5-bf112c75cc4b,ad622294-f2b0-4d79-a5ab-4e0b778bca50,2026-08-21T11:26:31Z,confirmed,1452.66,PEN,api
6714c3d5-f738-4878-ab50-407318f80227,bcd59ce1-972b-4e78-931c-15ca12b1a654,2026-08-22T06:20:18Z,confirmed,3703.92,PEN,api
476d4789-8642-40dd-879d-16b506a21257,21c7a614-f229-4e2f-9e58-d12b04ab66db,2026-08-11T14:17:16Z,confirmed,6453.78,PEN,api
96928e6a-4d1f-48ce-a730-f5c6f3e9ae20,bdcefc5f-88b4-4dac-a122-b2d5c3ee966d,2026-09-23T16:12:56Z,confirmed,653.75,PEN,web
575433fe-bd02-48fb-8415-606db5a98465,6ee82c33-24d3-4dc8-9c89-8fc08ee19b54,2026-09-24T18:11:43Z,confirmed,260.36,PEN,web
79e221db-ccef-4b37-a9df-83945a5e0834,e00fbf9f-e822-42ea-9d85-cda7dd952644,2026-08-29T10:30:49Z,pending,2246.19,PEN,mobile
06eecaa5-68cd-400b-9a0a-5b6b2f85069b,9d4dd53c-665f-4298-915d-9f28e33a2afc,2026-09-29T16:24:29Z,confirmed,7583.73,PEN,api
660c877c-9305-45c3-a850-a9ba503f75df,afa281e9-ee2d-43ef-91ea-24651a925d71,2026-08-13T12:26:57Z,,8777.99,PEN,api
c71d0143-6c25-4ca3-b306-764ac5e5d1ef,06a3c77e-bf93-45cf-afe1-fabf18abf75b,2026-08-24T12:34:34Z,confirmed,1863.63,PEN,api
f2ea4cc7-7eff-4eee-85f5-dcffd858a241,f43453d5-9613-4bb8-9f17-a8b917b1009d,2026-09-27T06:31:16Z,shipped,1912.04,PEN,web
5141eafe-47bd-4f77-ae83-e4a965af00cb,b84387d7-7bc5-41db-a71a-160ca1bf9086,2026-09-20T06:19:18Z,,1758.78,PEN,api
834dc608-fcbb-4fac-900f-c11258fc3e79,afa281e9-ee2d-43ef-91ea-24651a925d71,2026-09-23T16:56:40Z,confirmed,2698.9,PEN,web
38e8a948-cdcb-4ec0-b7b2-707866460387,d584c8a3-5316-4a31-9fe3-a81393b81785,2026-08-02T14:36:47Z,confirmed,327.57,PEN,api
6b808782-4388-4e05-8f0f-f399f4d2e577,660ab802-b920-43c7-9ecf-b4427a2ff6cf,2026-08-19T15:51:57Z,shipped,10029.63,PEN,api
c8f7cf57-1413-45b5-a71b-ecd08a99af2a,8d5d3f25-f4df-426c-b521-662882d06c4d,2026-08-20T18:04:55Z,confirmed,12607.96,PEN,api
df95c72e-3c06-4da9-931e-b4ca4425b275,a3afb1d1-f66b-4408-834e-b9ee24c384fa,2026-08-19T09:53:07Z,confirmed,1812.52,PEN,mobile
9ea34a68-1f8e-4834-b329-d6a6f29f4a7a,2419006b-0926-4d3c-9fd7-8b33bd91dc0f,2026-09-16T16:54:15Z,confirmed,2770.99,PEN,web
a3cc1629-ae32-488d-9e4b-70a052c24e72,6809b22a-94c8-40ef-944f-b35f06656229,2026-07-26T11:25:05Z,confirmed,1927.98,PEN,mobile
c88b0c98-3801-43af-8cda-72f381d66b0e,d6fc4a4a-464c-471b-b796-3551dd6840ce,2026-09-28T14:01:02Z,confirmed,2103.02,PEN,api
fb63168c-9e4b-4405-b8e0-8996abfc7a5a,b5609f41-090e-47d6-a142-d078b914fe2a,2026-09-05T07:35:00Z,pending,1822.11,PEN,api
654b7bda-cae6-480e-bba8-240d2b4dad6c,5e486750-d4a1-4e2d-ac24-955d8fff8421,2026-07-22T09:36:10Z,confirmed,183.8,PEN,web
9a8603b0-25a4-4045-a63e-b93eccb1e545,a0ba7906-8c74-4fc5-a6c8-c283d6f88394,2026-07-18T11:22:56Z,confirmed,6267.42,PEN,api
f1688709-2b60-4218-846f-05b160e32aee,94b0226d-f39e-4ed9-9179-068ff4ec9ca7,2026-08-13T13:17:35Z,rejected,4075.06,PEN,api
1a636426-3c49-47ae-b78a-e8fefc134356,38110926-ecdc-4c1b-8e34-5bece711d081,2026-09-23T17:44:41Z,cancelled,2373,PEN,api
d29b832e-ba78-4ded-9a98-5f89eb512749,73eeb5e8-848d-4bf0-9128-933745a6cae3,2026-08-31T16:13:12Z,confirmed,1015.29,PEN,api
