payment_id,order_id,amount,currency,status,provider,provider_ref,created_at,paid_at
2334c7f5-47d8-492c-ba2f-def21ac36a45,c8bd6987-4287-4dec-b1cf-ca9f7020bd88,15222.53,PEN,succeeded,polar,pol_f2951b16341e9c6f,2026-09-17T13:13:45Z,2026-09-17T13:14:45Z
1374caea-f51e-46cf-9136-0473b7f2308f,4b1a45c1-b849-45fe-a86e-ff0b0484de5b,627.78,PEN,pending,polar,pol_77dde7e807f3ccd5,2026-08-30T14:31:36Z,
1fc2c988-a969-4799-813d-9c42949725c0,065f61cc-0170-4139-b734-a402f3c278eb,3997.14,PEN,succeeded,polar,pol_6aa15eaffc95fa62,2026-09-21T15:58:05Z,2026-09-21T15:59:05Z
322e9625-bb6e-4ee3-9ad2-3a4726064382,22347e33-f708-48f9-b5d5-685bfe01b256,352.13,PEN,succeeded,polar,pol_39f00bbf5a24642b,2026-08-27T15:06:36Z,2026-08-27T15:07:36Z
b85efe6e-96c3-469d-bc7c-23b978e7ae7a,8e916cdd-9a55-4aa6-8b70-0a39069c5504,4147.14,PEN,succeeded,polar,pol_bd296c682f0a2d5c,2026-09-22T14:33:10Z,2026-09-22T14:35:10Z
37f2976c-2cee-47bb-93b0-cd03e7bd5660,bad57776-3ec1-4487-bc89-01d9fa0d11cf,2566.04,PEN,succeeded,polar,pol_0e4d0ee8f6f6c71d,2026-07-22T09:53:53Z,2026-07-22T09:58:53Z
8647b8fa-6b67-4f83-94ae-73e2cd7e1a0c,15e03a86-f3d7-4c03-afd5-97dfc3e881a5,86.44,PEN,succeeded,polar,pol_afa71672cc4f3a63,2026-09-18T17:56:28Z,2026-09-18T17:57:28Z
190d7e4a-bfca-47d1-bd04-2263f9aa3a9d,ac66de19-a24b-41d1-b228-e5beefe05036,277.77,PEN,succeeded,polar,pol_ab210a677e1cd871,2026-09-23T09:20:45Z,2026-09-23T09:21:45Z
7dd8e81a-276d-4f7a-94be-23e936b65c27,9481c2dc-ac4d-4718-83b0-2ebe2234c147,574.54,PEN,succeeded,polar,pol_485477de2c593f87,2026-08-27T12:50:13Z,2026-08-27T12:55:13Z
f61d7fbf-cf4b-421f-a247-1cd0d2c69f4c,3ef779dc-54e0-46a8-ba62-fbfe00f3be62,2813.16,PEN,succeeded,polar,pol_5293a0cea58c7754,2026-09-29T13:40:42Z,2026-09-29T13:41:42Z
e6954f37-eb7e-466f-867d-d92a12170de9,2ca71297-fac5-456a-9b1b-ffae792dce02,966.23,PEN,succeeded,polar,pol_90a7aaf144ecb89a,2026-09-21T11:40:01Z,2026-09-21T11:41:01Z
712e0f64-192e-47ba-9160-9f7c50fc9c26,4751b6e8-3a9c-4139-89d9-eb575b274c99,3409.5,PEN,succeeded,polar,pol_68b02b1e8aedc136,2026-08-28T16:22:47Z,2026-08-28T16:27:47Z
a7525ef7-9a1d-4133-885d-9a0a15ade3a2,eb1abbc8-94c6-431e-9e77-c4431443e421,3357.02,PEN,succeeded,polar,pol_408afd88bff1e4de,2026-09-14T12:54:15Z,2026-09-14T12:58:15Z
e1f74637-3819-48de-9403-00e00bc7a10c,4607eeae-532e-4bbe-aec5-ae7cb20431ae,6681.39,PEN,succeeded,polar,pol_88a314d01a784d72,2026-07-23T10:05:37Z,2026-07-23T10:07:37Z
7f1ee85b-f076-4ab9-8c8f-9a459c9fee6e,8c3c3853-507d-4bee-b6b2-c541ae3d911c,5504.64,PEN,pending,polar,pol_4246564ab070f8dc,2026-09-15T13:18:30Z,
b72ce70f-c85a-4730-8ad9-4ecbaa0cc459,5301cbb8-ff37-4883-8781-212d6132930a,3118.03,PEN,pending,polar,pol_2f9214e93d8ed04b,2026-07-28T13:53:51Z,
ad9b65c2-e1f2-451c-93d0-c92203b36be0,4df9dbb3-4623-44b8-9105-00956968320d,8659.55,PEN,succeeded,polar,pol_20ae0f7421a12b74,2026-09-15T18:26:53Z,2026-09-15T18:27:53Z
0724fc70-e830-4428-97a3-78f941e0ad69,e4e39de0-af77-4371-a19d-91381f7125b8,5842.3,PEN,succeeded,polar,pol_3b6ddcf6a372797d,2026-07-28T17:31:23Z,2026-07-28T17:35:23Z
11496815-bd02-4635-ae81-c8e54b7c47a1,0c29c1e8-84c1-4d0f-9d1b-f0bb2cd0d4f7,7359.92,PEN,succeeded,polar,pol_45cd6e19a1ec1bff,2026-08-26T12:45:39Z,2026-08-26T12:47:39Z
5d0db4eb-8eae-49e8-bc8f-d7fccf39e6bf,cf4bfd4c-533a-4f7d-a088-e31569a2cf12,237.57,PEN,succeeded,polar,pol_43e01b1f89715c7c,2026-08-19T10:20:47Z,2026-08-19T10:21:47Z
d0b578d8-9fef-4b5d-8896-b78fe95a386e,d8ce62d1-b750-40d0-89f4-f5c44805f15b,2068,PEN,failed,polar,pol_75ee94bcf8c3d02b,2026-08-07T18:56:29Z,
5c5a65ca-c785-45ae-a67d-6d1d15315dfa,73472e03-1747-49d4-97a3-74eebb5982cd,1020.3,PEN,succeeded,polar,pol_17b3b15de0fa90ec,2026-08-15T11:42:59Z,2026-08-15T11:46:59Z
50ec1ace-ee3f-4c0d-b060-2b45fc7710fa,2ace1ba1-2598-4e2d-b50d-c8ccb70947fe,758.4,PEN,succeeded,polar,pol_ed2897c60901d8ec,2026-08-08T13:22:27Z,2026-08-08T13:25:27Z
bbbf0033-6b95-408a-9ce2-48e2d9b81c7b,2e42daa2-57e2-4900-8502-c6e9ba3f81a6,1901.09,PEN,succeeded,polar,pol_7f1fa47db34e940a,2026-08-07T13:21:03Z,2026-08-07T13:24:03Z
a409e141-8336-4749-8dd8-767c4987a3ba,a962016f-ed75-4beb-8a1f-33c6a74246a4,2781,PEN,succeeded,polar,pol_a674174c73d0f4f1,2026-07-18T06:30:42Z,2026-07-18T06:33:42Z
3c0d53a6-e6b1-467b-850c-1ca80bc5c103,48fc6418-e852-4715-ad13-dcfd037aa3a4,367.6,PEN,failed,polar,pol_a9ef8d65dc64b8f1,2026-09-20T06:53:07Z,
5edfc846-41ab-4d17-9203-21000333f5ae,31bcee3b-1fad-4288-a411-0e781e599fe9,1262.56,PEN,canceled,polar,pol_0e869c39f395ba4e,2026-09-11T16:40:54Z,
0c0e322f-9b6a-4a98-818e-e394fcb45c8a,27381fb9-c3d6-450c-9346-90741130468f,738.93,PEN,succeeded,polar,pol_3c83f737ad43819b,2026-09-23T14:00:41Z,2026-09-23T14:03:41Z
c8e38dce-e351-45b1-8d3c-68cddb6e194d,cf906d57-0e3f-479d-8b21-624a9a38c39b,973.12,PEN,succeeded,polar,pol_d69f304026f09892,2026-07-20T14:10:36Z,2026-07-20T14:13:36Z
0ec4c5cc-a862-4d9f-a87e-ed737955d64a,8de8d282-5843-4888-9672-66d8f1f2130c,4157.03,PEN,succeeded,polar,pol_02c850c5044689de,2026-09-16T16:36:29Z,2026-09-16T16:41:29Z
93bf2674-4d20-41a5-b309-8399c7777edb,67f3ee21-7538-467d-affa-46ec35267355,1440.78,PEN,succeeded,polar,pol_8f2343cccec48ec1,2026-08-04T16:09:39Z,2026-08-04T16:11:39Z
bf13e232-a613-4fce-953c-31fe814ebadf,894299a8-4896-4148-8e0c-f4dd94083909,1281.08,PEN,succeeded,polar,pol_cc9cec981ae11d17,2026-08-15T13:16:33Z,2026-08-15T13:21:33Z
1367b4ad-8eb6-44b7-8660-88b3fbc95cca,9c00b50b-f4a1-4ca0-b607-a8d5118aebec,2985.58,PEN,pending,polar,pol_909ae99f6382d5a9,2026-08-18T18:41:28Z,
0bbdc1e4-addb-4afa-96e4-9db8801dd08d,7e40f373-b581-4a2c-bc76-5a7cd7b82ffd,3996.41,PEN,succeeded,polar,pol_d889c7db1960c1b5,2026-08-13T17:42:06Z,2026-08-13T17:47:06Z
2f0f7719-8aac-415f-bdb1-e4733981b3ca,d7f501ee-5fad-4b71-89bc-e8307f5a7b04,342.4,PEN,succeeded,polar,pol_848aaa4fec60b618,2026-09-12T09:16:24Z,2026-09-12T09:17:24Z
6ae27f21-fc5a-41d6-aa6a-8c234cdb4a9e,e803566f-c85e-4d33-abad-db738a195f05,983.12,PEN,succeeded,polar,pol_774f086c16605385,2026-07-31T09:32:31Z,2026-07-31T09:36:31Z
9d71a563-c6e1-4cf8-a5f0-ee3850cade73,29133613-6571-48aa-8f00-e44821fbf969,11361.43,PEN,failed,polar,pol_1cb339b00d24409e,2026-08-21T18:29:50Z,
55c99ede-e13e-4c44-aa38-ed228bc3602a,13d2c580-7656-4f50-81e8-ce2b81c6e3b1,2918.33,PEN,succeeded,polar,pol_c2cc1e44e48291fa,2026-09-21T15:06:28Z,2026-09-21T15:07:28Z
995c5712-a38b-467a-ac35-b1a3fdbdeeae,2e64dd4e-7315-4767-b06a-4905f27c14af,7939.5,PEN,succeeded,polar,pol_502ded545dbb1f83,2026-07-19T06:53:59Z,2026-07-19T06:54:59Z
fe25cd9a-368b-4b83-8f86-c5002c94fae4,5e82f458-803b-4a2c-849b-5161f48bdbc2,6421.81,PEN,succeeded,polar,pol_eae2a5d028cb0ba4,2026-09-28T11:36:09Z,2026-09-28T11:37:09Z
d00b25fa-cf79-4e6b-983b-0bf14d659223,f17b80a7-31d6-4f66-ace2-2de82794ca0d,3144.97,PEN,succeeded,polar,pol_a1f1b9d93b505223,2026-07-19T07:25:35Z,2026-07-19T07:28:35Z
6831d3d1-611c-4451-98f8-86b71453dd16,da68380d-e022-4ac7-a778-2efee3c495d4,2088.91,PEN,succeeded,polar,pol_1e96953d2550243d,2026-07-31T11:02:08Z,2026-07-31T11:07:08Z
b21a722d-8898-4b4b-ad38-cd0c6371bafa,d4dda5eb-0995-4780-9d5c-1e2058c17259,569.58,PEN,pending,polar,pol_3925e24e06e739e9,2026-09-15T14:42:41Z,
12a7c5f4-caf9-4d8b-a4fa-3efdf089786a,7c6b6585-ad8a-4ed9-9774-313db1635d71,4061.98,PEN,failed,polar,pol_afa42d8ea20c278d,2026-08-07T15:34:19Z,
f5c61d44-7355-4af5-89cb-a1d2c4b71585,fa49cfa7-925b-4f3e-8b34-3ea9d2d80362,184.74,PEN,succeeded,polar,pol_d3f39cdd4259f220,2026-08-28T15:30:36Z,2026-08-28T15:34:36Z
a5e957b0-624c-40fe-9daa-a2dc0d192111,7f456afb-7899-467a-a4e3-eee6c38cd9fb,737.34,PEN,succeeded,polar,pol_58beb62367a881ac,2026-08-21T14:19:09Z,2026-08-21T14:24:09Z
37a9b785-41e5-43ba-bd99-79e1a503bfe7,648bef75-73d3-43d8-a24c-b22334598271,514.27,PEN,succeeded,polar,pol_ad4b5354e2f66fb3,2026-08-08T06:48:21Z,2026-08-08T06:51:21Z
27e314fb-0d71-4952-800a-9d46adac6748,b1ff0720-389e-44b1-9718-cbee05c54597,1401.73,PEN,pending,polar,pol_b5c4c602f32c1119,2026-08-27T16:21:16Z,
e386ca1b-ed1d-4e26-b39c-93eb9168b0ff,90f415e6-ce2d-4334-b61f-c5421b8f6029,4094.04,PEN,succeeded,polar,pol_d4060ce100844336,2026-08-19T11:12:35Z,2026-08-19T11:13:35Z
c342eddd-710b-4766-ad31-3befb4b32913,f0113e02-376d-4618-b352-75b8b5df5607,927.95,PEN,failed,polar,pol_9ff95780bb372c2f,2026-09-15T17:26:05Z,
881ae5d6-a0ef-4eb7-a769-c0f0b5f2138e,d8740621-e8ca-4e2e-a892-7e89c2fbad88,605.81,PEN,pending,polar,pol_bd4c0642f06bc9bc,2026-08-13T15:37:19Z,
e79121c1-b7e0-4e39-9128-133e58fa36fe,63306f6d-44d7-46b0-b9d7-4070dd107e72,2140.4,PEN,succeeded,polar,pol_26e23005a90cea6b,2026-07-24T14:00:13Z,2026-07-24T14:02:13Z
ad0ac5a1-b855-4d9b-aeb3-b017a1023e89,1b803c2e-5f0a-4796-8755-24e976ced4d2,1554.68,PEN,succeeded,polar,pol_7e488e1bf32e158e,2026-09-25T10:01:57Z,2026-09-25T10:03:57Z
0940cd88-6709-4d28-9b17-70d087271ece,a9702e11-4170-490e-b42c-4ee75daae520,13595.82,PEN,succeeded,polar,pol_3a83a96ee92b8e8b,2026-09-17T13:13:15Z,2026-09-17T13:17:15Z
fe10ff84-9962-47ba-97fd-c1397cc4e05a,6a4213bd-0c4b-4abd-9e02-6d21ea58cb39,3415.37,PEN,succeeded,polar,pol_9aec788fb00774df,2026-09-09T11:42:43Z,2026-09-09T11:45:43Z
e9ed1f09-470a-494f-a1c1-2fbf70a44caa,8897617f-b438-4ce0-aecd-1090e6397c2c,3311.91,PEN,succeeded,polar,pol_108a991d4f92721f,2026-08-18T16:58:44Z,2026-08-18T16:59:44Z
285eff40-2030-44f1-a728-fe044f30f729,34010a02-b5ba-49ae-b0aa-486a0c3accfc,1615.38,PEN,succeeded,polar,pol_a1da5a4fe0acfa38,2026-07-21T12:27:13Z,2026-07-21T12:30:13Z
7480ba31-a21f-42ff-8ad0-7756cc8213cf,89cb2c4b-fa26-455b-8f6b-79138c172fb8,1054.79,PEN,succeeded,polar,pol_b247cc9b1004f173,2026-08-26T12:29:49Z,2026-08-26T12:30:49Z
336b23ba-9bae-4342-82f4-fc269e1c66b2,9e231107-b273-4db0-bcba-669009b61f17,1778.36,PEN,succeeded,polar,pol_29be36bb34a3dc98,2026-09-09T12:00:03Z,2026-09-09T12:02:03Z
c38486ea-c72f-434e-a83c-8c274a8d08e8,d0720375-c0e7-4ad1-bd03-7b898ba0688a,3740.26,PEN,succeeded,polar,pol_7a05dedd5e019817,2026-08-01T08:17:13Z,2026-08-01T08:21:13Z
175e0679-033d-458c-95ea-3e22d37e7b05,6f854e02-adc5-48c8-a34b-1b734ee15639,2129.45,PEN,succeeded,polar,pol_169333dc8ff6c3eb,2026-07-30T09:22:31Z,2026-07-30T09:23:31Z
270f5082-16be-4c96-8a02-f4e5082443d1,29f633c9-f96b-46fa-a216-5f2925473175,8010.14,PEN,succeeded,polar,pol_e4511af43cf00b51,2026-09-13T14:56:12Z,2026-09-13T14:59:12Z
b0d7831b-40be-49be-9602-4a45efa9801a,ac667575-7f54-4c6e-a18a-daac6b4e367f,1156.8,PEN,succeeded,polar,pol_061c4389988c79d6,2026-07-20T16:18:12Z,2026-07-20T16:22:12Z
4485e5ef-14a0-4ef7-8a48-6ea090ad88cb,afed4968-f330-42d4-bed5-5b1db630ff24,5221.98,PEN,pending,polar,pol_e34be34f01cd2ae7,2026-08-03T09:40:00Z,
cb473b35-3c9c-44d6-8e3e-52df871f6d87,cb4e0f86-5492-4bda-847d-064048408d67,5014.78,PEN,canceled,polar,pol_9a441c24a45951ed,2026-08-28T17:46:56Z,
1d57a48d-bdb5-4283-9ddb-237c02b9c412,38161aed-204a-43a4-bfc4-4459d48316bb,3213.25,PEN,succeeded,polar,pol_e68e9d943474e496,2026-08-24T16:27:36Z,2026-08-24T16:32:36Z
d7fd149a-d0c7-4be2-b931-e3a03cbf89ad,436234fd-5363-4089-8709-bce7e501c099,2139.18,PEN,succeeded,polar,pol_0ce26aa8ba15511f,2026-07-24T18:52:10Z,2026-07-24T18:54:10Z
876b0380-1e6d-4693-ad69-6fcea28271a8,93f4a082-97fd-457a-88fb-1221e1469abf,277.77,PEN,succeeded,polar,pol_e55f8988832a74b7,2026-08-16T15:59:25Z,2026-08-16T15:59:25Z
9a6c5bd9-895f-487a-94c4-dd0ba103bd50,10c37c1e-88b0-4c4a-94c3-56647f0884e4,4344.17,PEN,succeeded,polar,pol_a283fd6ad87347f8,2026-09-11T12:33:28Z,2026-09-11T12:35:28Z
3076a8b3-8397-43e3-9e61-2784135f15cb,784cf7f5-8224-4178-99cc-52f38cf8911c,8502.04,PEN,pending,polar,pol_7d47a046587f923a,2026-08-04T18:45:56Z,
cf225c25-2d55-4de4-962f-c763d06d02a6,0175d6d0-3db2-4fb6-a25e-fab2c1efd8d8,2925.98,PEN,succeeded,polar,pol_5d793e2951b099c6,2026-08-13T11:34:05Z,2026-08-13T11:36:05Z
d8c5b804-bcf6-48da-b665-db5d939be70d,6ef81fee-1f5a-4d19-b302-276927e49c29,359.51,PEN,succeeded,polar,pol_a0eed8a765b72544,2026-09-24T14:15:46Z,2026-09-24T14:19:46Z
2d667295-c033-488d-ae75-6aa92f951539,63d0ab0c-2a6e-4e33-9803-3dbc7a04f310,6515.12,PEN,succeeded,polar,pol_6132b8740dbb012d,2026-09-17T13:03:20Z,2026-09-17T13:08:20Z
47e195f7-7f84-41fb-b406-4d801cf55b8b,8a275ee4-b11d-476e-b148-a3ad5937b181,874.1,PEN,succeeded,polar,pol_d8483a72535cf556,2026-09-08T15:44:29Z,2026-09-08T15:46:29Z
aa1f4b30-2f98-4f3c-93e1-99ad58edf9a8,a2af075c-c094-4051-852d-7c99fe8184d1,158.38,PEN,succeeded,polar,pol_7a6222e708b8707f,2026-08-14T09:19:20Z,2026-08-14T09:21:20Z
1dfbe8dd-8b1b-486c-9ba6-080929d4dc83,855494a8-dc56-4db1-8e2a-0bc1aff85cd2,1975.57,PEN,succeeded,polar,pol_89ee411fb74dbc45,2026-08-01T07:15:19Z,2026-08-01T07:17:19Z
3a2f1c27-a88d-4682-94a2-6169572fd303,54eb6809-eb3b-4e76-8761-8a265cf621e6,199.99,PEN,succeeded,polar,pol_f5a9e2c59f74960d,2026-09-14T14:23:02Z,2026-09-14T14:27:02Z
3a04e6af-bcd7-4e24-942e-d6467513c9c2,3d9a57ec-57b4-49b3-abdb-bc1f7e4cc8da,1751.42,PEN,canceled,polar,pol_ea8a9ebdfa4ffa8d,2026-09-22T16:29:55Z,
638e1128-ed3f-44fb-bb58-186f390db27c,7f3ae32f-40ec-4e94-bf64-c285c38d914e,1101.89,PEN,failed,polar,pol_ee56a7c915741239,2026-08-04T09:01:26Z,
20740189-1aff-47b9-a23c-8e04908f1d7e,55352aff-a5d6-42d9-a405-4e40c1ccaadf,444.04,PEN,succeeded,polar,pol_af27de16dfb06f18,2026-08-20T09:04:50Z,2026-08-20T09:08:50Z
abdd6ed0-3b66-4754-96be-cf008a9e4117,fc83bb1a-dc3c-4518-9005-97870e2ef383,3600.12,PEN,succeeded,polar,pol_adbf50bdfb167612,2026-09-06T09:44:04Z,2026-09-06T09:49:04Z
df79858f-9ba3-4903-8f66-281998900877,793aae85-accc-4ac7-a606-2080bebefdb5,1119.11,PEN,succeeded,polar,pol_8ee94dcf209580bc,2026-08-25T09:33:33Z,2026-08-25T09:36:33Z
1f0d26d6-98f2-403d-995d-34f7eedb2a96,33515033-d9db-4b36-b931-892202034a06,710.72,PEN,succeeded,polar,pol_17662c1adaf7e569,2026-08-16T15:17:05Z,2026-08-16T15:22:05Z
f480cfa2-56b9-414a-8817-eb63c8bcbc84,9b9acfa4-af66-4ac3-8bb5-65b47706963e,947.88,PEN,succeeded,polar,pol_194bd59246028256,2026-08-01T12:35:05Z,2026-08-01T12:36:05Z
adf956bc-5226-4127-8f72-c7257b927ff0,4e6a2fab-eeca-4c98-9382-821069f3d4b4,4557.88,PEN,succeeded,polar,pol_61cc38cbe9f68395,2026-09-13T11:31:17Z,2026-09-13T11:33:17Z
a1e13f1e-5f13-4801-b7ae-b9a9854fe4a2,167b61c0-d2de-496b-93f2-692f19b06764,1206.66,PEN,pending,polar,pol_a82be91e6ab69870,2026-08-29T09:12:24Z,
b078e537-5a0a-4ce1-bf1d-4547f9e08650,c1bfb20a-6af2-4e41-8a47-b738876a4b45,323.19,PEN,succeeded,polar,pol_0a52cd2178838986,2026-09-10T11:54:59Z,2026-09-10T11:56:59Z
3ef7f2a8-8853-4f7b-a532-f128877f1eea,e5d1c1b5-16bd-4c8e-b5e3-78c6ac86a114,219.96,PEN,canceled,polar,pol_e7de3606754dd207,2026-08-24T16:44:12Z,
306ca429-a8cd-4861-add0-8addb6dca731,5b62c91f-3875-4158-8dac-5f9f7ec9bc31,3497.83,PEN,pending,polar,pol_0cb009de249e250f,2026-09-10T13:11:16Z,
3c5466be-524d-409f-bdb6-db1c2f88c25a,8e9ee813-d5ec-40c2-a9bd-a2dc5f8a678f,5295.34,PEN,succeeded,polar,pol_8d7faf00b11bc8e2,2026-09-24T18:51:24Z,2026-09-24T18:54:24Z
9a6c35bc-6504-489f-81bb-7f0853129961,0add1c70-f57c-4459-8d79-c1ce9be967b7,2428.45,PEN,succeeded,polar,pol_6b8605813fc12865,2026-09-19T09:52:44Z,2026-09-19T09:54:44Z
0defdfb5-0983-4f5d-a62d-3e933c84186f,c26d28ea-266b-4334-bd8d-36c3c17f817b,2308.41,PEN,succeeded,polar,pol_5c3241d07d14ccbc,2026-09-07T13:44:06Z,2026-09-07T13:48:06Z
13068331-8517-4f6e-89c7-c3d4756af3b3,4c5ddaa5-6452-4306-bc16-3a13ddefe637,2112.3,PEN,pending,polar,pol_ecba43ee26e3ad48,2026-08-06T10:33:56Z,
5ff15b09-a9a4-42ff-9622-efce3cb99c33,d9cd476a-15a6-46a0-b8c7-72964ea28675,11564.12,PEN,pending,polar,pol_930308053c549388,2026-08-27T15:00:35Z,
a5df8200-39e9-4097-aa10-1d82e63c9799,7c6a9a47-f931-45f4-8042-fba0db50ed7d,3995.9,PEN,succeeded,polar,pol_38ac5e5605c5a78c,2026-08-08T15:21:32Z,2026-08-08T15:23:32Z
09272730-a68a-4b56-8df3-67051317afef,4720a0a4-79b2-4e88-b152-fa39b3e89aa3,211,PEN,succeeded,polar,pol_5fa5ea1360153594,2026-08-02T12:33:05Z,2026-08-02T12:35:05Z
91c36dac-8cb4-49b1-a8e3-1dac340ae510,4b265961-9999-4658-875d-4fdadc951046,5096.68,PEN,pending,polar,pol_32e0b0d49e567eb4,2026-09-24T17:01:32Z,
b4254f79-9564-4527-99c6-e03f0f6e8c74,e217211f-9615-4297-8707-150ba8c05654,9128.17,PEN,succeeded,polar,pol_50d9c7bf200d5316,2026-09-21T12:50:20Z,2026-09-21T12:55:20Z
6b5bde42-6e77-42cd-97c6-f1d8f89b05d4,9d7289a0-43ac-47d7-9017-2f5ec38024e1,5543.48,PEN,succeeded,polar,pol_582e5ae40f8e685b,2026-09-30T12:47:46Z,2026-09-30T12:49:46Z
5b45bfc6-f717-4b1c-b740-a1866eb79680,ec8aba4b-36c6-44b0-8079-ef557ba505d0,3801.98,PEN,succeeded,polar,pol_23e4f5a016432d31,2026-08-21T10:29:20Z,2026-08-21T10:32:20Z
e76cad37-7cce-4f4b-9570-86808328e6cd,eb57fda9-4e05-4a10-893e-2e67bb5d39fe,2260.24,PEN,succeeded,polar,pol_8786f211f133fd33,2026-09-13T10:10:17Z,2026-09-13T10:12:17Z
d3756d3a-7b41-4ffd-a254-a6c6a491e551,7d2d570c-4970-45a8-bfc2-9f4786c4090a,2859.85,PEN,pending,polar,pol_ac125aa5ff78c686,2026-09-02T11:15:50Z,
28c5b99f-5cb0-4c78-b66f-510dbcb611dd,ebff1aef-1d5b-4f8a-92c1-d44efc721a56,2794.28,PEN,succeeded,polar,pol_5c6dfba50476822a,2026-07-22T13:26:10Z,2026-07-22T13:30:10Z
d5ecc8c1-acef-4516-944b-b8f882690567,f96e51c6-93f1-431e-9dd4-8d4e3b7e49d0,2013.04,PEN,succeeded,polar,pol_86546c56700fc823,2026-08-13T10:03:25Z,2026-08-13T10:05:25Z
8a4c58dd-90cd-4642-ad30-fc243a035420,ecaaf8a3-0973-44cf-83c0-09e300f74a39,516.83,PEN,succeeded,polar,pol_ec17cf6bd617d63a,2026-08-18T16:59:05Z,2026-08-18T16:59:05Z
d5a2bed5-4b59-4cc1-92fc-198e4cefb925,42dd6734-43ad-416d-a6a9-ee286a265c41,1180.8,PEN,succeeded,polar,pol_a75c21b0a7dd7f69,2026-08-13T10:24:52Z,2026-08-13T10:25:52Z
22a18236-cc38-4853-9db9-d2821954a04c,9f3c3c3b-df66-48b5-9b52-f427ac43a8f6,184.89,PEN,succeeded,polar,pol_3e123f611eb55572,2026-09-28T13:11:02Z,2026-09-28T13:14:02Z
35641b8e-10be-4076-a49d-1b19a8e77472,c151c2fb-c3d4-4c9b-b194-773f0550df21,2077.96,PEN,failed,polar,pol_483387565a4eb7ec,2026-09-19T14:38:24Z,
ae0ec60a-d794-486a-b5a9-66350d59188f,4c95089a-09aa-4120-9099-f365e9c859bc,8413.03,PEN,succeeded,polar,pol_726d15f3685e189d,2026-08-27T09:29:53Z,2026-08-27T09:31:53Z
06f4db9c-5623-4648-bf3f-b87727b078ac,a2ac46cd-464e-4a90-90bf-e2b75f1c8f49,284.41,PEN,canceled,polar,pol_607650a7a012ef5f,2026-08-06T12:03:29Z,
ce44fcdd-fa07-41c1-ae61-17317c9c3695,51533661-c232-46e1-bafa-332ec9a7c538,451.45,PEN,succeeded,polar,pol_506739d1a0f05224,2026-07-22T17:18:34Z,2026-07-22T17:20:34Z
4247357f-c75e-415e-92a7-2add08035b88,5dec5643-167b-49a4-adf5-28b279d21793,212.31,PEN,succeeded,polar,pol_9831728b0d1ddda7,2026-08-30T10:05:45Z,2026-08-30T10:08:45Z
9fd73e03-f115-4f32-b71f-d170f5598221,e65387d8-e1e8-496d-974e-d20b6367cd1e,858.61,PEN,succeeded,polar,pol_fa749a5af9a097e0,2026-07-24T14:34:49Z,2026-07-24T14:35:49Z
550b9291-dab3-4971-a361-805936b22c2f,37aa92c5-5697-47b6-a665-70dd52ee72ee,1731.53,PEN,succeeded,polar,pol_b9df1b490a7420de,2026-07-28T14:28:44Z,2026-07-28T14:29:44Z
139b20b0-a081-497f-837f-5eaf8cd2bab7,8e8c5548-cbce-49ca-a1ab-7a426eed5930,24.93,PEN,failed,polar,pol_10a31e7a03776600,2026-08-03T09:46:38Z,
cf8c5b0d-4c97-4b43-9fd0-466deaa7a54d,88aa787b-9aba-4391-95cb-0d2629ede2fb,643.66,PEN,succeeded,polar,pol_507d4712b3b23235,2026-07-30T14:49:59Z,2026-07-30T14:53:59Z
4fc7710b-13e8-4580-a0dc-2815ab6be879,a744cd9c-1fe8-44f2-8741-cc80b6b2f3e3,125.07,PEN,succeeded,polar,pol_ab765591a3706039,2026-08-17T13:54:28Z,2026-08-17T13:55:28Z
80fb5c25-2402-4934-b3d1-828ae7b994fa,bb80b767-d678-4da7-ab84-7d351cc3bbb7,15467.1,PEN,succeeded,polar,pol_acea8542e947a84d,2026-08-09T07:44:37Z,2026-08-09T07:47:37Z
22afcec2-fb36-4958-b9c3-f23b8b1c9762,95792b1e-8689-4d73-b92b-8119087b50ce,1069.26,PEN,succeeded,polar,pol_bc25810cb28e6b84,2026-09-07T13:13:30Z,2026-09-07T13:15:30Z
762eb5ea-ed3e-4943-8d84-7daa3fa27fe7,62df7122-1d79-48b0-85f8-7fed750c3b93,266.92,PEN,canceled,polar,pol_7b4c613b60bdd23c,2026-08-09T06:42:53Z,
096f36c7-4e9a-48a7-a25f-29747f21814c,2c7c4352-e573-4d6b-a15e-8e12fdf2ece5,4207.88,PEN,succeeded,polar,pol_09224437e5b399c7,2026-09-02T16:26:11Z,2026-09-02T16:29:11Z
0ac168bf-0fac-4525-9608-2821962cc1d3,d8a3f7a4-3386-42a3-b9d6-9442153b5b6d,879.68,PEN,succeeded,polar,pol_234006c596c97683,2026-09-17T17:33:11Z,2026-09-17T17:34:11Z
f718a7c3-9ee6-4cd2-b780-5d2e992a26d0,8955f539-1abd-48f0-90d3-ea4d5d9dce92,713.15,PEN,failed,polar,pol_07031d83731219c2,2026-07-29T18:44:47Z,
fa403464-4649-4039-ad7a-f44b417eacda,f9caef9b-24b0-4a4e-b1fa-3f2b0e096689,1990.91,PEN,succeeded,polar,pol_eae57ab6b1dc80df,2026-09-14T17:50:37Z,2026-09-14T17:51:37Z
bf473195-2159-4f53-927a-82a692ef1d38,fb99da17-5410-4261-8e72-297c99fa7ad3,1274.67,PEN,pending,polar,pol_2631a98363a66f34,2026-08-04T18:36:26Z,
f9474640-0b79-48d6-a49e-bd5a962716af,73abb372-9a75-43f0-b430-efc1d54e3a68,54.99,PEN,pending,polar,pol_7142613b0cec7081,2026-08-10T11:58:44Z,
ae0d785b-a335-4ac3-a021-516e64192426,e993062b-d219-4d85-a2da-5b0a90001fcc,1226.44,PEN,succeeded,polar,pol_afdb8944bbdc8f26,2026-08-11T14:16:35Z,2026-08-11T14:20:35Z
ae3ba47b-c8f2-4fc1-b207-ef16be808b6c,93a30332-f699-46c3-8207-824a3483c64a,6098.96,PEN,succeeded,polar,pol_65356a2f93ff5d56,2026-09-09T14:10:57Z,2026-09-09T14:14:57Z
0d096572-db22-48e0-8010-38df74a75537,f622a93d-bf4f-48ba-92bd-f7ca14a7e73e,1221.88,PEN,succeeded,polar,pol_4911eea635c5c973,2026-09-02T11:42:09Z,2026-09-02T11:47:09Z
6ec19255-b80e-4262-943d-8c6b306c9b12,cb62c63f-bda5-4f17-b514-deec052a9c2b,78.92,PEN,succeeded,polar,pol_4fb4e9692c754b06,2026-08-18T13:00:45Z,2026-08-18T13:03:45Z
e487eec6-96b7-4d10-a588-d93d1c126d01,cbf071ab-d691-4146-b625-5a206930ea6f,1430.05,PEN,pending,polar,pol_ba04428dea8453f2,2026-08-23T13:23:51Z,
80ea46c7-5893-4dbe-b9c7-4172be3640a6,99a043ff-95c1-4d65-a0de-69e6ff7801b1,2875.57,PEN,succeeded,polar,pol_7612a7b3b0f9f490,2026-09-06T15:48:08Z,2026-09-06T15:51:08Z
33a7978d-6c26-4d1c-b1d3-d2fa6cca2590,39c083bf-7d95-4077-97ab-27851326fec1,1976.47,PEN,succeeded,polar,pol_1e6e4a2e6822a8c7,2026-08-18T17:21:41Z,2026-08-18T17:22:41Z
e8c7d835-c44e-4df3-94c7-06d9c2b5306d,e649e9ba-353c-4092-b204-bf4a063c05e5,11085.27,PEN,succeeded,polar,pol_f9b8a7aa451e2591,2026-08-02T14:16:55Z,2026-08-02T14:20:55Z
89438a7e-d2bb-4ab5-8166-9dbfcc2db4cf,06afa5d5-d03b-4b59-a37e-40bc27d96393,5635.85,PEN,succeeded,polar,pol_2767ba8e6dc63ec2,2026-08-21T09:33:43Z,2026-08-21T09:37:43Z
27ff0b53-2b71-401f-bdb1-0bb234ec0ccb,95cc8b8b-83a7-4cc7-b061-4518a2ae473d,3021.38,PEN,pending,polar,pol_4f5854f149795177,2026-09-16T18:21:25Z,
786067f9-18c3-4f88-b529-f735683985ca,8d1a3a38-8243-4ef1-b2c7-eea848dcbd16,1326.93,PEN,pending,polar,pol_0fd3dae33b2f1b97,2026-08-08T11:50:16Z,
d1de0eb3-58b4-4d5c-82a4-5d39242a2658,66011148-a521-49fd-afa5-4c0dd614fb6e,640.28,PEN,failed,polar,pol_5dfe9e40efaaf467,2026-08-18T10:00:49Z,
dd50c480-e74d-4a2f-903e-6f6c3a098261,7931f99f-75c6-42a7-9668-8cea1e562cf6,189.86,PEN,succeeded,polar,pol_05f5e0dabc4d7666,2026-08-21T09:07:47Z,2026-08-21T09:12:47Z
77d20e18-88d6-4a62-a591-1aa91af0854d,19c48238-988a-4626-b683-d6e26fed0f5b,1927.83,PEN,failed,polar,pol_88cde5f967c6161b,2026-07-30T13:41:37Z,
5ae6f066-f3c0-46c7-9d0e-add95bcb376b,252b42a9-9656-4876-bd4c-2ffb02a75c7a,2818.26,PEN,succeeded,polar,pol_3aa071555aee184a,2026-07-19T06:51:19Z,2026-07-19T06:54:19Z
6dc96c28-72ef-44c5-9608-868ccae1bb29,73945115-1813-4a3b-8ffe-432782073a9a,74.18,PEN,failed,polar,pol_bc00cff2da656720,2026-08-21T13:07:47Z,
fb15d0bf-0fe2-4b0e-836d-d582d6fc28ff,2fb49478-fe33-47da-a19e-3f9199ba651b,6821.51,PEN,succeeded,polar,pol_8dfcc4d596bdb1a6,2026-08-10T09:25:24Z,2026-08-10T09:26:24Z
09ec01c3-9207-40ac-aab6-0971c5058b8e,3832f8cd-3a98-4f02-af1e-e4dc4fc214d2,2644.56,PEN,succeeded,polar,pol_94799b0d33d50ad5,2026-09-28T15:58:04Z,2026-09-28T15:59:04Z
e9350e41-4e56-4050-8223-d15bf35f2610,d3845e93-98f5-46f1-b762-a20debd9648b,3124.01,PEN,succeeded,polar,pol_83a6c0fcb51cff30,2026-07-27T11:41:37Z,2026-07-27T11:46:37Z
e6efa0c8-e8f5-462a-ae00-3aa015aa511a,d6556507-cef9-43d3-b8d3-fc767b2903c8,232.04,PEN,succeeded,polar,pol_3aa74120a2d0477d,2026-09-20T15:21:38Z,2026-09-20T15:24:38Z
1c4e279f-f07b-40c7-8686-de19ce1492dc,322b2be6-6b4a-47d2-884d-84a595bc42cc,306.37,PEN,succeeded,polar,pol_92b45fbd6f05d6dd,2026-09-06T13:29:16Z,2026-09-06T13:32:16Z
dca75d95-1d49-4eb2-9377-1afb2703065f,d8107757-fb23-418b-8833-50340fdc72c7,5771.24,PEN,succeeded,polar,pol_89f949b099f25615,2026-07-20T17:55:52Z,2026-07-20T17:57:52Z
d15f0c3f-2aed-4911-a854-d40592d53c36,74188fe8-ac5f-4102-976d-dc895928fd48,2172.12,PEN,succeeded,polar,pol_4c95468ba06c532e,2026-08-13T10:43:30Z,2026-08-13T10:45:30Z
54981824-aedf-4680-975b-7ac41070e45c,f6e2e9ce-bac6-4572-8cd3-936dca3b3589,443.52,PEN,succeeded,polar,pol_c9f84cc7d1cf31ba,2026-08-17T18:19:59Z,2026-08-17T18:22:59Z
a36e59b9-0d54-49bf-9bdd-973602756128,b8dc6bc2-3400-4572-9d85-1adb12af51cb,6192.22,PEN,succeeded,polar,pol_078a4d8e5de3386c,2026-08-30T09:42:21Z,2026-08-30T09:44:21Z
235c1941-a9c6-4693-9d1a-efbc8c7f7be5,3197392f-52e0-47bc-a679-1a37b66a6f18,2699.45,PEN,succeeded,polar,pol_115a0125178cf7f2,2026-07-29T11:30:10Z,2026-07-29T11:34:10Z
e067c101-8f46-4675-bafc-ca0a99264ba3,d16b3373-1578-45a9-ade0-44f81ba28243,1150.95,PEN,succeeded,polar,pol_f9e3a3542c206cfb,2026-08-29T13:52:01Z,2026-08-29T13:57:01Z
b6ac58c6-209f-49eb-bd96-6451bedb8aa4,077ec8ce-3f74-48ac-8d1b-70e5b8c27714,1687.28,PEN,succeeded,polar,pol_2d933e15e4bba868,2026-08-22T11:45:59Z,2026-08-22T11:47:59Z
efab76d7-86e3-40c7-ba7d-29cdbb3558b2,e2b31cc5-495e-45e0-8f17-901567d237a5,1496.26,PEN,succeeded,polar,pol_e979c34912088f87,2026-09-01T09:26:51Z,2026-09-01T09:30:51Z
d67bc117-6e3c-4d45-b95a-eb8eb648427c,59deac24-c04b-4a03-9177-1ac7e3c6604e,1345.1,PEN,succeeded,polar,pol_d5103407728eec3b,2026-08-02T15:13:51Z,2026-08-02T15:15:51Z
8272d9d2-e08a-40f0-8a7e-b290a4b314c8,6f9734a2-fce5-40aa-88c5-ffe1a1bb2572,1839.28,PEN,succeeded,polar,pol_99fd8e272f5b6e8c,2026-07-19T11:14:55Z,2026-07-19T11:19:55Z
1d67af74-e929-41c5-8bcd-b795db3dd767,2c501d00-08b0-4a16-8933-4eae46fb4b0f,361.33,PEN,succeeded,polar,pol_5e9c5056d3c1b9dd,2026-08-22T15:45:59Z,2026-08-22T15:50:59Z
05aa98b2-c399-4183-8b26-ecee774ade8a,6847222a-ec35-4c0d-8d3d-a7474ccbf6fb,227.25,PEN,succeeded,polar,pol_30a2277409299041,2026-09-07T10:06:08Z,2026-09-07T10:11:08Z
d46935ef-826a-4040-ae69-d03806631b66,9f2f5387-933a-4f4c-a053-248f7aff5623,1507.5,PEN,succeeded,polar,pol_71c973fe4f87ebd6,2026-07-24T12:23:36Z,2026-07-24T12:28:36Z
c85add78-5334-494d-b57b-39cf376db068,7b1f2758-4d51-417d-9d90-04fc67d7aa48,386.87,PEN,pending,polar,pol_856ec3dcb6ebf009,2026-09-22T15:27:16Z,
ec2a926d-c7fd-4cc2-8721-56b62214b104,9726dec4-c5d6-49d4-8613-7139d94aac15,778.03,PEN,failed,polar,pol_7475010835a32a32,2026-09-19T06:00:39Z,
f2ac3460-89c6-4655-90dd-68123524f5ed,019805c9-bd9b-4f54-ab99-5a4267222256,1590.6,PEN,succeeded,polar,pol_c3cbf79cf74bd3a1,2026-08-21T14:02:30Z,2026-08-21T14:03:30Z
bea9506d-8ca9-4ef9-87a7-e7df3c564d22,731c7201-263d-495a-825c-aa0c35298f54,244.48,PEN,succeeded,polar,pol_195a13ec6b34f738,2026-08-22T08:29:45Z,2026-08-22T08:33:45Z
cad2a9be-31b1-469f-b3d4-117ec3ede5fa,c2197a85-154f-43a6-ac25-078aa6ebe4df,763.22,PEN,succeeded,polar,pol_0f07120beaeb1046,2026-09-06T08:22:17Z,2026-09-06T08:24:17Z
2995dd6a-e9cb-4f37-b1e9-7680f9d0269b,7bff5ba3-8981-4cae-84b5-1845ba8f3081,2187.09,PEN,succeeded,polar,pol_4bffbec3b443b948,2026-09-11T16:51:53Z,2026-09-11T16:56:53Z
6f2351da-7180-437c-810a-a751d195cc02,f2717978-66d8-478a-af1f-bee42bb6cfee,1742.11,PEN,succeeded,polar,pol_38a5debde49a7e5a,2026-08-18T10:04:41Z,2026-08-18T10:09:41Z
5583acc3-c4cd-40bd-96f5-37bcdff3ac2c,24901603-d0fb-4d92-b904-06497884417e,626.43,PEN,pending,polar,pol_662487e50e3b846c,2026-09-17T12:52:46Z,
9d160998-6191-43f5-8803-61158b78fce8,4d51c8cd-b4f6-4401-b1e4-b30c3b2f1bce,2045.63,PEN,succeeded,polar,pol_fec92ebe1a4ae8fc,2026-08-18T13:42:50Z,2026-08-18T13:46:50Z
4c833639-a027-4640-a6a9-e3f2c8b040a7,88a9a4de-7f1c-4baf-a020-5f85697ac8d1,1694.81,PEN,succeeded,polar,pol_6cca3651523f5fc6,2026-07-22T11:04:43Z,2026-07-22T11:05:43Z
4bf4e602-b9ab-4648-a50e-bcab86852326,867b5404-119a-42a2-ab46-8199d1ead98d,2122.52,PEN,succeeded,polar,pol_bef67e92f0fbe020,2026-09-02T15:45:58Z,2026-09-02T15:47:58Z
63629284-7c4c-4a0b-ad52-8a90b6509c87,c6cefbf7-c02d-4402-be58-df1d2a1a67f1,3268.72,PEN,succeeded,polar,pol_66d5b79541a418d9,2026-08-19T13:59:45Z,2026-08-19T13:59:45Z
173db29f-334b-4998-a119-cfc3028c0680,a26ceee2-b21b-477e-bced-c64388fde472,1215.06,PEN,canceled,polar,pol_36a28c5e6de1bf3a,2026-07-19T08:13:12Z,
a4022b6e-a849-4820-b358-abdb18fa0e56,a2176a5d-0ae3-41cb-bfe0-6794c17469fe,2995.86,PEN,failed,polar,pol_a3d6f4aa3e81a3f8,2026-09-06T08:45:25Z,
5cf46f51-5e74-413a-aff4-58bfa7dec12b,b1bc68ee-6298-49bb-bc2c-bd6da87e28a1,876.85,PEN,succeeded,polar,pol_50d65e0274a82887,2026-07-18T06:15:46Z,2026-07-18T06:16:46Z
15a14df2-fa4d-430d-88bf-9b2eca5fd67b,05c367ed-6c9b-4002-baf6-d2e11bfeb7fc,2256.88,PEN,pending,polar,pol_aea65b5b26667c6d,2026-08-10T12:38:56Z,
5bd013c6-3ae2-4cad-9f5b-dad2103696c7,dbebd96f-1f97-4686-909f-4883dd19bad8,4994.2,PEN,succeeded,polar,pol_c946ea557e1444eb,2026-08-28T14:21:23Z,2026-08-28T14:25:23Z
84c1dd26-1bc6-4220-92bd-d49362b6128c,54d9d6f0-7135-4b3c-a0d2-fdd96e9eecf2,1144.36,PEN,succeeded,polar,pol_f651f235dc51f31f,2026-09-03T12:53:15Z,2026-09-03T12:55:15Z
9617f743-b5fe-48da-8a83-5aeb19a6cfa5,f9234be0-7c42-4db0-8182-5cab3cc17777,3599.58,PEN,succeeded,polar,pol_33d1d7ad05db0e7a,2026-09-12T07:22:21Z,2026-09-12T07:26:21Z
489011bb-ddc6-4e9c-8720-88f614950824,ad1750b1-2627-4823-95d6-f33e09a97dea,3051.92,PEN,succeeded,polar,pol_bfb8c4a655940047,2026-08-03T17:40:00Z,2026-08-03T17:42:00Z
2a74423f-c015-4615-bcd0-561b1cf6d4d6,80713c97-7c4f-4f3d-a9ff-8401226932db,2538.29,PEN,succeeded,polar,pol_65d236f1e7c05647,2026-08-09T08:27:54Z,2026-08-09T08:29:54Z
2f1d2770-b780-452e-9873-eb175ebf574d,b26b5c34-32ac-4ae2-8898-030588136281,1150.32,PEN,succeeded,polar,pol_35c7b7a6707a4c19,2026-07-30T15:41:43Z,2026-07-30T15:42:43Z
39adc2ff-45f1-49b9-b3e5-b489fe5d3583,719cb4d8-bc37-4ef0-a273-d73ab7ab1658,1149.64,PEN,succeeded,polar,pol_42cc785c8ca35e9e,2026-07-25T11:37:10Z,2026-07-25T11:39:10Z
ed05bebd-af34-4554-83e3-5e4c8774826d,3bb31dfc-d21d-442e-a232-890ddb254370,3105.81,PEN,succeeded,polar,pol_f6137088640c4471,2026-09-16T12:46:21Z,2026-09-16T12:49:21Z
fd66539c-4e94-487c-934f-fb9d974303d6,c4cd911c-d075-4db1-90bf-1ddf07b75cb9,3559.52,PEN,failed,polar,pol_9da4f8984a28fe19,2026-09-14T17:09:07Z,
097b28b1-2045-45eb-b0f0-83f4442a1a00,506bf23d-c1d8-48b1-a2c2-680045bc7272,104.7,PEN,succeeded,polar,pol_247f304fe180f25d,2026-09-06T09:09:50Z,2026-09-06T09:10:50Z
a3c70c0f-2210-4257-b3e5-53011bbe73f1,fc460373-2a66-41ee-8b4e-a3fffae9caf2,721.67,PEN,succeeded,polar,pol_d2a21a7eadd534bf,2026-08-19T18:28:16Z,2026-08-19T18:33:16Z
2c58b533-b3cf-46db-8861-6949bc6fa7e7,5ad890e3-6b97-48bf-8c6e-c0d369e8d4df,692.16,PEN,succeeded,polar,pol_5e9cce6af487de81,2026-08-25T10:51:55Z,2026-08-25T10:52:55Z
ba704489-5a6b-4465-9e9f-f2b0e89dd969,f2ea820e-4d7b-4f09-9f86-f971a679bb0b,1883.85,PEN,succeeded,polar,pol_8c7bc85a5f785ad6,2026-09-27T14:04:53Z,2026-09-27T14:07:53Z
617afed5-6549-4ab8-ad0e-7999b961c2bd,609db541-e221-4336-a297-782f6623684c,155.91,PEN,succeeded,polar,pol_34c8e5d1a491bc1b,2026-09-13T14:55:29Z,2026-09-13T14:59:29Z
1f3e4b0c-4fc1-4167-a6fc-42461b63444e,21071b34-e4b9-42ab-a8a6-9c3ef3ada9ed,236.97,PEN,failed,polar,pol_7d9e484cfb695db5,2026-08-20T14:07:45Z,
ecfa62c5-a197-4a77-bed0-2f5e0ecad81c,b91a6995-e0c6-4e6b-99aa-fe17083f251a,2690.04,PEN,succeeded,polar,pol_1e911e4e12b02659,2026-09-15T15:34:00Z,2026-09-15T15:37:00Z
2cb5bcb8-c9bd-42d8-a4dd-d22f3dd616d7,eac2a1ee-e022-402e-b819-728e260c33e1,3054.03,PEN,succeeded,polar,pol_523cba15c01ac429,2026-09-17T09:03:28Z,2026-09-17T09:07:28Z
16f81f0e-3cee-4ec1-a1e9-f32d69a360d5,2e0e9ac1-65b8-4e01-983f-d576512a9214,1986.37,PEN,succeeded,polar,pol_c4fb80a6cdda2fd1,2026-09-26T10:27:05Z,2026-09-26T10:28:05Z
5f84d0f0-ac10-446b-ab54-03a55677f05f,ef99fadc-899d-40c7-91a5-047642f42f8c,746.11,PEN,succeeded,polar,pol_8ec0f22dc44da3a3,2026-08-07T18:38:53Z,2026-08-07T18:42:53Z
c148e99b-7103-4241-adf8-fafbdd0e2d68,6427bec8-9f05-42ca-bd77-0100a290f4ac,6828.64,PEN,succeeded,polar,pol_ea5862a27c228704,2026-09-22T09:55:59Z,2026-09-22T09:58:59Z
cbf52f82-28d6-443f-8f6b-7fb8c394de8d,b094929b-41af-4307-879f-71bdaafe0064,2533.89,PEN,succeeded,polar,pol_39ebb68a2dfbafe4,2026-08-04T18:30:12Z,2026-08-04T18:32:12Z
604ccb41-88a5-4934-870a-c821adf7e31a,17d15399-5ae8-4867-bb1e-0fc9da769522,3340.99,PEN,succeeded,polar,pol_b23e0d9764a9bcba,2026-08-24T13:07:56Z,2026-08-24T13:09:56Z
099973b9-e5a6-4cbd-8ab3-f554c2094c4d,7b2e54cc-e511-4399-aca2-4f54af48ec6f,342.94,PEN,succeeded,polar,pol_02643c5307c0154a,2026-09-26T06:34:49Z,2026-09-26T06:38:49Z
6c91ba5b-fbe4-47f7-8b55-daeabf458e5e,a9a065dc-e8a8-42d9-b11f-27a2ca1860ee,539.6,PEN,succeeded,polar,pol_028b25855218de55,2026-08-16T07:59:11Z,2026-08-16T07:59:11Z
946dc0af-2cd6-4698-a18e-5d5288dd3714,cdb0fd8f-89e8-4530-a442-cb3a206dae9c,2435.12,PEN,succeeded,polar,pol_e775c28886a77345,2026-07-22T09:18:27Z,2026-07-22T09:23:27Z
48483f12-7feb-4699-a0f8-d661dcbf73e0,5bcae20d-acc2-4785-b8a3-fcd6e7f3f489,1754.17,PEN,canceled,polar,pol_002b2a985518f60a,2026-08-30T12:24:19Z,
ba20bd4c-1113-43dd-94c2-1c6505fb7746,4230e184-c8d6-423d-8bf0-9dd8bae6df43,2067.32,PEN,failed,polar,pol_4bb3607ca5f68b77,2026-07-31T13:37:33Z,
07d00709-4841-4800-97a9-85f8160189bf,5ab129ba-5167-408c-bce5-eb9eb47383f6,2119.71,PEN,succeeded,polar,pol_a9f141e2eaa4ac75,2026-09-26T06:29:19Z,2026-09-26T06:32:19Z
e425ded8-4180-4c15-9bdc-f2de1d2aed28,1d2a4c0b-a91f-48a9-a127-a6fc10b052e0,684.8,PEN,canceled,polar,pol_6f3edfad7953d1cb,2026-07-29T10:23:51Z,
b3e5611c-0cc0-4418-9e8f-9f917cb67ed7,ef4eaf88-156a-4b82-948b-4edddbf151a3,5239.21,PEN,succeeded,polar,pol_4ac0bdbae26a0863,2026-07-31T16:03:51Z,2026-07-31T16:08:51Z
8c8b28eb-b7df-4e61-8ae4-51cd81653fcc,fb1ae186-3f04-4193-80aa-7da5ec19eb7f,174.03,PEN,pending,polar,pol_1c74df9fcfdb220b,2026-07-23T09:19:42Z,
259158b7-516b-42fb-8c0b-02995bb05a0f,ea71b323-881f-4245-ac31-4ce35a400d0c,100.52,PEN,succeeded,polar,pol_d47ea1c60d621ed7,2026-09-07T14:19:21Z,2026-09-07T14:20:21Z
6c5ffc33-ebbb-42ad-a3fe-9b1ce6b44548,bfd74946-9358-42d7-aefb-3db8eede5c76,884.62,PEN,succeeded,polar,pol_67fa463b1d769bc7,2026-08-07T16:25:03Z,2026-08-07T16:26:03Z
681679e6-a710-4fc5-b23c-11966b51ed2c,6d37a051-0b0a-4510-a833-8bb79a3d6960,817.07,PEN,succeeded,polar,pol_ed226ed6b515fb87,2026-09-02T18:20:15Z,2026-09-02T18:24:15Z
564a5b80-7a2c-46b4-b279-bc93fc6637b1,86724d86-3ebc-461d-9a62-7447a9c1b4e4,1693.36,PEN,succeeded,polar,pol_a0fb97cf6465f9e1,2026-08-12T15:51:25Z,2026-08-12T15:56:25Z
891773c2-94ac-4268-8b32-93baa664bb1e,d6444958-9590-496c-ae85-c1d0e1881aea,1183.16,PEN,succeeded,polar,pol_5056d669009e547d,2026-08-09T12:28:18Z,2026-08-09T12:31:18Z
072df315-12ee-4b39-8bba-ab40f3df3f44,bdce5a84-b74b-423a-908b-97015910da71,1155.38,PEN,canceled,polar,pol_8be5d94363bfc09f,2026-07-22T12:30:34Z,
2e33d0c0-1c35-4696-895d-bb5258d702e8,1350b359-e256-48fb-9c6d-388ad4ea3acd,857.67,PEN,succeeded,polar,pol_92adc0c42cb73378,2026-07-26T13:08:09Z,2026-07-26T13:09:09Z
0080e8b7-4dd5-49c2-9706-257789ffcbf1,bc4af43b-d8ec-49e4-a742-834b9b7ecc31,2309.21,PEN,succeeded,polar,pol_6f0209f5c09b9456,2026-08-09T13:43:13Z,2026-08-09T13:47:13Z
6457b5b5-0010-412a-8f15-f6357a869b18,56983394-abe7-4c5f-bc15-ce4b06111943,16.56,PEN,succeeded,polar,pol_7ef0b32ef4a952c6,2026-08-27T15:03:29Z,2026-08-27T15:06:29Z
7edaab23-a980-4fc5-aa0a-50094cd470f9,0bbc4a10-91f5-4946-92fd-f5d47d72807e,1361.48,PEN,succeeded,polar,pol_203b14866f885310,2026-09-01T15:46:54Z,2026-09-01T15:50:54Z
676d3018-f7ca-4335-961b-081fcfaf8ef7,839ddb11-160e-424b-9472-5108d88410a0,109.59,PEN,pending,polar,pol_466447c9621ca1ec,2026-08-01T08:43:40Z,
76ad3125-987e-4b44-9431-4f73c2cf54fc,81d25ae4-bda3-4a10-aa41-d605da0fd2a7,1951.21,PEN,succeeded,polar,pol_c71c8645d0d57ed1,2026-08-24T10:16:21Z,2026-08-24T10:19:21Z
fd76c632-0682-4068-acdf-e2491a1ae731,f8f49aea-9185-4fe7-92d1-e211c741e3a2,6039.88,PEN,canceled,polar,pol_59b9bd640abe839c,2026-09-19T09:15:28Z,
ae2f2f58-7c62-45be-9386-57eeabb67f6f,5487534c-2331-4bb1-9721-d663ab39ff32,1319.73,PEN,succeeded,polar,pol_204703330d06ee11,2026-09-06T14:07:41Z,2026-09-06T14:09:41Z
75251695-b337-438d-b8c6-77ec6eb1a7d3,04191ba8-fbd5-4d08-aa4a-3054cda410c3,1067.9,PEN,succeeded,polar,pol_5d9f0d3825842cc7,2026-09-17T17:07:49Z,2026-09-17T17:12:49Z
98b5bd2c-a00b-478e-9483-906db8ba0383,f68ce995-dd9c-42ab-a88b-30599bf19879,2903.84,PEN,succeeded,polar,pol_a02341964dcf91ad,2026-09-27T10:50:51Z,2026-09-27T10:52:51Z
9a19bf6b-7aac-4695-b619-afb1d2feb6f7,e104e6b9-f20b-4e7b-b2d7-33938a60097d,10254.18,PEN,failed,polar,pol_fe8f97d45ed15e90,2026-09-29T15:30:59Z,
f9d74456-5e6d-40b9-b70a-7f8c4550d76a,6182a4d0-4a78-4729-a08f-8d4004adf37c,7568.94,PEN,failed,polar,pol_c6345b1c97a3e3ee,2026-07-30T09:28:49Z,
3abe01cc-d2a2-4758-8ba7-ea7f905920b4,92326a91-3ff1-4b1f-9a74-76ad079ccb5a,1698.58,PEN,succeeded,polar,pol_de2b8812e87f2542,2026-07-20T18:28:53Z,2026-07-20T18:33:53Z
402c2d7a-6bb9-4f60-84ea-a54c7c49d05b,3da798d4-101e-493d-bb96-b8faa1fed6ef,1323.66,PEN,succeeded,polar,pol_bb1d1a3554dadd45,2026-09-22T11:17:25Z,2026-09-22T11:19:25Z
5c636491-1d4e-4ff9-ab15-38e2b92bd645,396707ad-7e14-474d-b89a-a7b45da157e5,2383.09,PEN,succeeded,polar,pol_5fadbd770f84b4aa,2026-08-21T18:29:59Z,2026-08-21T18:30:59Z
642899cc-11f1-4b6f-a9d8-ddb0d3766c6a,1a762f8e-84b4-4953-af21-68a6f4776968,2443.84,PEN,succeeded,polar,pol_09320dbe740b5926,2026-08-06T17:16:45Z,2026-08-06T17:17:45Z
5180e269-b5c3-41a5-a1d1-1955c079a6a0,f02cb6cb-06f9-430f-a659-29d6e9c1972e,2255.12,PEN,succeeded,polar,pol_d7c4126859e19608,2026-08-05T16:19:50Z,2026-08-05T16:21:50Z
a03a8148-c92a-4f20-912d-2f5fb5014070,c4aa5bcf-9962-4da7-a4d8-302fec6cf0b3,477.9,PEN,failed,polar,pol_e0fdcd6412ba823b,2026-09-16T12:04:15Z,
eef43895-e853-42e4-9004-0e7586b315fe,f173da63-e9a5-4fe0-bd36-3f71d53effb5,546.26,PEN,succeeded,polar,pol_1e1e0c18e277a052,2026-09-03T10:38:47Z,2026-09-03T10:43:47Z
80ba711b-ba36-4956-b76f-594b7475a553,5eceb1c6-a41f-47d9-ab4c-1e6eb9f6af68,3980.23,PEN,succeeded,polar,pol_5ee18166ef3479a4,2026-08-14T10:29:26Z,2026-08-14T10:32:26Z
10d067e0-d0c5-40f9-adc6-0ef6e38b9523,58821dc8-7034-4366-b229-d08b84926e54,3471.93,PEN,succeeded,polar,pol_4bf7339b40d2aa73,2026-08-07T16:21:07Z,2026-08-07T16:23:07Z
001b68ea-dc6b-4899-b069-718ed5c91e54,64f29fd3-9e21-4245-8b78-edd4eb0954cb,232.01,PEN,canceled,polar,pol_143775524b2bc1df,2026-08-18T09:57:18Z,
81d2abac-c858-4db9-a880-557f7e810af0,59f06e1c-9f24-4a03-a16a-e69f1cb56e63,1465.76,PEN,failed,polar,pol_b703ce7870379d3b,2026-07-24T11:53:58Z,
661c465c-50fa-4ab4-9087-aedab57f5c50,9d01bd27-a850-4898-b72e-9a57b3034014,6276.5,PEN,pending,polar,pol_2b25b0d030954ad7,2026-09-19T12:28:09Z,
3174b190-a5d3-4ee7-9a33-709d8dc53763,2245ccd6-ab0d-488e-843a-afb761fd0fba,1873.92,PEN,failed,polar,pol_2b8b0eb35c46a250,2026-09-29T17:35:35Z,
e54095f5-4652-4291-aecc-d3e0c088c624,7d23ece0-bfec-4fd1-bd22-f0fe862d3c95,1529.39,PEN,canceled,polar,pol_778e666b71089675,2026-09-05T12:23:06Z,
83d5364e-3372-4def-9a0e-6a7ef8f55233,2c406f99-893f-487d-9ebd-4bb787332a0f,3008.88,PEN,succeeded,polar,pol_e661584d4966d117,2026-07-26T12:11:52Z,2026-07-26T12:16:52Z
5e779125-af40-4a0e-ba50-f07ceb990ac1,270ad782-2119-482a-9030-717a7f482e26,5942.3,PEN,succeeded,polar,pol_914db0826a8df545,2026-07-25T08:42:22Z,2026-07-25T08:47:22Z
30589746-cef5-4552-b1b9-9dd84ae9b720,b850f489-7c49-4536-899a-549321ba5605,298.18,PEN,succeeded,polar,pol_506f797ae41cb488,2026-09-22T15:54:23Z,2026-09-22T15:57:23Z
44c9c77d-d510-4f7d-8eb8-96ae101fd771,737c9503-a20a-4cdb-b646-1fb7d3664242,7624.56,PEN,failed,polar,pol_d30cb26908c7441f,2026-07-18T10:39:08Z,
1b5d2206-624a-487e-a432-deaf413cbe10,e1d4392a-3eb8-41c9-a79a-acdb7786b987,1305.13,PEN,failed,polar,pol_fc7aee95c819b59e,2026-08-12T15:14:18Z,
68245cde-95fb-4cca-a68d-c4568a56045e,7f7f2221-911f-400f-8504-78b3a19adcf9,1976.25,PEN,succeeded,polar,pol_a190520328b1a716,2026-08-23T06:08:03Z,2026-08-23T06:12:03Z
59982412-6b76-4ecb-a914-128d7dc05bda,c21d16de-f407-47a5-bdd1-2b5dafd836a7,1371.48,PEN,succeeded,polar,pol_8bd906eaf0e6c60c,2026-08-23T14:56:03Z,2026-08-23T14:57:03Z
76e3bc16-f11e-4dfb-b201-349a0aa6a4d5,62c31569-7255-4aba-8720-390bf63b6548,1372.26,PEN,succeeded,polar,pol_56ddf815ec8d10bb,2026-09-20T12:10:18Z,2026-09-20T12:11:18Z
bed93a91-9f51-4ec2-a2dc-977f51750279,b16707ce-2d53-435f-b905-4ebbeebfaa01,2361.14,PEN,pending,polar,pol_7540c39f11a32590,2026-08-25T14:18:54Z,
4d584d36-5a13-4ff0-a4db-69f64e89feab,558bdf64-d370-4e78-959a-94add2b07cc2,1605.56,PEN,succeeded,polar,pol_7a8f343da6be1870,2026-07-23T10:29:14Z,2026-07-23T10:32:14Z
88df1b75-9714-49fd-9a83-6356af65b768,d7f080ae-71ba-4783-b252-d7050bbd2995,1740.36,PEN,canceled,polar,pol_7b60d39b1a285e25,2026-07-23T16:53:28Z,
2c1b5473-c1b9-4b04-82b2-73cf59416639,ac3dd3df-2b24-4bdd-810a-6c3e17c66a3b,454.75,PEN,succeeded,polar,pol_d16590bbd1526daa,2026-09-13T10:40:59Z,2026-09-13T10:42:59Z
baa9904b-d50c-4901-bfe8-630307606cc0,1acaaf53-2675-4414-813f-4e5a8971089e,698.53,PEN,succeeded,polar,pol_d859f9d99203328f,2026-09-20T07:31:24Z,2026-09-20T07:36:24Z
2889063c-f422-4635-83aa-9c5224a82700,11da87b0-5eca-4e0c-9e2d-efeb94e36e75,4965.6,PEN,succeeded,polar,pol_5f3489f2f0e48ea2,2026-08-31T13:26:02Z,2026-08-31T13:27:02Z
851b5809-4f30-481c-a80f-e471702d7075,3ec1b001-3b35-4d9f-8538-d44f9869906e,1504.53,PEN,succeeded,polar,pol_e88d5bb350529d07,2026-08-05T09:25:58Z,2026-08-05T09:28:58Z
35a91ee0-27b2-4503-8a87-1644cce15f44,36c86158-c466-4a59-a35c-926d76020264,1423.94,PEN,pending,polar,pol_7ba95e0d976514e2,2026-08-27T16:04:51Z,
340a2b69-c097-49d0-b6ba-3dd17642e95c,1469c7cd-2274-495d-920e-1cdda441d863,3441.34,PEN,succeeded,polar,pol_b0e6b6a4ad773d12,2026-09-08T16:27:15Z,2026-09-08T16:32:15Z
ccc8541a-e575-4526-b8f2-db3364309aad,6c506d13-d9a0-4e94-afa2-82afaec8142e,1155.82,PEN,succeeded,polar,pol_9a86c7f59ba83630,2026-07-22T16:26:37Z,2026-07-22T16:30:37Z
48031858-4d9d-43d2-b401-ac25fb14b735,4b04f7fb-a39a-4f44-b07e-8bbb9ca62099,577.58,PEN,succeeded,polar,pol_174c888e14c14864,2026-08-12T12:06:37Z,2026-08-12T12:09:37Z
3a2c74b6-d3c2-4571-aa79-b29a6cab1f6f,30fea53c-5e9e-44cb-b995-fed5bd3aeddf,2737.96,PEN,canceled,polar,pol_6899a76d5afa2b01,2026-09-17T16:22:37Z,
23ca4964-4ece-4558-8310-2217f0cc70d3,2a43de15-b926-4e18-a382-a2f21f979ebb,1960.16,PEN,succeeded,polar,pol_d6fa3bb166041e54,2026-07-26T11:41:06Z,2026-07-26T11:42:06Z
41fa1703-b071-41df-b6ab-12eb5592c30c,f1b91088-1947-4253-ad48-b0d3f30d071e,2142.31,PEN,succeeded,polar,pol_49399fb27949c004,2026-09-01T18:42:07Z,2026-09-01T18:44:07Z
82442e9f-5129-4cd0-9769-7beb9c17ca27,834898f5-6b6b-4391-b9e2-b0cf7f13cef3,2737.35,PEN,succeeded,polar,pol_25e6b9f87449a205,2026-09-28T16:18:14Z,2026-09-28T16:22:14Z
2608b0c0-db23-4d42-9b80-931a3b7aec34,f22b5c15-3852-4943-9943-6029f57eaf6f,2324.11,PEN,succeeded,polar,pol_6462f63dd4abc339,2026-08-29T13:52:41Z,2026-08-29T13:54:41Z
4513fcc1-b064-4967-b645-81407058cb08,6d3407ac-0444-4698-ac6c-b22b8c2fe52f,14916.99,PEN,canceled,polar,pol_35edf87d9135a23e,2026-07-22T12:34:36Z,
390d7d92-4eae-44d6-906a-8828b3c3415c,40e0fa36-c347-4858-b797-856244fb07f9,877.63,PEN,succeeded,polar,pol_d611ba7d5284c0ef,2026-08-15T08:57:46Z,2026-08-15T08:59:46Z
a955afb5-6532-4ef4-8d7d-2c409899382b,470cafc5-88ce-4ad0-b21e-0ad0386c9ce8,666.06,PEN,pending,polar,pol_3c09db23aeda6468,2026-07-31T12:46:53Z,
e87bcbec-4b44-4571-bef3-debca203c723,3b2734d2-946f-42e7-8e98-b34f6e6896e7,345.68,PEN,pending,polar,pol_c547444c7d85040e,2026-08-31T17:29:57Z,
bf31d17e-11e6-4f75-b832-a7d0ce0d8801,b8b97c2b-af0d-428c-b0be-4af206c76145,1774.41,PEN,succeeded,polar,pol_cae389bbc38d0edc,2026-08-28T16:52:26Z,2026-08-28T16:54:26Z
63e014f6-43aa-4754-878d-5fb237e8639f,f6741f60-c282-4057-97c6-4e944aae812e,4034.01,PEN,succeeded,polar,pol_b702e7f1978168b3,2026-09-19T14:07:04Z,2026-09-19T14:12:04Z
b76b62ff-d4c3-4bfa-b107-f450e11d10e6,399c8723-89e8-4301-9ea7-6bd484b4aca3,1689.5,PEN,succeeded,polar,pol_e5d725b34dcd199f,2026-08-27T17:35:55Z,2026-08-27T17:36:55Z
7680821e-b1c3-47b6-aac2-5bec08f3497d,bb782dff-c163-429e-a5fb-e9b20cbc6819,864.6,PEN,succeeded,polar,pol_331270e6718f1fd1,2026-07-22T16:56:27Z,2026-07-22T16:59:27Z
98cce171-71ac-439c-a2b7-c3903b766a32,40213451-6e0b-41f4-95a4-c1143493390e,4572.7,PEN,succeeded,polar,pol_e08cfa40844211f2,2026-07-27T12:19:58Z,2026-07-27T12:22:58Z
a49317e0-264b-4036-bdee-c945094e02ce,834849ce-2df2-456c-9398-b811c3fa6a90,1300.24,PEN,succeeded,polar,pol_950cc6cde30e0ee2,2026-08-29T13:17:10Z,2026-08-29T13:18:10Z
0ae75ab1-9b1c-417d-bba9-45ae78b1f466,e082761a-4f36-4077-8213-894eb9143291,3297.45,PEN,succeeded,polar,pol_51286a5a2038e599,2026-09-06T07:20:44Z,2026-09-06T07:24:44Z
ec80888b-e47d-4d76-9c1a-98f7c280b96b,64687fe7-b02e-4364-9c15-ab947e73e1b9,3826.93,PEN,succeeded,polar,pol_ac29abb8daffd3d9,2026-07-28T09:21:05Z,2026-07-28T09:23:05Z
331a8773-2fd9-47e0-9316-ebe7e7b06d7a,58e1da44-6488-48d6-8aac-ee4d2b083e76,2836.29,PEN,succeeded,polar,pol_235b44584aa13538,2026-09-12T09:37:28Z,2026-09-12T09:38:28Z
53829c33-c153-4a7b-970d-25d3f31dca2c,2e2ff734-6622-48e2-a24c-eaa20b32f521,2951.16,PEN,succeeded,polar,pol_2117e6f86b4f1689,2026-09-16T17:44:09Z,2026-09-16T17:48:09Z
c65ac697-d010-45bb-9703-fd9b69772f06,edd6cfc3-11cd-49de-8b7d-844b9fc1d8b6,4577.81,PEN,canceled,polar,pol_74994084f7c86991,2026-08-03T11:29:32Z,
262c5adb-53b0-4945-b58b-07657b80e1d0,fe0ee6d0-b903-4c4f-885d-359b04cfb4ed,3217.38,PEN,canceled,polar,pol_4ff12c14d36ffebb,2026-09-18T17:37:19Z,
8621ed9c-67e8-4c8a-8b64-ead910854af9,fd55a3be-c20c-4f21-a486-52f6857c07de,165.74,PEN,succeeded,polar,pol_8736855286a84be6,2026-09-17T12:40:58Z,2026-09-17T12:42:58Z
1b0a65e2-799d-4085-b4f6-f85b992ae071,abd7c693-ba87-4249-816f-085d1504ae1d,2067.32,PEN,succeeded,polar,pol_00b36cffa3600366,2026-07-27T16:27:17Z,2026-07-27T16:32:17Z
48f9e748-05e8-41f3-b9c4-15407c34d871,9295312d-2a8f-4c6b-aae0-e04a412a43fc,7733.4,PEN,failed,polar,pol_4e1bce9728760175,2026-09-28T18:01:37Z,
f85d0357-b579-49a4-b76a-843f3b49b5ab,927e165e-9338-4133-b935-f2c71b815814,6349.24,PEN,pending,polar,pol_dc5b18fa28b5f79e,2026-08-24T15:07:11Z,
98eb2045-4d38-4230-b93e-437c51fdae9e,155f406b-6872-445f-b3f1-82a70aa2bb8c,577.58,PEN,succeeded,polar,pol_97765f5cca9ad077,2026-09-15T15:31:42Z,2026-09-15T15:35:42Z
fa5b6891-184c-40a7-84e3-ed3cd4d1cc59,208646f7-ee66-4cbd-a457-e4f7038926e9,738,PEN,succeeded,polar,pol_fef9d071826a1bc9,2026-08-18T17:55:41Z,2026-08-18T17:56:41Z
760d82d9-2471-438c-849e-4a3a6325d2d0,cb6a54d0-0e17-4dda-8144-599a5a68aca0,549.28,PEN,succeeded,polar,pol_26029c801a64ed06,2026-08-22T10:27:28Z,2026-08-22T10:28:28Z
d142c57b-26b2-4dcc-bf6e-ebf8224d6db0,7722015e-4a26-4f18-b420-6122b4df9e0f,5717.58,PEN,succeeded,polar,pol_9b09715085ab4dfe,2026-08-05T15:39:35Z,2026-08-05T15:41:35Z
e992b7c1-e855-4cf5-9410-6b6d24eda8da,7247257c-0b2a-47c9-957d-c937de462c2f,1050.03,PEN,succeeded,polar,pol_a9cdf0965dc044ea,2026-09-11T14:03:28Z,2026-09-11T14:06:28Z
2806fd4f-e033-4688-a0a6-2885438f4817,b7c2781b-ba33-491f-ba23-9f61e987fa20,113.01,PEN,succeeded,polar,pol_a81d4e610fa77d41,2026-09-26T15:45:06Z,2026-09-26T15:46:06Z
2a7178eb-4d6f-4a22-b07f-30d1777d67a4,33dbdf33-37d2-486b-a083-759c8faedf9c,3582.25,PEN,succeeded,polar,pol_ef187f35c4f716ca,2026-08-07T12:38:13Z,2026-08-07T12:42:13Z
53aa3afb-8b95-42ba-a4e0-3d713e52192c,9529ffa7-e270-480f-b98b-4d6603967ef7,4098.96,PEN,succeeded,polar,pol_c853308aa7b58d38,2026-09-22T15:48:21Z,2026-09-22T15:51:21Z
4bf50586-5b43-406c-a715-f5a7421e4026,1a94fb1c-4385-48dc-9562-75946b88fbf9,325.06,PEN,succeeded,polar,pol_a533068f9aa7fccb,2026-08-12T17:09:56Z,2026-08-12T17:11:56Z
b175ba58-c1d0-49af-a8ac-2a3fc26a8985,dfaebcad-00dc-45b0-8415-16be0fb9d671,1504.72,PEN,succeeded,polar,pol_b11e15cb8f056ac8,2026-09-10T14:41:20Z,2026-09-10T14:45:20Z
9df6340a-f94d-4a42-9e8e-98aa000f2ed5,c8a96fe6-2f96-4e04-b11d-42d8eec699de,984.18,PEN,pending,polar,pol_faa08ebd0856e29c,2026-08-29T09:19:34Z,
604b3669-69db-4cf7-881f-70a11b102dd6,0a524db0-49cf-407d-987d-14144f6472bf,10516.18,PEN,failed,polar,pol_b580502abb4e6422,2026-08-21T18:09:12Z,
2fa58680-d1f8-40a9-9a1f-b91b6832b5c7,96fdeccc-1d03-4225-880a-b79be5fc3a85,3791.73,PEN,succeeded,polar,pol_a09c3e7bb74fab58,2026-09-22T14:09:25Z,2026-09-22T14:14:25Z
f4c52e55-0ef3-4f07-b1dd-48a20791d219,12383350-cb5d-4eeb-ac2e-c01a55821467,1156.8,PEN,failed,polar,pol_63f4ea2c3d1cf1a1,2026-09-21T09:42:59Z,
54a02c0b-32b5-48b8-9cca-ed5700d04712,506006c9-00e2-4ca0-92ec-acce2e162a7b,469.21,PEN,succeeded,polar,pol_1271a23c6b3a5383,2026-07-23T14:17:51Z,2026-07-23T14:21:51Z
3d519b44-9c9b-4507-b47f-f9e9c4c205a6,000f775f-ae70-464f-9bb2-7632921e0f5a,855.18,PEN,pending,polar,pol_bf5ae3dc41e25953,2026-09-14T12:55:29Z,
696ee37a-1ed5-42e0-8150-35b4db99443a,858d5ec5-5b9c-4baf-96a7-45ad52d29c5f,876.49,PEN,succeeded,polar,pol_4d05454a8f1c3fea,2026-08-10T11:41:05Z,2026-08-10T11:42:05Z
aeb13768-8e47-4bb8-81ed-52a9be374bfe,d70c69b4-ab01-454c-9a2c-b33d635e8fba,475.45,PEN,succeeded,polar,pol_c8d40296f38c966a,2026-09-18T15:00:56Z,2026-09-18T15:02:56Z
33f9bb22-0dee-4621-a2b1-6fa5c169074e,0dad8454-a44e-499d-8b5a-57610a46d6ae,1991.47,PEN,succeeded,polar,pol_6077cd3bade21987,2026-07-23T11:07:39Z,2026-07-23T11:10:39Z
0aa4ac6b-a95c-4da6-8df6-cdb9dcdf18d1,56950ba4-31a0-4169-89ff-54fb72999938,7223.15,PEN,failed,polar,pol_f3c44651468cc50a,2026-09-25T12:57:06Z,
1d166527-4fca-4e69-b029-3fb26e2971a5,b2922275-bc6c-4b33-bc10-abfff7c2cab4,1274.31,PEN,succeeded,polar,pol_7c8d54fabbe924a2,2026-08-05T14:42:36Z,2026-08-05T14:43:36Z
f19992b9-a12e-48bf-86f7-63e7409e32a7,485afa71-34cd-4da8-b6d8-a134978abeab,1909.85,PEN,succeeded,polar,pol_07be586f0ddd81ae,2026-07-25T06:28:27Z,2026-07-25T06:33:27Z
d712e8da-6d23-4a45-8ccd-65616bb87419,30a0d42a-1a26-41bb-8fc8-688875ab1631,6044.46,PEN,succeeded,polar,pol_8dfba3e4dfe9eed8,2026-07-28T18:18:01Z,2026-07-28T18:22:01Z
608f7563-4ee7-4966-b18c-ae896ffedacf,f46105c5-ed0c-427c-8b50-ee3f0fdc3fb1,1687.32,PEN,succeeded,polar,pol_66b22bea6de2443c,2026-08-01T10:46:39Z,2026-08-01T10:47:39Z
a28568fc-2561-4b87-83cc-bf43ab5938c9,96259494-e253-49bb-89a2-f09247282d46,2548.34,PEN,succeeded,polar,pol_f012a9fd2c7b2764,2026-08-20T13:24:14Z,2026-08-20T13:26:14Z
9e5c57ea-0f27-43d0-83f0-1d987b9b7cde,d2cabea7-9b52-46d4-9c9d-27a731afa2a3,1711.88,PEN,succeeded,polar,pol_d5cb5f59ce1ae1df,2026-09-19T13:49:22Z,2026-09-19T13:51:22Z
449841b1-beb1-4577-9ec0-702bcc693367,0473c108-9a87-4ef7-b66f-90a098ef33b1,634.89,PEN,succeeded,polar,pol_c2da5f693c627e25,2026-09-19T10:54:56Z,2026-09-19T10:56:56Z
7e48dd5b-b6e8-4395-9a40-47e7d2e2934b,e9968f60-4ae7-4663-8655-4af855be33c2,6400.42,PEN,succeeded,polar,pol_5d82868dd8888c94,2026-09-13T14:06:47Z,2026-09-13T14:09:47Z
e6231a29-9724-4402-8990-0a066af5fbc3,0e77e7eb-44d7-4e04-a01d-2fe7073c3060,2937.51,PEN,succeeded,polar,pol_828ab85c0b7e829d,2026-08-13T13:50:57Z,2026-08-13T13:55:57Z
4d8942ae-4154-4b64-8ac1-0015c30e0907,2f4d146a-abae-4238-8771-96966068cd5d,823.92,PEN,succeeded,polar,pol_6db2478d9c54c411,2026-08-01T10:06:44Z,2026-08-01T10:09:44Z
b1bb73e4-d0d9-4b1b-9a45-1ba65706addf,afa4bbef-d85e-4b5a-b8ca-1ad382eef003,3294.92,PEN,succeeded,polar,pol_b01d8c4e2590c09a,2026-08-28T15:32:04Z,2026-08-28T15:35:04Z
2f517328-8694-4f34-a73f-a008c5931ff7,a534a751-5212-4915-99df-036efb5b78bf,4751.27,PEN,succeeded,polar,pol_6deb31f6ecdceed8,2026-09-04T16:12:40Z,2026-09-04T16:15:40Z
c2403467-b00b-44b4-9b37-79ab75db3bd2,0262603e-4f97-405d-8fa2-0092f5a2730d,3547.42,PEN,succeeded,polar,pol_6137439448ee5f36,2026-09-02T12:03:27Z,2026-09-02T12:04:27Z
85481226-2ec3-4ff4-ae4e-12d2850c21dc,03793d07-a170-45b8-9dfe-d1714f33aa08,231.44,PEN,pending,polar,pol_e92d2abc48927386,2026-07-28T17:38:37Z,
7bcb03e1-8382-42ce-af15-80a683554bd6,017f2252-f235-4092-9f2c-86212d8a5692,6052.67,PEN,succeeded,polar,pol_51c5b8ee2c65e932,2026-08-03T10:10:29Z,2026-08-03T10:12:29Z
7f5307b4-3676-4b91-aa05-a413198f7e0d,2d16a5d7-6c80-4ef4-8a70-d5909158ca09,84.68,PEN,succeeded,polar,pol_e2e74daf3739d466,2026-07-28T18:48:02Z,2026-07-28T18:49:02Z
804e7026-5d19-4a1c-b2bc-9ceaaeaa697a,22f90c45-69b4-4a26-9dcd-686714ad7f7a,2695.54,PEN,succeeded,polar,pol_69d48c1e35673dbb,2026-08-29T06:50:11Z,2026-08-29T06:53:11Z
a0c12993-1b58-4657-b8aa-93de7ab39c58,c52096fa-7dba-4a80-a149-d5d56700aaf3,1245.48,PEN,failed,polar,pol_a735b37579af10af,2026-09-30T16:37:39Z,
da3c7a7e-3009-45f4-981e-ed9a2e744fcc,db017d56-507a-4efb-901e-0db26f38bd2a,2916.81,PEN,pending,polar,pol_a8d5da0becf5a0fb,2026-08-30T12:25:17Z,
24ec5cf5-e8aa-4e5b-a8b1-8832b5fcea92,83995856-963f-43a3-bcd9-e5754eec94bb,1038.87,PEN,succeeded,polar,pol_d4388b512f6baccb,2026-08-08T06:35:04Z,2026-08-08T06:36:04Z
d3a7ff92-eb92-42ea-ab67-afe7bcdfa477,5a7fc969-7875-425a-a40b-1551c5d7bd69,8111.42,PEN,succeeded,polar,pol_d6ab99e285393fa5,2026-08-30T07:04:13Z,2026-08-30T07:06:13Z
32a3310e-8047-4059-90f9-33df7b3fdd92,cdc1bb9f-ab3d-4bdf-b3bd-fa6434cbade7,2646.65,PEN,pending,polar,pol_bad4b1d6f239f104,2026-08-22T06:45:31Z,
80a3f36f-cbd0-4bad-93cb-410fe2ead356,7da2f2d9-2851-45d4-b283-236d3661c2fd,675.44,PEN,succeeded,polar,pol_d253edcf80492b0d,2026-08-04T11:12:39Z,2026-08-04T11:16:39Z
9f86527e-20e6-40bd-8d59-e137e66dc8ef,5510a949-24bb-4a39-b636-dd3bb54eb063,1406.64,PEN,canceled,polar,pol_35c9c15dc7777a6c,2026-08-25T15:19:35Z,
bf108399-52bb-40a7-a411-aa833b84858c,fb7ceebb-7443-4f93-aebb-c07cb6038f98,1977.06,PEN,pending,polar,pol_5d2e9fdc32b84f31,2026-09-26T09:06:45Z,
807c4359-18db-46ab-b665-c57c9959bb24,29ad19ee-04d9-4235-ba92-3ff7207a357e,1238.98,PEN,pending,polar,pol_cadafffff6af1353,2026-08-18T14:52:34Z,
28b9f392-bc6f-4adc-8819-a771bd026ba0,c4af80b5-b141-42ff-92b7-1cd613b504f1,2565.99,PEN,succeeded,polar,pol_4c84a4e8d98a8cf2,2026-08-12T17:42:50Z,2026-08-12T17:45:50Z
39026928-4686-4cc6-a6cd-878cfe640b42,742cb6a9-94a1-4019-93b9-e3302416b60e,3008.06,PEN,succeeded,polar,pol_31fd195ab56bfd6f,2026-09-02T10:57:02Z,2026-09-02T10:59:02Z
e6905e3c-f7f9-4563-8fae-4786bbcdb202,c006c14b-030d-4a14-8cfa-696e635c782b,1216.12,PEN,pending,polar,pol_be246e43c92c627b,2026-07-25T12:36:04Z,
b46b9767-f223-4537-85ee-95f782a1c36a,9f46cef9-1c85-4266-ade9-c00226d556f7,1520.34,PEN,succeeded,polar,pol_d24c0fc2e9276335,2026-09-04T16:52:06Z,2026-09-04T16:56:06Z
59a23550-cf3e-4d2e-a839-248ddc8a93b0,cb33c59b-2875-4beb-94f6-46e40d66545a,5451.79,PEN,succeeded,polar,pol_e77365e7583962cd,2026-09-14T12:40:41Z,2026-09-14T12:41:41Z
d174ab7b-4c14-49e1-be1d-a9029fc79544,070a778b-4c12-4551-aff4-25f0ab08c30d,2969.19,PEN,succeeded,polar,pol_10a01f13c2b34c3f,2026-07-30T10:44:47Z,2026-07-30T10:46:47Z
17aca68b-29a9-4521-86ca-dbe10acb302f,6a8192a4-fff2-4dde-a56b-f530c8b36a4a,9772.3,PEN,succeeded,polar,pol_28580394782099c8,2026-08-07T09:08:28Z,2026-08-07T09:13:28Z
65098af0-b89b-44a4-a314-585d80677556,8f54684f-5166-4827-a768-85e441809bc8,1157.45,PEN,failed,polar,pol_4722b8160e5f1c23,2026-08-18T14:09:50Z,
f410fd0f-d3b8-421a-825e-302d02d93ce4,3a818905-f7a9-4edc-b066-beb896234a99,2490.13,PEN,succeeded,polar,pol_7c058d98d2747180,2026-07-18T14:47:17Z,2026-07-18T14:48:17Z
2887af0d-27cd-4a6d-a7dc-f77b42941ef1,dd551625-189c-4c4f-98b5-64b0dea805d7,2663.58,PEN,succeeded,polar,pol_3234ae5caa65e4de,2026-08-16T13:31:08Z,2026-08-16T13:33:08Z
e1e0cb71-eecc-4b86-b4c1-472ae09b3d9f,672e553d-f121-4f9e-8b9f-803822eaaa85,3299.25,PEN,failed,polar,pol_f721baba69547f98,2026-09-22T14:11:03Z,
ef4e8374-c865-406d-80aa-5670e353574e,7d286157-37bf-4f26-b5e7-fc2e035f21ba,3018.61,PEN,succeeded,polar,pol_bdf23c1914d7865b,2026-08-26T12:10:01Z,2026-08-26T12:11:01Z
f104e4c1-a913-43fb-a9a9-fb6efc25c24b,bcc43d8d-6d5e-440b-9738-2971e0e14413,3571.65,PEN,succeeded,polar,pol_5d167bbb4df137bb,2026-07-26T06:24:09Z,2026-07-26T06:29:09Z
e4ea000b-e5fc-495a-abe8-27fd31a6cafb,e1deee24-3c46-4088-968d-f7cb2ffa87c4,509.76,PEN,succeeded,polar,pol_6aa0e62029e79980,2026-09-08T14:47:15Z,2026-09-08T14:49:15Z
1a8eb5a8-fd0d-4500-aec6-d924feacb952,5f6d3ff3-e895-4114-bb95-a81913bae69c,28.55,PEN,succeeded,polar,pol_b239c7c0bf96b3de,2026-09-29T15:48:28Z,2026-09-29T15:52:28Z
cef3c155-61bf-46ab-b657-6996ee3bd5b2,1a2f3592-fbd3-417f-8154-835eca22439c,3792.52,PEN,succeeded,polar,pol_3c0a7eb5e9a78628,2026-09-10T16:39:22Z,2026-09-10T16:40:22Z
cb2eb3e7-c1aa-45e7-8e0d-2f77a9988796,e9e63018-71c8-4275-86a8-70ee0d36a63d,248.24,PEN,succeeded,polar,pol_0a1c778f4bed7353,2026-08-23T14:58:23Z,2026-08-23T14:59:23Z
aca7b7db-213c-4bb3-a034-22f67f9a296d,e1c624de-131b-4349-9927-40c0b80077ff,939.9,PEN,succeeded,polar,pol_d077a510979900bc,2026-09-01T17:56:47Z,2026-09-01T17:59:47Z
c8eca803-f4cc-4864-84cf-7f491d6c8d13,a8da7544-2cb8-4b59-943f-f60e73c2808c,1627.13,PEN,succeeded,polar,pol_ca94685717797a5c,2026-09-19T07:06:24Z,2026-09-19T07:07:24Z
892e0c81-99d1-4c7b-a080-0bd16fdb0e08,2fcfcc5a-045e-41a5-a605-7a0188a93911,611.8,PEN,succeeded,polar,pol_5181906290b5cb79,2026-08-07T16:59:03Z,2026-08-07T16:59:03Z
bf531695-fd90-48d0-b300-80646c052266,2cf6591b-1298-4657-b1ff-09a5075b8f4e,1725.45,PEN,succeeded,polar,pol_ab1a30e5867bc4b6,2026-09-06T11:43:52Z,2026-09-06T11:44:52Z
ed4993c6-d97e-469b-af55-849e70d02468,49e1ed0f-da77-4c67-9f6e-64dc1e4529ce,666.17,PEN,pending,polar,pol_82bed728b1401f64,2026-08-21T12:20:37Z,
ffa4dc77-2b5d-4c83-a5bb-be30bf8cbd68,c19934d1-21b7-4437-9985-d7f01a6d7728,1488.49,PEN,succeeded,polar,pol_f9e7afbfc65368e9,2026-09-04T09:49:53Z,2026-09-04T09:53:53Z
b177f060-fa8d-484f-9fe8-9c12b6cdddde,64a78967-2d6d-493a-bda8-475e492eb836,124.05,PEN,succeeded,polar,pol_94b5764d9fa798be,2026-07-30T15:53:30Z,2026-07-30T15:56:30Z
e4ead7f8-6d63-4f2b-93dd-68cf907fa818,40d4d6b0-3e04-4868-adda-d8c3759d7a48,409.94,PEN,succeeded,polar,pol_6739b63a755e8400,2026-09-14T18:29:44Z,2026-09-14T18:31:44Z
99f66230-5b97-4654-9751-252a54736def,3670606b-76e8-4f76-a4c6-1aa4fb1da9e1,4206.17,PEN,pending,polar,pol_be5ceabf50ffc9a5,2026-08-22T15:29:29Z,
6228e4d9-9ba4-4254-875d-983e0c1513cb,d2577e63-5ffe-49a4-9cd0-b0845894449a,9051.1,PEN,canceled,polar,pol_56c068b651fe3cbf,2026-09-20T15:53:26Z,
50ce5e3d-313f-4fca-b4ad-0867d6c330d5,ece5954c-9c41-4c70-a13b-519a2b65ef17,13384.21,PEN,pending,polar,pol_d3be9076287faa9f,2026-08-31T10:08:52Z,
c461e19b-47e2-4278-b46c-a45cb34b8ec6,21518569-3574-463c-8462-bc02f08a6894,797.36,PEN,succeeded,polar,pol_f76f4bd5a0c458de,2026-08-21T09:16:38Z,2026-08-21T09:18:38Z
33bdb96c-fdc1-4778-ac6b-7b1bce8e6ebb,4e278ef2-dcb5-4cad-8851-c666e2c54d11,3059.25,PEN,failed,polar,pol_dbf23a9a88ec50b5,2026-09-22T11:46:10Z,
9650a5e5-df57-4000-90b2-49dc500f8942,7a5fd7c4-81db-4cd6-bf26-613f61a19098,4873.39,PEN,pending,polar,pol_1aa3b8d3421a76d2,2026-08-24T09:39:27Z,
78aa4651-f08b-4f2a-ac72-5022e5619763,410887ea-653e-4739-819b-d266079a34bf,800.1,PEN,failed,polar,pol_d962d2efaa713fbb,2026-08-28T15:04:17Z,
6ebfc060-ca39-4cc3-84ed-be7df2bdef3a,aaf9b4b2-6c3b-407a-8047-e5a7412e2641,4829.5,PEN,pending,polar,pol_7c554ffd29835470,2026-08-13T11:54:03Z,
f7515805-69ca-4591-9560-17687a16fe69,e488ef82-a2d8-4fbb-af1a-135d4e6d65be,270.6,PEN,succeeded,polar,pol_11646e2b45d07aec,2026-09-19T06:26:57Z,2026-09-19T06:29:57Z
5df5ddd1-68d7-497c-9b25-6ec2f40c7eba,9c9c2943-4131-482b-92b8-e6aeb56002e0,696.25,PEN,pending,polar,pol_143e7447dfd66d53,2026-08-07T13:15:41Z,
b16b296a-bf88-410e-ba32-10d28085e19b,910cb72b-07b6-4b0a-bfa6-a4fcb0e1dafb,2254.05,PEN,succeeded,polar,pol_569851976eca5ac1,2026-07-27T17:46:19Z,2026-07-27T17:48:19Z
5ae03a5b-41ae-415e-a233-0a6c2b80de69,804cceea-ca7e-4d4f-a123-ec2c2aab3d36,4354.35,PEN,succeeded,polar,pol_4274874b4c6162e3,2026-08-17T13:09:14Z,2026-08-17T13:10:14Z
290b3c13-c398-4dbe-a614-ed6e19efefcb,f121e953-7ccb-4326-a670-00031899aeb0,1733.52,PEN,succeeded,polar,pol_57e198499fa7ed3a,2026-09-26T10:00:48Z,2026-09-26T10:02:48Z
e0900b69-ae4a-4bc3-bcb1-6b12e1deef81,20ff65a3-21fd-4251-963e-15bb7ba08eee,5511.19,PEN,succeeded,polar,pol_19a11f016f15ca29,2026-08-07T18:26:45Z,2026-08-07T18:27:45Z
583558a3-53cf-4944-bcb3-cdef70bcda67,002d96c8-e076-4bf5-a426-853a5d4d7212,976.23,PEN,succeeded,polar,pol_52a80af8d5aed22a,2026-07-31T12:20:17Z,2026-07-31T12:24:17Z
9b4e3c4e-74c4-46e7-998d-f0827a1b5292,032e9a33-3f4a-4ded-b16f-cebacb6123eb,5401.56,PEN,failed,polar,pol_26bc5cfa53c7872b,2026-09-26T09:55:18Z,
52cf8543-9648-460c-b39f-8d56f89faa64,3266ed02-696a-4813-b912-a33b2735c544,2489.4,PEN,succeeded,polar,pol_9b66b8ae416a6828,2026-08-25T12:47:43Z,2026-08-25T12:51:43Z
7a5bd50e-4e6f-409d-a455-a66b5dec2f50,b26baf0b-25d9-4b5f-b36e-3318e8e1ee5c,1793.15,PEN,succeeded,polar,pol_6e855b7a976b0b3f,2026-08-11T14:08:55Z,2026-08-11T14:10:55Z
38be66e6-0bb5-4200-8dd6-df1637011795,d38eae84-4410-42b9-b2a1-0cde17d31c37,706.05,PEN,succeeded,polar,pol_c7dc2877630aef76,2026-08-20T09:07:21Z,2026-08-20T09:09:21Z
517cdf4d-9847-4912-8a4e-7eaa8e0bb785,e43120bb-b573-43e5-bb3b-624995a854a7,4469.75,PEN,pending,polar,pol_dccf6df4c45c1cba,2026-09-03T15:59:50Z,
23d385dc-5e7c-4ea0-8553-d2e4ea6171b6,6678b606-f85b-43bf-a5dd-53f6b5ad8317,750.52,PEN,canceled,polar,pol_ffb909ed1a33f7e6,2026-09-24T14:50:09Z,
a09dd63b-2ed2-40e7-aedf-9bad6f9a542f,4cf0618c-a477-40ec-9dac-d34ddb389096,5134.68,PEN,succeeded,polar,pol_b862bd97c3bf2482,2026-08-07T11:38:34Z,2026-08-07T11:41:34Z
08cf1212-3782-425d-9231-21962cf14e15,ba2e67cc-20cd-473f-85e0-2e75f5efbbdb,4149.96,PEN,succeeded,polar,pol_5aa6f61ef5780762,2026-07-24T09:43:35Z,2026-07-24T09:45:35Z
89a7be57-bd2f-414a-be52-be7db7591e59,14338fd5-4499-4abd-a8a5-e99b09811ed2,4025.91,PEN,succeeded,polar,pol_10f7702375c39fdc,2026-08-19T16:56:20Z,2026-08-19T16:59:20Z
aabb2a68-da35-44fd-b868-954e5a81574a,1b44af3e-abd3-4e71-b093-a6e024f1e487,879.68,PEN,succeeded,polar,pol_7a51cd42b2a0f803,2026-08-19T11:08:45Z,2026-08-19T11:10:45Z
f84ddc34-ec26-432f-b071-b031a3eb04f6,05db2c1b-9626-4927-8e87-7b0a7648b4bd,5109.02,PEN,succeeded,polar,pol_48ad637cc71fce2e,2026-08-02T11:54:35Z,2026-08-02T11:55:35Z
669f71cc-d5c4-4ea8-9492-da2106acaa30,e542e576-5fef-4e86-99fa-da1f0d31b207,294.6,PEN,succeeded,polar,pol_f7c7dab46b2443f9,2026-08-13T18:40:32Z,2026-08-13T18:42:32Z
c9083750-7fc5-4154-bd99-7bc4f85b3ee0,266b695f-15a5-4742-8482-e7196c0f7929,909.5,PEN,succeeded,polar,pol_97e17b9183a9d859,2026-09-29T16:39:44Z,2026-09-29T16:42:44Z
1546725c-6888-4bf4-8ae9-66d48fc97f27,ce69cc6b-fe55-4171-8427-520b8aeb2c8a,1413.38,PEN,succeeded,polar,pol_670efe08e7d8b7e3,2026-09-16T14:19:03Z,2026-09-16T14:23:03Z
a2441059-51ab-4601-91ca-95cf6b7d883e,5942e869-89d1-4b2c-bf78-a073147cba51,488.23,PEN,succeeded,polar,pol_88dae169e19ca217,2026-08-07T18:44:00Z,2026-08-07T18:45:00Z
1bd9b201-48f9-484a-8b4e-36e3817cb7fa,d5b265f0-0467-40e7-aff6-7d540b98cf18,3096.64,PEN,succeeded,polar,pol_767d75ab316bee4a,2026-09-06T09:11:58Z,2026-09-06T09:16:58Z
e2c4dc5b-3893-4037-b339-004056f29ed3,046d800b-3ca6-41bc-818f-9b1746f88e94,1873.7,PEN,canceled,polar,pol_384540f667583690,2026-09-02T16:31:04Z,
39915193-14be-406a-8738-8f21ff60ea06,ece99650-bb4b-412a-8231-81cce11652a7,3106.4,PEN,pending,polar,pol_ae73db42ede3da7b,2026-09-28T13:50:14Z,
92ebd1aa-7938-4870-95a7-0fbc6f2ae7de,6c1bc931-7e95-4e3a-acdb-6d46391401ad,2265.82,PEN,succeeded,polar,pol_9abc9eb5023571d5,2026-08-02T09:02:19Z,2026-08-02T09:06:19Z
bee3cec2-1b50-4cff-9c37-d2b72a1e9ae7,8af6eca7-c8df-4a86-a8d7-d0370a71231a,762.88,PEN,failed,polar,pol_39c0d4deefa760b1,2026-09-05T15:01:14Z,
7090877d-61bf-4adc-aa16-dffe61c0819a,8ebfd890-93fb-4578-bdaf-8f18e2011b9f,349.16,PEN,pending,polar,pol_74dbc9a73ee26697,2026-07-20T11:46:40Z,
85112ac5-e7a7-4b91-a97f-3194d9ffea0e,f1e0a161-a913-4cc6-99ba-b086b14e5c45,7411.1,PEN,succeeded,polar,pol_c22daf404e0822cf,2026-07-31T17:15:31Z,2026-07-31T17:17:31Z
f4ae73f3-4c64-4153-add2-1eb7d3578ad2,82a30f48-49de-404e-9e5c-cc4fb5ddcb2e,6806.49,PEN,succeeded,polar,pol_5a8c2a5f38e3808a,2026-07-20T18:00:45Z,2026-07-20T18:01:45Z
03fc8cec-7362-4c17-9155-9c7f94f95833,d5923a59-2690-466c-b3c3-92beb090e03e,2925.14,PEN,failed,polar,pol_eb35eb6329a388e7,2026-07-31T10:46:20Z,
96e5351a-9d07-410e-ac54-c8c6afee22de,ca745468-6145-4474-8b44-004fb305b2c5,569.58,PEN,succeeded,polar,pol_bc756680214790a1,2026-07-29T12:34:59Z,2026-07-29T12:36:59Z
b6f3955a-06b5-49e7-bc38-5322885d535e,d12ad9af-ae3d-4042-a1e1-e7ee4ca35d2e,1987.58,PEN,succeeded,polar,pol_4b2359693213ec81,2026-09-30T11:27:59Z,2026-09-30T11:32:59Z
0225e94f-18ec-4bff-aeac-b615fa3fe14e,928982e6-c92f-483b-a443-424e39ae04bb,372.36,PEN,canceled,polar,pol_58ddd5b5c8edd552,2026-09-29T16:18:00Z,
c873008e-d505-4327-b21a-3764070c9356,f250eead-05b5-4f2a-a092-16d095df9013,1269.73,PEN,pending,polar,pol_2e01ec0f610b85f5,2026-09-30T18:25:05Z,
c6b4d1d0-59a6-493d-8345-9fd0b9f40a9d,62d2250b-b8b3-4f92-9512-8881f1b2f204,116.02,PEN,succeeded,polar,pol_636ab2a2301d4d83,2026-09-04T10:52:27Z,2026-09-04T10:56:27Z
79a5036f-9417-4b36-befd-3818f01a22f6,13170a0f-6152-4dc7-98ac-7b4d6d20b8c1,2640.33,PEN,succeeded,polar,pol_1bb38b89208680fc,2026-09-24T14:18:52Z,2026-09-24T14:20:52Z
466b554a-3f9d-4092-8cbd-48922abc8182,4bbcb501-e395-4e2e-ae09-7e8ddf84f9ee,3486.8,PEN,succeeded,polar,pol_90745e3ff1700bb5,2026-08-22T07:48:50Z,2026-08-22T07:50:50Z
2716f08f-8012-4621-ac30-7fcee9d59742,7d2defd8-bd00-447b-96cf-bb2784b01345,12526.18,PEN,succeeded,polar,pol_f7364ecdd7e6ed8e,2026-08-16T14:21:40Z,2026-08-16T14:24:40Z
5745f21b-9e07-4df4-b320-f791577cfe45,c2950705-eb18-45e2-96bf-9a72001d94e1,3922.75,PEN,succeeded,polar,pol_0e94e8da3a08842f,2026-08-05T12:35:33Z,2026-08-05T12:37:33Z
3ee14490-57cc-4fc8-96ce-b7abf359ff2f,db82ac43-d6ad-404c-9566-3eb9b243bfbc,1300.76,PEN,succeeded,polar,pol_3794377421916164,2026-09-23T18:11:24Z,2026-09-23T18:15:24Z
ea81c480-1389-4752-be02-097d627d6649,00a967bc-d164-497b-bdca-17aa09e78e1e,3060.06,PEN,succeeded,polar,pol_a49c96655beb9da0,2026-08-06T18:36:30Z,2026-08-06T18:40:30Z
afbfeb62-5675-4bbb-88ff-b1dca990a372,ff2bd611-b15d-4c4c-8209-3c96ed3ab7f7,1125.11,PEN,succeeded,polar,pol_ee17cf04222f7be7,2026-08-09T08:38:05Z,2026-08-09T08:40:05Z
beece2fd-ba02-458e-b146-a4227af03ae3,daf82472-c4ff-4015-840b-a7ed9c6f8b97,2935.7,PEN,succeeded,polar,pol_9ff40178dd193808,2026-08-29T09:13:10Z,2026-08-29T09:18:10Z
9776b19b-58c5-4210-9449-df43cc37a2b5,d90c3e80-0c52-437b-a989-547e14afc148,4224.68,PEN,canceled,polar,pol_7fa03b01a91fd608,2026-07-29T18:37:56Z,
0ff552f8-a8f8-4b64-b570-475dca30f4f3,3c5762ea-87a2-4b56-b248-9a35d9bda3dd,1779.07,PEN,succeeded,polar,pol_7d35545154cc3a7d,2026-07-20T11:08:23Z,2026-07-20T11:12:23Z
968e9c65-9ca7-420e-a0d6-8e3648e9210f,3fc884c0-02b6-4d0a-ad88-7c83aaeb52a8,436.76,PEN,succeeded,polar,pol_bf224761459b75e9,2026-07-30T12:31:08Z,2026-07-30T12:33:08Z
a552285d-0ca1-4396-ba79-49fa256391b1,fe94d948-f30c-478b-843e-1ab1a2c0314c,3208.77,PEN,succeeded,polar,pol_4baf9ee0a1cf4be8,2026-08-28T11:15:58Z,2026-08-28T11:20:58Z
57f80125-7884-4262-bf54-c98ca37d5fd8,3063c69b-dbce-4ff8-8816-b1f1bac19a91,1889.63,PEN,canceled,polar,pol_f7c7a19499db2e69,2026-09-17T11:49:35Z,
3c32dd05-3ac1-4373-860f-fa440494ec24,b9b76e0e-55f3-4824-8542-7680ee8e34ae,155.94,PEN,succeeded,polar,pol_953a6fa9035e0d4f,2026-09-01T16:53:24Z,2026-09-01T16:57:24Z
d298298e-fa5e-4fc7-9397-6256fd76eeba,f4423d85-7857-49aa-a48b-9de578547f93,8369.86,PEN,failed,polar,pol_75c451f3f813c565,2026-08-13T12:24:00Z,
0a2dd42c-e4ca-4159-b56e-ecf7592d3d1a,4a7123d7-2d29-4e0c-bd90-e12b04ad3d33,6606.6,PEN,succeeded,polar,pol_43f945b79349d208,2026-09-11T10:37:31Z,2026-09-11T10:41:31Z
31b59fc1-4bf3-4404-8aaf-36e5ca23a278,4ad26a30-2c2a-4f70-abb6-376ab109e777,817.6,PEN,succeeded,polar,pol_fb8d6d8bbb13ff7a,2026-09-02T11:02:55Z,2026-09-02T11:06:55Z
a1d5403f-8935-4ead-8a29-19e1f4ec0932,0e6b6f6b-1079-4b5e-bef2-77ccb97edb0c,2567.14,PEN,pending,polar,pol_5cdafaebe7d1e45a,2026-09-13T08:21:43Z,
55dd7405-d2ce-49f9-bede-8f0b30882423,f382f45d-919a-475c-9f6d-4c7a24f8b82a,391.14,PEN,succeeded,polar,pol_8f145d0fe7429462,2026-09-21T09:56:11Z,2026-09-21T09:59:11Z
609284bf-71e6-40fb-828c-8192b13a913f,61167995-a860-4719-9993-f4c6c84fa3f0,3704.74,PEN,succeeded,polar,pol_86591f535f8cd224,2026-09-15T13:27:41Z,2026-09-15T13:29:41Z
cea98b97-4f26-4140-992b-c326624221b3,5ecfdc98-605a-4afe-9bc3-02c805ed02ec,109.59,PEN,succeeded,polar,pol_bba775cab7e3f509,2026-07-21T14:46:02Z,2026-07-21T14:48:02Z
55f1ba3f-bde4-4c45-9598-3c633d55f2f1,1b83700f-4b47-4544-a879-c8885f5d7ee7,5971.92,PEN,canceled,polar,pol_686fcdfe3c86f888,2026-07-26T06:24:34Z,
da4c7310-bdbf-461f-af4d-d47cb4f98c82,9dcfaa25-bdda-4df7-970e-99bf559c3e4e,639.8,PEN,succeeded,polar,pol_14a20f3abe83703b,2026-08-29T11:56:03Z,2026-08-29T11:58:03Z
ed2bbdec-bd2e-466f-954a-8aa0ee3fb131,6db4a891-2059-4cdd-b46f-f97cf52e96f7,1098.56,PEN,succeeded,polar,pol_c3de08607f36026a,2026-08-10T15:47:09Z,2026-08-10T15:52:09Z
6f5aff0b-dfd3-409f-b6bb-b594b41ffa19,ac3bd9fe-7c34-4c59-9fe1-ac422a8a7e95,1804.39,PEN,succeeded,polar,pol_8aaad37c173fa013,2026-08-06T18:58:00Z,2026-08-06T18:59:00Z
30f5fb9c-2e57-49fc-ad53-80e1673ffc3e,513d0389-645d-44f6-88fc-75616a6c765f,2870.58,PEN,failed,polar,pol_14512c5368f11f3e,2026-07-29T18:51:20Z,
ddc67888-afa1-4d8c-825e-711dfe6933d3,4cd0040d-65b2-4b5a-9e11-e0701b4ac923,4807.61,PEN,succeeded,polar,pol_2012b29e76a5c50c,2026-08-28T13:22:08Z,2026-08-28T13:25:08Z
914b4d0a-6f7d-424b-90d5-e4de458ba461,83b4fc19-0986-4051-99dd-793184a5812d,6546.4,PEN,succeeded,polar,pol_9186e85f8373d835,2026-09-02T12:46:57Z,2026-09-02T12:51:57Z
cc72c4d7-6988-4285-81e3-5544e8fe67c3,9bc4c0e9-80a4-4a42-b42e-76be86b51c04,1638.22,PEN,pending,polar,pol_df8bfd8b09f41ee2,2026-08-16T06:30:23Z,
2067626c-71d8-436a-8b4d-b252252fe557,ac2a4c66-d565-4bcd-a17f-efe5eaaf8301,258.72,PEN,pending,polar,pol_67e113a3723e63b1,2026-09-28T12:12:20Z,
f0ade495-ca1d-4556-a93a-a0190c2dd48a,0fac3a53-b92f-4735-9ebf-abd3ea1cb708,5734.8,PEN,succeeded,polar,pol_a752e65239a38242,2026-08-16T06:26:55Z,2026-08-16T06:29:55Z
7ebc50f0-ad68-4789-8198-8766ed2cfa6e,8b98af02-b277-4bd6-9af0-01354ae178fb,1661.46,PEN,succeeded,polar,pol_f5ee5391ddf03a06,2026-09-30T11:27:36Z,2026-09-30T11:31:36Z
df03d18a-5900-4f1e-80c2-6aaef0a49b39,d30a0430-1d0f-415f-a177-a20b01174666,1679.13,PEN,succeeded,polar,pol_ce5d16e9c9d09179,2026-08-25T11:19:12Z,2026-08-25T11:22:12Z
6786bb11-7878-484f-8307-2595162de8da,a59db596-f05b-4141-a7da-c7577a4be0b6,570.28,PEN,succeeded,polar,pol_b2647a367f34d784,2026-07-30T13:13:15Z,2026-07-30T13:16:15Z
25cc3768-1ccc-4e5a-930e-90fff0b07d18,589fdde4-51d8-493d-a956-b222ed978641,6418.9,PEN,succeeded,polar,pol_98ea959567a67137,2026-09-03T10:14:20Z,2026-09-03T10:16:20Z
cd9feed5-00d2-4da0-b8ed-d9250f072522,ba349ef5-ea33-46d1-bab0-4ea59cc1f92e,702.84,PEN,succeeded,polar,pol_c0441e843fd17bb6,2026-07-26T10:17:39Z,2026-07-26T10:20:39Z
fd7b375d-e234-4983-ad2f-63cf947b4e3e,4f925e69-d67c-495f-ad24-379ce1064633,1292.56,PEN,canceled,polar,pol_d7fa09acd174d7f5,2026-09-08T10:28:30Z,
c5293ef4-6786-4cc4-b343-0a13781e10cb,4c2720b3-de29-4576-ba8f-944f564c3cd1,262.02,PEN,succeeded,polar,pol_bdb3a99c1f9bb9d6,2026-07-21T14:37:22Z,2026-07-21T14:42:22Z
e7c0eb40-445d-45ef-8f89-e88df850b178,0ef5f1b6-9bf6-40e5-8b8e-fba013f0e855,2839.01,PEN,failed,polar,pol_a88de6d45c0dd8b7,2026-09-02T17:34:00Z,
cc94be12-ffd6-441f-876a-a73db7d9f02d,e0b1cb02-811a-4ed4-9847-a2b11ec3d4b9,519.3,PEN,succeeded,polar,pol_c1e1e5946aa247a0,2026-09-06T10:56:41Z,2026-09-06T10:59:41Z
1e9e5442-46e6-451e-8d05-135ed68d8c3b,42592fe0-cd25-437f-8f02-8cc3bc75ced1,2126.03,PEN,succeeded,polar,pol_39f7a9b8c80f9bfd,2026-08-23T13:07:15Z,2026-08-23T13:12:15Z
d4b8c2d4-3414-4949-aeff-074d32130519,354d169d-9bc4-45f4-91df-b1f09d6f183e,728.86,PEN,succeeded,polar,pol_53845dda45a6550c,2026-08-03T12:23:37Z,2026-08-03T12:28:37Z
fa7a520e-33b4-4b64-acd1-f7c2c3b08cc5,d5e63347-6fca-4011-9ba9-253187868f1c,1161.51,PEN,succeeded,polar,pol_cdebe81912143a68,2026-08-30T06:44:49Z,2026-08-30T06:47:49Z
9e36e732-8568-4662-bfa8-db0574c77e5c,f0ba253a-6dce-4969-8211-9bc1e008f361,1912.02,PEN,succeeded,polar,pol_1a7f030835056816,2026-07-31T09:55:46Z,2026-07-31T09:58:46Z
35e479c5-c7bb-4137-9206-934836ae5ebb,9db349b3-d7f1-4939-a405-a3069fc3dc9f,593.04,PEN,succeeded,polar,pol_b5134201f7d7a4aa,2026-08-16T15:54:52Z,2026-08-16T15:56:52Z
9831f6e7-3982-4928-8132-45aacf4d396c,174a50d1-095b-4729-a2da-5e658d12b1b3,3221.2,PEN,succeeded,polar,pol_f09b8b2a45c0eebc,2026-07-28T15:22:51Z,2026-07-28T15:24:51Z
17385a59-243a-45e5-8594-6f1463161063,536b99cc-5d0e-4d0e-8d83-242383b592f9,2213.38,PEN,succeeded,polar,pol_d43808b35dee852f,2026-08-10T15:36:49Z,2026-08-10T15:41:49Z
7631f31a-3c5d-4b4d-86c9-dfce32b7df5d,5362e2dc-f565-417f-a7d3-6990ce84fa53,720.76,PEN,pending,polar,pol_7052a47bec6e8ff6,2026-08-04T17:01:39Z,
60ebc475-66da-43d6-88d7-cf6b1971b712,bedb8456-7627-45aa-bac9-ceb9ee8825e3,379.72,PEN,succeeded,polar,pol_bfd8d7596c6af8d3,2026-07-25T08:45:51Z,2026-07-25T08:46:51Z
d1fc8ee6-13b2-4963-a918-58e8f960904d,c8985191-aa95-4317-8820-b1dfdb9c516c,4781.89,PEN,succeeded,polar,pol_fbf5dc2f502ae312,2026-09-14T16:23:50Z,2026-09-14T16:27:50Z
4c1ca7f8-d3b9-461e-9227-42b8ca414ccc,a2530dbe-d810-4b3a-a416-65fb9410a52e,3428.87,PEN,succeeded,polar,pol_81ebf1de57bf8a31,2026-09-22T16:02:08Z,2026-09-22T16:05:08Z
ae459256-adf5-441d-a1a0-5295449afc68,846f9af5-6621-4e09-ab37-7a641046dacd,2246.04,PEN,succeeded,polar,pol_40b6bae04318f1a0,2026-09-01T16:48:02Z,2026-09-01T16:51:02Z
dd810e45-5f7c-49df-af81-5a04046f31d9,de0992f7-0690-4992-b023-105907022745,3296.32,PEN,succeeded,polar,pol_b29763be33a50b8f,2026-09-22T16:27:00Z,2026-09-22T16:30:00Z
ccb20a4e-cdae-4eab-9d8c-64e460fb3ff9,a4f5e7db-32c7-475c-9f6a-8836825b4b1b,1157.72,PEN,succeeded,polar,pol_519166a18a23fe69,2026-08-01T12:10:21Z,2026-08-01T12:13:21Z
db8f3b9b-01c3-4f43-b53d-8ce46e9a5c5c,9c699909-1e5f-44f9-83f7-6499c223df65,2146.24,PEN,succeeded,polar,pol_8af2c2e3bcf997c6,2026-09-04T13:40:08Z,2026-09-04T13:41:08Z
8ce31307-f65a-477c-a1a2-a7c4bdbfb1d2,25be3a76-3b8e-40a1-9e72-261c195b2140,4133.09,PEN,succeeded,polar,pol_8164c50858f4b973,2026-07-25T15:08:31Z,2026-07-25T15:09:31Z
34642e0b-e2ba-4b65-8083-8c72d628098a,5aaa89b8-92cb-4d2f-bfb4-b9c7778175e6,1533.12,PEN,succeeded,polar,pol_1946171dbb0a56dd,2026-08-09T08:41:54Z,2026-08-09T08:42:54Z
043488f1-a79f-4733-93c6-52a8e3a821ef,17008732-87c5-4c3d-b945-34dfa6f7de57,2676.98,PEN,succeeded,polar,pol_53d09990ef630162,2026-08-07T10:34:24Z,2026-08-07T10:36:24Z
399aac20-61f9-4c7e-8922-2d1eb9307429,d2d05d52-597d-4fd0-931f-5e08c355b502,1349.49,PEN,succeeded,polar,pol_361ff8a15a7e3e16,2026-09-02T13:26:36Z,2026-09-02T13:29:36Z
f23030d8-401e-445e-9664-f35b3bab401f,ccabbf50-135f-4bfa-99d5-bc2adde989cd,1631.28,PEN,failed,polar,pol_91e5cca4bfad1c03,2026-08-28T12:59:11Z,
7b0f6d45-2919-4b68-b9c7-2724a17c3a6e,09015431-1f27-4133-97c3-61a77297e869,6606.6,PEN,succeeded,polar,pol_b596b7112ba13ebd,2026-09-30T14:38:42Z,2026-09-30T14:43:42Z
86c3081b-d7a5-4b2a-b114-ea8b911a5d14,b968d0f1-e18d-4675-a438-3a98e7a1bdfc,644.18,PEN,pending,polar,pol_db48aa9baad926df,2026-09-10T15:39:56Z,
0e0bbed8-623d-4e92-90f5-4a658bfb537c,7edbe37f-676e-4896-8636-953e2efa8c3b,3253.57,PEN,failed,polar,pol_12f7daf30a4bae82,2026-09-16T16:54:22Z,
c1fd064a-e3d6-4626-851f-ade499569650,ccbe33f8-3fd8-48b3-ae7b-4abf39b22b13,243.09,PEN,succeeded,polar,pol_34f5bd07bf657fc8,2026-09-19T11:23:11Z,2026-09-19T11:26:11Z
244b6d62-aec3-4d2d-b4ee-8097202ec435,3099d737-909e-410d-a8ae-da6f822ad502,1906.48,PEN,succeeded,polar,pol_73640857e73c669c,2026-07-21T18:43:30Z,2026-07-21T18:45:30Z
09637292-e5de-498c-b3cd-443ce76437d3,0836dd3d-ae6d-4bb6-a889-a646db937d7c,4791.53,PEN,failed,polar,pol_1186de5cbe7ba7fc,2026-07-20T15:26:38Z,
8b86ed59-a3fb-4fa5-a2ed-8b35c05fa6e1,c78fb6d2-0792-4b5e-8e5e-5a01b35e47ea,2947.43,PEN,succeeded,polar,pol_945b60276de4d967,2026-08-20T14:13:49Z,2026-08-20T14:15:49Z
3eafc242-8e90-49b1-8b40-fec1fb657032,26f6ad16-5b8b-42e2-9d06-59c936973aa2,994.18,PEN,failed,polar,pol_e9b03055c247828b,2026-09-30T12:56:39Z,
91d37318-34c3-48db-8327-82cfaddce27c,be51a20d-890c-4910-b9b7-274da913111c,4015.09,PEN,succeeded,polar,pol_102c4902663d1111,2026-07-28T12:56:27Z,2026-07-28T12:59:27Z
38356a60-c391-4ec2-8fb3-45276c81af59,17011ac8-ded8-4868-8874-ef05470a8edb,502.58,PEN,succeeded,polar,pol_b9dc920010ff4c13,2026-09-30T13:41:24Z,2026-09-30T13:46:24Z
23b8da2b-d1e1-4641-9a72-b446cb7c82c3,6e598a4d-65d7-4d78-8295-a0585afdeeef,4457.68,PEN,succeeded,polar,pol_15589b6369c4f413,2026-07-21T17:52:02Z,2026-07-21T17:57:02Z
410dd629-bc70-4e6c-962e-47a4a7be35dc,cc27e3b6-2c57-4236-8548-51284f3f3181,2548.34,PEN,pending,polar,pol_16ebc38eb60717a8,2026-07-27T09:37:14Z,
9d891bba-16c8-45f8-9096-40115a06d787,a31c6f0b-2627-4b90-84b7-32e33284adec,3220.45,PEN,succeeded,polar,pol_67021794b46f23c8,2026-09-19T09:29:31Z,2026-09-19T09:33:31Z
dbfc4d5a-cf62-4486-a47d-7ab03d131052,0de66fbb-4ef1-4777-94c3-bde040602f44,991.46,PEN,succeeded,polar,pol_fe6436e0acf76996,2026-08-20T14:34:51Z,2026-08-20T14:37:51Z
1f6ff0c7-a5a5-447d-8458-ed22cc9c354d,4697778b-bdf7-417b-a230-4da3984c9b2b,238.14,PEN,succeeded,polar,pol_77f30cb2726643b6,2026-07-19T14:44:11Z,2026-07-19T14:48:11Z
272e2c34-2791-4c53-933f-c835056dafbd,78666f72-599a-49c5-a4d0-b6094c2ddca5,2308.57,PEN,succeeded,polar,pol_1aeacee66a9986b8,2026-09-22T11:15:46Z,2026-09-22T11:19:46Z
204ccfae-46cb-42f6-88a9-7aba5d122b58,84e02189-189e-442d-8981-a6e606b2cd79,1500.08,PEN,succeeded,polar,pol_f216d8e856fe8e2f,2026-09-27T07:28:58Z,2026-09-27T07:31:58Z
2a80d83e-2a85-4d13-8a21-47bb96e3055d,433c6978-6031-4131-a54b-6e377749f374,3220.69,PEN,failed,polar,pol_2f6471370d8db7b3,2026-09-26T09:28:30Z,
e941a5a1-bd8c-46b6-bc52-760406c527b3,61ebe59e-4430-46bd-bdbc-4d83976e0182,5394.31,PEN,pending,polar,pol_71a2831be66e77f6,2026-09-27T06:12:16Z,
0d529705-1f59-4086-82d8-64ab76f5b676,634f3dbf-4a96-46ab-8c33-d172223a142d,477.9,PEN,succeeded,polar,pol_f7626a368ff1b7aa,2026-08-20T16:20:36Z,2026-08-20T16:25:36Z
c4756916-145f-4b8d-b957-411b7f37097e,e8f05415-5d4b-4eec-9dfa-e9441225e994,2812.64,PEN,pending,polar,pol_4c8eedcacd59506d,2026-08-08T15:57:22Z,
bba69107-9c36-47da-8c09-cbcb23dc77f4,e966d266-fc07-402a-9338-143e0a4a0a3a,922.24,PEN,succeeded,polar,pol_ed20687c24c9549d,2026-08-20T10:06:03Z,2026-08-20T10:11:03Z
2031852f-d9cf-4533-b9ea-14fc031d1fcd,30f7059d-747d-448f-acbc-f4efe61be67a,548.07,PEN,succeeded,polar,pol_53e83dcb8a3e1691,2026-07-27T11:22:32Z,2026-07-27T11:26:32Z
81e20b9b-0ad9-49c9-b387-5bc0f020e3b3,73e1c0ed-9a6c-4d50-bf97-8d36754373fa,4224.17,PEN,failed,polar,pol_366b0c275e4c975c,2026-09-26T11:04:41Z,
c785614e-cacb-4f92-bbc0-209d08b78d02,0c06de1c-982c-46d3-a994-1e61ca08ab1b,2037.23,PEN,succeeded,polar,pol_74faf898aa694c07,2026-08-22T08:33:07Z,2026-08-22T08:37:07Z
ac8c21da-aa3d-4fce-a73b-6e759bd09776,dbd70a04-6d6b-41ae-9ea8-3ab84b58a16b,1487.12,PEN,succeeded,polar,pol_0f1b0ff67d25822e,2026-08-05T18:46:10Z,2026-08-05T18:51:10Z
8b33ce6f-1151-44c7-95b8-e40a48d1c1e4,abf0bacd-75b3-4623-8bb5-bde5cab8f2a6,909.68,PEN,succeeded,polar,pol_1186c24582ca75dc,2026-09-18T18:00:38Z,2026-09-18T18:03:38Z
bd4d12af-57b8-4b7e-826d-fe8cddef8902,99147896-28fa-43a2-84f4-ad6542943884,1188.28,PEN,succeeded,polar,pol_cd1079178913112e,2026-08-25T16:08:35Z,2026-08-25T16:10:35Z
8684b729-b14e-4d85-bb86-5353cb34eb20,f771595a-39cd-4590-934f-0921ae83d5ae,1825.82,PEN,succeeded,polar,pol_122ff7c7b961b7f0,2026-08-02T15:51:46Z,2026-08-02T15:54:46Z
48add89e-ef20-45e2-8a9f-5330a25d3055,b09be29a-4760-45d9-8ab0-95e7e559a621,175.71,PEN,succeeded,polar,pol_a539296f0b80a1d0,2026-08-28T11:36:23Z,2026-08-28T11:41:23Z
a0e21d4f-6444-4cf9-ab12-99a67f72d9c0,a0ed61d4-a160-4b29-9661-c1fe6d7b64b9,2065.53,PEN,succeeded,polar,pol_92e98a5e074f98b2,2026-09-11T09:39:00Z,2026-09-11T09:42:00Z
95dd61c2-0800-4f11-9918-072292826dd2,fd535438-b1c3-42b0-8f77-747ef325a0a1,5164.1,PEN,succeeded,polar,pol_7782d13074de6082,2026-09-19T14:41:01Z,2026-09-19T14:44:01Z
7effed7f-e26c-4b9e-89ea-ac3b2cd9fc8d,be27eb92-c9d2-4400-8c9e-fe9d93978b37,304.03,PEN,succeeded,polar,pol_f48b6689adc6c9de,2026-08-05T16:08:07Z,2026-08-05T16:12:07Z
669e1a02-a7d3-482e-bdd8-9b6a374fc002,5eb350b5-97a1-41ba-9462-fc0c49427d11,382.31,PEN,succeeded,polar,pol_30398f01f32d8c5f,2026-07-22T12:53:47Z,2026-07-22T12:58:47Z
6358cd29-0cab-4270-bf42-8ee3db5fdd6a,e1f04302-2e52-4c3e-89fb-3753f4e1cfb9,2273.38,PEN,pending,polar,pol_b84eee33009531f9,2026-07-25T12:59:00Z,
1cfebf20-b541-4d0f-8f84-e23922a53bf3,604dd334-a5fe-4609-a6fa-17786360c9d0,9006.9,PEN,succeeded,polar,pol_06d294979221eb17,2026-09-18T09:22:31Z,2026-09-18T09:26:31Z
ad037a3c-442f-47e9-83a2-c0c09ded7238,e3bbd61d-1704-4564-883a-d0433c6f69ec,1609.16,PEN,succeeded,polar,pol_c8c3daca25b48d72,2026-08-19T12:06:37Z,2026-08-19T12:10:37Z
c1267c6c-8842-4af3-a815-3354fe0f8184,b81b4577-754f-49db-bab2-5aa81e2046fc,150.12,PEN,succeeded,polar,pol_6d7b28858415a512,2026-08-13T14:16:28Z,2026-08-13T14:17:28Z
4a67c947-9f11-478d-819d-9c5034c2323c,4e079213-d363-4264-b868-f814d62c53f7,1337.16,PEN,succeeded,polar,pol_b7a2b9c8088a030d,2026-09-06T06:05:44Z,2026-09-06T06:09:44Z
87839ddf-28e1-4d2c-b3ea-fcd95e5d9551,a9952a2f-67a5-4a84-9ac0-d161e95829c2,2952.04,PEN,succeeded,polar,pol_738133c2f6fbd8aa,2026-08-28T11:20:07Z,2026-08-28T11:25:07Z
1104a119-7342-4336-a563-94b1154a2df8,fd26399d-9a2a-40b7-abd2-55e81b95262b,2615.55,PEN,succeeded,polar,pol_757d07060ea6e7b6,2026-07-21T14:26:41Z,2026-07-21T14:31:41Z
76a89820-0793-4ad4-9c8e-7aa7685e2ef7,eee80e89-1ceb-4af4-b98e-03f66dda268f,933.7,PEN,succeeded,polar,pol_6db087e5b7a89a93,2026-09-13T07:57:41Z,2026-09-13T07:59:41Z
d6e8b87e-57ed-4586-b3f9-00de5a63bcc7,13061924-367d-46f8-8942-ed88ab32ac8e,58.01,PEN,succeeded,polar,pol_40ee754d63387764,2026-07-23T09:40:02Z,2026-07-23T09:44:02Z
ae929ec5-448e-4dd3-988c-0a52ffc54f01,7ad0b107-4ab8-496a-9b16-328c1c6e07f2,6873.6,PEN,failed,polar,pol_2054c914a493a720,2026-08-23T07:10:54Z,
13fdf2ac-0b61-499f-abf3-de785833c36c,4f3502cd-2c86-4ba2-b1e8-7ab6c8ac3b9f,2465.67,PEN,succeeded,polar,pol_8597895143f84022,2026-08-16T08:42:50Z,2026-08-16T08:44:50Z
5cd30dc5-b4f7-475c-8bee-4bd4ad531eea,e00b5873-189d-4347-af1a-8f7d1c7de3ef,308.18,PEN,failed,polar,pol_071d8cfe80dc1b88,2026-09-30T16:43:39Z,
bd02a38e-a252-4892-bdd3-a0b4cc086a62,41a0804f-5a3c-4442-b8cd-f9743d83cb0e,2850.53,PEN,succeeded,polar,pol_8c04d616246c3ad4,2026-09-15T13:14:04Z,2026-09-15T13:16:04Z
9d68d454-a95d-4ae6-994b-93fa527de6cd,ef1f1eeb-108b-4b9f-917d-43c9b0e802fb,1798.9,PEN,failed,polar,pol_a1fefd79d55dee55,2026-07-19T11:13:49Z,
132818bd-0cae-4de0-ac3c-742a8d09440b,8e096338-8991-424e-bde6-8c62e02f815f,3379.98,PEN,succeeded,polar,pol_834c1e2b379ae761,2026-07-31T18:01:36Z,2026-07-31T18:03:36Z
1040bcb2-9eb8-41e1-b88f-1e2f6b42431b,e1ede179-4846-42be-b036-105db73a46ba,298.38,PEN,succeeded,polar,pol_f3688070a546bd08,2026-07-28T15:49:28Z,2026-07-28T15:54:28Z
a615d7f1-dfaf-403f-95ec-240f2411ec80,67a07e9a-0e67-44eb-a582-0a5cbf3b102b,13813.96,PEN,succeeded,polar,pol_978bfa93fe9c1b7d,2026-09-05T06:09:13Z,2026-09-05T06:14:13Z
8dd78033-0d34-44bb-a005-1e846e2c790b,397cd79c-4e1d-429c-b0fc-209c20678a29,948.45,PEN,succeeded,polar,pol_1cbf6cde428b3d0f,2026-08-07T14:08:00Z,2026-08-07T14:12:00Z
8b0919f9-9de2-406e-bf62-2b23dc21e35b,98acb37a-f7ae-42d6-8408-8deff8848610,168.07,PEN,pending,polar,pol_46a74bb4e94f911d,2026-07-24T10:31:02Z,
cabf2996-d92e-4317-bc22-dcf52e36b44a,c72eedb2-aabf-46e7-8a1e-7a2c82c5cf08,2425.12,PEN,failed,polar,pol_1d535b766977bcd4,2026-07-26T10:34:44Z,
b9281400-010b-4af9-9bf7-26813dcdf362,f605c0ce-6066-4380-93e5-cd6ab97ce06a,1001.6,PEN,succeeded,polar,pol_1d4bfba1a57222b4,2026-08-07T18:23:20Z,2026-08-07T18:28:20Z
b6aa8a2f-3d41-4933-ab74-c5d68ba68695,f3ea1961-e49d-4c99-9128-ca0fe0809291,2755.95,PEN,succeeded,polar,pol_4b76f741ffafa9b1,2026-09-29T11:36:49Z,2026-09-29T11:37:49Z
9e9fb6e2-32d3-41f9-a76c-589ad7a0d7cc,40695d16-c613-4f33-9920-a7b6d90f12d2,1050.8,PEN,failed,polar,pol_a2d0e96e5ce8642b,2026-07-31T12:30:00Z,
083ecd31-043b-4762-8779-752d2d8ae47a,b936ac51-81fb-484e-af1f-01c7b3613a27,237.57,PEN,failed,polar,pol_9ac51bf3c96741ab,2026-09-07T09:53:14Z,
fa21e65f-370d-4553-a194-dbee01b7fa51,64eb7cf5-d1e3-4cbf-b616-1687edce86d1,1779.53,PEN,succeeded,polar,pol_c45e04ea97315a77,2026-07-27T11:12:49Z,2026-07-27T11:15:49Z
7ebda1ef-3947-4b21-896d-13eef73bfa32,076f3b47-7dd5-4666-8088-a7b724875ebc,1518.24,PEN,failed,polar,pol_d208134b5ccbebb5,2026-08-26T09:45:49Z,
2cf21db8-4527-4cc0-a781-feaff7ee750e,c4654d39-38d9-4c86-a89d-5f3f7c836f10,892.71,PEN,succeeded,polar,pol_ad836dd8e6808368,2026-09-15T17:52:39Z,2026-09-15T17:57:39Z
69a1e002-0ffa-4869-91aa-583ff5796ecd,e45b1120-0b61-42d8-b878-411670e51e27,507.13,PEN,succeeded,polar,pol_fe9f12980ccd5049,2026-09-22T17:35:00Z,2026-09-22T17:40:00Z
d1f056fc-7539-48ce-95d4-6ca2a727a516,1e429cfd-2f21-42d0-bb6f-5e355cc3c0b3,1460.27,PEN,succeeded,polar,pol_491ec1e0c1ed7144,2026-08-16T13:52:46Z,2026-08-16T13:56:46Z
6c38cecc-94a1-491b-8a24-2343f20ffa50,ef3aa4af-9df5-4766-a5d7-5023ffbeea27,2822.9,PEN,succeeded,polar,pol_da1a0025a9105d1f,2026-07-29T12:53:52Z,2026-07-29T12:58:52Z
d7b3c423-385c-4ba0-bbf8-e653d82607a2,3ea03efd-7022-4001-833c-018e93f189b8,4227.18,PEN,pending,polar,pol_4600104fb93314f9,2026-08-09T09:47:00Z,
ae6f0af2-78a1-4e19-aff5-f5a4a81b8139,a6b8fd90-f6ee-4565-8893-3f30e2d9cd73,2157.96,PEN,pending,polar,pol_bac160493da7f245,2026-07-20T16:51:14Z,
f10b0c85-614e-4262-a272-9f87fd39b4a8,d872d76a-fb23-4d8d-a555-1d8b5705a541,3128.87,PEN,succeeded,polar,pol_c5c16134aa434383,2026-09-17T11:20:22Z,2026-09-17T11:24:22Z
b647eb1e-0b6e-4df2-a264-93c7cdb49982,7a844096-d441-479a-9b1b-e80a03da95ee,3848.98,PEN,succeeded,polar,pol_810f0293781ff514,2026-08-01T06:29:59Z,2026-08-01T06:30:59Z
c8f35745-550c-4614-82f6-ac906f815378,6ace32d2-2097-4a73-8746-de1a52da3256,2643.13,PEN,pending,polar,pol_9146c3b0cc6ef90b,2026-07-19T06:55:46Z,
8230ccd0-2868-412a-9ce9-67e6f7d95227,d38905af-30da-41ca-b6ca-045f1ab51c09,2795.67,PEN,canceled,polar,pol_59d28d44769c0876,2026-08-12T15:50:20Z,
82dc54cd-d04f-407b-bfab-0ebbbe9bdf37,d9c2b464-4be1-4aed-aeae-18ba3f60d253,4989.18,PEN,succeeded,polar,pol_2ed54634393f00d9,2026-07-18T10:38:07Z,2026-07-18T10:42:07Z
57419e7d-7d94-4336-ba1a-b26150513661,ca587b8d-6799-4939-b708-cefbdbb0443d,264.24,PEN,succeeded,polar,pol_3ea2488715b1baac,2026-07-18T08:48:32Z,2026-07-18T08:50:32Z
a140460a-9e36-43e7-a179-9dad30cded23,61dfc6d7-c48a-4367-b0c2-07471c661430,2621.96,PEN,succeeded,polar,pol_ac1e4d5babbd0d17,2026-09-04T17:48:26Z,2026-09-04T17:52:26Z
864318b9-355a-46b9-9fba-6462795e4bfb,95eff92a-6953-4aff-b070-f1329f7ef6b3,581.18,PEN,succeeded,polar,pol_bcc346052706e177,2026-09-02T14:51:39Z,2026-09-02T14:53:39Z
bd241fd4-ef35-404e-bc6f-761dbdb81476,6610dbd5-2e28-4bae-9d9c-73215027f1ba,442.31,PEN,succeeded,polar,pol_3dabb865b266cd05,2026-09-29T18:00:52Z,2026-09-29T18:01:52Z
e604b497-d1e2-4f0a-921f-91da66075e5d,df03dacf-b195-4bd1-9c85-c33c3c56e924,4223.25,PEN,succeeded,polar,pol_c42346fcb5b6f623,2026-07-31T09:19:53Z,2026-07-31T09:20:53Z
4905b28d-69c1-4b53-8327-b6370a4d87a6,57c54c3a-87e9-40e0-a789-d349adc8a304,1109.41,PEN,succeeded,polar,pol_ad828a6e4ea5833d,2026-08-01T12:57:52Z,2026-08-01T12:58:52Z
02a79263-8273-431d-bed9-1a61aa8aa233,c7a6918a-2fb4-4a7f-864d-c6e1a078219b,1615.16,PEN,succeeded,polar,pol_20064a47747767fc,2026-08-31T13:35:25Z,2026-08-31T13:40:25Z
80cc87ad-c5f0-4d0c-917e-aaf5cb166609,ebb0a61d-48ef-4aad-84ef-b64b3d28cb12,266.92,PEN,pending,polar,pol_8d6b016c879c9ade,2026-07-30T09:42:28Z,
b31335cb-cad9-4275-b6b2-ecad5e350cac,9b9c16f6-80f5-4e8d-8d09-636b28e2687e,728.26,PEN,succeeded,polar,pol_6be1a28118fe3c2c,2026-09-14T12:10:39Z,2026-09-14T12:15:39Z
a0451b16-3cf5-4106-931d-836bcbf657cb,2ad199ca-2835-4cd7-9fc6-ff642d83d5d9,855.94,PEN,succeeded,polar,pol_e27b8aee73d5e23c,2026-09-26T15:05:43Z,2026-09-26T15:08:43Z
3da1a175-59bb-4afa-ae1c-23bc6c88cf51,c2234606-a4fc-4d84-ab77-15f991b3cc0e,1673,PEN,succeeded,polar,pol_ebd480ab333bf076,2026-08-18T18:43:38Z,2026-08-18T18:47:38Z
9c337abe-80bb-4927-8869-fdbc6c49b8d8,eb37b0f8-812a-4b0f-a1d2-baf5baa6805d,1672.38,PEN,succeeded,polar,pol_f567039ae3ec1a26,2026-08-20T15:59:00Z,2026-08-20T15:59:00Z
99640339-ada2-402c-92bf-1361273683a4,68fa0413-c7bd-4c92-b5d8-a901a9f140e1,1193.64,PEN,succeeded,polar,pol_c071f75ff7999e14,2026-07-25T15:13:56Z,2026-07-25T15:15:56Z
0d527284-8e26-4abf-8f69-ed7dab7ad4c7,b8c8e87b-c5d1-479e-9552-aea4f4021e8f,2430.8,PEN,succeeded,polar,pol_0ffb333177139533,2026-08-13T14:45:51Z,2026-08-13T14:47:51Z
8b2bcc34-c485-4f50-aa30-6b541aad7e90,c2371d3e-7c56-40ae-9f9c-3d66e9b9ba39,4635.24,PEN,succeeded,polar,pol_b9a37e2c6045e26f,2026-09-07T10:12:31Z,2026-09-07T10:15:31Z
7329702f-7eb2-4d8c-8be3-d5a2dded211f,69441c0d-5492-4867-ab7c-7f96e6fdb799,1772.72,PEN,pending,polar,pol_f51bd621261a4c0f,2026-07-29T14:49:43Z,
394093a6-832e-40b6-a16b-5c3e93521488,07c71a7e-f371-4e9f-99b0-d4e50d037e6d,298.21,PEN,succeeded,polar,pol_051e438a12b864b6,2026-07-21T18:06:52Z,2026-07-21T18:08:52Z
53cbb362-2f0c-45c1-9fdc-88a6c056b88f,e3cd1bc4-3715-405e-8233-a73426c3bd6f,4851.88,PEN,canceled,polar,pol_677abf5339d40317,2026-09-24T13:00:10Z,
79ef2b7a-461e-4752-b4d2-057cae5b5729,bbab8e7b-7598-4d04-a074-9e81c94627c5,7004.65,PEN,succeeded,polar,pol_982f708a38f946db,2026-09-19T10:29:18Z,2026-09-19T10:32:18Z
4269cd16-72b1-45c2-9bfc-ef72ed68b7db,23df4490-35f4-4f40-9139-d5f20babb451,895.84,PEN,succeeded,polar,pol_e982f5d89e17c884,2026-08-31T10:18:10Z,2026-08-31T10:20:10Z
541c174f-23e5-49cf-b6a1-f9e58f4d64c4,5722d553-cd08-45c4-a906-d2ea3e42ed49,2816.4,PEN,succeeded,polar,pol_2191c75b2e7bc2b0,2026-07-26T14:00:06Z,2026-07-26T14:04:06Z
db0ed2c5-9130-4fab-a17e-2ddea15a077a,e3888dce-f28c-47a4-890b-46076c6c9c52,1526.59,PEN,succeeded,polar,pol_10d8a8b846738689,2026-09-20T14:14:17Z,2026-09-20T14:18:17Z
06726f5f-9d4d-44d7-9029-f9ec1bda0b9c,98cf0a3c-85bd-48f8-ba5d-21213acfdb78,1604.31,PEN,succeeded,polar,pol_9c40c5e3d6542784,2026-09-04T10:02:52Z,2026-09-04T10:04:52Z
88ffe59d-e78e-467b-8f1b-0e547f2c4ed6,ddbcbb3d-abc7-4c43-a13e-c3b7816eb3cc,12754.9,PEN,canceled,polar,pol_8f05f38fd6b5ad70,2026-08-05T11:51:09Z,
4d28ec9c-eba6-4b99-ad33-b31513e8c78d,53faa1c1-a83e-4a30-8721-2a76fc86c48d,2969.79,PEN,pending,polar,pol_6ea1ef4adca7611c,2026-08-03T17:01:40Z,
0ce144c1-2e56-45ba-941f-3fa59731a199,4dfbef12-4226-4e4e-a729-83b224683d13,4672.9,PEN,succeeded,polar,pol_955e25f7a8b4a074,2026-08-04T17:22:13Z,2026-08-04T17:24:13Z
236bfebf-269d-4e14-844e-988d6c847e97,4f1cb834-69af-4390-9613-f6d040fa3d94,11370.88,PEN,succeeded,polar,pol_c033c18f23b3fa3d,2026-09-24T16:12:15Z,2026-09-24T16:15:15Z
4cd4a8e1-37c9-474a-b796-bdb7f6f11463,295ae14e-297e-4ed1-b642-e9fc951c4e00,2567.59,PEN,succeeded,polar,pol_92771555c40cce6e,2026-09-20T11:46:31Z,2026-09-20T11:48:31Z
5caecbae-0240-4630-89d3-9fab22917a22,2d9b93ac-e5c6-4af3-ba8f-ee731ee78f90,290.96,PEN,succeeded,polar,pol_f295e7f9d5d92d08,2026-09-06T10:55:48Z,2026-09-06T10:57:48Z
2f8ee636-a947-4ad3-b056-61868738585c,86800c46-9720-47b4-a7fb-286c92eec9ae,2276.35,PEN,canceled,polar,pol_eb07314c6d7ad4f7,2026-08-31T11:45:19Z,
e8c29da5-63b1-4873-b779-c2a54c549e2b,be5bad9d-df34-439a-88d6-3d26801c687f,4373.73,PEN,succeeded,polar,pol_e7ae96190db8885c,2026-09-17T15:18:28Z,2026-09-17T15:23:28Z
43333ce8-014a-4f5b-adb3-7b22683b8bec,b11c8b8c-fede-4573-aff1-442f389550d3,277.77,PEN,pending,polar,pol_b977e6e93940fd12,2026-07-28T09:16:46Z,
1f955223-eb99-4ac8-ada0-50f7f08fabed,62fd0e68-2c90-4c17-8f10-7b056af6848d,3513.7,PEN,succeeded,polar,pol_fb0f0c901ce9b198,2026-08-14T09:00:42Z,2026-08-14T09:05:42Z
ed3aac4e-2e97-4311-b870-65aa3c723cbc,a15f3556-999d-45f7-85a0-5239deb1d235,12141.51,PEN,succeeded,polar,pol_7e271637de17db6d,2026-09-16T11:07:25Z,2026-09-16T11:09:25Z
b32e8099-4df0-4484-bfb2-3aae2227c331,8fad4996-62aa-48df-978f-3c12bac2d3eb,3642.91,PEN,failed,polar,pol_6b0cf49da91570e0,2026-09-14T14:38:24Z,
af1aac6f-131f-4ec5-9736-543589990da0,03bb812b-ca90-416c-b682-37ee8d613375,1711.88,PEN,succeeded,polar,pol_324e7217020ef9b6,2026-08-09T15:38:33Z,2026-08-09T15:42:33Z
823fab76-c160-4c2d-b760-66ef8b1e261a,9a927839-f45c-4e9b-b227-c7263e7b3f46,564.33,PEN,succeeded,polar,pol_740966ebb1df3e7d,2026-09-14T14:55:08Z,2026-09-14T14:59:08Z
8cd9b50b-7b3c-42a0-945d-3b262296f20a,4f14ddb8-e0ee-471f-8b4a-46e8b439ebc1,6860.76,PEN,succeeded,polar,pol_8412d0cf106fb420,2026-07-23T10:31:09Z,2026-07-23T10:34:09Z
edf505d3-4742-436b-9c7c-545eac966564,911ed0f9-0e25-492c-a850-3b08527f71d7,2721.57,PEN,succeeded,polar,pol_575576f218785855,2026-09-28T13:55:29Z,2026-09-28T13:56:29Z
63c50b88-abd4-4af3-be54-e56e2ea27bc3,66bf5997-240d-4770-9d54-5e481202d72b,1707.06,PEN,succeeded,polar,pol_2517ed4bdd9d812f,2026-08-19T09:16:35Z,2026-08-19T09:20:35Z
09929b89-dcfe-4d20-a70a-08978efb365c,08176207-14a4-4a09-9f63-3861edbe4dbe,301.88,PEN,pending,polar,pol_576e4f762abb8e71,2026-07-24T15:58:09Z,
bbcb77a1-5596-44b4-a59b-678e9555fc59,867567f1-f897-4503-9f7d-6129567f0368,201.43,PEN,succeeded,polar,pol_a0fb9eca169d855c,2026-08-11T18:32:38Z,2026-08-11T18:35:38Z
3954ea92-c45d-4382-a193-b308c930bf6c,611fed24-22d5-424f-9b8a-1586184550bd,1674.95,PEN,pending,polar,pol_6597527701d8f806,2026-09-05T15:54:43Z,
d0a30752-dee7-4442-88f8-d6a7a06a88f4,20800916-6cfe-4d22-b90b-729911f4f31d,2197.52,PEN,failed,polar,pol_8f2bd84a9e90c600,2026-09-26T10:44:38Z,
4e50c3db-87a0-4b27-b27b-b89fd0bd0ce6,fc4dd51a-8e2c-4a7b-b82a-1fae904e28c8,4688.75,PEN,canceled,polar,pol_a395920b6aa1ae42,2026-08-09T15:20:15Z,
6756d4ee-a305-4ab2-bc14-9c55d9011b2a,affb4e66-1652-417b-a0f9-de2dbba76186,4988.57,PEN,succeeded,polar,pol_8a4645ae7bc21139,2026-09-10T14:50:28Z,2026-09-10T14:52:28Z
3f8f9ffd-1197-4caa-8d54-fb4e3818f76c,407d32b8-4461-413e-aa57-adc03de43a94,1743.17,PEN,succeeded,polar,pol_0578e814ec9e1549,2026-08-22T10:11:09Z,2026-08-22T10:12:09Z
90711295-b430-433e-9f82-f2cfd8e7f907,1b4ee1a9-3940-4159-88d3-451f2850e8b2,2623.84,PEN,canceled,polar,pol_a8119d06f0e986cf,2026-09-21T13:18:30Z,
15ea4e71-bbca-4e57-9d94-6e2b38997220,6a29b10d-81d9-45cf-a150-176834d83ce3,2883.82,PEN,succeeded,polar,pol_06c33cb88b5209aa,2026-08-26T17:21:10Z,2026-08-26T17:24:10Z
de741fd0-223c-44c2-b80c-d47b7de525b8,ac9265a5-0b61-4231-93ac-1db55ae5a009,640.5,PEN,succeeded,polar,pol_90e421826fbd125d,2026-09-22T18:58:32Z,2026-09-22T18:59:32Z
df912e17-3f40-4a3f-a18f-bcd36b426ca9,e8b5ac85-71cd-4bb8-b714-3fa6e7de7a39,400.76,PEN,succeeded,polar,pol_792db4864aaf3abc,2026-08-12T10:48:36Z,2026-08-12T10:49:36Z
21666ff7-034f-4373-b5cf-657eff9c62bb,79032da7-ff28-49f6-8ab1-b86a9d91ffb6,302.68,PEN,succeeded,polar,pol_be7f0f44126df999,2026-08-23T13:36:44Z,2026-08-23T13:38:44Z
4c13c2a0-9ea7-49e7-b0bf-5813d118b486,7420206b-50e8-44ef-946d-77e0a2a26009,12483.67,PEN,failed,polar,pol_3b5432d185f787a1,2026-08-25T13:30:12Z,
8b9f8520-ea53-4e28-9703-5597f7871135,0ee410c5-33e4-4aaf-868d-a1a2c4daf2c8,10167.68,PEN,succeeded,polar,pol_b14326acae931215,2026-09-12T10:31:41Z,2026-09-12T10:35:41Z
173e3b6a-09f6-4393-a8ea-6135fca68745,84971b10-086f-4f59-859d-2374680815af,3050.36,PEN,failed,polar,pol_c818644dd5b49055,2026-07-21T12:00:24Z,
423d874a-2c4c-474f-bab2-127a7149dd32,4a3b7c1a-3542-49fc-9a80-5340bc8e1b8b,3030.39,PEN,succeeded,polar,pol_4f8027ad44a72d29,2026-08-07T09:03:53Z,2026-08-07T09:08:53Z
99d2fee3-0958-4de2-8936-2d071519c882,fbf34103-6df9-4ff5-8078-db8ef49f5593,4955.92,PEN,succeeded,polar,pol_e4be7480c5992f6e,2026-08-01T08:16:22Z,2026-08-01T08:20:22Z
efb498d1-4448-4c8a-8b4e-1c58a3f7965a,67ed22e4-16c2-4cc5-be25-75bd355f4366,1543.25,PEN,succeeded,polar,pol_d664a7f3fd67122a,2026-09-16T11:06:36Z,2026-09-16T11:10:36Z
7b333d8d-d838-4da0-a70d-8607767e7812,6db3ac2e-2411-4a85-8b0b-38095e5e2666,659.23,PEN,canceled,polar,pol_b6659c2a24e27791,2026-08-03T17:07:49Z,
24775a76-41c7-426e-9b2f-2d104b0828dc,6c8ce907-c4de-4eca-8c8c-466d6048a4ad,7163.35,PEN,succeeded,polar,pol_5d65b87676ea1967,2026-08-21T15:13:58Z,2026-08-21T15:16:58Z
9deddf75-d6d3-42b5-bfb3-4764d0d0740a,e3fbfa18-b1c4-42eb-8117-8cb459f7b24c,834.64,PEN,succeeded,polar,pol_984e03837dbd6ef9,2026-08-03T11:44:18Z,2026-08-03T11:45:18Z
7b2027ca-926d-4143-b616-4121b9256545,82cdb1a7-b20c-481e-9813-56c5d2be6ff5,1956.19,PEN,succeeded,polar,pol_f724528dcac9697f,2026-09-28T12:55:49Z,2026-09-28T12:57:49Z
75f89b1b-3fb8-4dff-8d85-a51b8df275e5,3e117c8e-09e0-40da-8275-766a5adcf77f,10865.76,PEN,succeeded,polar,pol_bba60de97c891313,2026-08-14T17:24:53Z,2026-08-14T17:26:53Z
273006ad-8809-44b1-9a05-d1becb5e7fe2,5ace8200-d6d9-4de2-b4f5-c4bb16b417d9,1087.21,PEN,succeeded,polar,pol_b17ba329cac98753,2026-07-27T11:20:33Z,2026-07-27T11:23:33Z
30e66e05-a79c-4e07-a717-5bf22d03a9e0,332675c3-8f7d-4685-afa8-b9b18943be2a,8182.64,PEN,succeeded,polar,pol_2497db9adff1718d,2026-08-07T16:29:12Z,2026-08-07T16:33:12Z
c6241b97-c32e-47fa-8494-1da54809fdc0,8742c7db-419b-4fb4-afa9-7b0173dac725,8228.98,PEN,succeeded,polar,pol_9ee4ece675d38d1a,2026-07-25T13:23:18Z,2026-07-25T13:27:18Z
75982e0d-e55f-4e2d-9cb9-378cfde10cc4,3f1534d8-43a0-46a9-a6d5-13787d11a0f6,367.6,PEN,succeeded,polar,pol_bb8272939a4cec6e,2026-08-28T10:08:51Z,2026-08-28T10:10:51Z
f4c44b1b-15c2-4cb1-be18-d05f099ea664,9b11fb6f-b575-4073-8629-8983a81516cf,664.74,PEN,succeeded,polar,pol_3321ea5d04c7512c,2026-08-16T10:40:49Z,2026-08-16T10:41:49Z
9f73e678-d49c-4ce3-a6c3-a71bda686154,4065ef24-4c2a-4b00-922d-81c445c82547,1904.81,PEN,succeeded,polar,pol_ad0bdd7019a407a6,2026-07-25T13:02:49Z,2026-07-25T13:06:49Z
3291db90-0059-4d78-8e5c-57831462fcea,e4d3ae12-97b0-46eb-b5a0-5e31e38f8519,2771.7,PEN,succeeded,polar,pol_e6a2d5ea889d1082,2026-08-04T13:26:24Z,2026-08-04T13:30:24Z
54332c20-23d7-4ad2-a177-2ce9b2d2039c,c4513678-e3b6-48b2-a68c-47568fd92576,6925.23,PEN,succeeded,polar,pol_6f5bcde0acc22d68,2026-08-08T14:40:50Z,2026-08-08T14:42:50Z
d1d6310f-2c30-4001-ae9b-06d5a073f9f5,fe78c5b1-ccf5-4d80-bf02-0aa1d8d79fec,3649.53,PEN,succeeded,polar,pol_166f76f9d40d7e6b,2026-08-02T14:06:26Z,2026-08-02T14:10:26Z
9cca10b5-6f18-4b3d-b511-95727d5f2d74,00676676-3bf2-45f9-bbd7-1c29b8cf4d55,637.9,PEN,succeeded,polar,pol_7239454bea65fc21,2026-07-22T15:30:49Z,2026-07-22T15:34:49Z
0f879925-d158-4185-b85d-02064adce9a5,57cf9616-5544-4089-b672-3dc60dd366bb,858.61,PEN,succeeded,polar,pol_1ff002bf48e8c3a4,2026-09-30T11:05:28Z,2026-09-30T11:06:28Z
531118e7-750b-4094-a5d8-f71406b516ff,b6fa3be7-ecd4-4269-a071-6015c49295db,8358.92,PEN,succeeded,polar,pol_ce167025abc8ac9f,2026-09-13T14:34:51Z,2026-09-13T14:38:51Z
87d47b85-7bb9-4558-9ec4-d1c7f11bccce,1e9fd378-a7b4-48cc-842c-e042d622b740,1644.88,PEN,succeeded,polar,pol_0416d064aeea0ce1,2026-07-22T09:31:22Z,2026-07-22T09:33:22Z
d2af077a-0169-4498-bfde-1d885cf6b9bb,04f668f0-41e0-4f1a-909e-2ce975c2f8c2,855.94,PEN,succeeded,polar,pol_d1d02004f867406d,2026-09-18T14:27:31Z,2026-09-18T14:31:31Z
a24e2580-5933-4d22-958b-7837ca43107c,5e0879ac-3f3b-4f28-9d45-c44bea82e507,1939.67,PEN,failed,polar,pol_55d892ad3d7fffc1,2026-09-01T09:31:10Z,
42f8f246-56db-4940-9321-29b6d1b97ad6,c9d93b99-1152-451c-a642-f612a3256bb5,2098.03,PEN,pending,polar,pol_a5c5118c51f9adcf,2026-09-05T11:23:21Z,
a9a88c78-96b6-4e37-a741-3810842704f4,421bc9a4-c90e-40cb-9b67-3853d1cc3577,680.05,PEN,succeeded,polar,pol_c4eae4162a86a459,2026-07-20T13:42:44Z,2026-07-20T13:45:44Z
fac30d3e-00ab-4b22-bc61-b7e35878206e,2b4b08fc-173d-403a-8d44-6ec1c56e1e33,2223.39,PEN,pending,polar,pol_fc7b87fe80f24dba,2026-08-25T09:04:43Z,
a5a44bc0-2a9a-4003-8fd0-707d1bca9590,4f59d35c-9d9d-4d2e-a207-4132728f6ae2,4730.95,PEN,succeeded,polar,pol_9a59ad34aa348dd9,2026-09-15T09:58:15Z,2026-09-15T09:59:15Z
3745b457-9c8c-440a-a8e7-bd275f3d0363,0ab985bb-87db-41be-8c76-87c2bcdc70d9,1924.56,PEN,succeeded,polar,pol_d91d8f3454e8c545,2026-08-20T13:09:14Z,2026-08-20T13:11:14Z
9747dc45-cb8e-475e-a001-aeecd23afc6c,5a47a453-8c14-4b76-89c3-0c7fbae2d340,5674.38,PEN,failed,polar,pol_ea8129f23726032f,2026-09-28T16:57:49Z,
e3a2b833-1c97-46a6-a873-e8844e605ad4,903528d5-e664-4e89-be18-05fddc4b75a6,7268.95,PEN,succeeded,polar,pol_a1f940fd3b6e3492,2026-09-18T17:04:55Z,2026-09-18T17:06:55Z
18346cda-6768-47f0-8659-58e6522a7a57,1815d28b-efbe-42e1-9b2d-047c85d57119,2391.9,PEN,succeeded,polar,pol_b37e00fa95733fe1,2026-07-30T12:27:57Z,2026-07-30T12:29:57Z
d4100a6a-9d8d-4ed8-86e9-a3ef9f86d282,c1f3efbb-8c88-491a-bcef-5152ccbbee53,1546.84,PEN,succeeded,polar,pol_7842cf110f6235fa,2026-08-26T09:30:39Z,2026-08-26T09:31:39Z
3deecda4-abb8-40d0-bd17-52a9bdc22e8b,22b90203-c891-44a5-aaae-247eda1aea23,2365.88,PEN,succeeded,polar,pol_03834d63b0254a49,2026-08-21T16:55:42Z,2026-08-21T16:56:42Z
9cd5734f-0e1f-4119-a2bd-e9dd6baf8ed8,79c1215a-2a14-4d51-a3b2-0798605a6f0a,3946.27,PEN,succeeded,polar,pol_1ce032ee0a9c52e0,2026-08-06T18:20:00Z,2026-08-06T18:22:00Z
ef3ca4af-be1a-4a99-9729-663b0b6c00d9,aba2292f-c12d-4a15-b601-27ea430ae394,820.51,PEN,succeeded,polar,pol_a7f63fc4fff755e4,2026-08-17T18:20:01Z,2026-08-17T18:24:01Z
dd0aa135-9d49-4a44-808a-ee0dfc9ab855,f9a9eda4-d3fb-4d1a-9c7d-6c3cf9781ec8,2155.03,PEN,succeeded,polar,pol_1c07d18d697ee335,2026-08-28T16:29:31Z,2026-08-28T16:31:31Z
f5443ba6-10db-48c2-8765-0555578431c6,73481fff-e658-4861-87fc-1971a6d7194b,3537.66,PEN,succeeded,polar,pol_8c5922ac7100ff0b,2026-08-26T16:28:41Z,2026-08-26T16:32:41Z
7468763e-4be2-4a7a-acc7-e3c37ecac8df,902e451f-b8d9-45b8-8c83-30430e034921,10685.89,PEN,pending,polar,pol_93b128787c631519,2026-08-28T11:15:05Z,
c722cf9f-8ec5-45e3-9dc9-50195541d71b,9251c57a-670e-4a33-bbb6-9e5ea8d6de0a,6562.16,PEN,succeeded,polar,pol_9c293738144f52a2,2026-08-31T12:25:51Z,2026-08-31T12:26:51Z
7fce8f3a-dc55-4db0-9c3f-6a989321ea7f,bdc3e400-7fff-4666-a3fe-3729a794d204,1180.86,PEN,succeeded,polar,pol_c95323b4daa010f6,2026-08-31T18:06:16Z,2026-08-31T18:11:16Z
e8cde7b0-0de6-40e2-9a56-351806443cf5,9712220c-f507-4abd-bf7c-79363bc92b10,4430.99,PEN,succeeded,polar,pol_ccd3036a19e40ca9,2026-08-13T18:00:35Z,2026-08-13T18:03:35Z
3e3a69eb-2f14-46aa-971a-125956db349d,b7c2e71f-7a43-444c-846a-b9c32e125bd4,975.29,PEN,succeeded,polar,pol_f128eed85b65eb5e,2026-08-11T09:39:17Z,2026-08-11T09:43:17Z
dd0ede40-c6a8-44f6-bf8d-145075fb7a78,5af63da8-18ba-4931-bd63-ae9749553efe,763.48,PEN,succeeded,polar,pol_6caab6321f5133ae,2026-08-31T18:19:34Z,2026-08-31T18:20:34Z
b35cc6c0-fced-41ea-ab9b-c60fa4872d9d,20625a43-5a87-4813-947e-7c3de126cef4,3075.26,PEN,canceled,polar,pol_46f86b68915b0946,2026-08-26T15:57:29Z,
e0f7097d-3798-413b-b4d6-8380c8b53f05,a28a44ba-4099-43c2-9121-57a890023ce8,135.3,PEN,failed,polar,pol_d2516f38c639f00c,2026-09-02T16:32:56Z,
36069514-aefe-42cf-959d-da5be69d3e0b,4dbae930-3244-4509-b1ec-70cec850692a,922.02,PEN,succeeded,polar,pol_7dd281812022a04c,2026-09-24T16:01:53Z,2026-09-24T16:05:53Z
0730eebb-322d-4c8a-b9fb-08c9f25eea23,93068ecc-36c1-441a-8f94-be0ea7efeee5,4188.6,PEN,succeeded,polar,pol_175b7bd5e407c02a,2026-07-26T13:31:06Z,2026-07-26T13:34:06Z
15cb93d2-851b-4b4f-aff3-e0a382a44164,06757385-4531-437e-b2eb-7e93cad1ee8b,2560.16,PEN,succeeded,polar,pol_a7376531910b4c2f,2026-09-14T18:37:45Z,2026-09-14T18:38:45Z
e6a30415-d29b-4179-96b3-339fd489b2a2,1702d8e8-d72d-47cb-994f-0f83eb0ca66c,1492.88,PEN,succeeded,polar,pol_4eafe3d59bc4b508,2026-08-29T07:01:34Z,2026-08-29T07:04:34Z
59c36545-7a18-4f59-be52-c70321fa4a82,67e1d1bd-bd6b-45a4-9992-fe172a20f4f6,1524.74,PEN,pending,polar,pol_f42ad3c582ecca4a,2026-08-19T11:33:21Z,
d14ca110-e4c8-47c1-99c6-2c17ab41a414,42d8beee-4d91-4dc8-bae6-b6b3661302d4,2807.97,PEN,succeeded,polar,pol_f63c85863681faab,2026-07-30T11:26:14Z,2026-07-30T11:27:14Z
6a78ad52-fb00-4b1a-ac1c-01ed212d8633,42bc009f-e6d0-43bc-befe-9a89bb5fd25b,1569.8,PEN,succeeded,polar,pol_60c76240de9dcf91,2026-08-20T09:45:17Z,2026-08-20T09:46:17Z
c1cbc7b1-b679-4182-b1e3-23251da559e5,2d7b5f54-8ec4-4228-9abc-06df69b25008,171.2,PEN,succeeded,polar,pol_2673f49d15528063,2026-08-25T11:36:42Z,2026-08-25T11:37:42Z
7d3cd62a-a470-4896-b22f-436551b69288,a20932f2-b42c-4732-82b6-08be5ad7802f,2633.98,PEN,pending,polar,pol_bc3a1d4bbbadf803,2026-09-29T10:28:00Z,
6e2cd169-6fe3-47f9-b974-8c6c499a03e9,195c5a7d-f7d1-4b08-a87f-9c7552e9876d,721.11,PEN,succeeded,polar,pol_5fb840b06e746618,2026-07-27T18:08:02Z,2026-07-27T18:12:02Z
d649e0be-75b2-40d5-896e-b98e5e7b215b,4f5c7b6c-a761-4b3e-a21b-a110999b550a,7228.46,PEN,failed,polar,pol_31a6def076f01d83,2026-09-12T08:51:39Z,
2435c364-c933-4150-ba26-0c16bafe9220,68d0c580-5bf5-4290-8108-04bd7b4b03b2,3520.38,PEN,succeeded,polar,pol_ce8d8241dba7b41d,2026-08-30T07:21:36Z,2026-08-30T07:24:36Z
4fd641e9-0328-4166-bf9d-f4f679649bb5,b7571ec3-83bb-49d5-a9ac-032b55a69bd0,333.08,PEN,succeeded,polar,pol_36025c6c42ceef1c,2026-07-23T10:31:57Z,2026-07-23T10:34:57Z
5f76b79f-a88b-4302-a46e-6b9a3d2548a1,42f01363-7aad-453e-9e1a-17cc0bd41662,10653.5,PEN,succeeded,polar,pol_e79f0b7c3a5efe8f,2026-08-03T13:18:42Z,2026-08-03T13:20:42Z
fa795f2a-a8a6-4039-9387-643ad8770aab,0817b0b6-0689-4a90-a515-d747f4c1a71f,4778.58,PEN,succeeded,polar,pol_51d7b2ee63919751,2026-09-11T09:39:36Z,2026-09-11T09:42:36Z
c3731502-1ed7-4781-9549-e54949a52227,966c21e4-46da-42d3-bd32-35e4f4da7dec,3118.06,PEN,failed,polar,pol_6c6200f2728ed818,2026-08-06T11:29:03Z,
86c663ed-09c5-421f-a266-6e407124bfda,df51a210-f601-4fe1-9a78-3652551b09a1,1493.24,PEN,succeeded,polar,pol_c0516ceb30b12c29,2026-07-30T18:50:43Z,2026-07-30T18:52:43Z
28c6f7fb-cbde-4d18-a4f6-279253bc8c27,8742718c-3046-4e30-b61f-6ac88fe0a5af,3325.42,PEN,pending,polar,pol_2c8f4f678994006f,2026-09-29T15:37:26Z,
f053f458-a9bc-400d-8488-a99e702d8610,f8254e34-ac58-4679-a482-469c6a3f68ea,7042.6,PEN,succeeded,polar,pol_04ff3609101c4bc7,2026-09-04T17:55:10Z,2026-09-04T17:59:10Z
10b5e24b-9099-4939-9d4c-df4360197368,34ec324b-a452-4b7d-9667-e32c2f56315b,445.63,PEN,succeeded,polar,pol_ef7347713820b4bf,2026-08-30T08:27:50Z,2026-08-30T08:32:50Z
5d92b924-f2c9-4551-8420-1ef0d32211cd,66952911-8376-4f72-85e2-9e03ff6be921,1490.58,PEN,succeeded,polar,pol_e3f69e3b16307fdb,2026-09-11T15:35:09Z,2026-09-11T15:38:09Z
be560fd8-47f0-483e-9387-c2b1bb46ba98,1ad74972-f8fe-416b-9162-9f876bf2d526,3682.18,PEN,succeeded,polar,pol_28af41c66c62d6e5,2026-09-30T11:10:33Z,2026-09-30T11:15:33Z
4008a607-64bb-4120-8189-9e6c3f0d5651,f42de30e-14a1-46d0-9a0f-2b0e4aea77f8,4620.89,PEN,succeeded,polar,pol_395cd9afdbddf880,2026-07-18T11:45:38Z,2026-07-18T11:48:38Z
6f425704-bc69-412a-b4fc-d70821aa528b,54026963-f7af-458e-a415-d78638ad52b5,2239.19,PEN,pending,polar,pol_94ae728efe3e82d1,2026-09-30T15:16:35Z,
6bc533df-d1de-40a1-88d9-337788350de2,c0a85bb8-3f56-4434-b9ca-4f3a8b2de5b6,5349.01,PEN,succeeded,polar,pol_8c7cebac7cd63463,2026-09-12T10:29:08Z,2026-09-12T10:30:08Z
2d6d63d7-f2f0-487a-9677-556e65a1dbd4,a5819eca-e756-4124-bb80-256b368d0c64,4732.31,PEN,succeeded,polar,pol_fc03301a9082ce80,2026-07-30T10:31:47Z,2026-07-30T10:33:47Z
6a8781cf-2c6e-463c-900b-5cbd6278456d,88cfcf14-02d2-4ba3-88fa-b5bdb6eb77d7,3136.06,PEN,succeeded,polar,pol_c86887df1fc451e5,2026-08-29T07:27:11Z,2026-08-29T07:31:11Z
155030e4-fca4-40c4-8a49-8ace12cfe831,18612063-e897-4321-b6e3-56b014d5923f,5006.26,PEN,succeeded,polar,pol_f86c34152bc26422,2026-08-31T11:04:29Z,2026-08-31T11:05:29Z
f249de8c-fb91-48b7-8b3e-13cb76decddd,b7caa44a-c710-45dc-810d-0f52aefd7288,2249.61,PEN,succeeded,polar,pol_ac7ab1c952aeafed,2026-09-03T11:35:48Z,2026-09-03T11:36:48Z
849904f0-e120-4ede-9682-3fe002161cee,81ca2f7a-36bd-4e66-bf81-308463e9be7f,2983.35,PEN,canceled,polar,pol_67228860ddaf0d67,2026-07-18T09:51:40Z,
96efab90-9d05-440c-9700-4f0ba08e5a4c,4ac0b15d-d42b-4b7b-be89-2ef79762fd52,554.11,PEN,succeeded,polar,pol_b149d7bdd88f52cd,2026-08-07T13:56:05Z,2026-08-07T13:59:05Z
4926d51f-2afb-4eb8-93ea-331f731c3929,304ba309-d33c-41de-a97a-bff80df2b5d8,1183.28,PEN,succeeded,polar,pol_4ebab3183c3a80ee,2026-07-20T18:37:27Z,2026-07-20T18:40:27Z
04973668-4796-4de8-a4b5-9a20d3f4df24,4d610479-a14b-474d-9de8-ec6af9c29a44,4273.94,PEN,succeeded,polar,pol_0f273169417572ad,2026-07-21T13:39:02Z,2026-07-21T13:40:02Z
484ad98c-c900-490b-898b-71b158526793,5989ad15-245d-4ed9-a609-d5c98a28e1d9,8111.85,PEN,succeeded,polar,pol_10aa6b78a688461e,2026-07-31T12:27:32Z,2026-07-31T12:31:32Z
861e030c-dd48-4458-838a-dd7cda9c9371,c26652c6-3766-4174-8d99-4f6328c7bc86,382.68,PEN,succeeded,polar,pol_2fdcc314a5d3985b,2026-08-26T11:47:42Z,2026-08-26T11:48:42Z
dcd57bec-86e0-45d2-ba1b-d604d4bfe1d4,044865e0-2bb3-4110-9da8-883967c359c3,184.89,PEN,succeeded,polar,pol_6ea87f044d1ee206,2026-07-28T09:18:53Z,2026-07-28T09:23:53Z
1ec416c5-3fdd-4e8e-8d5a-c589157ce77e,abbf3650-c137-413b-90b4-16662acba3fa,389.94,PEN,succeeded,polar,pol_e1e2d0c4ca02858c,2026-09-24T11:54:46Z,2026-09-24T11:59:46Z
5f599d1e-2f42-41e0-88a9-7d22bfc2cbcf,e7dc8104-8c1a-4742-8e86-12ecb5a05a8c,1599.58,PEN,succeeded,polar,pol_8f264316b8bd4ce8,2026-08-28T17:07:31Z,2026-08-28T17:11:31Z
2bad751d-6ba0-4943-9738-aba1d62cf5ad,6e458cc6-fa8c-441e-b3c5-99498ad1c1c1,3943.69,PEN,succeeded,polar,pol_d7461a149ce795c5,2026-07-18T11:29:38Z,2026-07-18T11:31:38Z
341b9bb4-13a3-4b91-abd5-1bac971f41e3,d6cb7326-ff1a-42c9-9301-e52efb32d61e,568.84,PEN,succeeded,polar,pol_fc11761cf00d752d,2026-08-25T14:56:38Z,2026-08-25T14:59:38Z
e73c8a44-ebcd-4ee2-a853-ca0e803ac7e9,84487ba0-7200-4049-891a-9ddaf4a3d202,534.77,PEN,succeeded,polar,pol_894f2680a45d2bed,2026-08-12T15:13:42Z,2026-08-12T15:17:42Z
52c7fafa-5f9d-4094-9d41-e4ebc1f1fdb4,f19e1cb0-301d-4b4d-ab98-d01370593214,175.71,PEN,succeeded,polar,pol_1e7486641d9d1e3f,2026-09-15T15:31:26Z,2026-09-15T15:32:26Z
ed26f023-f8c9-42da-8e1c-b7622c70eed6,6eb45a3a-baa1-4293-8b35-1464a1f09143,5130.56,PEN,succeeded,polar,pol_1178726b393a7d34,2026-07-25T09:55:43Z,2026-07-25T09:59:43Z
1bcbd508-c78f-4cc7-aade-4f59910e9f24,97f99e0c-266b-44da-b51f-de1adfba7463,157.84,PEN,succeeded,polar,pol_49ead617d20ab50b,2026-09-05T06:56:39Z,2026-09-05T06:59:39Z
33c67b83-ca9f-4e16-8c30-7c7a0fbb0727,d02e6b33-5964-4e7c-8692-7377e0437a75,2539.85,PEN,failed,polar,pol_2b4072c68dc665b9,2026-09-06T15:43:38Z,
8567642c-e237-427e-93ab-6b6f0246c7bb,432410ec-6dd1-4971-9784-1b3c85a60eb1,2767.57,PEN,succeeded,polar,pol_887ede4198f1e1d3,2026-09-12T13:20:33Z,2026-09-12T13:25:33Z
7f62b23c-ef35-4ea0-b344-e9d5843b8652,3ed5fb5a-95a7-4d18-9efd-3842f5016de9,5016.77,PEN,succeeded,polar,pol_9f2c16f8af60eeb9,2026-07-25T15:50:30Z,2026-07-25T15:55:30Z
63871194-6ace-4711-a3f6-f2266c6e8289,b3559a98-ab54-4599-ab68-5a6025ad09f7,6403.56,PEN,succeeded,polar,pol_5af960667185aed2,2026-08-09T15:40:01Z,2026-08-09T15:45:01Z
562cc59d-9beb-4205-9010-d17741eb70df,06ada52b-8b31-4ca5-be48-64e036f3c78a,2434.3,PEN,succeeded,polar,pol_3a9e6fa48d38af6a,2026-07-25T11:39:04Z,2026-07-25T11:43:04Z
ab0473e3-7036-4abe-a130-59dda42f05dd,e8080ba5-97af-489a-a81c-31a561e4e371,733.44,PEN,pending,polar,pol_34cd0fd3ece41dca,2026-09-24T09:03:38Z,
246eaac5-0f24-472b-878f-37f626957463,d20a934e-5d0a-4a69-9645-43632b7668d7,5432.16,PEN,succeeded,polar,pol_3819d2c776753fda,2026-08-28T09:04:50Z,2026-08-28T09:05:50Z
fbddd100-9b17-4bd3-85af-8899e4e536d4,308c1c03-bd9f-4876-ba8c-1cf737d2c970,881.55,PEN,canceled,polar,pol_76617765467e1cf9,2026-08-30T15:28:44Z,
f197946b-a16b-40d6-b907-742dc5ba3172,378e7952-bbf8-45b8-a048-8d1e34b1700c,158.38,PEN,succeeded,polar,pol_cd7363e05cebd3db,2026-09-21T11:54:16Z,2026-09-21T11:56:16Z
d5f64939-8833-4983-b271-5650a0b76fa8,e7248960-65d9-4b32-849f-3c7325c502e9,2755.07,PEN,succeeded,polar,pol_332a662b8a435fb2,2026-08-07T15:31:44Z,2026-08-07T15:34:44Z
94f1057a-9b42-47e8-9012-57607d99d33c,450cc161-8f91-4a77-80e5-796842ee7025,2166.43,PEN,succeeded,polar,pol_54c40497910ea341,2026-08-22T08:05:43Z,2026-08-22T08:07:43Z
852bfc30-e0d2-4a9f-b407-5e44097f6c48,e73f33c4-2cd5-4339-a5fc-452ef17c2752,1573.49,PEN,succeeded,polar,pol_133c378bb9e0af24,2026-08-11T17:43:28Z,2026-08-11T17:46:28Z
195d63c2-ed19-4276-a515-a21bef060927,b0472beb-882b-427d-afe4-06c606963902,2613.32,PEN,pending,polar,pol_e8c91d6ad5caa2a5,2026-09-23T13:18:30Z,
1552f953-adc4-4bac-9d70-7a64cb2d90d3,c4e1544b-7240-4d9e-b28f-54d4059138a7,2058.15,PEN,succeeded,polar,pol_6c6809aae5d0b858,2026-09-20T10:06:41Z,2026-09-20T10:10:41Z
c6582a2b-5890-4d6f-80b1-83cd052faff3,649432db-03d8-455e-b33d-3e5a9b1bd84a,879.1,PEN,succeeded,polar,pol_10649447e4727ada,2026-09-24T11:22:03Z,2026-09-24T11:27:03Z
20bb406a-1671-4158-ae74-32a0e80dca69,fcd9ebdd-3ffe-4485-9e09-b2ecd7c6fca1,456.84,PEN,pending,polar,pol_935d58368b7cf164,2026-09-11T17:06:32Z,
700c4a8a-b89a-46f5-9784-82193afcbeb2,17b53943-3e5b-4fc1-8238-9e4d73dc158f,1749.61,PEN,succeeded,polar,pol_4134b35af95721a3,2026-08-30T14:04:58Z,2026-08-30T14:09:58Z
5299e693-7d63-43d4-997b-2e474f7b2219,d7b0a34f-47c4-4bc4-b7bc-3f2723921651,236.76,PEN,succeeded,polar,pol_3f1aac7cd4bda66f,2026-09-15T13:41:24Z,2026-09-15T13:46:24Z
effa7a5e-a7f9-44fe-81e9-d48123ef1135,00c3c658-0ae3-4f6e-bb3a-2d29ab3e41e3,6805.01,PEN,succeeded,polar,pol_e29a9c27b946b3f0,2026-09-27T06:50:30Z,2026-09-27T06:51:30Z
ae58d07d-13ea-4ebc-bd7b-f56002ebb05c,7d4d9acb-8e8e-4bdd-bf5d-bd179be4cb15,3741.59,PEN,succeeded,polar,pol_583d07bd365b8a10,2026-09-12T12:34:54Z,2026-09-12T12:38:54Z
42c9a94c-7d7f-460e-a534-ef0ec62d9f19,010a1c26-99b8-4c2e-a899-2da17bc3de59,1550.49,PEN,succeeded,polar,pol_238e19863dc018b4,2026-08-17T14:36:12Z,2026-08-17T14:40:12Z
b662fcc1-dd8e-4406-be56-66d5aba411ac,08cbeb62-08a2-491f-aaa7-c4e5d3d407a9,1042,PEN,succeeded,polar,pol_876b23b92bdfc883,2026-08-12T16:01:37Z,2026-08-12T16:03:37Z
78051f4c-8cba-439e-a084-56998ff2710f,11899bc2-b3c5-451c-b327-1953c02dc2ed,345.68,PEN,succeeded,polar,pol_5a35f6414ef964b0,2026-08-04T16:47:01Z,2026-08-04T16:50:01Z
c9ffac49-82ef-4a9f-8840-570ce28ef5d5,5f028eed-ea01-4cfe-9c80-33f8fa7486d9,1101.56,PEN,succeeded,polar,pol_0909bfe85ad08f11,2026-08-24T13:24:47Z,2026-08-24T13:28:47Z
e4f2751b-db0c-4581-ad8c-3e2ed204f663,dcc6c963-a040-4cbc-940c-519217921fc1,554.67,PEN,succeeded,polar,pol_c3f3bc3d75ac9872,2026-07-31T10:41:17Z,2026-07-31T10:44:17Z
0c1f75b1-f173-4478-8dd0-61e398e9f561,21017c5e-febd-44f1-b48c-5f0bf047e8f4,1231.57,PEN,succeeded,polar,pol_c445dd3f9a0b6749,2026-09-08T14:20:34Z,2026-09-08T14:23:34Z
cf8029e2-9fa3-42e1-b05a-40c1bcff2377,8dfc6835-e971-44de-91d5-36fa192edf53,1812.9,PEN,failed,polar,pol_d5c5c608a650b0be,2026-07-18T13:53:28Z,
15264234-436f-4910-8876-6393a31649e9,be779886-2c1d-44ef-93db-df83393051ed,700.05,PEN,succeeded,polar,pol_6ad1354df65d1132,2026-09-04T15:14:26Z,2026-09-04T15:16:26Z
19ae7a78-862f-4637-ad63-3b722caadaf2,0b10d4d9-f666-4da3-aaf6-9b04c8d25745,7063.46,PEN,succeeded,polar,pol_f055822e7441637f,2026-09-17T11:11:03Z,2026-09-17T11:13:03Z
11600ea2-b8e0-4a76-985e-a93189239f3e,8379f6fc-9e7f-442c-aac3-de3fc183f685,2443.99,PEN,succeeded,polar,pol_ac4a169dcb1f6cb5,2026-07-25T10:08:55Z,2026-07-25T10:09:55Z
69e03fba-7213-4d86-a6ae-36bf5c316a21,f365a4a0-7803-479c-b576-bd34d31bd42d,645.9,PEN,succeeded,polar,pol_468fc1ead70d0582,2026-09-28T14:53:42Z,2026-09-28T14:54:42Z
99f6295d-bef4-4d21-99c4-b095ef9960b9,df36a652-d5dd-40f2-93d1-c2dbb3996b1e,1131.84,PEN,succeeded,polar,pol_44a9f2ed0d51dffc,2026-07-30T11:26:46Z,2026-07-30T11:30:46Z
ac2ed7c1-249c-4902-a404-8e2ae35b09d6,a9636539-77eb-46ff-b882-3cf01ef569b5,3004.26,PEN,succeeded,polar,pol_7c1ddd2ef465e2ab,2026-07-31T16:02:35Z,2026-07-31T16:03:35Z
1dc13659-1766-48c4-8dbe-fd4de53bb684,e940e96a-6678-4b52-9e9c-d85e13ab993a,2765.97,PEN,failed,polar,pol_cc7ffa46be68a890,2026-07-23T16:02:30Z,
d2f98ecf-9254-4353-9547-a50d73e814f2,aea4acde-ba1e-491d-9ba4-e66932d72cd8,245.78,PEN,failed,polar,pol_9ce4a228f28c124f,2026-08-22T10:14:17Z,
eb9a5164-1704-47f7-a0ea-b94e13cbf50e,8412920d-4ce7-4ad1-8a41-d2ceb3dc0cd8,316.76,PEN,failed,polar,pol_6c1ab86b3190e767,2026-07-21T09:20:16Z,
5ea29f8e-3e4f-48d5-8575-334e1d613be7,8e634c73-42e6-48ae-9a20-f4bde73c5d43,426.63,PEN,succeeded,polar,pol_c75263dfd17489f7,2026-08-04T11:55:17Z,2026-08-04T11:57:17Z
89400ad5-7776-4aa6-a2d8-7ef0241aa338,c39b55c0-1fab-4383-8bf6-b9039cc6b59d,236.97,PEN,succeeded,polar,pol_8acefe16580d5675,2026-08-18T10:18:44Z,2026-08-18T10:21:44Z
8c52e483-c77c-4c90-b534-11c7a580ddb9,e032a1ea-7381-4d06-a84f-3f2edf9b8bc8,2538.67,PEN,pending,polar,pol_bfe48471845f33a1,2026-09-20T11:23:00Z,
1fb9287b-9a47-49f1-bf48-df9a40e6cb6b,7bc0855d-eba1-4068-8881-41fa934b046b,997.67,PEN,succeeded,polar,pol_b3beafb960fea324,2026-08-01T06:33:08Z,2026-08-01T06:37:08Z
25e2f670-43fd-4e66-bb4b-7034fa90ab20,2cc03759-ad03-4dea-921b-dd6ab1055d98,2690.82,PEN,failed,polar,pol_9b4ad1ca806ba5ba,2026-08-04T14:10:30Z,
3fa2d969-6ff1-4fdf-a206-c71ebe3392d8,9f001041-e159-4233-a08d-2612e4c00bf8,5944.95,PEN,failed,polar,pol_aad81f056c92047a,2026-09-08T15:37:53Z,
92e7db09-002d-4749-9d43-0d21c5d12875,a875a848-9047-4ca1-a709-d90164ec63a9,3291.35,PEN,succeeded,polar,pol_3aece9ce97c093ee,2026-08-17T15:32:35Z,2026-08-17T15:33:35Z
9caaf847-650a-4163-b7be-6fd855fa510b,25225d15-1ad8-4b15-8d99-7f7762315e70,6129.58,PEN,succeeded,polar,pol_8e4dca41b36d6d86,2026-07-22T18:31:00Z,2026-07-22T18:33:00Z
2b8601d5-e148-478e-a59c-e1c1e542e96b,de89f502-3581-45a4-92a2-a9e83803bc1e,479.28,PEN,succeeded,polar,pol_128fead1f6dbcd8f,2026-08-15T13:22:58Z,2026-08-15T13:23:58Z
e34c1c7e-c623-4e2e-bf65-046e46fa7465,6a9e978c-c923-467f-8aae-9d46a9b97b50,2156.62,PEN,succeeded,polar,pol_1ef1a8ea8a0829ab,2026-09-02T17:42:43Z,2026-09-02T17:47:43Z
5106c20e-5ea5-48e4-a2a3-705ef6dfb0be,5764ad8b-6fb7-4821-a573-92cdf803ae06,5148.35,PEN,pending,polar,pol_800c89fa1f2f8a17,2026-09-02T14:31:18Z,
4719816c-45f2-46d8-87c2-8dfd945f3d3a,96e60b21-2acc-4949-8561-24efe2599b1b,1371.16,PEN,failed,polar,pol_4934f9a2cb3965d0,2026-09-23T09:24:17Z,
b0e5fd0b-832b-4c02-953b-49fca9615141,af509294-68eb-454d-9d66-f44fd2218655,229.4,PEN,succeeded,polar,pol_cc5c5b4d05cfe660,2026-09-13T06:06:37Z,2026-09-13T06:09:37Z
5dc355c9-0826-428f-91cc-c6fb2745536b,a50f60fe-1513-403c-a8a0-9d5b73ea7f77,664.24,PEN,succeeded,polar,pol_1db780860c4c1048,2026-08-19T11:06:07Z,2026-08-19T11:08:07Z
8d26ea11-7c32-43a1-a2aa-bbc1dc574c60,6853ea2e-c436-43b9-8f64-289c15cc0df5,1320,PEN,succeeded,polar,pol_b1e7c2b2c27c184b,2026-08-26T17:33:40Z,2026-08-26T17:37:40Z
e6cb7136-6382-43da-9ee6-a6a596b4819c,86c71174-6a21-4b33-933e-a366f346e892,531.13,PEN,canceled,polar,pol_33156ee9104b74f7,2026-08-24T15:24:41Z,
a98d8f6c-84b2-425f-a529-c82605fa81b1,a352fc5d-ae05-4c17-9573-e169e2d87f6c,613.94,PEN,succeeded,polar,pol_3554eddbb0ef8041,2026-08-26T18:01:59Z,2026-08-26T18:02:59Z
47c39d98-e38b-4714-a653-4336481c553e,21e30283-8a08-4e9f-a60a-6e950dabb932,1483.29,PEN,succeeded,polar,pol_d26eb06a4dce0847,2026-08-23T14:10:20Z,2026-08-23T14:14:20Z
f1bd61cd-bd39-4cd3-96d8-56828c3418e6,3e6fb58d-650d-4649-a50c-92351dbdc216,477.04,PEN,failed,polar,pol_c727c2e0bb4e2b8b,2026-08-10T16:45:45Z,
6c273f60-1028-46ff-a661-8451e50de7fc,4d1f4001-4ab5-4da9-9e9d-33c6e660bc12,422.23,PEN,succeeded,polar,pol_85fc1ec2270ef4ba,2026-08-31T17:49:18Z,2026-08-31T17:52:18Z
3d523d5b-32e2-4971-9cf6-77397c088f8a,68407500-f864-490e-9c24-afcab78692f3,3743.33,PEN,canceled,polar,pol_4d17f4e69da29503,2026-08-07T14:45:49Z,
a6244fc5-f3cf-4ad4-a4e5-364106a17af7,62dfd10e-d95e-4788-a82f-de3cc6ae29f9,1683.76,PEN,succeeded,polar,pol_5f6126249e5f85cd,2026-09-16T13:13:46Z,2026-09-16T13:14:46Z
13e7e06d-b998-4525-a832-199bbe11e911,5b4fb266-3d6a-49ac-a952-f3716d186cdc,7020.55,PEN,failed,polar,pol_6d3347fdbec21246,2026-09-12T09:28:32Z,
d8ea01ab-128c-4535-bb4e-7713eba95a7c,3c2c27e4-d989-41f9-9da6-45bd1c912651,3345.72,PEN,succeeded,polar,pol_54b6589b368a3845,2026-08-17T11:53:36Z,2026-08-17T11:55:36Z
78a1e69a-9ccd-4837-9265-6e085656d9a9,ece452ca-d01f-4a99-a61e-cd46f292d6cc,1339.95,PEN,succeeded,polar,pol_7db0e6180619cd9c,2026-08-17T16:35:55Z,2026-08-17T16:36:55Z
9da6a0dd-8956-4dd7-af81-63dcdb1f090f,dd23cbdb-250c-4c32-be8f-2ab8d805e506,2118.9,PEN,succeeded,polar,pol_3f8d9bc3b3d56ad8,2026-07-28T09:49:13Z,2026-07-28T09:51:13Z
9192b440-9b8f-4b61-8f39-d0a401422f1f,80f3ed48-6976-46cd-ae00-62685db236cb,9101.87,PEN,succeeded,polar,pol_6cc4a45b379e4910,2026-08-16T07:12:28Z,2026-08-16T07:14:28Z
05df1d64-3ef3-4273-973c-3ae0497d55d1,e2ee962d-3632-49b2-a6de-3d1d9ec5dd4a,533.66,PEN,succeeded,polar,pol_9de8a65b8ecbcf35,2026-09-18T18:18:53Z,2026-09-18T18:22:53Z
5694ff0f-0209-416c-ab1a-32293ca0dadd,5dbf8220-82cd-4768-b954-96cf6ff45550,2100.36,PEN,canceled,polar,pol_96f742c5f261deba,2026-07-28T13:53:25Z,
3017fd71-27fc-4687-9974-b531918bc6b6,7d63a3ff-92c7-40eb-9404-f5de029ab686,219.96,PEN,succeeded,polar,pol_8e496508c3f069b1,2026-08-13T09:44:27Z,2026-08-13T09:47:27Z
cdb99fc6-080b-43be-8b53-abb9b7030863,3a6e8bfa-c2f2-4809-9a14-b583bdb7a84f,754.2,PEN,succeeded,polar,pol_f6c685ae9c081f22,2026-08-23T12:50:59Z,2026-08-23T12:52:59Z
868c73ee-e695-4fdb-8b30-19dd0533cfd6,f076a8f1-ba29-4a56-a4d7-b51a89d43b3c,754.86,PEN,succeeded,polar,pol_e79c9566f5ef6cfe,2026-09-05T06:41:06Z,2026-09-05T06:42:06Z
2a2fb3be-b2fe-4cc0-9e51-8bd6cda975e6,fca5c59c-5ccc-4046-bced-ef859c82ca30,294.78,PEN,succeeded,polar,pol_8a1b523e3fefe0f4,2026-09-18T13:39:48Z,2026-09-18T13:41:48Z
4c4221f7-1cfc-4cdb-b848-cae8e1f95bea,36d23d3f-a44f-41a6-b206-389fdf2023a2,2836.64,PEN,succeeded,polar,pol_93e3fda1a274d260,2026-08-22T14:57:30Z,2026-08-22T14:59:30Z
042769d8-f99f-46ff-8abc-bdbabcd14ad9,cdf1a2e9-2748-413e-9b64-40200a348e2e,3340.26,PEN,succeeded,polar,pol_22f54633ef5cbb06,2026-09-21T09:54:51Z,2026-09-21T09:57:51Z
132a10f3-0372-44c1-8ed2-b707664327c7,e4b5e9f9-5203-4f76-8012-5a6bb44964be,4053.87,PEN,succeeded,polar,pol_e3f943af563e661f,2026-09-01T17:06:39Z,2026-09-01T17:10:39Z
318b5917-87fb-47aa-80f8-08a363e71d50,ca1758e1-7aa4-4cf5-9cd3-cd3850ec9294,1291.45,PEN,succeeded,polar,pol_21a1de34ac8e5274,2026-08-25T15:55:56Z,2026-08-25T15:58:56Z
453a128b-99f6-44eb-80e4-a4db06262e18,04efb58f-d2a2-4468-ad66-df4c63e02a7a,2229.41,PEN,succeeded,polar,pol_5df6925f8f48c907,2026-08-28T13:44:12Z,2026-08-28T13:46:12Z
bae05820-d904-41a0-a51e-1bda046261f5,e9d34e63-32fa-4fc0-b6c4-0eade4dfae4c,4034.34,PEN,succeeded,polar,pol_1c5eb8d0d441de73,2026-09-23T15:57:53Z,2026-09-23T15:59:53Z
26aa67e3-2e50-41b0-bb29-5dcff67265bc,c77b63c6-1243-4b52-bdaf-32272fc156d5,1346.09,PEN,succeeded,polar,pol_540beee536a45d7b,2026-07-28T14:55:42Z,2026-07-28T14:59:42Z
88771805-3be9-48d6-91ef-99d93a5dcfd0,4b6b19af-6464-4fc4-a601-3cf22dc7ac59,3931.02,PEN,succeeded,polar,pol_3337dd39b8e058c7,2026-08-16T06:20:04Z,2026-08-16T06:21:04Z
574bc3fc-687a-4f72-8ce9-59cc7c9610f7,ea32692a-ddc8-458d-ab53-a1ebe6ce2b97,2091.91,PEN,succeeded,polar,pol_559da00b85adf130,2026-07-30T14:53:35Z,2026-07-30T14:55:35Z
0334d44f-2ca0-4f5a-9100-08e9db00a202,10449e63-99b2-4ca3-adb4-8429c7013a68,2916.27,PEN,failed,polar,pol_f75109e63ad5f580,2026-08-30T07:26:13Z,
962f035d-7f5c-4cf2-966c-24bd399ed818,1f8ef5f8-ab0c-4557-9f9d-17a0aba09179,3922.82,PEN,succeeded,polar,pol_3d4b0365a17fe203,2026-09-13T09:54:46Z,2026-09-13T09:57:46Z
6aa70b8a-031d-47d8-92da-7db3c735b814,560e2356-0d4d-490c-9b60-47374ca4a3ab,11349.92,PEN,succeeded,polar,pol_2110d48581e4d499,2026-09-10T14:40:20Z,2026-09-10T14:43:20Z
d190ebc6-3c4a-4157-842b-1b9a72b24253,64df226b-b81a-4cfd-934e-628da7267f79,5587.64,PEN,succeeded,polar,pol_a81aa80a58ee18b4,2026-09-30T09:46:27Z,2026-09-30T09:48:27Z
6a417b3c-8394-4c50-b00f-2ad5d76e328d,deaea394-a8b8-45e5-8b3e-3d3acaf776f6,1348.17,PEN,succeeded,polar,pol_9e8124257f65535b,2026-07-20T11:30:02Z,2026-07-20T11:31:02Z
5d7cbd96-5683-4b30-9217-48fc35d9fe70,f025c1b2-4243-4015-8110-5a1db86d52d3,3822.47,PEN,succeeded,polar,pol_a2123272f55b5beb,2026-09-10T13:50:16Z,2026-09-10T13:54:16Z
880ee605-cdf3-4418-89f0-619ae016a848,8a0a8f94-14d7-47e4-bd50-12cee10abd45,2935.77,PEN,succeeded,polar,pol_a30325ca2eefb4a1,2026-08-03T18:55:16Z,2026-08-03T18:58:16Z
5a4f13d3-73ca-470d-a537-9dd61310c0f2,f56488e2-84cd-4c88-b6f2-c1ffd9dfd063,10257.62,PEN,succeeded,polar,pol_ce13b578accd8659,2026-09-16T15:37:09Z,2026-09-16T15:42:09Z
1ad14fe2-6672-49b5-8175-bb46b72d69ce,69dc1598-d93b-44b1-bb55-3405562a2735,4609.03,PEN,succeeded,polar,pol_f2443e6e9c28ef05,2026-09-30T16:11:55Z,2026-09-30T16:14:55Z
165d0da1-efbe-4098-b4cb-096c539c3f94,b3e229ad-86cd-437d-9c2c-c5ddaaac51d4,3168.92,PEN,failed,polar,pol_7751fac38771a64d,2026-09-01T16:07:48Z,
03530e4e-2cef-48ad-bea8-e5c3ac5d6088,d8d2eac1-6699-4799-8835-219aec808063,643.71,PEN,succeeded,polar,pol_e7e4c1e1cb3660a7,2026-07-26T06:32:44Z,2026-07-26T06:33:44Z
28affc01-5a2d-4f6f-8ca5-169ba8129809,da0ad8bc-ba9c-48ad-9e23-31adbc15fb1c,38.56,PEN,succeeded,polar,pol_a5ffa082b1411848,2026-08-16T09:14:00Z,2026-08-16T09:15:00Z
117dab69-42d7-4506-a84d-822e1c828e0c,7e109150-5dae-405d-a7e6-f1f55765bdab,3168.09,PEN,failed,polar,pol_39a20fd11f71404a,2026-08-24T17:30:53Z,
93b84dbb-c2db-455d-9f4a-86e30b2c761e,dee52117-022a-49ea-a3c7-e4bb6f4caa02,977.37,PEN,succeeded,polar,pol_6ba20c947a0e538f,2026-09-16T13:04:47Z,2026-09-16T13:07:47Z
20bd4cf1-9d07-4ac8-8130-f7391542ad5d,c65b7b73-1453-4d05-8575-41fa696e91ba,1237.82,PEN,succeeded,polar,pol_8282be1e486e6423,2026-08-12T15:37:18Z,2026-08-12T15:39:18Z
fcdfb5bb-5b33-49fd-b7d5-7ca0799d5316,973aa242-70d1-4311-a421-c7638998bff6,444.56,PEN,succeeded,polar,pol_9503a3bb456ae000,2026-09-09T11:51:29Z,2026-09-09T11:54:29Z
c8dcdd3e-bb49-4e79-a5f1-9d5c9e01032c,0f867a6c-54af-48ec-875e-a44ecb85fa3f,1550.49,PEN,succeeded,polar,pol_92fc1c3bd29486dc,2026-09-24T17:34:27Z,2026-09-24T17:35:27Z
76f01092-2113-4efb-a3fc-bcf3996614ad,3cf5e665-edcd-40cd-b8d5-443e1dd8dc12,10493.36,PEN,succeeded,polar,pol_a5e133c97eb13e00,2026-08-31T18:34:25Z,2026-08-31T18:36:25Z
4d8d2ddc-82b1-4b55-a2f3-ff1f3e42ef06,40aa2bb1-6bad-42a9-aa16-56c64de53a48,6825.61,PEN,succeeded,polar,pol_f112c78c9054e78f,2026-08-30T13:28:26Z,2026-08-30T13:30:26Z
1e1b93a8-f8c7-417c-80a2-1a8720ef72a3,ee3c9e80-b143-402f-945d-72794923c9c7,1338.55,PEN,succeeded,polar,pol_891d4b4573e0e8be,2026-07-29T14:54:32Z,2026-07-29T14:58:32Z
61813aac-f66a-4fe9-a312-393408c3a757,b705f07e-0a4d-4fd1-ac3e-77670a1e53a9,596.45,PEN,succeeded,polar,pol_a46a90777aa53703,2026-08-03T17:24:21Z,2026-08-03T17:29:21Z
6b1bce21-226c-4f15-82c0-6d36462d2dac,f1b0ddbe-0fff-4993-a874-58753e979a05,1667.28,PEN,succeeded,polar,pol_8aa32e0ce4cb6ba3,2026-09-07T18:44:56Z,2026-09-07T18:46:56Z
919d9b25-f99e-4eed-8949-4e7b6d3b40d0,aa941597-eac9-4f65-8e36-f0518891ba0f,2130.94,PEN,succeeded,polar,pol_0596d5dfab43e70b,2026-09-30T09:35:05Z,2026-09-30T09:40:05Z
4ee4b263-4a41-45d5-91d6-3d0339770b17,fde17316-5305-4ce1-b7b2-07eb03630f6e,2097.26,PEN,succeeded,polar,pol_c8857ef5a1f64781,2026-07-19T15:20:58Z,2026-07-19T15:21:58Z
7cd513e5-194f-4906-a783-7854d860a54e,80962e2d-0ce1-41a4-83a9-c01d0ee979e8,758.26,PEN,pending,polar,pol_2c2b741812803f06,2026-08-01T10:49:53Z,
c4985fba-b9ac-4166-b3a0-5a82e89ddc16,1630bbbd-8b22-41cd-8d8f-815b3cc95d55,598.97,PEN,succeeded,polar,pol_4b0076954f90e27c,2026-09-12T14:09:37Z,2026-09-12T14:12:37Z
18807611-9b7a-40ad-aee6-4f44b6be00b3,b026bddb-fb2d-4593-b449-42f8f020d612,3355.7,PEN,succeeded,polar,pol_14a62237fb2a3d65,2026-09-08T09:16:29Z,2026-09-08T09:19:29Z
8b8e841a-549f-4301-bf74-21c051e39956,4165b3aa-91d0-4a13-ae8d-c565b4ee610c,3194.37,PEN,succeeded,polar,pol_5a1fc3e13d9c258d,2026-07-21T11:43:46Z,2026-07-21T11:45:46Z
31414cde-f615-454b-bd88-14818d3ae287,cc8dc7db-e62c-457e-af21-4f7f15c96729,629.52,PEN,succeeded,polar,pol_35982daf60ff88e3,2026-09-20T12:11:26Z,2026-09-20T12:13:26Z
ddb917c4-9ad8-4e8a-bd6d-5b12290e6659,537b24b9-162a-48e9-93e4-d696c2b11a8e,928.95,PEN,succeeded,polar,pol_872516ec98fda8b1,2026-07-28T13:32:17Z,2026-07-28T13:33:17Z
abd54c13-edec-42bc-879f-57317eca82e0,d6fb50fc-3140-4caa-8ef3-9e193348d20f,1088.2,PEN,succeeded,polar,pol_5960f21ce1333b5f,2026-08-24T14:03:36Z,2026-08-24T14:04:36Z
f2436be0-e38a-42b5-897e-1101a0c6f99a,5370c37b-a6ba-4073-9515-1f72a7387507,223.77,PEN,succeeded,polar,pol_4590ee0e334bf4db,2026-09-25T15:19:16Z,2026-09-25T15:21:16Z
ec7f3743-ebd2-4320-9217-6629baacca82,71bf494a-c9b7-4d95-906b-ccaaab364785,291.34,PEN,canceled,polar,pol_f52696567c89ccfb,2026-09-17T10:29:05Z,
8dedd1d2-1d4a-4dee-a4ef-636900ff5ef3,dd76783e-0674-45a5-a1e6-7d9c865ddde4,674.79,PEN,pending,polar,pol_4c4cbfbc86eedb82,2026-09-30T12:19:58Z,
34ff83da-8dfb-4619-8c22-721d5bae3992,41ac6546-d9e1-4246-85fe-57c5e45d7e0d,3712.82,PEN,succeeded,polar,pol_4bec63e0548b6262,2026-09-19T09:02:50Z,2026-09-19T09:03:50Z
81d018c9-334d-4962-b182-83df115e6242,b552bc02-4eb4-43bf-b23a-46a948b3ea8d,1330.3,PEN,succeeded,polar,pol_58ad144acb77ce2b,2026-09-07T13:26:32Z,2026-09-07T13:30:32Z
02401896-f5b9-4d6c-82a4-cb98cb2a49ae,c65450df-fdbf-4b11-b8ac-f813d3f618f8,1987.41,PEN,pending,polar,pol_2b29351bd3db0758,2026-07-19T12:29:12Z,
c36f7abc-da5e-4721-9dca-45343f5ada5c,43bf0b4d-1ff0-4035-8b58-8b1a721d4222,1534.41,PEN,failed,polar,pol_00c37d06628ec7dc,2026-07-23T09:13:41Z,
cbaa6898-d84f-4eae-a706-d584b68536f7,37c9af64-8455-42e9-b23e-443bede92d38,1156.8,PEN,succeeded,polar,pol_369907dc86a1dd3b,2026-09-28T16:17:08Z,2026-09-28T16:21:08Z
5b90eae1-d02d-4dee-80c1-5d454d7d7330,d960b554-e24a-4f76-aac2-a07b1d49091b,187.71,PEN,succeeded,polar,pol_26f9ef67c6ad2ee9,2026-09-30T13:40:56Z,2026-09-30T13:44:56Z
47d252bb-a6cb-4ae0-b837-0775fb0e5941,b949c755-3545-4add-80ef-ad98a55a449a,5447.63,PEN,succeeded,polar,pol_9440d5778de45b06,2026-09-06T07:07:13Z,2026-09-06T07:11:13Z
bc764d87-7a9e-496e-85ca-ca78bfdd2112,861d4fa3-3aba-49cb-9457-a4f180a3b85e,1569.1,PEN,succeeded,polar,pol_2f043dfdfd508044,2026-08-04T15:34:48Z,2026-08-04T15:35:48Z
7500eff3-da24-4999-89d5-08991143587d,2de42bf4-b1c7-4760-8ef4-c184e0f31470,1899.32,PEN,succeeded,polar,pol_0b52a0293f543bc2,2026-09-20T15:39:06Z,2026-09-20T15:42:06Z
983837c6-011b-4ca9-b011-24f40317c9d8,f366c701-a312-4745-8894-4302ec61881d,327.57,PEN,succeeded,polar,pol_2ff0d87649c0c8cb,2026-08-07T14:30:34Z,2026-08-07T14:31:34Z
46a95fd3-11d4-4659-9e43-c1a5dfdba475,708fc893-839c-45d0-8c6d-e4995a259e12,1318.13,PEN,succeeded,polar,pol_4137bfbab050cf70,2026-08-31T16:40:32Z,2026-08-31T16:42:32Z
39aca4d9-a273-4635-a55a-bb4f72c583c9,00f3f97f-10ec-4c03-8910-2ddd63ec12b2,3972.49,PEN,pending,polar,pol_62e57e21c3616b24,2026-09-21T16:30:22Z,
e8797e1d-d8fb-4484-95d7-757ae826f70f,26df88e6-de1d-479e-ab62-1407f00053b1,7017.02,PEN,failed,polar,pol_466cbd3b652e7bc1,2026-09-17T18:57:07Z,
c296023e-e527-42b7-939c-5968083bc9d6,5ad4f89b-1765-4cfb-a185-2b670891999f,2486.1,PEN,pending,polar,pol_aaf72b15a7867c4a,2026-09-24T12:35:29Z,
96df7058-c3db-48b6-803f-77b36825c09e,379fbf7d-a1e2-414d-b1ae-d568ea330842,4221.16,PEN,succeeded,polar,pol_e50f508144151b56,2026-07-31T13:20:49Z,2026-07-31T13:24:49Z
9841010b-a4fc-4028-8649-1d3bcddd49da,46e8158d-1806-4451-bd54-386db05f42e0,779.97,PEN,succeeded,polar,pol_8a5f3ce27112e176,2026-07-20T09:54:07Z,2026-07-20T09:59:07Z
71d412c8-4ada-4679-a210-f4d1b6c94666,379af815-b0c6-4078-9464-179aae932831,477.9,PEN,succeeded,polar,pol_12f219a65ef28f91,2026-09-02T14:20:58Z,2026-09-02T14:21:58Z
ba27eb17-690a-4b8a-aab6-ab496562075b,26f9c609-54ba-45cd-9422-b0e632fb9792,2310.54,PEN,succeeded,polar,pol_3ce684bb6add3e71,2026-09-21T14:06:49Z,2026-09-21T14:08:49Z
01c21c7d-61bd-45bc-9d3f-f65b4fa65a03,0f40f55b-7a55-4ab9-8ce5-d26a9bf01ad9,2639.04,PEN,succeeded,polar,pol_5ec6e1b136a7bd3d,2026-09-24T12:38:13Z,2026-09-24T12:40:13Z
cc453e88-f3ba-41ef-8a37-dd431a437b71,97205ee1-e122-4ed6-a77e-0c3a4dccabb1,6225.39,PEN,succeeded,polar,pol_146e819b99b435b2,2026-08-21T11:52:11Z,2026-08-21T11:55:11Z
22f67885-ff29-43a6-b88e-bb8fbb345676,9cdc0886-9648-4c41-b7db-be165cfc7699,1576.4,PEN,succeeded,polar,pol_b44ebb748530083a,2026-09-10T10:10:52Z,2026-09-10T10:15:52Z
8b7ba8fc-cdce-49b3-8699-f0bc1963cfe7,29fc2324-85fe-44b8-a16a-baf4d66543e9,1340.53,PEN,succeeded,polar,pol_d6c6443ec8dea6e4,2026-07-19T11:50:28Z,2026-07-19T11:54:28Z
b6f598d0-1d31-4c26-bb0b-6ada8049388e,0bb784ae-fbc1-45d1-9a27-5a92b09837ea,1226.26,PEN,succeeded,polar,pol_99c62ca759f722c5,2026-07-30T10:01:30Z,2026-07-30T10:02:30Z
bc555915-33fb-493d-9bfa-c8e3c569d56a,f3851373-af6d-405a-b146-231bf7ec961d,482.55,PEN,succeeded,polar,pol_c87256567dc490b8,2026-07-20T09:05:01Z,2026-07-20T09:09:01Z
0bbde6d8-ff49-407b-aa04-afe69a9f94c7,f024413f-f0dc-4b24-b1fb-ef8ff5bc8c79,12233.62,PEN,succeeded,polar,pol_569ea8363a04b551,2026-08-07T13:54:00Z,2026-08-07T13:57:00Z
e4857fb2-ac27-43c6-999a-8bec9b180ac1,a66bb796-95ce-49f9-83b2-53c9a7b2d7b7,1230.48,PEN,succeeded,polar,pol_be9467bb5098e5bc,2026-07-25T14:40:04Z,2026-07-25T14:45:04Z
28c3ef36-2267-4667-8fb7-f31bbd346887,224660ab-49d9-4544-9c14-278b22a82958,2461.02,PEN,succeeded,polar,pol_af52cc942ba1817b,2026-08-02T15:44:47Z,2026-08-02T15:49:47Z
2c9662a0-db14-4cfe-b107-751b219b2709,15371309-2284-498d-b998-4ec85379624c,2550.25,PEN,pending,polar,pol_ec2600a6f4567a2f,2026-08-18T12:56:46Z,
b17c7ef5-8fce-4ab3-a3a8-5166883ddd58,4bd699d4-3de1-4022-a3c4-c4e1e37164d8,912.09,PEN,pending,polar,pol_c969975343057f0f,2026-08-01T09:29:45Z,
16a5fef1-e907-4136-afd1-d1572101198d,32232df0-a7aa-4cb9-80ba-4ce84a8f9a01,67,PEN,succeeded,polar,pol_9dd451dc66884958,2026-09-25T13:15:56Z,2026-09-25T13:17:56Z
44183b71-96c0-4f7a-b25d-a6130eb2a256,9a8f76e8-f2d0-46c5-b1b5-04f00ce19eb0,454.75,PEN,succeeded,polar,pol_dee3efacea6a10ac,2026-07-26T14:56:03Z,2026-07-26T14:59:03Z
7d2b9e09-b9d0-41e8-8f9c-8564d6269070,a032378f-6126-4308-a46a-e1d06391e708,4662.23,PEN,pending,polar,pol_254d3f3279670851,2026-09-19T13:47:11Z,
a8285fbc-1dc0-4ebe-ae93-5e4f1ebfd5a3,52458901-209b-486a-807c-45290a075ace,2821.13,PEN,succeeded,polar,pol_f32f1f1f4970d565,2026-07-21T13:08:19Z,2026-07-21T13:12:19Z
6b405ae8-232d-419f-a262-e78c69101913,25c3c8d1-9cf0-4a67-846c-c52cc532b310,3850.22,PEN,succeeded,polar,pol_fa772f26906074c0,2026-09-30T11:27:44Z,2026-09-30T11:28:44Z
075526f5-09fa-4936-87d0-dfa07916c22d,d33f316f-ace2-446f-aa0c-531a79b9d4ac,2096.77,PEN,failed,polar,pol_b1569c785599b9b4,2026-08-03T11:14:54Z,
14b77fb6-e9c7-40d7-8c7d-9182d8d4e680,008c701e-fd29-45bf-8c4a-27eaaec06a0d,64.68,PEN,pending,polar,pol_fb3b547ba8a93c5e,2026-08-01T13:14:37Z,
00531450-47a2-43ed-87a3-2e771a1b62df,baf28d3f-9714-494e-8cde-4738930fd154,827.44,PEN,succeeded,polar,pol_5593544801316245,2026-09-27T07:03:37Z,2026-09-27T07:04:37Z
1cf0f0e2-704b-4d48-a375-632fba34b254,299bf5f6-28cd-493d-b35c-abf29d313572,483.09,PEN,pending,polar,pol_342d7c6d18d7e8a0,2026-09-11T17:11:48Z,
0f6fb23a-a772-49f8-879c-2d4ef2a7da99,92815228-da9b-4262-98f3-a58f319ac182,7453.96,PEN,succeeded,polar,pol_d6c3864b145f6cdc,2026-09-24T12:44:48Z,2026-09-24T12:45:48Z
28f5c289-1d76-4d23-8ba8-4fcfc35d2a44,155b0c76-b4fe-4aef-bf90-b4fd9903ca2f,1440.52,PEN,canceled,polar,pol_815b73888e8e0271,2026-07-30T17:13:54Z,
0911802a-7f8d-49bd-8a06-1938aaa8f304,6b2749fc-dd7f-4fef-a1e4-538d8576047b,1156.06,PEN,succeeded,polar,pol_94afb82ca6ed23c8,2026-07-23T12:24:17Z,2026-07-23T12:27:17Z
042f7644-0a93-4def-8e5e-a2826defb835,f28469b1-37ac-450b-b545-c63655adb734,5107.59,PEN,succeeded,polar,pol_502bc636e5764e34,2026-08-20T12:27:31Z,2026-08-20T12:31:31Z
b686e972-3f7b-4bd6-820e-16d9a0a7e748,e512602e-3dfd-4752-bd98-7967ef4ff5c5,2169.6,PEN,succeeded,polar,pol_96cf3580abd16aa8,2026-08-24T10:16:34Z,2026-08-24T10:17:34Z
b10e49c7-cb84-412c-ab2f-050e03ce4093,e6683b3b-810b-432e-9efb-c8ebc42a995f,2436.42,PEN,succeeded,polar,pol_65bc62296dd1f7fd,2026-07-31T13:26:18Z,2026-07-31T13:27:18Z
d05910aa-fed8-412b-987d-56cf7e093a56,8a2e9463-2948-4bee-aead-ce2208054bc3,2951.06,PEN,succeeded,polar,pol_ef0aa48d9262cefb,2026-08-19T11:01:32Z,2026-08-19T11:03:32Z
a8e789dd-de33-4a0d-8e1f-8d4a523603d6,fd55d7db-7bfe-4298-8236-70d1789beeaa,10779.22,PEN,succeeded,polar,pol_da772561545e8bfd,2026-08-02T07:54:30Z,2026-08-02T07:58:30Z
08b3dac9-bac0-454a-af97-b3a4f63321dd,031dc20b-348b-4f38-9cb9-9bc1234810a1,2114.27,PEN,succeeded,polar,pol_f283e795cc8690c9,2026-07-19T06:24:56Z,2026-07-19T06:25:56Z
f11f3b2d-3c09-42ae-8ea4-0ed061ea66d0,bbafab87-c25c-4629-afb1-cdcc8dc72e28,2377.08,PEN,succeeded,polar,pol_162d26e8b6468f72,2026-09-10T13:53:17Z,2026-09-10T13:55:17Z
ea6112e1-8cbe-422a-9c58-0abe5c3aa5b7,62f3e2a1-570e-4bc9-9927-74108db04274,1432.99,PEN,succeeded,polar,pol_6b40a8f5ab7d06fe,2026-08-04T14:55:19Z,2026-08-04T14:59:19Z
022a5c8f-7f04-4353-883c-8cae9b614f58,0fdb17fe-d559-44c8-9cb0-05703dd282f6,4711.28,PEN,succeeded,polar,pol_6e745d24b6dc7c31,2026-09-29T15:43:42Z,2026-09-29T15:46:42Z
b9c41108-7416-4b20-ab64-763473ed5993,368a56b4-2e49-43a0-a7c4-deeb42ee2631,6379.98,PEN,pending,polar,pol_b5e5fdad1a2339e5,2026-09-04T13:31:11Z,
f9fb099b-fd56-4329-9fdb-309986ced8c0,7849bbd1-27f3-4987-b20f-598438626bcf,759.44,PEN,succeeded,polar,pol_8e90536f16a8aa95,2026-08-06T14:30:17Z,2026-08-06T14:35:17Z
41d2ffaa-8a4d-4255-a793-f83234ecac62,55f3180d-d15a-4aec-8131-3f26c185f0cf,1607.26,PEN,succeeded,polar,pol_b9d8586185143bbd,2026-08-24T10:28:01Z,2026-08-24T10:29:01Z
e4a47b25-5bc6-4aea-9ed6-4385a042dad5,f424e3ff-0cad-4a90-a622-0d76b65d00ca,527.66,PEN,succeeded,polar,pol_8a0e7b6e1bc9c559,2026-09-17T14:32:41Z,2026-09-17T14:37:41Z
277eb34c-cb39-4692-8f55-1cef05070e68,ee95c471-ebe3-4345-a82f-7f22b83facd4,1830.2,PEN,succeeded,polar,pol_dc550f3c853c0c74,2026-08-22T09:09:12Z,2026-08-22T09:11:12Z
de1fe39c-d23f-45d7-96ec-6198d3049c85,e29e597a-964d-4896-ab63-04e43f8d062b,2089.19,PEN,pending,polar,pol_7534ce8f8e6fe42d,2026-08-10T14:44:42Z,
397fb23a-bfe5-4334-ace3-78e5c12decd2,33d56fed-84e5-4e51-99fe-6e96d2358844,3001.36,PEN,succeeded,polar,pol_851c24a7050a826e,2026-08-06T17:46:21Z,2026-08-06T17:47:21Z
912df72f-07ac-4ce0-8df5-627a898258c4,3e6ee9a2-4a2e-4d8f-bab3-00137e3abfdd,10605.34,PEN,succeeded,polar,pol_6870de1275bd9d57,2026-09-14T14:32:26Z,2026-09-14T14:33:26Z
2b63a7ba-0d62-45f1-97c4-b533461f8fc8,b1c14e04-c863-42ff-9d4e-e15e8df39934,1826.08,PEN,succeeded,polar,pol_27aec35e3f2a85a5,2026-09-26T06:07:28Z,2026-09-26T06:11:28Z
dcd44569-5b81-4230-b181-fcf9cffe194d,f24176e1-0d34-45e6-9214-80bf84010fe5,720.48,PEN,pending,polar,pol_809d422937179352,2026-08-08T09:41:34Z,
1d3ed4ea-aded-4a14-a093-d71119fbd8e8,ffd8ee78-3834-432d-86c7-8c17df3dafdd,1357.15,PEN,succeeded,polar,pol_536bf79849aaaea4,2026-08-07T17:12:57Z,2026-08-07T17:14:57Z
fabe05a7-a8ef-4e9b-aad1-25682be3adc4,41b3ab6b-ad65-4168-aee8-e018f2159bb9,7094.78,PEN,succeeded,polar,pol_f30facafe8aff072,2026-09-19T06:08:33Z,2026-09-19T06:11:33Z
3f7c847e-8073-42a2-ae59-aaf0885e5416,6f924d12-d79b-44ac-bcc6-cc411e322b80,367.44,PEN,succeeded,polar,pol_b8fc3669d1e6b267,2026-08-06T13:15:53Z,2026-08-06T13:18:53Z
754e4f2e-cbe5-40b5-91c0-fd1d1156d0fe,65c7431f-16b1-4b45-b77d-56fb8e1f96cc,6498.9,PEN,succeeded,polar,pol_e0862c1a19d26589,2026-09-22T09:18:13Z,2026-09-22T09:22:13Z
56f91427-daac-4d3a-b148-0f00b0aa5ee2,e9eb5b15-eafe-427c-a9ab-b8f039e2e0f1,2832.94,PEN,succeeded,polar,pol_654e4ff84d7bfbe2,2026-09-10T17:51:51Z,2026-09-10T17:54:51Z
dbc22fd2-3688-4325-b62d-06579bf9031c,4db9679b-507d-4f02-8218-7f7b88213101,12301.14,PEN,succeeded,polar,pol_90e398dc437cd624,2026-08-15T08:12:21Z,2026-08-15T08:14:21Z
9211e2e6-2ed1-48dd-b31d-05fefebb1135,4acc633f-39c4-4078-8a0b-85dd65b8fd7a,7313.77,PEN,succeeded,polar,pol_5872058c01753c2d,2026-09-10T10:26:36Z,2026-09-10T10:31:36Z
7258bc64-8d6b-4bad-a2ec-e1831dc36090,3a031d93-f28d-49a1-ba7a-2c2442f52b73,269.52,PEN,succeeded,polar,pol_729db4bf9182c43b,2026-08-20T15:06:26Z,2026-08-20T15:11:26Z
dbdbcd69-bd30-4a72-8b1c-1a18c9b5b496,d8f30849-2a55-42ef-a2d9-22f3de3c02ea,1594.32,PEN,succeeded,polar,pol_d36c9a8861b4d8c2,2026-08-13T16:07:30Z,2026-08-13T16:09:30Z
72790aa3-7da6-49ac-8d5c-24ef906b25cc,8af19281-73e8-4295-b34a-3c595e3e3930,3741.87,PEN,pending,polar,pol_b43dd5ad9296c423,2026-09-26T07:59:03Z,
fcfd1941-b3ed-4dd8-b2d5-9a5ff1a76e34,5d344099-ea89-4947-ae30-0f55fa48fa35,1605.02,PEN,succeeded,polar,pol_71674444cb89c079,2026-08-04T18:46:52Z,2026-08-04T18:51:52Z
0d73909c-54b9-475d-95cf-1fa316009627,259826b4-8a31-48f3-8de5-196eb47777a4,2430.76,PEN,succeeded,polar,pol_4097ab92e4506051,2026-08-04T14:23:06Z,2026-08-04T14:25:06Z
53285da3-4502-41e1-92bf-6d724e5f0230,54050d2a-68a1-48a0-a2dd-431e9e527f62,4654.35,PEN,succeeded,polar,pol_28c4f6b154c5d545,2026-09-27T12:58:10Z,2026-09-27T12:59:10Z
4240a19e-44b0-473e-b9b3-9fd2114a3edc,3889ed0b-7f2a-41d2-aaaf-09952085778a,669.48,PEN,succeeded,polar,pol_ff8741ca6a96dd43,2026-08-21T13:10:43Z,2026-08-21T13:13:43Z
15a58557-4133-427f-894f-351d7dd95b24,d3f1bec3-00a2-49b0-b319-6337d8ffa23b,11456.62,PEN,succeeded,polar,pol_19b550384af6cb81,2026-09-05T07:38:26Z,2026-09-05T07:41:26Z
e78d7ec8-7d16-4e82-aaa0-e6381ea23e7b,c6186913-7954-4710-afa6-7f2e05e3f3c4,10962.98,PEN,succeeded,polar,pol_f7667e32a52fe531,2026-08-06T11:37:23Z,2026-08-06T11:42:23Z
8c96117c-56d7-468f-a935-03434cd2867a,e398847b-49e4-46a6-af62-10e25c77be4d,1393.67,PEN,succeeded,polar,pol_d3592049ec7155ad,2026-09-16T09:31:43Z,2026-09-16T09:34:43Z
23047296-a371-4ff5-811a-9c62660cb828,82183387-60bc-46c8-a51c-b44b20b5d504,596.78,PEN,canceled,polar,pol_984e27d28075e493,2026-09-02T12:31:47Z,
b1e92154-caf4-472f-8a5d-05e519647dd4,89501fdc-7cc2-4d7b-91ff-2fbd5c0b83f3,1581.53,PEN,failed,polar,pol_34bfc502f153607a,2026-09-26T06:05:40Z,
f5d7445b-ed9e-4213-ba5c-9831fef48209,15f5172b-24a8-43ea-a9ec-11bbacf44a2d,1732.67,PEN,succeeded,polar,pol_d1d95783a560f605,2026-08-08T08:03:40Z,2026-08-08T08:07:40Z
10699f94-397a-4394-b632-69ee8dfd9c26,cf68b8ed-7007-4128-a495-7a3308357792,261.76,PEN,succeeded,polar,pol_84d48e3bcc388f16,2026-09-24T09:49:40Z,2026-09-24T09:54:40Z
5d7805a9-9180-4535-94cb-6a8ab5e5e35a,802c4a25-9112-48e5-b368-9a7790313f33,1839.2,PEN,pending,polar,pol_6f87370990549de6,2026-09-22T14:27:49Z,
ad4c0b8f-90a3-4abf-9aa6-09d7c0e173c9,d37be4b4-33f5-4fbe-aa77-04fd6783dbd7,1152.45,PEN,failed,polar,pol_c8b5e4fb4492bf27,2026-08-26T18:44:11Z,
9313c985-4c91-439a-b480-801b97f23398,200f285e-aa67-4cce-9b8a-ad83a84ed6a2,6272.84,PEN,succeeded,polar,pol_e477c24015ca569c,2026-08-16T14:29:58Z,2026-08-16T14:30:58Z
dbdf36c6-45ad-4466-8539-bf8a749a09f6,bff5f8e8-4e37-46f8-a293-2f8106fd9f47,7658.33,PEN,succeeded,polar,pol_689e3acb5f6db6eb,2026-07-30T09:16:36Z,2026-07-30T09:19:36Z
75ee7573-80a7-4023-a023-b9f01d0c04b0,a12705e8-6f04-402e-b533-eff3626dbb93,1703.85,PEN,succeeded,polar,pol_e65802d0f5de33d5,2026-09-24T13:20:06Z,2026-09-24T13:25:06Z
6e3fd577-74a5-406f-baca-b5b3a3e6cca6,ec996c5f-d646-4df3-bfe2-6526118ecb9f,4056.52,PEN,succeeded,polar,pol_ab74c1bbb3b85890,2026-08-27T13:37:03Z,2026-08-27T13:38:03Z
78e86f43-8218-474b-9754-d1d2642a803f,44066089-de90-45a4-b21a-0e1c8777f624,1692.08,PEN,succeeded,polar,pol_71867c73a2462f72,2026-09-13T06:10:07Z,2026-09-13T06:12:07Z
2ef85712-c63b-49b7-bc25-9387a5ec9428,bef4a3d7-e3c2-458e-acfc-30dd63f6e75f,179.09,PEN,succeeded,polar,pol_4ed76e5ae4c2507d,2026-07-26T08:12:34Z,2026-07-26T08:14:34Z
52642aa5-80b7-4ebb-86a3-646f3e55afb6,01687eec-f176-4e8d-a23a-c299340f7e9c,4776.53,PEN,succeeded,polar,pol_f05c515395759291,2026-07-29T13:43:41Z,2026-07-29T13:45:41Z
9784f673-b815-4517-9250-7ec3b28bebee,03d644e1-b156-4c17-a9c1-fe91508e2a1f,3392.75,PEN,succeeded,polar,pol_6f15069aae30b530,2026-09-10T16:06:12Z,2026-09-10T16:09:12Z
7e211585-7d59-45d5-8013-fdefd955433f,41e1e2f2-eae6-4d81-a6ec-7e7fcaf76b3e,532.09,PEN,succeeded,polar,pol_65f219cdfe7baceb,2026-07-27T12:40:06Z,2026-07-27T12:42:06Z
4ad123fb-d931-41cc-8a6c-bbd42cd1a131,7ead023b-44ad-4de3-94b7-a6f6d3fc0293,24.93,PEN,succeeded,polar,pol_bbdcad365dfd7d46,2026-08-16T10:16:13Z,2026-08-16T10:18:13Z
4ae7d79b-92b9-456c-9c20-50cd6f02d879,56f41b0b-49b8-4e0a-b201-7383ef608da0,875.23,PEN,succeeded,polar,pol_9bc8ca544a06292b,2026-08-27T13:00:21Z,2026-08-27T13:03:21Z
bdbea9e9-0006-41ab-932b-364ec38b5333,ea273b2e-4227-4c12-bf6a-d01eb9eb1767,321.9,PEN,succeeded,polar,pol_22358260edceb97e,2026-08-14T16:10:33Z,2026-08-14T16:15:33Z
20ca896a-ac29-4728-85de-df5b02f4ed01,b9578312-073d-4463-8b83-bbb81c2009d6,1502.46,PEN,succeeded,polar,pol_8bb05d30e1f1160c,2026-09-13T08:28:28Z,2026-09-13T08:29:28Z
d1df81db-bcc6-4d2f-8b9c-06bb4441cc76,82cda886-6a3f-402f-8341-5892f0414b99,411.68,PEN,succeeded,polar,pol_f51095a7b8ef2dc6,2026-08-11T14:18:20Z,2026-08-11T14:19:20Z
91b2d5f2-7d67-421d-8427-0ec24c5d23a3,7abc4f4f-05bb-45d8-869a-687977a86a9e,2420.65,PEN,succeeded,polar,pol_fff3ad322c7f4f56,2026-08-20T12:28:29Z,2026-08-20T12:32:29Z
4e1e81bd-b897-4072-8f8a-f37cd35736e1,e87ddad8-2b71-45a3-ae8f-53227c5fcf5d,2230.76,PEN,succeeded,polar,pol_9806541335c69f61,2026-09-10T17:15:26Z,2026-09-10T17:18:26Z
032a1238-f0bc-4c38-b4af-f045409f0427,edf0b2bc-ffaf-4cd4-bb09-bcfe6421dd54,103.94,PEN,succeeded,polar,pol_c2ceb4d9db4bb009,2026-07-27T15:02:47Z,2026-07-27T15:03:47Z
7d092246-7537-4750-95a8-9dd931cbf69c,c6c97bc6-9b6d-43a3-9a2b-85bf95a92eae,1383.78,PEN,succeeded,polar,pol_3b8f8bc728729706,2026-07-27T18:58:00Z,2026-07-27T18:59:00Z
230d5115-7236-4fb5-b23c-c8f8b2ef5d22,de682286-221d-4226-95df-e9fab683a0b0,688.92,PEN,succeeded,polar,pol_3cec03bfeae10c8b,2026-09-14T10:18:12Z,2026-09-14T10:20:12Z
20d0623f-be73-4610-8268-c8ea79763e21,b6304ad7-ed90-4f37-8f1f-4e4e3a309579,2983.4,PEN,succeeded,polar,pol_8543b38fe313a8fe,2026-07-25T06:09:33Z,2026-07-25T06:13:33Z
3b31faf6-ecf9-4aae-8c59-f99ce4c75e0c,12c3169c-21db-482d-b087-e2306da6e9ed,2342.85,PEN,succeeded,polar,pol_cc9fb12dda94c2ae,2026-09-23T11:57:54Z,2026-09-23T11:59:54Z
97277458-e701-4fd7-9643-0276f8b2c875,858d7eec-d9c0-422a-96f7-ad703c22009b,6426.28,PEN,canceled,polar,pol_1b13e71a739cd8e6,2026-09-06T07:04:56Z,
e38c25f9-6f17-4c3b-93a0-29fa2bfb20ec,da213c94-40fa-4ad5-8a1f-56fc22712397,713.56,PEN,pending,polar,pol_8492f822d2d021e2,2026-09-10T14:20:50Z,
3f5f5e8d-5d3e-4c36-99a4-0043e322c379,a12fbf1a-3d0f-4a9d-8e0f-43f430ad7445,2179.12,PEN,succeeded,polar,pol_300e6c950f2a541b,2026-08-21T17:45:54Z,2026-08-21T17:49:54Z
60b2f18b-7b82-4475-b39e-334c5138665c,ae7957d7-5448-4016-8941-b67762c16cec,6507.7,PEN,succeeded,polar,pol_aad88de15821c6b9,2026-09-11T14:23:00Z,2026-09-11T14:26:00Z
87d7d557-375a-4136-b3ae-1a41b90637a6,83ee7f6e-3c78-41fb-bb33-155ce7e04c15,254.04,PEN,succeeded,polar,pol_5bff8b53adf18319,2026-08-18T18:21:15Z,2026-08-18T18:22:15Z
d6fd939e-a8f1-4bdc-91cf-1db60fad1d2c,598742b5-389e-4b24-973c-50b8013e8d2a,2217.77,PEN,succeeded,polar,pol_080369d4aa95706f,2026-08-14T13:07:00Z,2026-08-14T13:09:00Z
a3dcf29f-7606-4c57-ad96-51e22ab19ff6,4a502b90-4cf3-4a14-9783-a1161fd98149,2069.1,PEN,failed,polar,pol_3b45b972081312c1,2026-08-24T11:21:31Z,
9780f057-0c96-4392-bad9-d026d4ece6c4,60c21417-f2b3-4e2f-bd88-619ee7607960,1549.55,PEN,succeeded,polar,pol_7a1159e377a10d52,2026-08-05T16:33:15Z,2026-08-05T16:34:15Z
54fcaa92-c442-4f95-b914-697a62f3fc25,4b1a18db-8d9f-4de6-99e2-0c8ad3577bfe,1384.56,PEN,succeeded,polar,pol_792476557a37172d,2026-08-19T18:54:19Z,2026-08-19T18:59:19Z
6dade401-b165-45fc-a25d-0743e3000825,6e9b99cd-b60d-4e9e-824c-76608413f08c,1326.45,PEN,succeeded,polar,pol_4bf178c755d00c24,2026-09-16T11:34:19Z,2026-09-16T11:37:19Z
b9b0ae10-db88-4e38-868d-f08633eea9d8,7438cea3-5ca3-4d97-9ded-a621ba32becb,1710.55,PEN,failed,polar,pol_304231d5428039c2,2026-09-25T15:48:15Z,
976e9440-f7d8-4249-ba3f-d3d3207e7cbc,b3ba95d5-acc0-41ae-8c28-82bcbc301208,4395.31,PEN,succeeded,polar,pol_d070d2ad0ed3d298,2026-08-04T17:34:35Z,2026-08-04T17:35:35Z
b8f03505-d368-4b7e-b859-86e7510dcfa8,e5f6e2fd-11c0-41a1-9c89-0ed734a9515c,6220.5,PEN,succeeded,polar,pol_dc148e66d6ab5766,2026-09-09T12:06:02Z,2026-09-09T12:09:02Z
f3e0d278-0a1b-41dd-8861-df701874cf6d,89b7e478-e5d5-4748-939c-d5802ac42de6,6465.28,PEN,succeeded,polar,pol_47c716f9182a3f50,2026-09-22T09:00:35Z,2026-09-22T09:02:35Z
0648b480-ee8b-49b4-8cfc-6b2e697199da,de03b407-d86e-452a-b531-c483c2046319,4092.24,PEN,pending,polar,pol_58d4a300703e7607,2026-09-08T10:32:52Z,
0ec65355-0fb0-4c78-b28e-5ceaad212465,b3f79d79-b11c-4fd7-b0a1-007432b7840e,2190.24,PEN,succeeded,polar,pol_e132e626f5e2e134,2026-08-11T16:31:57Z,2026-08-11T16:32:57Z
2a851bdc-c8e2-4621-8614-1126336e3144,c0dbd663-b326-4f46-961b-a16ebf8ebab1,2506.28,PEN,succeeded,polar,pol_ad21bfb10936ba56,2026-09-20T14:30:54Z,2026-09-20T14:33:54Z
e8602460-ad15-4141-b445-12e4906d4653,7154be7a-8ea3-437b-a5b0-675da42546ef,4335.2,PEN,succeeded,polar,pol_3be2b89a32ea598c,2026-09-21T12:26:03Z,2026-09-21T12:27:03Z
6d5b99e0-07bb-473b-b3bc-e90f0d310e54,7c880ef3-cebd-4d12-9eab-39ff90ac7bde,733.44,PEN,succeeded,polar,pol_ce8b3c2745a4ef1a,2026-09-16T13:28:36Z,2026-09-16T13:30:36Z
3ceba1af-f414-4003-87a0-cdfcb1a4da46,ff5ee2e3-fd19-43c4-86de-6b409114de28,1064.94,PEN,succeeded,polar,pol_8889759d80fdc4e3,2026-09-18T11:05:23Z,2026-09-18T11:07:23Z
3fddc41d-82e4-4e53-8e3c-854491860771,1a5871d0-e443-497a-8004-a7dfaac33657,2052.55,PEN,succeeded,polar,pol_5d884e3c6b340436,2026-09-29T09:18:31Z,2026-09-29T09:20:31Z
9cecfc21-9f8e-466f-89dc-4f80a95f39df,0629255c-d16c-4bca-8f0a-8bbda5cad314,889.29,PEN,failed,polar,pol_b9cdce414ddc8834,2026-08-11T11:44:49Z,
0bfdd357-fb1d-429c-9be2-fb870fab5f33,216b4c1d-1946-4505-a094-88901e053049,2626.05,PEN,succeeded,polar,pol_b8a39d97a33a0575,2026-09-01T16:48:04Z,2026-09-01T16:50:04Z
1632ea00-1eb2-4fa8-b0b4-8e1e8b58ec15,cc2f43a5-5997-4a75-bbf8-780fc8b100d4,701.56,PEN,succeeded,polar,pol_1c49fee79dfd1716,2026-09-16T09:15:03Z,2026-09-16T09:17:03Z
1024af63-2a8f-4a05-bc42-a083048f34f1,3448677d-d985-4246-b83a-21cd50502f69,408.61,PEN,succeeded,polar,pol_1f05d09a23efad4a,2026-09-30T14:11:31Z,2026-09-30T14:12:31Z
3e51bbcd-2a4e-4469-bf17-a93b24cc7516,6c9e0b94-ccf6-4099-a837-cd05919efff5,3263.08,PEN,succeeded,polar,pol_50f0086b15da3ac5,2026-08-15T10:51:39Z,2026-08-15T10:55:39Z
77faac9b-045f-4da9-baa1-731e2f74c029,198602fe-d85e-4edb-92b2-e80ccca1aa50,2063.65,PEN,canceled,polar,pol_c46d152b0aba40a3,2026-09-10T12:24:59Z,
96ea9341-ac65-4f49-a6c4-e643ad97b061,a8364760-06c1-465b-84a2-edc59d223b54,408.83,PEN,failed,polar,pol_8fd24a2ee9a1f60a,2026-08-13T15:23:13Z,
4d0ee407-aeb9-44ee-b1ce-57bf6677d8c5,7ad6c825-d774-40b2-9f83-0e2af319ce23,506.99,PEN,succeeded,polar,pol_49a7ed1b9859504f,2026-08-06T15:33:13Z,2026-08-06T15:34:13Z
8f8eb657-11ec-4760-9d57-0479885ddfed,c7bdbf3c-e250-4a80-8339-23f546ad6da1,790.96,PEN,pending,polar,pol_8cc0994f2408bcbb,2026-08-27T13:12:39Z,
9a5cd135-8306-4dde-8359-e6769335cd5c,fd14f024-88bd-4ff0-a7af-978128b7d84f,3234.95,PEN,succeeded,polar,pol_f6cf28513efb5d18,2026-08-27T12:31:48Z,2026-08-27T12:33:48Z
3c7083e9-1e67-4105-8f56-17720c2e4dd8,84a31daf-62ba-4612-868f-f85e0b23b70e,1450.28,PEN,succeeded,polar,pol_2c9171e363afc3a8,2026-08-17T16:43:27Z,2026-08-17T16:44:27Z
f96a9fe1-0b57-4686-89bc-33d170501e7b,4dd1b7c1-508e-42ea-a9d3-9f8f90d37104,1739.84,PEN,succeeded,polar,pol_e7f6452051154314,2026-07-25T12:01:30Z,2026-07-25T12:03:30Z
9d0f4e51-1872-4bdd-b412-a62ef69e1c94,5c5ab50a-d212-4f00-aa38-7108f35c8a2a,2952.93,PEN,succeeded,polar,pol_c45c98beb99e5b45,2026-08-29T07:37:58Z,2026-08-29T07:40:58Z
5230462f-97a2-4652-a8e1-00f38ab38b46,0105fede-1e66-49bd-bad3-81c45472a561,2265.34,PEN,pending,polar,pol_1bc99f59baa4b0d4,2026-08-14T13:36:36Z,
b2256d34-fd52-4a1d-be98-467fdb6bda04,675d5d7e-7ff0-46b0-b826-252898545fd0,3768.33,PEN,failed,polar,pol_b84d341066fd45ba,2026-08-15T13:13:10Z,
4b714787-d926-4ec4-b8b2-e57c6202e959,17f44c86-710e-416d-929e-3e284a108d84,549.28,PEN,succeeded,polar,pol_85ba93dbc6e0fc3c,2026-09-02T17:40:02Z,2026-09-02T17:41:02Z
fbcccd64-cef6-424f-936a-94340d6d7a96,c4c40c5f-4a66-42b0-a81d-a26668f69316,1686.93,PEN,succeeded,polar,pol_7c01ac4f6cade4c2,2026-09-04T11:35:27Z,2026-09-04T11:36:27Z
1ac39803-0213-4213-913f-8fb47558074a,12b6c8ce-91fb-4417-9729-0e883a306db6,338.11,PEN,failed,polar,pol_9314354d40938ec1,2026-07-29T10:03:38Z,
704207a7-7535-4863-9ba7-f8928dc36223,beae289f-de97-4d34-b9dc-c964d5a8ea5e,1003.85,PEN,succeeded,polar,pol_8b94f30b239e9193,2026-09-01T17:44:08Z,2026-09-01T17:47:08Z
9e07cd46-f7be-4a34-be0b-ca6929ab3d43,28ef3a33-082c-4cb9-9107-6c3e53cb104e,2806.88,PEN,succeeded,polar,pol_777573d642ff82af,2026-08-07T10:48:50Z,2026-08-07T10:52:50Z
dd4b8651-5558-495a-8f65-682e4e0a062f,0c1974af-c5f6-4af4-a406-bbe48a986d0b,86.44,PEN,succeeded,polar,pol_ade852b88b738a25,2026-09-03T15:15:44Z,2026-09-03T15:16:44Z
0caff450-686d-402e-a877-c0324a92bdf0,c6ba06d4-bb58-4c0f-b956-802039e8d799,232.56,PEN,pending,polar,pol_f84328ccca057dc9,2026-07-30T16:09:30Z,
ad505e7c-aaf0-46d5-8e54-2ddaea6779e5,f32d6e6f-08a7-4a03-8512-64b66ebd851b,1198.17,PEN,succeeded,polar,pol_4f20d32a7dad2dd6,2026-07-26T14:21:23Z,2026-07-26T14:25:23Z
98dae9e4-2c83-4374-809b-b27a97992181,9073cfce-1934-41c6-877f-a68cbfff5da5,7064.68,PEN,failed,polar,pol_0ad0618a580cd302,2026-07-27T13:55:09Z,
f430477d-a7d8-4d13-bb9e-a1fbabe9dae1,d9c7039e-ba3b-4d14-b4fa-4a577633d011,1211.32,PEN,succeeded,polar,pol_4afd745a34479951,2026-07-31T15:22:19Z,2026-07-31T15:23:19Z
d89d5b56-cc5b-4b79-bbb3-b9ddac9626f0,62c635f6-5e46-469a-9d92-d97791b9897c,1424.96,PEN,succeeded,polar,pol_ee4df9d9415e7e69,2026-08-19T09:01:23Z,2026-08-19T09:03:23Z
a9e6ade1-8fc2-4327-935c-f72fc5a160a5,b02331ed-9df5-4b75-81f3-9622b093912a,3270.37,PEN,succeeded,polar,pol_d946f36e17615cac,2026-08-05T17:14:13Z,2026-08-05T17:19:13Z
b742582f-1430-4e6b-acd7-17a8ba0b1ab7,e18a0f9e-2f2e-454d-b949-3c56e2cfde97,2147.34,PEN,pending,polar,pol_0d6fca95759f33c1,2026-07-18T07:33:56Z,
1df91ee7-1b4f-4827-b01b-e66c6b1a382d,4a75dfa7-2a7c-4663-8d5d-097f0c3cb221,2111.55,PEN,succeeded,polar,pol_2d4a7ae868027f25,2026-08-19T10:03:31Z,2026-08-19T10:08:31Z
d19b04a7-b5cb-49a6-8b44-aad90fe4a8d3,61923f64-1a83-4f9c-8870-bde311194530,285.44,PEN,succeeded,polar,pol_da2027706161ed63,2026-08-26T12:56:23Z,2026-08-26T12:57:23Z
ed3263cc-9a4d-4464-b60a-e9d60b8e5eea,ff833a18-84eb-4f92-8402-9dbd0b1b7db8,1384.94,PEN,succeeded,polar,pol_2877b4d09f4df114,2026-07-24T16:47:06Z,2026-07-24T16:51:06Z
e7601c13-decd-49dd-b1e1-1f0937850d78,4ff939aa-34bc-40c0-b7c6-cef9971c6dda,9659,PEN,canceled,polar,pol_c9354dc742ec4c28,2026-08-29T09:00:41Z,
bf89f7bf-3ecf-427f-9224-202f24c714f5,e5811225-6a54-4dd8-940a-5b51abdc0219,12574.08,PEN,succeeded,polar,pol_ccb9e58f43a81779,2026-08-20T17:56:13Z,2026-08-20T17:58:13Z
4ba5afe9-1480-414d-a654-87b621da6419,b5c34767-e934-44b9-bb03-825ffc12946c,3556.03,PEN,succeeded,polar,pol_47688dd33e66738b,2026-08-15T13:39:08Z,2026-08-15T13:40:08Z
544d485b-44fb-450d-8eed-0b75dca851d1,34376c97-9a3f-4666-b0a0-a450c7ee8380,1289.59,PEN,succeeded,polar,pol_6dd5c674f854b438,2026-08-08T07:03:11Z,2026-08-08T07:04:11Z
26fa371f-62ef-4b40-8c4f-b4f06250f445,74417a16-f9e5-4614-b34f-fa2bca43469e,1270.47,PEN,succeeded,polar,pol_accf275cb6a6a545,2026-07-20T13:59:47Z,2026-07-20T13:59:47Z
30f91f1e-40cd-49f1-8d3e-160a7bb21fad,374b665c-83a3-4b94-95a7-758a92d4b868,52.35,PEN,succeeded,polar,pol_7023c22b060c6872,2026-07-24T14:01:07Z,2026-07-24T14:03:07Z
0d308c69-a076-4053-94ef-7d967fb8c6c9,301c1c95-e39b-4b74-9ee6-687a34958026,469.01,PEN,succeeded,polar,pol_680c4c7794d93e93,2026-09-02T17:15:44Z,2026-09-02T17:19:44Z
22255730-d56e-409e-bfe4-1d9450f7d705,0c5f5783-9f5d-4015-96ec-e703bafed46f,728.76,PEN,succeeded,polar,pol_6929b4f93a56e7b6,2026-09-12T15:48:10Z,2026-09-12T15:51:10Z
4a5ba938-1252-4bb0-a5e8-ae3d62543810,d5d05868-4c74-41ce-8f7b-3ebf8b0b6ae5,3590.52,PEN,succeeded,polar,pol_73c4cbc4ea57f22c,2026-08-21T17:15:42Z,2026-08-21T17:19:42Z
41fdc2c2-f2a7-49b4-a8e2-ba089d9c598a,deffe741-71b8-4584-8bf6-4397d95f2710,37.67,PEN,succeeded,polar,pol_dd3c5d72ea12778f,2026-08-11T15:59:06Z,2026-08-11T15:59:06Z
5e895743-5a2d-4495-a923-6c88cf95c107,1857926c-776a-48d5-8135-2d365c83a7eb,201.04,PEN,failed,polar,pol_569c5aa1bbe4e629,2026-08-26T16:23:47Z,
a0a3c38b-b162-457a-8667-4406a6be2fce,fd616e83-a99b-4d51-9403-bbf839831dfc,4529.78,PEN,succeeded,polar,pol_ee62031e4dbd32e3,2026-07-25T06:17:31Z,2026-07-25T06:19:31Z
a9f8ff01-52dd-4c84-9450-b474bdacc857,1476ca0d-9fe6-4bc2-a58b-cfc06c10f6a3,3325.13,PEN,succeeded,polar,pol_af8c4ad8d26a4f1e,2026-07-31T18:49:09Z,2026-07-31T18:54:09Z
bc8f4c0a-f006-4d77-91c0-d2f63d9427cb,32d8da95-2fed-4f03-94a1-b87f7eb52eb8,268.83,PEN,succeeded,polar,pol_9299cebf455e196f,2026-07-20T10:52:12Z,2026-07-20T10:56:12Z
6a36d6f8-069c-43f6-82d2-191a2b5db753,e2cd7552-fa3a-4282-b7f1-0ebe64739a7d,638.83,PEN,succeeded,polar,pol_a8194345ea6e4455,2026-08-10T18:59:03Z,2026-08-10T18:59:03Z
67b89425-cf9e-40bd-a9c4-44ad7e3eaa15,375e2f6f-7516-4aa7-b65f-0f49fb894e67,5730.04,PEN,succeeded,polar,pol_f58b6046e987f056,2026-08-13T18:21:10Z,2026-08-13T18:22:10Z
f97417c3-b992-4514-ac8e-d4d1ac3f713b,6eaa592d-162a-4e36-946b-41c26f3eb729,6174.3,PEN,succeeded,polar,pol_b617fb965ab8078a,2026-07-29T15:26:33Z,2026-07-29T15:28:33Z
a3a61bb5-d81c-4d60-babd-3c55edac1a86,c8e3db38-84c4-49f4-ae72-dd3fe7b052d5,1155.03,PEN,succeeded,polar,pol_f6cba206c8d64529,2026-07-30T11:09:57Z,2026-07-30T11:10:57Z
5bb30b73-351c-4324-b781-2368ab000356,7c2d6c6f-62e7-4c30-a455-abbc862b8b42,275.7,PEN,succeeded,polar,pol_d167320ec9b2a2e2,2026-08-17T13:29:19Z,2026-08-17T13:33:19Z
1f4ce98c-3db4-4e5a-81b7-9ed841049982,5cbabe88-2955-453c-a3b6-26b0449c7a0b,989.26,PEN,succeeded,polar,pol_6a73582be73fc1d3,2026-08-24T14:41:00Z,2026-08-24T14:44:00Z
4c6f6e86-e6ba-4b85-92b6-f330820ad114,74f8fa29-e48f-43e1-8c3a-cb5dedd63f0f,513.1,PEN,succeeded,polar,pol_b8a087755da0d699,2026-08-26T13:00:48Z,2026-08-26T13:01:48Z
52deab8a-2aa5-4a64-bfd8-6de9494fdb7e,c0be30c5-c2d8-4722-8f93-9e40425eaa30,892.71,PEN,failed,polar,pol_7916d6b73b4cc178,2026-07-19T10:53:18Z,
828f3148-2a84-4ea8-8834-b9f6f15a6a94,c0c2d998-41d1-4815-8f98-662fe3bfb6b5,1452.8,PEN,succeeded,polar,pol_2f84e0e4038b1b4d,2026-07-20T15:40:24Z,2026-07-20T15:41:24Z
00459505-3003-4ada-b24d-6938d985005d,289ee68f-3892-44be-ae30-a93224e0e270,3099.33,PEN,failed,polar,pol_9aa5444404ec4dcc,2026-07-22T13:23:51Z,
1818fbd5-ab0a-497d-bfd5-472ae4ab727f,da6b8f5b-a9dc-4ea2-ae28-8375a0205a57,57.1,PEN,succeeded,polar,pol_3096b48b0cdd239f,2026-07-29T14:46:09Z,2026-07-29T14:47:09Z
30ccecda-32f0-4992-89a7-b944a0e4f099,ccaf82d8-dc1f-4e1c-bce9-236fe12755a8,440.11,PEN,pending,polar,pol_39b29abedd428ddb,2026-08-31T18:43:48Z,
65fed1d5-0c11-4496-b29b-8bd2ebeba560,de673999-247e-4ab9-bed9-28083d221d46,497.24,PEN,succeeded,polar,pol_4a02a44955d8acff,2026-07-21T14:04:59Z,2026-07-21T14:07:59Z
5235c8c1-e65b-4a80-9756-7a4e134f3d44,275ecd94-9cd3-4e43-aac0-911c62691743,10507.87,PEN,succeeded,polar,pol_c4e65ef0f3bd004e,2026-09-25T16:58:24Z,2026-09-25T16:59:24Z
a2fc3b9d-adfd-40c4-b9cb-1bacf64c3cf2,60fa1e9c-dc7d-4fec-a1d9-ac83ff579cff,344.72,PEN,succeeded,polar,pol_59eadd2afc3f2449,2026-08-22T10:25:19Z,2026-08-22T10:30:19Z
e3ea0010-5577-4c45-b796-7f8bc5573f2e,6ae798d6-1451-48c8-9f16-6ed1c6d8b920,69.06,PEN,succeeded,polar,pol_853e44276255d8f4,2026-07-21T14:14:29Z,2026-07-21T14:18:29Z
5b8632d0-be46-4c8a-a0dd-b2560fbbd3bd,ecd0bb39-c759-4c63-a112-4d731d3897d4,178.56,PEN,succeeded,polar,pol_63bfc4078c314d83,2026-09-26T09:21:38Z,2026-09-26T09:24:38Z
ce2c0184-1f0e-404d-b9f4-09d08ad83f7a,f0ca7d66-eabc-4f28-9961-cbce1d236992,1121.8,PEN,succeeded,polar,pol_f2bf9bb008baa258,2026-09-25T14:58:56Z,2026-09-25T14:59:56Z
431100b5-22bc-4687-be1d-ee22c903875c,d68b7559-7da8-4606-8d81-2351ebbe7ea0,2572.44,PEN,succeeded,polar,pol_edbaafb5f60175c4,2026-09-16T15:22:57Z,2026-09-16T15:23:57Z
a83b4875-365f-4242-a426-6bbb590f0939,57b2a496-c534-442c-92fc-6526c15f50e1,297.57,PEN,succeeded,polar,pol_9780b8139a7bc10b,2026-08-07T09:23:40Z,2026-08-07T09:24:40Z
93ff3a32-4af1-4323-9a74-8fb82499ae14,81d74c73-6fba-4741-b773-6388e8e79641,5342.86,PEN,succeeded,polar,pol_657199589d85f214,2026-09-12T13:05:20Z,2026-09-12T13:08:20Z
3d64d9e3-c348-4e76-8b2d-f7230bd8f783,22634b6e-4d61-4a93-a9b5-0292684ae45d,141.54,PEN,succeeded,polar,pol_2d8886c0d63b5a0f,2026-08-10T15:46:09Z,2026-08-10T15:51:09Z
fc418e32-2c19-4a12-9d56-f0dae0c8d0b3,31028d55-686c-48d3-aaf7-34208d3a9f01,2145.94,PEN,succeeded,polar,pol_2ba9182fdf396d98,2026-09-04T14:13:51Z,2026-09-04T14:18:51Z
ce9ac5cd-91a7-4f44-b5e1-6a18e8a3a7d1,4022b646-4c9a-48d2-b5ce-bc861e04d5fe,3166.41,PEN,succeeded,polar,pol_b6e1dbf1d4d4f129,2026-09-16T13:07:57Z,2026-09-16T13:12:57Z
25d63945-89e0-469c-ad84-fd65d4957de0,37d331c1-33cd-4ba8-abf9-4c79099d3f28,8024.1,PEN,succeeded,polar,pol_8aedaf8448a4a2c2,2026-08-22T07:14:29Z,2026-08-22T07:18:29Z
1fc9706b-f453-40ae-8dc9-5e3e17087866,343d5207-ea01-4321-89ca-9d884331c77b,322.77,PEN,succeeded,polar,pol_a769533cfa44ede2,2026-09-11T12:30:36Z,2026-09-11T12:35:36Z
622b4ae6-e8a9-46cf-9c41-0d09af4c869c,12ee9a47-5a81-49c9-a2a9-3201b121d5f9,251.34,PEN,succeeded,polar,pol_15b38692ec72d8a8,2026-09-07T10:13:32Z,2026-09-07T10:14:32Z
a772d1a3-f560-44ea-8643-5efd40e7b3db,3f4f1f77-4a2a-4371-b5ea-1d33b6d33c7b,3618.24,PEN,succeeded,polar,pol_9db262e64c471419,2026-08-14T15:01:31Z,2026-08-14T15:05:31Z
282da833-fc24-41b3-b675-00eff3feeb3e,af31f052-6a8b-4854-8bc7-89b662ea0c17,519.26,PEN,canceled,polar,pol_101548778c8b9840,2026-08-20T12:22:31Z,
1db52c5f-c46b-44e2-8302-ffe93f210f6c,2b7c8812-f69b-4aea-bc56-88146ae5a8b5,85.65,PEN,succeeded,polar,pol_665c76f287853c09,2026-08-27T15:45:49Z,2026-08-27T15:47:49Z
d8fbcfed-4301-46c8-94dd-90ff5d329c74,b9d54dff-8a03-4983-8a97-39d457f9ea2a,3530.71,PEN,pending,polar,pol_c6141c67b3b1feb5,2026-08-13T12:32:58Z,
82f94317-e181-4c32-862f-6b1ecf3ea773,f7d12b52-b639-485a-b120-090e1cc37ddb,6231.99,PEN,failed,polar,pol_a1d6b85f3a97d31d,2026-07-26T09:02:39Z,
93afb1d0-06d4-49dc-9236-01b3b2b16d96,6c57cbe6-73bc-4532-9a19-748cbbcadd6f,1634.97,PEN,succeeded,polar,pol_18557b70c3154d7a,2026-07-26T12:39:59Z,2026-07-26T12:40:59Z
97010e22-af5e-4186-bcfd-16aa3e719614,946eff94-293c-4b8b-88a8-af86b2c21b11,2528.43,PEN,pending,polar,pol_1d9e2016a6569a5d,2026-08-19T14:34:35Z,
b7f63292-3f31-4ea6-91b1-062a3baa98cf,30ec8344-14e9-49cc-9155-7b6631840e69,8852.14,PEN,succeeded,polar,pol_2f1ed8ef2a9b8275,2026-08-27T15:56:00Z,2026-08-27T15:59:00Z
b877cb19-c7ef-4a80-bb0f-377a9305602b,481bc77b-fd4c-4c3c-a5c6-0c4a3f065fc6,1532.2,PEN,succeeded,polar,pol_9778c35a1cfdaf07,2026-09-24T13:15:14Z,2026-09-24T13:16:14Z
7747d583-6d8c-44fb-a939-e4f8763c088a,5d6e423d-5bae-42fe-b9b0-94bfac4fa87d,436.64,PEN,succeeded,polar,pol_eb0166a585ad51aa,2026-08-15T11:39:56Z,2026-08-15T11:41:56Z
90366b85-1378-4a63-ad15-5e6f12827c18,94449498-5993-4851-ae25-079c71f71f9d,2618.4,PEN,succeeded,polar,pol_11bffd1e6b1ab80c,2026-09-26T09:54:00Z,2026-09-26T09:58:00Z
17e78d71-330a-4322-825e-84ad72b4b2c8,0be2aa9f-212f-422c-be42-b824d1de319c,445.06,PEN,succeeded,polar,pol_00f0b9b46b114111,2026-08-02T08:44:45Z,2026-08-02T08:45:45Z
008c30bd-5d45-41a1-93c7-d3124bb12771,9923800d-b518-4e62-b8bf-f3420d01c066,859.65,PEN,succeeded,polar,pol_2a932a080b837914,2026-09-28T14:35:49Z,2026-09-28T14:39:49Z
bfd7d7fc-22bc-4649-ab8c-967750cd5ad6,2f4d2780-61bb-4920-a2e9-03c3d6f2d303,75.75,PEN,canceled,polar,pol_d092df4b6e03222b,2026-09-24T10:33:41Z,
69ad69d7-65ed-425c-afd7-3ae72951a197,c0be58be-ccd0-4a9d-899b-a6797347a347,171.64,PEN,succeeded,polar,pol_43aa77270d2933ce,2026-09-17T14:54:46Z,2026-09-17T14:55:46Z
96c20feb-2418-4604-8677-790f71ae2da7,eade7e0b-d4b4-4373-9bcd-a986e1d60859,2352.15,PEN,succeeded,polar,pol_e5698a4517a2c19f,2026-09-07T09:53:33Z,2026-09-07T09:57:33Z
76c09c4d-b175-443b-87fc-a653e969c26c,a873ac31-0dcf-4409-9c6f-9b2269ccc09c,1863.12,PEN,pending,polar,pol_c3c756096254995e,2026-09-09T09:22:07Z,
edebee6c-ca12-4d27-95f4-4619c9afe673,7f583d07-96dc-43de-9dfe-f5fd7753fb96,517.9,PEN,succeeded,polar,pol_6dda9c7bc2206f7d,2026-09-18T14:28:31Z,2026-09-18T14:33:31Z
c3500c16-9f94-4f1c-aae4-148623d1df58,2a30e26b-e719-4d0a-8f23-1594d7b532fb,86.42,PEN,pending,polar,pol_9dfa63aa4cc2411d,2026-09-13T08:31:00Z,
4fde98c7-a532-4778-b504-fe5e2a8e607b,20863180-1dc5-46c5-82fe-c0bb4aa8706d,298.18,PEN,failed,polar,pol_9d822aa601fe4acb,2026-09-03T16:02:13Z,
003403ae-185c-476b-a0cf-37cb0eae3281,42b55cfd-b491-4961-9659-02313332f22d,2373.56,PEN,succeeded,polar,pol_89011934c6fc0d9e,2026-07-19T14:51:53Z,2026-07-19T14:55:53Z
d7cd5515-33e9-4118-bbb8-85352abdda5a,4a5d41dd-b91b-4771-a101-8d08f507abbe,363.2,PEN,succeeded,polar,pol_af0e2f3813bdc8ef,2026-08-21T18:57:22Z,2026-08-21T18:59:22Z
ca0c3c80-9c44-4b64-9a69-8f43d9e55733,a7aa6a3c-0546-4a48-98d2-d49babccb381,294.78,PEN,succeeded,polar,pol_4b01f367f6778db7,2026-08-21T13:26:44Z,2026-08-21T13:27:44Z
419f84c6-5ed4-4d1b-aa82-50a8f944af7b,1224ccb5-b657-4d3e-b057-536f68543e98,301.88,PEN,pending,polar,pol_31aaa2fed3707427,2026-08-25T11:01:47Z,
1f418e8f-3cdf-4cdf-9d45-f6055666329b,f0fb56be-9b0a-4868-b742-8de04dff05c8,1081.55,PEN,succeeded,polar,pol_a2b67a2e5ac110eb,2026-08-29T15:44:31Z,2026-08-29T15:47:31Z
97abeea5-b9ed-4536-b3d9-b0e7e777c5c0,6ecacd50-36cb-4170-9b50-9ca97fc92c93,913.68,PEN,canceled,polar,pol_b52a026add2d99e0,2026-08-15T14:11:26Z,
cfbe3957-c124-475a-8d22-a4b3026392b3,095fb787-d9a1-4f61-ba02-73ef07edf4b8,1436.66,PEN,succeeded,polar,pol_93a04039673dd72a,2026-09-01T13:02:28Z,2026-09-01T13:05:28Z
030f5cd4-4faf-4dca-abd0-93cbd6a6c29d,3f31beaf-e5e0-46c4-8715-663763e345a4,4431.54,PEN,succeeded,polar,pol_86714b314e0d71e2,2026-07-29T16:13:36Z,2026-07-29T16:14:36Z
06937007-4e96-4612-a64f-5d6300083042,25cdbc3d-4586-4813-a4c8-fa5fa877fbad,919.09,PEN,succeeded,polar,pol_4967ed70232535f1,2026-09-09T11:22:26Z,2026-09-09T11:26:26Z
900874ad-9825-4db2-82b2-ad914fe61fe9,0aa60b9e-24ad-40f1-991e-007f23b8dccb,2368.88,PEN,pending,polar,pol_cdecdcde85e4dec0,2026-09-30T12:26:30Z,
b2b8cfc8-538c-4153-9d5a-ba5a0c74cc7c,d016828f-3831-4a01-b34f-bdd30da3ffed,1558.54,PEN,failed,polar,pol_d88a55e3823ec422,2026-08-14T11:56:22Z,
3aff5923-e14a-4d3e-83c6-6ca39a6c7eac,45690c24-3334-4225-8fa4-d33b797a9fe3,1595.32,PEN,succeeded,polar,pol_cd5250e947fd6ec9,2026-07-20T12:41:32Z,2026-07-20T12:46:32Z
7f2246e1-5cb0-4562-9c54-587b5becaf40,b7e09e23-9511-41f2-ad95-b73b0c09ce66,2025.77,PEN,succeeded,polar,pol_d9d57da2a4ebba39,2026-07-29T18:13:27Z,2026-07-29T18:16:27Z
0b7a4cd1-562e-4481-bbf4-f90ad0582b2f,97989582-6f2e-47d1-ba55-7eedbf6691eb,6323.42,PEN,failed,polar,pol_c6ffe6784c0bf554,2026-08-22T13:48:51Z,
9b5b4676-7fe0-4839-a04e-a16cd0d9e32d,84d8ab3c-a59f-4132-9a1f-579268f6e8fb,5162.77,PEN,pending,polar,pol_6281ca953f38e92a,2026-09-22T10:22:20Z,
cd91eb79-b199-425d-bb17-50bb01556958,7f3a3509-f12a-49fb-a601-4e63cf9bd096,3708.94,PEN,succeeded,polar,pol_f8b40e44e68ced1c,2026-07-28T10:18:29Z,2026-07-28T10:20:29Z
10d76aff-66a1-4aeb-ba24-0f3a8dbdcbcd,3c8d1bc1-cfda-4d8b-a0d6-950df002e401,10109.5,PEN,pending,polar,pol_f3b337ecef516157,2026-09-21T17:49:11Z,
f29b6cab-153d-474c-8639-58abe543180c,989ec026-6dd8-452b-a3b5-4c16e9092ff4,1232.02,PEN,succeeded,polar,pol_67bfe2290e486c77,2026-08-28T17:06:37Z,2026-08-28T17:07:37Z
0ebe4eb9-a5a3-4541-baa3-213bafba2193,e2f19732-b193-45d3-adf2-81bbbc0fec0b,1520.65,PEN,succeeded,polar,pol_b0ae1fb86ed1da66,2026-08-30T09:55:44Z,2026-08-30T09:59:44Z
64fcbfba-c902-4d60-a052-02cdf5c70f62,b004895b-7982-4a49-a01e-b66c688114b2,2833.17,PEN,succeeded,polar,pol_1ed3ef667f1d8cb2,2026-08-08T08:11:57Z,2026-08-08T08:13:57Z
3e4ebcf1-8852-4f85-9ace-73d80e54b9f9,e335afbd-51d3-4835-a2b2-e8573fefeb87,1225.48,PEN,succeeded,polar,pol_02ec381f8195a40e,2026-08-09T10:01:08Z,2026-08-09T10:05:08Z
1d6b3012-a367-40a3-89ee-022ff8f7ec77,e541ecea-3112-494a-b455-a79632ac0a88,1373.4,PEN,succeeded,polar,pol_a0a06d80575af47b,2026-08-06T11:28:33Z,2026-08-06T11:30:33Z
1b2fb573-6ee9-4b3c-9219-92ef9224b688,0aaff61a-3087-42e2-a6ad-87d29220da4c,839.56,PEN,succeeded,polar,pol_f6a887d87f28c911,2026-08-15T15:46:22Z,2026-08-15T15:51:22Z
7fe7381f-d482-4f14-9967-faf990ee2094,19c7ae99-8fca-4432-815c-f40287964b0e,2193.92,PEN,succeeded,polar,pol_8f1a5469d6d4c23b,2026-08-08T06:17:38Z,2026-08-08T06:18:38Z
fd2ce9ca-da28-4179-af12-bf44df318cac,3905d3ff-0e01-4d1d-b58e-38024060163c,7934.33,PEN,succeeded,polar,pol_7c793436999badc4,2026-08-08T09:54:01Z,2026-08-08T09:56:01Z
55fb97d4-0188-4508-843b-6fc5810f3914,55961e7e-659c-43fd-9f6b-7d0c52823bca,1120.98,PEN,succeeded,polar,pol_8f195a94288ec1c6,2026-08-01T09:50:59Z,2026-08-01T09:55:59Z
0018a15a-f14d-486c-bb2b-65aa5396694e,8d7803a3-9d41-4363-9e14-7f2c9b228048,1844.64,PEN,succeeded,polar,pol_e10a7f29b4da6154,2026-08-14T10:15:44Z,2026-08-14T10:19:44Z
00215cc8-7b72-4683-abbf-e71898f530db,3cca9026-5f8f-4754-a000-9e44a7eb49bf,6148.5,PEN,succeeded,polar,pol_a946f21ab173bdbc,2026-08-10T09:12:26Z,2026-08-10T09:13:26Z
df48ce46-6b21-4610-9710-7fe1dc4ac1fe,2914d896-0b14-42ce-95b2-a33e64496650,2325.99,PEN,succeeded,polar,pol_298320f28469e558,2026-09-02T14:55:49Z,2026-09-02T14:58:49Z
3875cc00-736e-45f4-adc9-13c36464b683,9fa376d4-0712-4159-9969-938a7443aad5,2088.05,PEN,succeeded,polar,pol_37243b734fdb0a58,2026-09-23T18:57:45Z,2026-09-23T18:59:45Z
d769ee19-6c05-4861-b0d9-bf30a1971b03,50ec2c33-7f46-474f-a637-2a2c6c695aa7,5358.72,PEN,succeeded,polar,pol_34093c9bb5ff7a94,2026-08-02T10:40:23Z,2026-08-02T10:41:23Z
e481feea-e2c3-474d-aae7-da758a6dc8a4,10034e5b-b2e3-47aa-bfee-7b231c6383a5,808.56,PEN,succeeded,polar,pol_34d0786adc9255bc,2026-08-20T12:50:57Z,2026-08-20T12:52:57Z
e253db91-9e47-4d00-ae6d-3d5d211038cc,3349ed6a-c493-47cf-b81a-d406809ad3c1,1446.24,PEN,succeeded,polar,pol_86a3e6833943afca,2026-08-13T16:02:56Z,2026-08-13T16:04:56Z
6a8c039f-9b9b-4293-9a54-bc5523b1051c,c09bc1ab-f259-4c4d-b79e-6ae51afd1a35,11356.72,PEN,failed,polar,pol_88b229d646e0d39f,2026-08-21T12:30:04Z,
5e693ffa-608f-46d6-bda1-a27829d07999,dfad375f-d5d0-485f-a045-b3f4554ae54d,2909.94,PEN,succeeded,polar,pol_d83a782f2bbb8bc9,2026-07-30T10:36:02Z,2026-07-30T10:38:02Z
a890fda8-bfc0-4d99-87dc-1ea83bb18c2c,1c3b7aeb-3fd7-4c34-8d7c-f036bd567874,3117.16,PEN,succeeded,polar,pol_53cdd6b2557f3705,2026-07-29T12:52:09Z,2026-07-29T12:55:09Z
c13d6fee-a00e-43b3-9c26-ac2481137d68,82a460d1-a1e7-4ff7-b21b-f99d409740f3,6752.52,PEN,succeeded,polar,pol_957fc24b3647416e,2026-07-24T10:09:03Z,2026-07-24T10:14:03Z
af8a4b0f-a28e-4fb1-9f43-9062c39902fa,84cd30ec-3168-45cc-af10-2e63964a228c,114.7,PEN,succeeded,polar,pol_3cef84947ce1e5cf,2026-09-02T17:58:10Z,2026-09-02T17:59:10Z
3da1f1ff-cd27-4f56-a513-12d191c3baf9,ec5da6a8-908e-4997-9ef9-d72d3f3e8dc2,2238.84,PEN,succeeded,polar,pol_d62878c52307c565,2026-09-15T17:05:37Z,2026-09-15T17:07:37Z
01dafe8b-b704-495f-9246-e1b94164d0de,52dc4754-5225-4b00-bd3e-b55b0c69f65f,4772.73,PEN,succeeded,polar,pol_eb9ec7c4d8624713,2026-08-23T12:40:56Z,2026-08-23T12:41:56Z
a9ac08bc-be08-420e-bf69-318ba6358006,f5eb4cf7-7580-4ffd-b3b0-f64ed2478aa4,1077.49,PEN,succeeded,polar,pol_5a0bf31a3550e72f,2026-09-25T10:48:17Z,2026-09-25T10:53:17Z
4ceba025-7822-4345-b319-277aeb06f62b,d6d16098-2390-48d0-9e17-70c8484c7873,716.15,PEN,succeeded,polar,pol_a42c01217ab3aba7,2026-07-31T10:04:10Z,2026-07-31T10:08:10Z
e7283463-ce08-4d10-906f-073ea7413d2c,5f32e7b3-54b4-4444-b0b4-7bf4533db9c7,2205.2,PEN,succeeded,polar,pol_19127228043a07b4,2026-09-18T10:12:52Z,2026-09-18T10:14:52Z
024f5c8d-b137-4aae-aebd-92cad47c291f,e7b48c13-9846-47a5-8041-dd4cd7c66dd0,850.45,PEN,succeeded,polar,pol_5ffcc5a85544c25a,2026-09-21T17:06:55Z,2026-09-21T17:08:55Z
1854dbdd-6f73-46e0-a646-8bbf0afdff1e,73c3049a-7369-4d40-9752-5a8d80fd75d0,1986.12,PEN,succeeded,polar,pol_08ffb68e60ca0fea,2026-09-29T11:46:36Z,2026-09-29T11:47:36Z
a6b38abe-1ffd-4a48-a91e-02b9575dcd0a,8414838c-f14d-4bcb-83f1-3ec2f7f91372,77.12,PEN,pending,polar,pol_f58669380a40af38,2026-09-14T17:26:45Z,
f745bc9a-4c6b-451e-b8cf-4ee3643fa6c5,9b1c33a2-f96c-40cc-bfdf-49b833b0fe4f,505.53,PEN,pending,polar,pol_249c8b28565827cf,2026-08-25T13:18:39Z,
759a555c-273c-417e-92e9-2dde8f126ee2,2bbfb390-c142-4474-9cb7-211f8cdf71a2,5946.47,PEN,succeeded,polar,pol_0a8e958aa8ca3554,2026-08-05T10:59:59Z,2026-08-05T10:59:59Z
920d8f17-82e8-49c1-92d2-49f35e8387e4,cf69dc93-8ba3-4f59-998b-e0378c90a7e0,803.66,PEN,succeeded,polar,pol_40c280472f860212,2026-08-28T14:52:24Z,2026-08-28T14:53:24Z
6b225664-2e53-43be-8df4-782174cc45ca,fe7403d2-58d5-41cb-961e-ddf3bc00292e,1660.16,PEN,succeeded,polar,pol_c2abc2f533beca0b,2026-09-07T16:27:39Z,2026-09-07T16:29:39Z
0ab611cc-846c-42b5-95eb-94ccd225f39a,45cd0de8-b468-42fa-b828-a0a70f1dabae,2068.62,PEN,succeeded,polar,pol_3d6d51703b39348f,2026-08-07T17:21:45Z,2026-08-07T17:24:45Z
5ec46406-75f3-47da-9334-391d01a752e4,66b73bc5-bcfd-4f6b-b41f-38c01dd22201,1823.03,PEN,succeeded,polar,pol_b0f81d9549c7d040,2026-08-19T13:44:59Z,2026-08-19T13:46:59Z
17cbc4b7-a5f3-4d6a-b021-7259ac33bed1,f2708ebf-8406-48db-b8fc-bc64462a2220,674.04,PEN,succeeded,polar,pol_9d13c793fc2462f2,2026-08-24T14:06:18Z,2026-08-24T14:11:18Z
b8028c16-869e-44e9-b7b6-90fc1e6eff34,5fa3363a-1254-4d45-a980-9ef8627e9a7a,884.62,PEN,succeeded,polar,pol_2ac1fe23083908b9,2026-08-05T15:32:51Z,2026-08-05T15:35:51Z
aac2b211-b90b-4cfe-9de4-46e7c9e94ee0,8763397a-277a-4680-8954-a3134245fe1f,873.28,PEN,succeeded,polar,pol_15f6695075217022,2026-09-26T15:31:55Z,2026-09-26T15:36:55Z
8f7a9387-7274-4273-bddb-63ef49bf7da0,d5e15348-78e2-4830-8843-50919a138082,86.44,PEN,succeeded,polar,pol_baba4a880559b2b3,2026-09-03T18:34:26Z,2026-09-03T18:39:26Z
d825488a-93b8-4781-845f-fdccdba5fa9d,45cb2df9-4982-4a78-9c89-326c91a557ac,141.54,PEN,succeeded,polar,pol_394d2b289463cce6,2026-09-21T12:22:43Z,2026-09-21T12:26:43Z
4df0beb3-6b7e-4f6a-8db2-189a6e93bcc1,72586962-625f-4b4f-a375-87cb2674b3b3,116.02,PEN,succeeded,polar,pol_8befa45874de6acf,2026-08-22T06:58:24Z,2026-08-22T06:59:24Z
bf9dc8ea-b0a1-46cd-921c-0366ee7bc2c4,86d2a1e2-f093-4756-b26a-bb8f841a3fdc,1208.26,PEN,succeeded,polar,pol_2d464c2aa4c1b1e1,2026-09-11T11:25:34Z,2026-09-11T11:26:34Z
e8a1018b-fd58-43cc-a07b-3847a11f8fcb,1afea0d8-6da5-44ed-b8d8-c59783dee021,8686.54,PEN,succeeded,polar,pol_353bb619b5e24833,2026-08-18T17:58:43Z,2026-08-18T17:59:43Z
e3f4969c-8488-4e23-9880-abb210f41cc9,5565bab3-09bd-4383-8861-6da5b7663600,178.39,PEN,succeeded,polar,pol_ccd98124a7f5a82d,2026-09-25T14:59:51Z,2026-09-25T14:59:51Z
5378dc22-9607-46b7-ad5b-75ba20525612,d6fa9bf7-dfcf-4330-a6a1-b021f12ab852,958.3,PEN,failed,polar,pol_da04d3ecba62d840,2026-09-18T17:50:31Z,
c714d512-0d5f-449a-b158-0102c06d484a,3be4d64e-74ed-44e1-9957-39f3615fe8c1,98.26,PEN,succeeded,polar,pol_8a5fa873e9f395b0,2026-09-04T12:12:16Z,2026-09-04T12:14:16Z
6abd4d01-d555-4268-b8e0-a4766af4c2b6,1c0d7549-477d-41a0-beb2-bba2f90e1c33,3891.49,PEN,succeeded,polar,pol_898a792ada80f248,2026-09-08T14:46:57Z,2026-09-08T14:49:57Z
a965a251-710b-4c71-abf3-f53417914a5a,752f349a-dfcd-4fa0-a887-b8eb25cf0fa6,80.46,PEN,succeeded,polar,pol_60e57f8ee5bd23d6,2026-07-24T18:32:48Z,2026-07-24T18:34:48Z
60b8b377-9bdb-4982-8237-9a6dff99446d,314c7696-cf3e-49f9-ad6a-272fb5795e44,1965.75,PEN,succeeded,polar,pol_776fc7ac53def22e,2026-07-30T16:09:24Z,2026-07-30T16:13:24Z
2fbad837-d4db-4bd0-ab4f-9f994717afab,70f6c264-e2d2-413f-a4f7-bf513e338b82,1298.27,PEN,succeeded,polar,pol_95daa42dbbd974f6,2026-09-17T13:55:11Z,2026-09-17T13:59:11Z
4c42c1a9-4513-4c11-9fe4-a28d6b7f8f79,112013df-ca82-4998-96b8-226d53210b2b,3309.75,PEN,pending,polar,pol_ba642c347a7e043c,2026-08-23T15:26:26Z,
ab5cda2a-71a7-4413-99da-fdee135fb9b2,a3d30c0a-59dc-4c84-b0c5-ff83097a52cb,11721.95,PEN,succeeded,polar,pol_69eae103bbfb0396,2026-07-26T07:04:52Z,2026-07-26T07:06:52Z
df9e68aa-8698-4f09-aa76-1b9efa8188d5,30fd70fa-0b45-4ab7-b045-76d0cfcb51b8,653.44,PEN,succeeded,polar,pol_b6dbb1cc53d4e39e,2026-08-01T10:07:25Z,2026-08-01T10:12:25Z
6bb7f3f3-4197-4da9-92b9-87ae6ef0fcef,e2d5ef8a-6e15-44f8-9586-de0eb4791b0d,1031.56,PEN,failed,polar,pol_db6bf05a0c273ed2,2026-09-08T12:52:53Z,
5c250683-0d12-4877-899d-f5b64ca29b19,752ecc4b-77f5-49ad-aecc-20e0f1c0669d,1399.49,PEN,succeeded,polar,pol_3da55f552295aec6,2026-09-18T12:24:45Z,2026-09-18T12:25:45Z
1fd4bf1f-cb7f-48ad-8b49-57e51882ac55,61a7f679-1199-4413-80ec-c186ac8de811,3496.83,PEN,succeeded,polar,pol_1e0af5db6763b823,2026-08-11T15:58:48Z,2026-08-11T15:59:48Z
58046b1a-76fc-49f1-8eec-4d6707007805,6be6dc28-fb35-4bb4-ab16-7a2522dd4b6b,2681.38,PEN,pending,polar,pol_0082176419b5d860,2026-07-23T09:34:01Z,
5b95dd17-b3f5-4c5b-adb4-3fd4c7249cd0,1407a595-ca3e-4629-9489-53756dc7f11b,519.34,PEN,succeeded,polar,pol_2876fd7a3fd50703,2026-09-03T09:19:41Z,2026-09-03T09:20:41Z
3b6211e0-7d32-4c1f-808a-22ccefc35624,4c3068b0-47f5-41db-8f3a-7fa01665a03d,2333.52,PEN,succeeded,polar,pol_2d49f0fe13abb804,2026-09-03T11:06:44Z,2026-09-03T11:07:44Z
b17a2dfe-c3e2-42e0-b188-390b242c53dd,b5351f49-b20e-46db-a031-6e218ff89c21,2459.23,PEN,succeeded,polar,pol_757f5e20e4f30170,2026-08-23T10:13:55Z,2026-08-23T10:17:55Z
a59d8e8d-a9b6-4f41-9d9e-6500fc2fe7be,3be355d7-3175-4885-ad98-129e0067ecd8,1364.84,PEN,succeeded,polar,pol_702a1c8e56a7d836,2026-08-31T16:55:28Z,2026-08-31T16:59:28Z
019c43c9-3df2-4a78-b2bf-d5e329f5b4c5,f47687fc-234b-43aa-b870-dfafd6a8c533,1300.24,PEN,succeeded,polar,pol_0308d7cf7768f47f,2026-07-30T09:32:18Z,2026-07-30T09:33:18Z
d9b21d0d-bc85-4e4b-8980-c86def1adcdc,8a504855-5daa-4b86-959f-943b94b220d6,3732.53,PEN,failed,polar,pol_9ee7f5e8b74328cd,2026-08-04T12:56:46Z,
18aea551-5024-47a7-b1ad-80a074df18c1,557243f6-1e84-4025-b238-2a209d8e7fbc,1868.37,PEN,failed,polar,pol_90fee2619519c286,2026-07-26T11:49:14Z,
79428c2f-7f77-4c3e-ae51-39446d10a776,df0537b0-fad1-40e4-9a00-c64f1dea4c57,6074.52,PEN,succeeded,polar,pol_08bf6bdd2172a907,2026-08-03T09:14:46Z,2026-08-03T09:15:46Z
6afdb43a-b192-480f-8788-ecb774fa20d2,cf826e1c-12de-49bf-ba40-e4ab02d3c493,1120.93,PEN,canceled,polar,pol_10173afe4581a7f5,2026-09-02T12:12:08Z,
aece29a5-e07d-4aa4-bac8-ea67280e1e68,da781bdd-9f09-4e2a-979d-344e06a78cfa,2260.6,PEN,succeeded,polar,pol_ea47e1c3341ddbde,2026-09-16T13:13:05Z,2026-09-16T13:15:05Z
1c209fa7-923c-4633-9d71-eb198b805c63,6c23cca5-54ed-4447-8251-5cfe129d0960,4378.44,PEN,succeeded,polar,pol_6fd0e200fc03a8be,2026-08-09T08:04:33Z,2026-08-09T08:07:33Z
872c3151-aed9-413c-90d5-7760f1889ede,2e646f88-cdcc-4094-b3b1-57c0060ce125,1997.9,PEN,succeeded,polar,pol_bd22d74e58c0cf37,2026-09-03T11:30:15Z,2026-09-03T11:33:15Z
cf9ee46f-b0c8-48e9-a3d5-941ca9c076cd,0386ea47-c68e-4b9f-a871-95f7c76300ef,1188.18,PEN,canceled,polar,pol_47a3a9c18f7135a0,2026-09-01T17:06:33Z,
b5066554-1f54-4104-b992-63c0715f8f3e,a76afcad-04a0-42f3-9783-024b7b3e54f2,650.12,PEN,succeeded,polar,pol_b1b90b9f44dfcc6e,2026-07-30T14:04:52Z,2026-07-30T14:06:52Z
79fc93b7-0501-453a-9da5-c8e7842493a2,ef17bc71-f0ed-42fa-90f0-fd1d71e783e9,1889.52,PEN,succeeded,polar,pol_5e3dff6b862120e8,2026-08-17T11:36:40Z,2026-08-17T11:38:40Z
cbd52093-a829-4341-aa30-356361df27cd,5d67981a-9b29-4e21-88a6-7c4f77222295,5153.08,PEN,succeeded,polar,pol_124f6ce95432dc9b,2026-09-08T16:04:52Z,2026-09-08T16:06:52Z
26b63c3a-d417-473e-9b07-fe0a4ceb953f,d34eacad-3b1d-4960-a488-e68aad99ed20,11276.95,PEN,succeeded,polar,pol_cfaabac4872fb686,2026-09-30T09:20:31Z,2026-09-30T09:21:31Z
b8695d13-2cb0-48bd-8478-d5c5af06f6cc,4b8b5ebd-638a-489b-bb2b-7fad598b50b7,3332.86,PEN,succeeded,polar,pol_5fb24f07e505345a,2026-09-25T11:06:46Z,2026-09-25T11:10:46Z
9a4059c6-0e5e-4a4e-a979-4db53f9e8465,bd0c97e3-8cc6-420e-abd1-6a985ab58ed3,1334.12,PEN,succeeded,polar,pol_bba5ebebe2334dd5,2026-09-19T10:02:41Z,2026-09-19T10:06:41Z
358284fa-3c13-415a-880b-1857abd21c11,522b5689-8e3c-4caf-8cbd-29c8a2d15a5b,1412.8,PEN,succeeded,polar,pol_b3e1f9240fd5563e,2026-09-02T16:58:39Z,2026-09-02T16:59:39Z
2715808a-72ab-496b-ba15-6e8fa77d7e13,a9320171-fec7-4b03-b831-55166a1b8004,4667.77,PEN,succeeded,polar,pol_a5bbeb25f6ce3f30,2026-09-16T14:53:46Z,2026-09-16T14:57:46Z
29fd3859-b287-499d-b7dc-2ebeb92ef0fa,8c969b6e-fbb8-4e05-9903-a73b95e89de4,1779.31,PEN,succeeded,polar,pol_438cb7d218330c91,2026-08-18T12:14:53Z,2026-08-18T12:17:53Z
10cee6ee-eb55-4748-b5bf-bea8facc9721,434625ef-ffc8-4090-a177-28962ac95942,3684.32,PEN,succeeded,polar,pol_8ede9c2c7a6775dd,2026-08-26T13:17:24Z,2026-08-26T13:19:24Z
d84d4f64-296e-477d-ab89-8e3a84017f52,4b0059c5-34ac-4100-9d33-d6681093d5a4,1996.84,PEN,succeeded,polar,pol_895d2e33c28038e1,2026-09-27T10:19:18Z,2026-09-27T10:22:18Z
5349fa25-e458-4897-8c44-3c3e8c976ffa,68fc77c4-06ab-4cba-9cd7-34300e357785,1808.42,PEN,succeeded,polar,pol_be69dbdee320dbfd,2026-08-15T07:38:34Z,2026-08-15T07:41:34Z
7a4b8eb4-a4c8-449c-b231-1d2cb0eab5ca,d9164094-f396-42b3-8740-555b8c73405d,3288.15,PEN,succeeded,polar,pol_af93870b35c7e5d6,2026-08-08T10:58:48Z,2026-08-08T10:59:48Z
d26f0eb1-5fb9-4e51-8b82-9468305a4c6e,d13a7974-2c68-489b-bcb8-3975da14d1ad,316.76,PEN,pending,polar,pol_0947937f837c340c,2026-08-06T17:15:25Z,
19342c52-17b2-47e4-a57e-3e07b94f79b4,9bee5fbc-4a94-4722-833a-c2de2e4bbcc0,1233.33,PEN,succeeded,polar,pol_4a2f80211044d45c,2026-08-14T12:03:55Z,2026-08-14T12:06:55Z
0a10db66-472d-4590-92b3-c6f25ce05d1d,0e2346d7-41b2-43bd-a8e2-3ce1273cd860,6611.15,PEN,succeeded,polar,pol_947a16b923c830d3,2026-07-21T11:49:15Z,2026-07-21T11:53:15Z
6f7b5c97-dee3-4a26-8788-e64f67b84764,128a7b62-63a2-4712-a397-5b86ac52642b,3761.74,PEN,failed,polar,pol_e37762d248fe8f71,2026-08-13T10:24:00Z,
b8d338a7-4089-4333-97fe-347a98976429,47b96104-4af6-4190-ad83-2a38765a9de0,1377.13,PEN,canceled,polar,pol_048792b154761372,2026-08-24T09:18:56Z,
276c5b21-6ffe-438e-9599-4b51ecddaecf,c5313dab-2e04-44a7-b840-8b07df29709c,2194.59,PEN,succeeded,polar,pol_9f2b9133d9c8bb29,2026-07-26T15:56:08Z,2026-07-26T15:59:08Z
e42bb432-d99f-477b-b63b-55db1c81ff99,f480cb09-b94a-4425-838c-3af382304eb5,2660.21,PEN,succeeded,polar,pol_4467b145f1253fbf,2026-09-28T15:39:08Z,2026-09-28T15:42:08Z
688fa2dc-1367-486a-a78c-23c11603df59,bc12c25e-eb19-4be0-a203-dd80d219b317,2087.13,PEN,succeeded,polar,pol_3a28eab855ad75bf,2026-08-25T13:55:25Z,2026-08-25T13:59:25Z
ce7df0d7-05e9-46ed-9f44-4cdedf7e59e4,69201caa-1ad3-4702-b145-3c5573115639,9225.17,PEN,canceled,polar,pol_3389d726663b7da5,2026-08-03T12:23:05Z,
0f389ffd-e4ab-4630-abe1-0ae10ed46382,784806fb-f6c6-4b18-b836-398f57ad09cd,6789.7,PEN,canceled,polar,pol_3e10009222babdd1,2026-08-18T11:34:00Z,
db59f9e9-b259-483b-80dd-80407e86abf0,c727d7a7-911e-4df3-9641-baf556befc4d,4434.84,PEN,succeeded,polar,pol_7d5985525ba0caa8,2026-08-20T13:55:04Z,2026-08-20T13:56:04Z
96b18339-b057-496c-8fe7-1383595b0081,f276c978-fdb6-407f-ad1e-973ee2f048e3,3898.26,PEN,failed,polar,pol_1fdc05bc3b61f6ca,2026-09-13T09:29:11Z,
4778bb91-8128-4ef0-bf94-12d595798902,f008cc1c-38a0-4d3f-82fa-4f058af6cd9f,382.68,PEN,succeeded,polar,pol_68bb05703237276d,2026-07-28T09:26:37Z,2026-07-28T09:31:37Z
900dee47-a12d-42a9-b0e7-c7ee873705f1,c7b3923d-b54c-47bc-ae0d-f8352641131b,2210.5,PEN,succeeded,polar,pol_88ae6e8b48247e78,2026-09-07T13:11:06Z,2026-09-07T13:14:06Z
c1fbe2f8-6ed4-4b74-8f12-1b66224043cc,6f2c04dc-9e7e-4fd7-b4b3-8204458321a7,972.35,PEN,succeeded,polar,pol_65f67e5ffaa00b32,2026-07-21T09:57:24Z,2026-07-21T09:59:24Z
45608863-5bcb-4b91-a8b5-88cf4c609516,0d01e404-03bc-4b90-85ee-ae1134394224,1236.04,PEN,failed,polar,pol_a85e3498d2a4b2fb,2026-08-03T11:23:52Z,
b305d29a-7f7e-40f4-92bf-f392ae626754,0a766862-22dd-4ae4-b1c2-efb902996fd3,6799.92,PEN,succeeded,polar,pol_4abe49a16a3942f9,2026-09-20T10:15:18Z,2026-09-20T10:17:18Z
e7f73dc2-15d2-4b85-89db-cb809ef4c84d,9a48b6b7-a1b6-4c57-83c1-abf5a24da36b,498.9,PEN,failed,polar,pol_d4f7d58aaa246e87,2026-09-13T15:18:04Z,
f8d95951-8aab-4827-b611-2ea4235d24bf,1a7fc402-d229-42d4-b83c-3ac414c7ecc0,3434.44,PEN,succeeded,polar,pol_43eae3ef593bf3dc,2026-08-01T15:09:50Z,2026-08-01T15:14:50Z
4d1a9ffd-411a-4323-abb3-678a5f5b99d4,de83726c-83a8-4efd-ad0c-36eb3004ab5c,6176.75,PEN,succeeded,polar,pol_6a341345c3cf24f4,2026-07-26T11:09:24Z,2026-07-26T11:14:24Z
111c7e8c-3b08-4b29-a862-b6bcae4e39b3,ccc7255b-093d-4b16-9058-1fef8e33b71f,2864.27,PEN,succeeded,polar,pol_e6eb307175dbc758,2026-07-22T13:46:16Z,2026-07-22T13:47:16Z
f8116e99-2b71-4bbe-b774-c86a98d080b7,c70621f9-9912-4f04-9a57-0d0cfd63b297,2921.86,PEN,succeeded,polar,pol_0127f32de1692e30,2026-08-26T18:11:34Z,2026-08-26T18:16:34Z
b6b3669b-518f-4965-99c3-f158a3ee51a2,22460f59-c92a-49d6-9e2e-f7c0bedd79d1,9659,PEN,pending,polar,pol_2d1f25adcc41a5c0,2026-08-12T16:30:54Z,
32e8f957-0184-4728-8df8-f6be1552f472,50a007fa-73df-412a-9002-3cc7af6bafee,336.02,PEN,succeeded,polar,pol_68d533baea329c9d,2026-09-30T09:45:23Z,2026-09-30T09:49:23Z
648b868e-cb16-4a93-bc37-619ab3c4757c,58fadd5a-52cd-4204-8f74-cabc9a5f352c,301.44,PEN,failed,polar,pol_1cd9fe8aa3a77852,2026-09-15T13:35:07Z,
6ab00f2b-139a-4502-9246-70c9b834e8b0,7d7aff9c-0920-4088-9994-e9e9fd0f2333,4974.98,PEN,succeeded,polar,pol_40fc36951a01e41d,2026-08-17T15:41:32Z,2026-08-17T15:46:32Z
dfe3f5db-dd1b-49e8-ae48-a0a382223dd7,c109a9b5-87f1-4bca-a3e7-eaa1527d3cd6,109.19,PEN,pending,polar,pol_d1cdc229ec0528ab,2026-08-19T11:08:09Z,
162172d0-7034-40b9-813e-105f9795a962,a800ed85-b939-4b0a-b5a2-fb5ef015040d,301.56,PEN,succeeded,polar,pol_8a7d472ece63b189,2026-09-14T10:07:41Z,2026-09-14T10:08:41Z
0a1d0836-9921-40aa-a0c3-4a829d1d06d0,ad093c6b-cceb-4896-91d6-3138a07c12a9,3561.47,PEN,failed,polar,pol_1c7219e033a2a243,2026-08-11T15:35:09Z,
05e2831f-a774-4eed-8828-13ed98c11d26,300fe1a2-c6dc-4033-807e-c016da6818a1,4137.13,PEN,succeeded,polar,pol_bbcf36c06b74f28d,2026-09-03T18:43:56Z,2026-09-03T18:44:56Z
f5915c1c-a236-47bd-b609-7eab7b52554d,00501da4-8def-475e-b77b-47247ee615e1,4238.72,PEN,succeeded,polar,pol_99dd0b913c5de3ac,2026-08-14T15:01:20Z,2026-08-14T15:06:20Z
484ee610-af4f-48e4-9cae-370265cc8ea7,4bb690f4-93c8-4273-b61d-cd489beb7c24,2333.82,PEN,succeeded,polar,pol_80302cd47941ced6,2026-08-18T12:47:24Z,2026-08-18T12:48:24Z
5fcba061-ed2b-475e-8a12-dd582cfa28f7,069b8d6d-f86e-4919-aa68-44930b59cc1a,109.98,PEN,canceled,polar,pol_f2c8e70a749c6b54,2026-07-29T15:49:29Z,
071c7833-f6d5-4505-9b6a-cb12cd2a0bf8,e00962a5-0f6c-43ed-b286-3ebeea59b3e6,1064.85,PEN,succeeded,polar,pol_3041ddc239656e68,2026-09-13T12:57:13Z,2026-09-13T12:59:13Z
2735f058-32ac-46e4-9578-f8982c70b594,4d34351b-9f18-44eb-841c-6d20726a046a,480.72,PEN,pending,polar,pol_eb9f5b793bd955d9,2026-07-27T18:35:46Z,
1912a374-4749-4ee7-86c9-94bff4e9c42c,770d99bb-e8df-45ba-9bbf-34b2b0c766d6,2618.06,PEN,canceled,polar,pol_6ed6a6ca9899576e,2026-08-10T14:38:16Z,
a23cfe6e-543b-4ed7-a628-45c7508ccb1f,39868468-bb82-4171-aa87-5538ce6eb8d8,3062.45,PEN,succeeded,polar,pol_7ce2887cf5659f9b,2026-07-27T14:21:58Z,2026-07-27T14:25:58Z
048a7e97-ea83-4d1a-82f8-b56eb45f47c0,070bb4f4-ae9e-4874-a829-d088293e0bbf,260.63,PEN,succeeded,polar,pol_37c3061b197c7fa0,2026-08-01T12:43:31Z,2026-08-01T12:48:31Z
de8fae37-459c-4913-8ccc-83206be94519,06d8081d-3d91-4fa1-82c6-322bd5a87337,7119.43,PEN,pending,polar,pol_d976c36a30433dd1,2026-09-10T14:14:05Z,
21ef3fec-716a-4654-b309-7c8b0b21d25c,d961b972-87bb-4d37-b8d1-1d003de1eaed,550.96,PEN,succeeded,polar,pol_3c9745d1e8e4a844,2026-07-25T07:21:40Z,2026-07-25T07:24:40Z
601b5c9e-59c6-4a5e-bfec-1f6c10e59283,db639a20-be5e-43e5-a7a8-d246cc479972,8443.37,PEN,succeeded,polar,pol_d8f428a0a08f7e8b,2026-09-01T18:55:27Z,2026-09-01T18:56:27Z
37d3cb5f-99f8-4d6a-8002-e548b83dcb38,14fcbb3c-4ba6-4cce-a7b7-9f0e3c22db6a,5157.68,PEN,succeeded,polar,pol_8cb22898d2890122,2026-07-25T07:28:18Z,2026-07-25T07:29:18Z
bd4460f8-4246-4d76-ad31-47ba9115050a,b5132a74-cb19-42ce-84f5-3f02ffc5ae92,203.42,PEN,succeeded,polar,pol_e0b915fdf4fe6574,2026-07-21T12:45:08Z,2026-07-21T12:48:08Z
3a7e74d8-0144-4e9e-b942-304999db9420,8cad4621-0340-411d-855d-f9ad8b68c71a,4858.69,PEN,pending,polar,pol_96514f6e2800954e,2026-08-07T10:31:48Z,
e3174700-15d6-4917-b3ba-3df8f59d6bf5,76e059e5-5919-46dc-a1a2-de84dc5363bb,3833.08,PEN,pending,polar,pol_154e4e58d168b8df,2026-08-30T12:29:46Z,
f63c9a32-3181-4e5f-bcda-75e99fb8f6a1,0de108f7-41e1-472d-b9ee-c69a9952e7fb,960.49,PEN,succeeded,polar,pol_86bf84f14c5e7387,2026-08-01T14:06:40Z,2026-08-01T14:11:40Z
f17ba531-e4e9-43d6-a642-43a46ae18d46,870ac236-4ef5-4ec7-afcd-2e9ea50957b7,1050.2,PEN,succeeded,polar,pol_b3166777d428ed53,2026-09-07T15:54:59Z,2026-09-07T15:59:59Z
85ea6692-f874-414c-ad1d-eac7a4fe6c0c,5d1bee2c-c63d-44f5-b08d-a4d7a0546279,1278.41,PEN,succeeded,polar,pol_1351ff85944fc0dc,2026-09-21T18:49:07Z,2026-09-21T18:54:07Z
c1e49170-1d5e-4904-91de-a67aa0605f6e,58e88308-aec7-4e87-a827-ef8b997e51e4,354.48,PEN,succeeded,polar,pol_641612685e56826d,2026-09-12T14:26:43Z,2026-09-12T14:31:43Z
63704bfb-1f5c-4809-bfb3-ac2c14451c94,255665c7-4f7d-44da-9890-70b6a3b66d62,955.76,PEN,succeeded,polar,pol_b5670d1ce4991ca3,2026-08-19T09:29:43Z,2026-08-19T09:32:43Z
25f7b077-fafe-41b3-a3e1-41d2cbbb1889,cbb5c430-c0f8-47e9-bf1e-0a749c06ef6e,1364.31,PEN,succeeded,polar,pol_17ce064b4db6d518,2026-07-26T14:00:34Z,2026-07-26T14:02:34Z
daed472d-92de-4ca9-a46d-7583ef23e474,7166254b-5d94-49be-af4d-c53840351ecf,2836.42,PEN,succeeded,polar,pol_8bfb2ea9bd7fcc40,2026-08-01T12:42:54Z,2026-08-01T12:47:54Z
d55a4244-b7a9-4982-a4f2-79d1ee75699d,837f8d58-40c2-402c-8770-a9eab4118c9f,1892.89,PEN,succeeded,polar,pol_54e6a39452696cba,2026-07-24T18:07:28Z,2026-07-24T18:11:28Z
3b089326-27a6-4454-b12e-c5439fbbee93,6b19e61f-f1a1-4837-8777-7e2992748971,3322.63,PEN,succeeded,polar,pol_f034a1069b2e1807,2026-09-19T07:46:26Z,2026-09-19T07:47:26Z
2b9e68df-6a26-4b0a-bb3c-719d57853454,29876bff-da53-4aae-b33f-085ae220815a,4234.98,PEN,pending,polar,pol_9e083c3df9dd6cbd,2026-08-29T10:27:50Z,
a6d6eeb3-af44-4cf2-a72e-8db0f8e6ad8c,594793b6-cfac-4069-9da2-a402d20637fe,4274.45,PEN,succeeded,polar,pol_bbacc6d62c7dc793,2026-08-29T06:11:31Z,2026-08-29T06:14:31Z
fb3fcbec-9805-45c3-b692-915b98d67252,3401cadb-6bd5-460f-a8df-62cb1ac8478a,6148.6,PEN,succeeded,polar,pol_0b258e300681c17d,2026-09-28T12:03:27Z,2026-09-28T12:07:27Z
5a0e7b22-644f-4f60-bf55-b69a69b41837,f59292c5-44c2-4e29-b0e0-fd0206c38e04,1823.61,PEN,succeeded,polar,pol_1d4c53f3426357ce,2026-08-02T14:09:24Z,2026-08-02T14:11:24Z
5d53bf25-482d-4e7c-b622-d715de0c84e5,0017ebf5-8bed-4717-84ac-a1f158d8c8bb,1922.54,PEN,succeeded,polar,pol_0e999f4a05a49d5e,2026-08-31T12:09:23Z,2026-08-31T12:13:23Z
8c20770f-47a7-4239-8c28-2cd8461ff5aa,f3e42b35-af96-4671-9c06-5922d55bcb5d,2162.66,PEN,succeeded,polar,pol_8146ebd41e36a2eb,2026-08-10T12:59:42Z,2026-08-10T12:59:42Z
b4ea47ec-1e1c-4638-ba6b-76cca6d4c8aa,bd292eb5-c096-4241-bd41-cd4e25c9568d,100.43,PEN,succeeded,polar,pol_8e7ba17a9b65ada1,2026-09-24T10:53:16Z,2026-09-24T10:56:16Z
4ad7325a-b478-4cc0-8fa0-31769ed818ab,ac10c982-5a78-462b-a4bf-7466d52663ed,2185.27,PEN,succeeded,polar,pol_e40339ae60eca15d,2026-09-24T09:42:04Z,2026-09-24T09:43:04Z
9a6fb772-25de-4f83-9000-d0000d040645,0958e437-0e04-4363-a626-b76ce3394988,732.03,PEN,succeeded,polar,pol_e7e04068101faed5,2026-09-14T16:27:48Z,2026-09-14T16:30:48Z
8c23e9de-f59d-40ce-8f6a-3ebcb63fad2b,1af15aaf-665c-40f1-880d-58619f5e8e09,1264.86,PEN,succeeded,polar,pol_089ab7b641c6ac25,2026-09-17T15:19:39Z,2026-09-17T15:22:39Z
6238a274-5d72-412e-93b9-4fa72b7eb3ab,76bd7282-078e-41d3-98e2-37bb2e63f467,967.09,PEN,succeeded,polar,pol_14b0a73c4e10a607,2026-07-20T17:38:27Z,2026-07-20T17:41:27Z
a684590b-7b72-401c-b804-f1515b999b25,b399a043-0e42-42fc-8e8d-4889196093d3,3541.68,PEN,succeeded,polar,pol_3d81488f591470c2,2026-08-08T11:31:21Z,2026-08-08T11:33:21Z
fc84613a-aced-42c7-b48f-16b712c5efdd,7b0b5076-ee77-4bfa-ade4-cd0ff714b4d7,449.66,PEN,succeeded,polar,pol_b0fe92f4dd2a8694,2026-09-29T11:36:58Z,2026-09-29T11:39:58Z
f71c9dea-dd39-4999-84fe-9a048e522b5e,13a22aa6-16e7-4280-aaa7-fc30539cd30d,3398.49,PEN,succeeded,polar,pol_6c20ddfe4d738f37,2026-08-26T11:28:31Z,2026-08-26T11:31:31Z
533d9658-23c5-49c9-8ad4-f436307ed0a3,5da15757-663a-4ec6-9d59-81321c0a500f,705.6,PEN,succeeded,polar,pol_ff5a8776ad66d1cd,2026-07-28T13:13:25Z,2026-07-28T13:15:25Z
d95c6633-7dd6-4a34-abf9-975d99aa7b97,a42a17ee-7772-4f75-a477-179be89e65db,77.12,PEN,succeeded,polar,pol_4955d7d31d5d80d1,2026-09-08T15:58:49Z,2026-09-08T15:59:49Z
128e1eff-2a44-4e10-b9a2-4aa1f6335c9d,c904e830-4094-4c99-b5d3-efde3f421f94,4738.18,PEN,succeeded,polar,pol_f02742733329cfef,2026-09-07T17:14:40Z,2026-09-07T17:19:40Z
f7a219b9-e7b6-43e8-ac6b-1f031cb08bdf,0cfeaa1f-a044-45ea-ba04-9a35a7a02f12,1221.12,PEN,canceled,polar,pol_c852e0bbf999e0ce,2026-07-19T12:46:25Z,
970f4a24-cf1f-4845-964f-1b0300455f29,d4e976f7-5cad-4e2f-832b-aafcebd89023,1862.86,PEN,succeeded,polar,pol_29027d950bd79d2e,2026-09-12T06:23:53Z,2026-09-12T06:27:53Z
d8e09b27-e8aa-4aae-bb54-6a8cfb1e6367,f760f78a-43e8-4ce7-bdb7-6c59ef3563a6,4360.29,PEN,succeeded,polar,pol_9e1d14ec03b478a6,2026-08-25T11:17:16Z,2026-08-25T11:20:16Z
a6a570d4-c825-4b8e-ac64-957ca0165bd8,17ecd1cd-2920-4418-9b69-ae165f075469,1726.16,PEN,succeeded,polar,pol_3e972dbbf4fb34f5,2026-09-13T10:05:57Z,2026-09-13T10:06:57Z
37ac1614-07df-4e8b-ada0-8cdcf67df8ea,07197bf8-a14c-4c61-8d25-14ad09895238,2335.98,PEN,succeeded,polar,pol_eb982733b80aa221,2026-09-26T12:29:05Z,2026-09-26T12:32:05Z
9511be7d-c72a-4fc0-9ac7-a961c67dc484,1c29c9f2-fa24-4ce4-8cef-5e8058877eb2,3104.49,PEN,succeeded,polar,pol_687a7308378cfc93,2026-07-25T07:54:58Z,2026-07-25T07:56:58Z
0b82da2f-f231-4c54-bbb5-6206eb902111,f337ab06-d424-4042-b7c5-8f10e947a439,674.04,PEN,succeeded,polar,pol_27a1d158a13ee65b,2026-08-05T15:30:09Z,2026-08-05T15:33:09Z
437580a1-a97e-41a0-90fb-6db521df2f49,01a64c36-3558-4414-9a51-9155ce415760,255.12,PEN,succeeded,polar,pol_3ca3115440651a5b,2026-09-27T08:03:06Z,2026-09-27T08:07:06Z
460a113a-460a-4e90-8beb-53e143c753fe,7e8ebd0f-cd35-4050-8b05-8f5d7c89f1a3,4040.48,PEN,succeeded,polar,pol_3f05ad885bb752a1,2026-09-04T18:01:25Z,2026-09-04T18:06:25Z
3a1ed0a5-d9bd-4c9d-be12-1e37096c27d0,c9ba29aa-09c4-44e3-9abc-7ebf20b699db,5436.23,PEN,succeeded,polar,pol_138e1ce8e1c9fa9d,2026-08-03T09:17:29Z,2026-08-03T09:21:29Z
e2f04a0d-a040-4a59-834a-e1a536ccef04,0b594829-f00b-46c5-91ee-54970b44a29e,1313.26,PEN,succeeded,polar,pol_1cbe30784e6fad11,2026-09-08T15:03:18Z,2026-09-08T15:07:18Z
81fa87c4-7de9-44eb-bcd8-c2fdc139cdfa,157ac6d9-20f9-4ffa-928c-ba66f5a51384,10210.99,PEN,succeeded,polar,pol_b5193a9bd5603495,2026-09-16T13:22:47Z,2026-09-16T13:25:47Z
6d28bfdf-5b2f-470d-ba01-a648e0b90cf4,83c29d52-7059-4b42-9bf1-78c58d48a8d8,501.89,PEN,succeeded,polar,pol_cabdda7b298cb331,2026-07-24T18:46:15Z,2026-07-24T18:47:15Z
9d0f0ce4-1ed7-4450-a219-40d925cd1120,81fe269a-4430-45ea-a2d5-8399393ab895,8909.85,PEN,succeeded,polar,pol_a94323fa39f96c51,2026-07-29T09:41:26Z,2026-07-29T09:43:26Z
9c8c22dc-568c-4ec1-8c1f-d4e631e2a7f1,ea058f2b-20fa-4a50-b2c4-46f810f3ad36,3993.44,PEN,succeeded,polar,pol_31b733f2f06be9d1,2026-07-31T09:58:59Z,2026-07-31T09:59:59Z
60a3704f-a450-4ce1-b24c-1910d00d7a08,3ea36934-70af-4e8c-81b8-65a2946d2d1e,124.12,PEN,canceled,polar,pol_04d1556d028285c3,2026-08-24T10:22:50Z,
5f31c2f0-20b9-4c5d-bdff-4159362ecd6a,0333acef-35a1-4130-aefc-ffe60ce79c82,1584.09,PEN,succeeded,polar,pol_2b8ea7fcb4503338,2026-07-25T09:14:48Z,2026-07-25T09:17:48Z
4ffdf47d-5869-429a-b027-9a795abe75f8,039e2e71-8e11-42c2-ae28-ac9c70da72e2,3025.45,PEN,canceled,polar,pol_5663882aa752fe5d,2026-09-23T11:21:24Z,
c659f944-8ca2-4c1e-bb43-68bf3b2ccca0,b227d905-a529-4dcc-bfe3-28554b44adb3,1524.15,PEN,succeeded,polar,pol_125cccedce02f6a7,2026-07-20T15:44:14Z,2026-07-20T15:49:14Z
0be7f8a7-7865-42bf-b764-6341da17b962,0211696d-3de2-4b4b-8c88-f32a800ef24f,633.71,PEN,succeeded,polar,pol_75d372bd2ef6171e,2026-09-13T09:04:05Z,2026-09-13T09:07:05Z
91134ed1-6e8c-4099-b6d5-5dd30ab82f40,8dc7d33b-8d03-464e-8b08-85dd6382aa4e,6558.92,PEN,succeeded,polar,pol_9e0141e6c37e93d6,2026-08-11T12:06:03Z,2026-08-11T12:08:03Z
e1b1f088-7dc8-48db-9daf-eb1bb87ab7f8,b6283c88-642f-4ebd-95b1-a5397d0eb6d2,10574.56,PEN,failed,polar,pol_cc7b98f03803a5d8,2026-08-02T10:26:03Z,
18212139-bc8c-4462-8d78-72d352ed8089,84fb0cf6-23e1-4a18-a600-1d643df3eb20,1214.74,PEN,succeeded,polar,pol_051b12983f61db1a,2026-09-17T09:08:12Z,2026-09-17T09:12:12Z
f251648a-0e40-4e21-aa00-e319e10448eb,7c0b4bed-f270-42bd-a90b-351beccb32af,1389.94,PEN,succeeded,polar,pol_70f4288346a3689a,2026-09-27T15:53:32Z,2026-09-27T15:56:32Z
f0ed076e-014c-4aac-8e9c-755f9795b054,980e2ef3-858b-4ce9-a644-5f4e066e01cc,1236.94,PEN,succeeded,polar,pol_4359af13c3eb382e,2026-08-10T16:39:25Z,2026-08-10T16:44:25Z
5a2586ce-f3f5-40cc-99e8-7e1465bc9d3d,f1ad2d45-2433-4402-82ad-921a83d1191e,3699.59,PEN,failed,polar,pol_60405b696005d0b3,2026-07-18T12:51:25Z,
18ccf690-26f5-4cc0-9d87-84842e56b64d,c17f5076-8b2c-438b-b8f8-e5d401bcc491,4456.95,PEN,succeeded,polar,pol_3e45e459efd26669,2026-07-30T13:35:22Z,2026-07-30T13:38:22Z
b451d383-3466-4764-8f26-608408495084,efeda70b-e773-4af0-9138-9e7d3416745b,1949.7,PEN,succeeded,polar,pol_3ad117035e9c230d,2026-08-03T12:25:22Z,2026-08-03T12:27:22Z
c5396e51-7d4e-48e4-90e2-396782697c6e,1a4d10ab-30f7-4ccf-bc2c-41fdef62b157,827.44,PEN,succeeded,polar,pol_b3eb0a1134c2eb51,2026-09-13T11:28:36Z,2026-09-13T11:32:36Z
f7c9044f-fa5a-45c5-9c12-1c3dace3e1e2,73178e69-d9bf-4236-84ef-8c592e84c5a7,1193.15,PEN,failed,polar,pol_88cb1a49e7278bb1,2026-08-11T14:34:53Z,
f6f974b0-4258-40e3-b4db-55f0d5cc63c2,cf2e333a-849f-43e5-a5c4-e57903b375fd,8010,PEN,succeeded,polar,pol_54199ea83b46b33e,2026-09-18T15:44:16Z,2026-09-18T15:45:16Z
f8e11def-d5b4-471f-a621-e4c49fb3c95e,680b75f5-c58a-4775-92f0-a541a1c5c62d,8609.74,PEN,succeeded,polar,pol_58de1af701e9c470,2026-08-10T09:52:11Z,2026-08-10T09:53:11Z
93db5484-689c-4399-a688-b025bb9bfc55,784fd1ba-8d77-4ba6-b7b5-d5836c510776,992.64,PEN,succeeded,polar,pol_ba37ae3e68b51586,2026-08-29T09:57:30Z,2026-08-29T09:59:30Z
a3253bd1-66a3-49a3-804e-f26959506a95,2a16b826-65ff-4349-8f4f-d31f2d39ed6a,269.52,PEN,pending,polar,pol_1ad195229b657be7,2026-08-21T14:59:41Z,
1904e579-06d4-4d40-87be-02e6ebb631d2,b96ecfb6-b057-4a0d-98f1-555a966ee830,2664.84,PEN,succeeded,polar,pol_a53533dd415743de,2026-08-11T11:28:55Z,2026-08-11T11:30:55Z
48dac106-4fb5-48c4-993c-34bc695f3c10,cc83a4a5-f44e-45df-a6fc-fa73b195bc9e,10882.02,PEN,succeeded,polar,pol_806b7208f5d35f4e,2026-08-06T10:08:20Z,2026-08-06T10:13:20Z
75dfccac-5ba2-4392-9539-41b47e9a5b50,0a1f6507-c5ff-4ded-a96c-def4266df68e,330.92,PEN,succeeded,polar,pol_16aedb8ff291813b,2026-08-12T17:14:10Z,2026-08-12T17:15:10Z
6feb5711-afe5-4c61-898c-c45ae5cb2403,cbe184cc-9e28-480b-a0b1-5ec5a92fc11b,612.74,PEN,succeeded,polar,pol_c3a55792bd44bf0f,2026-08-05T18:32:41Z,2026-08-05T18:37:41Z
ae8e22d3-73d3-45e0-8f14-8237242260ef,9584fa23-9058-4113-ad8b-4694afb1c429,8761.99,PEN,succeeded,polar,pol_6e52d72b6fa35c45,2026-07-24T10:48:11Z,2026-07-24T10:49:11Z
65f289f8-a302-4deb-86d4-e9ae5322a8c7,5ace9378-9b37-4d41-9795-b5e273ad2fe8,2528.43,PEN,succeeded,polar,pol_e841891950076574,2026-08-07T09:50:47Z,2026-08-07T09:55:47Z
42d774f6-7f32-4b11-bb78-094f95812248,c53f26c4-7074-461b-b217-3fe9b5761c5b,2976.18,PEN,succeeded,polar,pol_c6f96fb493ad2910,2026-09-28T17:24:32Z,2026-09-28T17:28:32Z
8db8a87e-3bbc-46cc-8569-46c7a8bfcfe8,066681f3-3d9b-4dfe-bb3f-b09424e37238,1520.91,PEN,succeeded,polar,pol_65d39d3813a443b9,2026-08-27T14:30:17Z,2026-08-27T14:33:17Z
7a6073a6-a51f-4dee-9e0a-9dd043612b43,c98e9ca2-e428-4c4a-9533-2aa14f2a0a65,3748.25,PEN,succeeded,polar,pol_396a6dafa7ea9ca8,2026-08-25T09:51:09Z,2026-08-25T09:52:09Z
2881f655-5f23-47b0-bb13-17ba359e6a1f,e8147e80-8ca9-43e7-94f0-f933afe5629e,8682.96,PEN,succeeded,polar,pol_7eda87a2c5420960,2026-08-08T12:56:16Z,2026-08-08T12:59:16Z
8bfae05e-402e-4b3d-bae9-1048e5f89bae,a8181c5a-0dc7-4ef2-b03d-5f6993e24e48,10299.51,PEN,succeeded,polar,pol_62e760db3547ea8f,2026-07-23T14:24:22Z,2026-07-23T14:29:22Z
26cd6e77-d8cd-47c0-ba20-54f832ce15a4,39989c0c-9dad-4129-9e61-0117938393ca,261.58,PEN,succeeded,polar,pol_04a5d063bda669f3,2026-08-09T15:43:57Z,2026-08-09T15:45:57Z
1c581945-ff35-4678-b9a6-cd6d6554688d,a50aae86-790e-4d5b-bed6-a1b236e72c7d,142.21,PEN,succeeded,polar,pol_08696a158072754f,2026-09-15T12:45:58Z,2026-09-15T12:50:58Z
72acf647-e43a-45d7-b0e1-b7d85a08e4fb,130a98cf-977f-425e-a61b-5460a0fc268b,565.72,PEN,succeeded,polar,pol_77e397ec2055f883,2026-08-15T13:48:16Z,2026-08-15T13:49:16Z
5fc6b76b-761e-4c59-b834-0bf1e04a69e1,b7eb6d9c-2329-4b55-8fdb-946ec2587230,4582.4,PEN,succeeded,polar,pol_8a8f84a6fc29015d,2026-07-27T16:59:03Z,2026-07-27T16:59:03Z
309e1fad-e3f2-48a0-8329-ebbcef723bd8,74caab1d-2520-4ef0-a315-11ebe553eb80,2159.31,PEN,failed,polar,pol_55b63bc1c12d5f82,2026-08-01T07:11:52Z,
742b32bf-779e-497f-a3d1-bede9c2e0570,afe5189d-961f-4e51-a31b-d6efcbc08d5b,5052.55,PEN,succeeded,polar,pol_b60750a57eef66aa,2026-07-22T14:44:16Z,2026-07-22T14:46:16Z
a0190346-6a03-4b58-9ac6-a88e520f89f2,8193560f-21c3-4fc2-8c7f-46c8798616da,7004.29,PEN,succeeded,polar,pol_ada06a3f235df667,2026-09-29T13:04:16Z,2026-09-29T13:06:16Z
f8f50a6e-0eb4-49ee-9d06-291fb4cfb600,b1f69f47-2be9-452a-ad28-67ddcf3d475e,184.89,PEN,succeeded,polar,pol_d984542fb033830c,2026-08-17T12:54:42Z,2026-08-17T12:59:42Z
039c2d57-cec4-4a03-ad8f-b0e0b29aa332,148ff461-e714-4883-a7d3-7def48d36fb4,310.56,PEN,succeeded,polar,pol_5dd94d213a74489b,2026-09-30T12:52:38Z,2026-09-30T12:56:38Z
bd47dbad-7ce3-4437-9735-b49e6bb1e408,4edc3e56-554e-4f9e-9579-8edf8ef1f952,1532.85,PEN,succeeded,polar,pol_557f96129573fb6d,2026-09-26T06:44:28Z,2026-09-26T06:47:28Z
17fdfc33-2d9a-4d46-9d4f-be7d894c0431,c1d12fae-d733-45e9-a447-493fce6d0185,1374.54,PEN,failed,polar,pol_2e29c3e99509f49d,2026-08-14T11:52:52Z,
66ba977d-20fe-4d45-a50a-4d289591addc,71e050c0-bebf-426f-b29f-9d01cc7a27d0,442.23,PEN,succeeded,polar,pol_f27cda7cf8b406da,2026-09-28T16:14:12Z,2026-09-28T16:18:12Z
873bb2ff-c09c-4e10-86cb-25359221f514,67392c92-ff01-4e4a-af73-5e077c0683f3,2479.01,PEN,succeeded,polar,pol_d14fe6c782415583,2026-07-21T11:11:09Z,2026-07-21T11:16:09Z
11fea493-2d9a-47b8-bb58-216993fa61a1,b7d1dbab-9828-4d3b-b5e0-7ea84a3d01d7,1782.84,PEN,succeeded,polar,pol_0ddb2d8b3d5490ac,2026-09-30T16:43:35Z,2026-09-30T16:46:35Z
2465ba98-76a1-4aa4-8e72-358fba54d8d4,16018f0c-3352-4881-8eff-34b99c3a70ae,6974.21,PEN,succeeded,polar,pol_8296fdb5208cda81,2026-08-25T11:28:59Z,2026-08-25T11:32:59Z
5abb8cb1-74e9-4181-953c-e45f27c560d7,59bd3e9e-b09c-46c7-a1ed-cd2090f342c4,1063.69,PEN,succeeded,polar,pol_beedb763172ec12d,2026-09-26T11:29:55Z,2026-09-26T11:34:55Z
6533d059-3952-446a-a5ff-480eb9eef11c,f3d428cc-7beb-4ece-b4fd-a935084bce12,3271.78,PEN,succeeded,polar,pol_329d8c8f544a56c6,2026-07-27T15:22:43Z,2026-07-27T15:27:43Z
0a882036-ebd8-435a-b7a0-766db3e50d76,1a344438-7a80-4d22-a87b-e3fb79e290fa,9893.6,PEN,succeeded,polar,pol_7b0e975efda2120c,2026-09-06T14:37:02Z,2026-09-06T14:41:02Z
bdfaa620-153f-4703-b2a9-40123cbbfaad,23bcbefb-5ea1-4b40-aa71-e59292529296,7610.16,PEN,succeeded,polar,pol_ca98f8e394144ad2,2026-08-05T16:14:54Z,2026-08-05T16:19:54Z
08a4bab1-5759-4d64-9a48-320771c657bf,24505954-9277-42d3-a7c4-620916587f00,3703.5,PEN,pending,polar,pol_6c8b43f130b63114,2026-09-01T16:39:08Z,
f660804e-c42c-4a5e-8689-6daad47f5aa7,f3cde807-11a8-4679-8e1c-a851262f35d6,2979.76,PEN,failed,polar,pol_88b2635cf844089b,2026-09-13T08:01:50Z,
f618e56b-1883-4515-9ad1-3db6ed9e54be,31165ab9-b867-4143-a52e-0b824910598c,275.7,PEN,succeeded,polar,pol_7917326eef389b4e,2026-08-27T13:48:53Z,2026-08-27T13:51:53Z
d1d2271d-54c5-410b-8492-64eef1a84a8c,c186d67d-86d1-4030-b1bd-2159c5e00d23,4827.49,PEN,succeeded,polar,pol_7a9e589a7b29ab53,2026-08-11T15:19:03Z,2026-08-11T15:22:03Z
c2fd4a70-9e4b-4c23-9845-7e4267cc2837,a9c2093e-11fb-4d1a-bd6c-c7ebc6fad49f,1979.15,PEN,pending,polar,pol_00c0c611b3e515c4,2026-08-24T13:44:37Z,
49eb45ba-e5be-441d-b049-54e7a8526fc1,348fd702-c235-4e28-bd41-5ee05946f5a5,672.55,PEN,succeeded,polar,pol_fe030fe580f8cbbd,2026-08-13T14:04:19Z,2026-08-13T14:09:19Z
fa8a32af-2562-4f23-a3a0-faa6b9ade714,4c53a650-8cfb-4528-9952-395f022dd882,1822.11,PEN,succeeded,polar,pol_c6827c4fc1f7039a,2026-09-04T12:24:02Z,2026-09-04T12:28:02Z
f553a503-3daa-4752-a7dd-6f5512a301c9,97a2a079-6cb1-45b7-93eb-7441c12c0b53,67.11,PEN,succeeded,polar,pol_178ca585b76ae98a,2026-09-22T14:47:41Z,2026-09-22T14:52:41Z
42b9bbd9-28a7-49d3-8d3a-cb173c50e4ce,b231c362-121e-48cb-b436-7aa9d0e55de3,892.71,PEN,pending,polar,pol_696b6eb8efa3fd46,2026-09-28T14:12:46Z,
a8f3da1b-fe05-48a9-895b-6df468b8cef4,43c7dc7d-efa9-48fb-a115-5aff09d2e878,2627.53,PEN,succeeded,polar,pol_8956f3b011fedacd,2026-08-13T10:56:42Z,2026-08-13T10:58:42Z
d2320287-83cf-4354-aebd-50add7560543,40ca4da4-c454-4f98-9d6f-d56cd94f867c,2867.25,PEN,succeeded,polar,pol_74cefcdbb1ecd72b,2026-08-11T18:23:30Z,2026-08-11T18:28:30Z
85447325-a297-481e-95a8-34aff3ba5422,6821d086-303a-492a-9cd0-888f54bbbf12,8905.59,PEN,succeeded,polar,pol_83244016e6650855,2026-08-29T12:36:09Z,2026-08-29T12:39:09Z
d98a7899-b23f-4185-b5d9-d6719d5dde41,81f4285f-7766-47ef-9276-f52f04fb5f6e,3362.69,PEN,succeeded,polar,pol_0f8fdbe49ef3b5cd,2026-07-23T10:34:18Z,2026-07-23T10:38:18Z
45a11b19-2bf1-43b3-a9c8-329df288b7a5,a8622577-066c-425f-8c09-bd399053ff1d,2575.99,PEN,succeeded,polar,pol_464d50629b16ea33,2026-09-18T09:16:02Z,2026-09-18T09:20:02Z
c96676ba-d283-487d-b74f-ecb159216ba4,4f7dcce0-ea85-428a-a5a9-ead250144518,138.46,PEN,succeeded,polar,pol_6042d1768b94180f,2026-08-31T17:11:21Z,2026-08-31T17:16:21Z
fb36e239-4e47-487c-a8c1-a6f1b7a9ff9f,fa47572b-c46f-454f-8eb0-99e48e4a6f90,2319.02,PEN,succeeded,polar,pol_b707cf50828c60d1,2026-07-27T10:05:40Z,2026-07-27T10:07:40Z
a955de1a-2ad5-4296-bc93-3b16b28d0254,50af52ee-8b98-448d-a816-c46ef646c950,1654.5,PEN,succeeded,polar,pol_44188d5d64e4c29b,2026-08-05T09:15:35Z,2026-08-05T09:18:35Z
8eeff6d5-363d-4e15-b84e-982a07721a4c,ad6fc2a5-e9e9-4bee-b335-beedf70117ec,327.57,PEN,pending,polar,pol_0a42858f509501f6,2026-07-22T16:13:06Z,
e8cedf4f-4c96-44fb-a0b2-057ae65b1aed,3ec598af-b724-4155-b4f4-b7268560a974,3206.21,PEN,succeeded,polar,pol_6786b161fdf5895d,2026-08-24T11:47:49Z,2026-08-24T11:49:49Z
83bf8e76-6049-4862-8792-ed0722111ffa,7005d813-f665-48fc-a8d3-18aecc2facb9,3651.91,PEN,succeeded,polar,pol_389162015b663497,2026-09-02T16:01:31Z,2026-09-02T16:05:31Z
9629509e-bda0-4043-bfc7-71fb7a609d6f,032ab1f3-d53f-4664-b511-41c7ef62209c,3354.34,PEN,succeeded,polar,pol_373a1282d262d9ee,2026-08-22T11:53:50Z,2026-08-22T11:54:50Z
68da3e90-6690-425a-a64f-ab5c45295086,f61452e4-c204-498d-bc0c-b35939f94b5a,1614.71,PEN,succeeded,polar,pol_e471171b25847fa0,2026-08-08T13:34:41Z,2026-08-08T13:39:41Z
6b093939-b28f-487f-80d5-276eb7de9658,0e482e23-d6a7-4df0-bc11-35d6c19bac40,1229.25,PEN,canceled,polar,pol_4c7d6bfbd44fbc19,2026-09-28T14:04:54Z,
e10e9a4e-8af2-4d1f-90e4-2d47845484af,15ce67ed-07d3-465d-8f4e-a14ce7f31878,2318.35,PEN,succeeded,polar,pol_65e86224884dede7,2026-08-23T10:35:20Z,2026-08-23T10:39:20Z
e3f92e33-55e1-4327-ae73-33e1467cd486,0ce8854c-50bb-461c-ae15-6dc1877a763c,402.08,PEN,succeeded,polar,pol_809dc474efc2e974,2026-09-30T13:56:19Z,2026-09-30T13:59:19Z
a20cc042-1456-4bc3-a71d-174976b7f991,015260db-263a-4b27-b8d5-3a1174b35fa8,1148.45,PEN,succeeded,polar,pol_9262233014b50c69,2026-09-06T08:35:34Z,2026-09-06T08:39:34Z
95327f24-02d6-4324-9f45-5bff7808d79b,9a95429b-8830-4665-82d2-15227c35fdb6,5951.24,PEN,succeeded,polar,pol_f4b2bb2b07d8331d,2026-09-18T12:41:36Z,2026-09-18T12:43:36Z
e118e9f0-7b45-4635-88fd-4c8ab1cc0441,432ba09e-583e-4aa5-929b-64894f318eb7,3306.14,PEN,succeeded,polar,pol_3df7dff43edf9910,2026-08-02T14:03:49Z,2026-08-02T14:07:49Z
7292c077-7f62-440f-9bbb-bff88e5a64e7,e5a4bdd0-7857-4082-850d-d6d9d31dcc06,7855.7,PEN,succeeded,polar,pol_b718c3d6ed26e773,2026-07-18T13:56:54Z,2026-07-18T13:57:54Z
6c981285-c33f-4c34-912f-7a133bb922d6,4ceca225-83ac-4c6e-97ac-a9ccc1d32f6f,2296.8,PEN,pending,polar,pol_924359af95c70e0a,2026-09-24T09:21:32Z,
66bd1e54-b3f4-4edb-8675-8499c6fad01f,09434044-9b26-4335-bc4b-74d1f6994cf9,9655.78,PEN,succeeded,polar,pol_9e3ea47e93228949,2026-08-15T12:18:52Z,2026-08-15T12:23:52Z
f66adff1-a024-40d3-87f6-c4d17421028c,58e9ca84-4570-4e14-94fc-6b7b98d507c3,3136.7,PEN,succeeded,polar,pol_8492b8c1b3d8582f,2026-09-11T10:17:38Z,2026-09-11T10:19:38Z
c3d9f74b-4be0-48f8-8128-be6b5d3b785a,7b6cfb3b-106b-486f-827a-c8e0b676a9d4,179.68,PEN,succeeded,polar,pol_28a3dd8d42a76861,2026-08-01T14:31:51Z,2026-08-01T14:33:51Z
4081b7fc-40ad-43bd-8e81-f6b5ac63e141,f75a0cc0-167f-4c36-903e-ca1d7be72155,1905.82,PEN,succeeded,polar,pol_2f2bd63112cc31ec,2026-09-23T16:20:59Z,2026-09-23T16:22:59Z
e44662fa-9806-454b-9c02-a5379eb4ba01,98e4fa89-2e7d-4f66-9a21-54645ac422f8,554.04,PEN,succeeded,polar,pol_da2651c183ceef51,2026-08-02T07:47:24Z,2026-08-02T07:49:24Z
93ebcd5e-8a80-4d46-8f2e-3ba6a33baa7c,d357eaee-4304-484e-b366-5a859757f657,302.68,PEN,pending,polar,pol_b667e049d5b4cdaf,2026-09-08T09:18:17Z,
757d1062-b6a1-4029-b7da-bd2bf05ab1e1,fdfe3578-6ab4-4191-b598-f077ab494d12,1128.38,PEN,succeeded,polar,pol_c01a29ca8b384d49,2026-09-28T12:27:36Z,2026-09-28T12:30:36Z
f148b2d3-dd7c-487a-a271-8f950ea43de9,24ad390e-d332-4cb3-b7d7-bae69a66dbd4,2188.05,PEN,succeeded,polar,pol_b05ff6d28c041d87,2026-09-17T15:04:19Z,2026-09-17T15:09:19Z
a510d7ef-1ed2-4ea0-bb89-f0ec0b2781ca,ab26a83d-4792-4af1-8a66-35967a96f832,3336.79,PEN,succeeded,polar,pol_62ccd934b15cf286,2026-09-22T10:51:44Z,2026-09-22T10:56:44Z
ba78ffaf-dcba-4a3a-8e1b-a4efdf61df16,86fd24e5-7ef2-4318-b47e-197a174f1aff,2295.21,PEN,succeeded,polar,pol_46a24b15cf6e3c65,2026-08-08T11:37:25Z,2026-08-08T11:40:25Z
9a2754c6-4ae3-48da-be90-ad081199c693,66026733-c761-4b42-8712-8866ae869b82,653.44,PEN,succeeded,polar,pol_5d42e676df0d9225,2026-09-03T14:16:05Z,2026-09-03T14:20:05Z
f4381402-de4c-4ad8-b809-46b2a1e0fdbf,9057a9fc-258d-4e4d-a2a2-3121bf0d0f3a,459.05,PEN,failed,polar,pol_bfde0e9eae55d094,2026-08-22T12:37:32Z,
6d2094e9-7c9e-4670-a284-886deff7509f,6941b009-e0b3-43dd-9cf7-467efd4d0db2,1870.8,PEN,succeeded,polar,pol_c46c87e12fbfaa06,2026-08-29T11:30:37Z,2026-08-29T11:32:37Z
63bea66c-94ca-4960-8246-cddc6c5ea3c7,b318c927-45ad-49d1-8eea-150dcb186b9a,159.01,PEN,canceled,polar,pol_3b6fadeaca1f8e27,2026-09-12T13:22:01Z,
5bbaadb2-1f38-48ac-9647-98bc8d6ef690,0f58558f-d80f-4b39-89f8-fdff50d332b3,1217.29,PEN,pending,polar,pol_6a6235d0b26c851a,2026-09-07T10:46:07Z,
cc24001c-fafa-4003-9d33-0adcd5c67b9a,b7d59ab7-d0e0-4f3b-af00-2386ca9f8697,1017.22,PEN,succeeded,polar,pol_7c1cb9ab183c9c86,2026-09-29T13:37:07Z,2026-09-29T13:42:07Z
8388cc9a-c8cf-4206-8504-71972b6a65c9,a7770243-222f-4ea2-b330-64ebbeca6f44,1048.74,PEN,succeeded,polar,pol_cfc6e79d0ace7c22,2026-07-23T10:27:02Z,2026-07-23T10:30:02Z
6d87a945-a0ba-49b2-a7a1-767f57e3b703,725ddc2d-cf12-4988-bec6-a949e5e66761,803.43,PEN,succeeded,polar,pol_6a89bddcc20e9579,2026-08-04T18:31:32Z,2026-08-04T18:33:32Z
22927498-20dd-420b-b389-b47403c5317a,184bb300-3cc4-4212-8ac0-88e85312ad30,554.67,PEN,succeeded,polar,pol_62edcaa5576cf0e9,2026-09-10T10:14:56Z,2026-09-10T10:15:56Z
7794814e-4f21-4c3a-86a2-472562672950,c4fbe9b2-7759-4988-8f25-881f0f3ca48c,233.72,PEN,succeeded,polar,pol_2ba74ab498fc9ef9,2026-08-20T17:11:14Z,2026-08-20T17:16:14Z
a18db953-240c-492c-994e-f6d39aada28f,bd92b461-c129-479d-acf9-736542f682c1,7244.25,PEN,succeeded,polar,pol_1c28a3179e71acfb,2026-08-21T13:48:00Z,2026-08-21T13:52:00Z
00c5de7c-4bcd-468a-a109-d2f25c578fce,9900c942-0251-484f-9f42-a0a7faf81412,3121.53,PEN,succeeded,polar,pol_5a471dfaeb01e5cb,2026-09-07T15:53:33Z,2026-09-07T15:55:33Z
4390f7da-1b52-4c7a-8743-489ec97d2a36,b7d9ea54-2797-4e6d-8d5e-7584d8ffa2d1,1444.47,PEN,failed,polar,pol_4b819bccfef1c09e,2026-08-16T10:34:38Z,
bf53a57a-6c7e-421d-8f46-b44e6f014f80,d6495e4a-8674-4d13-ae42-fc703b8549c6,1130.53,PEN,succeeded,polar,pol_9986a8774683dc68,2026-08-17T15:29:56Z,2026-08-17T15:31:56Z
ca599a46-8fc2-4662-bb01-6948aede0537,8372243d-c882-42b1-b9b5-1bad9112134d,2662.7,PEN,pending,polar,pol_031c4955be69b8f5,2026-09-05T15:01:36Z,
b3056b35-fbfe-4edb-a966-42f83f8cee54,27e76013-6951-4e4c-b115-f01b01408840,4120.48,PEN,succeeded,polar,pol_e247c19cc307cf85,2026-07-29T10:51:39Z,2026-07-29T10:52:39Z
b005d42c-255e-44ad-b43f-5db7e3e5f295,2a57948c-ce9e-49b3-b811-60ace945c4bb,1069.93,PEN,succeeded,polar,pol_35f8033a98460c66,2026-09-05T15:31:00Z,2026-09-05T15:34:00Z
0800fba9-c012-4ff6-ba9b-b5a789f52d89,8be758ca-b89f-414f-a077-13c90c47b266,3924.71,PEN,succeeded,polar,pol_f51acb1640679de6,2026-07-18T07:46:55Z,2026-07-18T07:50:55Z
f33a2103-d8a5-4ecd-8e4c-7cce9374e935,395a31fc-5765-46c3-8968-3f1fdd07b08f,446.24,PEN,canceled,polar,pol_3ff76fc13faa47bd,2026-08-07T14:06:54Z,
270fc509-6263-45b7-ba26-e158ac4bdaa9,4b4fb16f-8e02-4e0f-a25a-ad8e21c16f24,4314.64,PEN,pending,polar,pol_53366201491d040d,2026-08-02T15:11:36Z,
91615f0d-ebd0-4ea4-a7c7-32debc0d1d10,57d7ee79-e8f7-4036-947e-8be5d9eb6867,115.72,PEN,succeeded,polar,pol_afe6f9994b4c4d07,2026-08-02T15:15:57Z,2026-08-02T15:20:57Z
32b9a183-fb2b-478c-951f-f6ca136a21fd,38d8e8c6-d17f-4dae-8e00-1de6f46fd40b,514.4,PEN,succeeded,polar,pol_d2bd4fa8c7f7b506,2026-08-02T13:04:24Z,2026-08-02T13:09:24Z
d7598980-e766-4605-9957-50514164e5a3,f9460978-817e-4da2-8992-c8df7982b2b2,2611.67,PEN,succeeded,polar,pol_b322c75ee2949d38,2026-08-17T18:58:27Z,2026-08-17T18:59:27Z
298ba735-75e0-4d86-b124-ec6b6207a9d5,ccf10d26-2d86-4c82-8d7b-f833a3e6c1a6,2340.22,PEN,succeeded,polar,pol_d7f9c15cf2513180,2026-08-30T08:37:27Z,2026-08-30T08:41:27Z
34562a65-634b-47a9-9983-7c9521529cd7,f1f4a8f4-90d1-4695-be3a-baec5f6a592f,3559.72,PEN,succeeded,polar,pol_28dcd3b4ac1f1161,2026-07-25T13:58:23Z,2026-07-25T13:59:23Z
9310c5b0-6da7-4542-ba1f-06f152649171,8943e2b6-dd73-4fe3-9a6d-9c3c1e1e3ff1,1854.57,PEN,pending,polar,pol_a0337e7204bf439d,2026-08-15T11:59:20Z,
154dbf12-a8eb-4ada-b727-2494a1e1e2d5,a73604dd-a4dd-49c2-be9d-36748b8afcd1,4620.17,PEN,succeeded,polar,pol_441ad1e49d59927c,2026-09-30T16:13:56Z,2026-09-30T16:16:56Z
ba360673-82bf-4f5e-b781-bb83fb2ca5e1,fb6ef70d-bf82-487f-8cf7-cf6684003606,3984.47,PEN,succeeded,polar,pol_f953100057768d82,2026-08-27T12:30:17Z,2026-08-27T12:33:17Z
0aed9ff3-e96d-4c79-8eb6-cd8b4bd95e2c,82f98055-a29a-46e0-ade6-d55fdeea9c47,2502.04,PEN,succeeded,polar,pol_a0fd3d9918591456,2026-09-02T10:41:48Z,2026-09-02T10:42:48Z
b68d4a35-c54c-4438-8526-1b5bf219d748,751947eb-f6a8-458c-8d20-e70f515e0e18,2372.65,PEN,pending,polar,pol_0789b90fb0c67582,2026-08-03T14:48:53Z,
e9018d5d-386e-431e-aa42-07ab8d9271a1,e29859c5-2906-4a0f-9421-6a3964e78f88,6651.55,PEN,succeeded,polar,pol_eb555349dbf39433,2026-07-28T11:24:02Z,2026-07-28T11:26:02Z
84a07503-f3dc-4a79-b0d9-e3a227fcf1e6,642293cc-7375-439f-b2ac-612e1d3b5f54,369.78,PEN,succeeded,polar,pol_b994cc740612ff7d,2026-08-13T16:01:14Z,2026-08-13T16:04:14Z
33c3f739-840f-4941-8406-aa39482c3182,cc4fabe8-b881-4fc3-937c-74f355e5913b,1599.86,PEN,succeeded,polar,pol_09d82b27843ed4d2,2026-08-02T13:15:38Z,2026-08-02T13:17:38Z
8078e864-0be6-46e2-9417-5a9d17455de8,424b0f1b-a8f7-4368-a71c-0202f1aa7ad2,517.46,PEN,pending,polar,pol_4fa5386b8f08a4f2,2026-08-24T16:19:16Z,
493c46c3-7203-4a73-82be-111b651964fa,ae63518e-5b05-4df2-83d5-19c05e1760eb,369.78,PEN,succeeded,polar,pol_e4bff0303880deba,2026-08-14T10:24:52Z,2026-08-14T10:25:52Z
470685fe-9a6b-4070-b585-96b7748a78c2,7ab476f7-f8e2-4eb3-875b-80107080d99e,682.27,PEN,succeeded,polar,pol_6d14fe6f0918d5ce,2026-09-09T16:34:23Z,2026-09-09T16:36:23Z
cc8fa10d-1176-47a6-a1d4-2b77d86493ca,d104698b-5a7e-4fcb-a239-af53b0400b99,7120.09,PEN,failed,polar,pol_16e66092919c089d,2026-08-01T15:25:49Z,
72f3d0c1-66a7-4567-8ceb-b42a08679df9,a97c0759-fcf4-4c75-8ab9-ad5d2d39f9dd,6757.51,PEN,succeeded,polar,pol_fc0f190d0c7584e2,2026-09-07T14:04:28Z,2026-09-07T14:06:28Z
c9d0cf61-bed3-41bb-bb8a-595c483c0476,9fb0529c-1b06-4136-937f-da5004d09c40,692.14,PEN,succeeded,polar,pol_823c8699fdb94f44,2026-08-13T10:59:22Z,2026-08-13T10:59:22Z
e93dc840-38b6-4502-a99a-0257749e908b,56d72d5c-1269-4669-ac0a-803a85d2bd19,739.44,PEN,pending,polar,pol_f47392d82035f167,2026-08-24T11:15:28Z,
6b47777c-58ed-4ebc-9ebf-fedb7aa8c724,e9ec9504-b3a7-481a-9d0c-8fc674f160df,110.88,PEN,pending,polar,pol_baef358ad821a7cf,2026-09-05T08:04:27Z,
92e09233-2b2d-4ab7-b4d9-8817de85e38b,67cf7fec-8544-4f4d-8f54-69437aa6d699,1819.53,PEN,succeeded,polar,pol_c8ad75b4929a311f,2026-09-16T10:30:15Z,2026-09-16T10:33:15Z
3a24134c-27bb-4837-9e45-f89fd0ced6f0,e15b9c9e-ae08-4e14-8fd8-cf6eaf3ee186,652.14,PEN,succeeded,polar,pol_b707dd00a76b2711,2026-07-28T14:33:09Z,2026-07-28T14:36:09Z
54d108a9-cfcb-4efa-83f9-300ca22bc626,9d95327e-c5f2-4bc2-9058-c2d3feca10ac,1466.14,PEN,succeeded,polar,pol_55b5e23bd626de0d,2026-08-06T12:32:59Z,2026-08-06T12:35:59Z
052fd0ba-1ec3-4070-becc-40c4f6933395,05d98200-bf5e-40ab-b3eb-22ac0ad4e801,473.08,PEN,succeeded,polar,pol_6ce4d52be817a7b8,2026-09-05T11:53:21Z,2026-09-05T11:56:21Z
13f1791e-0e7e-4f5b-8107-dd254b3f5c44,0b2a240c-17a3-4477-bde6-b19d8f9de5f7,91.36,PEN,succeeded,polar,pol_8e73a7bb4e2026b5,2026-07-26T15:59:55Z,2026-07-26T15:59:55Z
62e1d973-dd13-4fd6-b28d-631769e97ae7,eb9c8389-562a-455c-b0c7-b989c6c907a8,1744.53,PEN,succeeded,polar,pol_fea460fdd061e62f,2026-09-18T14:05:48Z,2026-09-18T14:10:48Z
e036881f-1a30-4285-b2bb-7c453a994ca9,c6841427-2004-47b5-adaa-1dcda8630384,3556.5,PEN,failed,polar,pol_6c8cb62a6d7e3b7f,2026-09-26T09:29:44Z,
135ec11c-095d-4618-81db-1bf81d12de89,83aca396-fe4d-4768-bfa7-1cecce779295,2475.09,PEN,succeeded,polar,pol_c9f8da67d9ea65a2,2026-08-20T15:48:45Z,2026-08-20T15:52:45Z
b0540c82-cd89-4ed9-8510-c6aa17a4b216,05b190cb-cdc7-47dd-a5b2-4f7a06d6fa71,2705.35,PEN,succeeded,polar,pol_c77d58554ee9d2cd,2026-08-07T14:35:28Z,2026-08-07T14:36:28Z
819eebff-33b7-4b1a-8327-24e2733d278b,c3e2c00e-cdf0-49f2-8366-1e5a45ae4b74,181,PEN,succeeded,polar,pol_6784faf36ca4c6a0,2026-09-09T12:00:18Z,2026-09-09T12:02:18Z
cab99144-bebf-478d-82cf-a21d826ed47d,2db265f7-ad8a-41cf-a206-341d5e651201,1582.37,PEN,succeeded,polar,pol_7510663aabe165c1,2026-09-11T18:49:43Z,2026-09-11T18:54:43Z
a646d83b-0b7f-4042-a093-5e80f377060d,6aba04cd-c935-4464-a51b-d38be8590c06,780.32,PEN,pending,polar,pol_914c14bada012896,2026-09-26T13:05:04Z,
25c2246c-9457-4a10-bbc9-8f3032f241af,707e2cbf-5e8c-46e7-908d-baed6b2f21f8,1419.66,PEN,succeeded,polar,pol_0de9a98d3bb881a7,2026-08-06T16:05:34Z,2026-08-06T16:10:34Z
7744907a-9c83-44d6-b799-4be6f30ec3b5,96de4dc4-ecff-44b2-8cea-7562391819fb,1993.64,PEN,succeeded,polar,pol_b984e9b63f93d007,2026-09-19T14:11:00Z,2026-09-19T14:14:00Z
ae46f97f-6f05-4653-b197-3308f3f8af3a,24dc0aaf-20a7-4091-b56f-8c7451bc4289,1459.97,PEN,succeeded,polar,pol_e9612b400231b250,2026-09-09T17:27:27Z,2026-09-09T17:31:27Z
75eb73eb-9a59-4c85-a631-c12ceceb1758,f15469af-4f97-43ae-9dbf-ae8f5bc5de5a,2065.31,PEN,succeeded,polar,pol_2d4f61aa21395201,2026-08-14T12:19:48Z,2026-08-14T12:22:48Z
58d66536-2a0b-4cb1-becc-05451bfb8475,e967bc17-5009-4f74-9e97-043f561eb5d8,1608.08,PEN,succeeded,polar,pol_cdcc427c27872771,2026-09-24T18:29:14Z,2026-09-24T18:30:14Z
36a615c4-0dac-4b37-a0e1-ebd1536731e0,710a31c3-5ccc-4e7e-a8f4-98ea9d0a7694,1645.54,PEN,pending,polar,pol_2fefa066c3bd343e,2026-09-04T14:08:12Z,
0fb9280e-f923-46a9-982c-b72e4dab9ae7,0b9c2012-e761-4bcb-a0f9-dbc37857b789,2064.2,PEN,succeeded,polar,pol_23c025bdc5524823,2026-09-30T16:46:19Z,2026-09-30T16:47:19Z
10d70e63-a19f-4277-b744-7ac902812cd1,66d650d3-1325-4ca1-9ff0-1e64ca27b285,1212.52,PEN,succeeded,polar,pol_1292b258112acb1a,2026-07-25T06:44:59Z,2026-07-25T06:47:59Z
83873016-bdb5-49f9-a419-b878a559971c,8cc7fe39-920b-4f30-bad6-bac4b5fe654c,2624.75,PEN,succeeded,polar,pol_c6ac945208a5809c,2026-09-19T15:47:51Z,2026-09-19T15:50:51Z
0116f596-8185-4cb2-97d6-d7cf3c10bb5f,ea7cff2b-19f7-433e-829b-3b8fd2c2e411,924.1,PEN,succeeded,polar,pol_4b198ccfb237f14c,2026-08-15T14:50:44Z,2026-08-15T14:51:44Z
45ddaa25-4fed-4652-80cd-e4cdcbfcc789,46fbaf83-9189-4d0a-b845-256d875583bf,1033.66,PEN,succeeded,polar,pol_e97f7ba2fbfde5b1,2026-08-11T15:33:15Z,2026-08-11T15:37:15Z
a2dc2337-70fc-4b11-aed8-bca35a0b58bb,aaf6c37c-e6eb-4eac-aabf-c1b8c1ae9330,3041.59,PEN,succeeded,polar,pol_02891ace3f8b81a1,2026-07-20T10:32:35Z,2026-07-20T10:35:35Z
7748cb82-3d9e-446e-b149-41e986af73e4,8c71975b-447a-42da-b80c-3e522a0f22da,3014.83,PEN,pending,polar,pol_8e5c70ea7a172dd7,2026-08-08T12:06:27Z,
e0bae3fb-7fe3-4b53-9092-37e63cb430f2,9587838f-0c18-4b22-8d72-b5764e86380b,274.1,PEN,succeeded,polar,pol_dca0c1420bcbd9cb,2026-08-05T10:34:45Z,2026-08-05T10:36:45Z
954285fb-2747-4621-9a09-ab1216335990,63b3e47e-0240-40e1-a1e4-bc2223be053d,942.5,PEN,pending,polar,pol_09e06efcd0d4ce46,2026-09-25T18:45:27Z,
702075b4-259e-4596-b7c8-19c5ca7bd6ab,07b10023-3eee-4f33-87d2-945ec886fed3,947.88,PEN,succeeded,polar,pol_844f2fe9a143c77d,2026-09-27T12:16:02Z,2026-09-27T12:18:02Z
f73414c1-fff6-4a3a-8cf1-e59c19657ad6,8fd17944-b126-48bd-b9b3-c105126b9dee,723.92,PEN,succeeded,polar,pol_2c3cdb8e0249c40c,2026-09-27T15:13:03Z,2026-09-27T15:18:03Z
f7b260cc-ecbd-4b51-b0f9-2d9ce421b8cc,27787f50-bc0d-4472-a000-de4ebcf97f8d,5011.56,PEN,succeeded,polar,pol_26f5ab179d24309f,2026-08-11T09:08:01Z,2026-08-11T09:09:01Z
aca83012-dbb7-4b85-b403-d3cd90e39044,c80af10d-3e63-4859-9c30-ed4bd6290fe2,134,PEN,succeeded,polar,pol_b11c639205e068d3,2026-08-25T18:18:04Z,2026-08-25T18:23:04Z
d40a0918-c40f-462d-914b-887cb5f5bd9a,f25d3c84-6b84-46d7-94da-6124b0b69394,646.86,PEN,succeeded,polar,pol_5e5a597eb4f05b40,2026-09-13T06:34:35Z,2026-09-13T06:39:35Z
44f88b88-8c01-4d96-be8e-b98eceebf8b2,ba01301f-d6a2-4ddd-9b3e-2553a4c4b640,6304.2,PEN,failed,polar,pol_e505b06594f254be,2026-07-28T17:59:16Z,
dc75ccb2-696d-462d-ad75-cc75bddb7f37,0d3c207e-33cd-4e6b-9a83-72385b4af19a,34.53,PEN,succeeded,polar,pol_ec6b07a39095cda5,2026-09-06T06:10:17Z,2026-09-06T06:12:17Z
d3754bb0-fba7-4bea-bc6d-4a72dc481db0,986b4d9b-6954-486c-8669-d052913f9f63,3296.95,PEN,succeeded,polar,pol_b14eae662c21a80c,2026-09-30T18:38:33Z,2026-09-30T18:40:33Z
8c3281fc-21ba-41f7-9ae1-e0e74765e324,2e68fa85-04c3-4e11-a801-c15a9ef22d46,2263.88,PEN,succeeded,polar,pol_6a53abfa3154acec,2026-09-29T10:14:02Z,2026-09-29T10:18:02Z
71792ff3-180c-41c2-b3f1-1c50e4413a15,e2898940-fb85-4da1-aff4-1c5e71610e7d,3702.51,PEN,succeeded,polar,pol_771564c8d80b2967,2026-08-09T15:18:31Z,2026-08-09T15:23:31Z
235b0d4c-7b35-4d3c-af40-32d067e1a010,1bae8530-78d1-4a22-a3d3-894f9911f273,1596.69,PEN,pending,polar,pol_4ada8f7cbf8e4ae5,2026-08-16T11:02:28Z,
a0df6ff1-c125-4731-992d-4034ab1eeb2e,868c4e84-13c4-4bda-91f7-55456581c912,3962.66,PEN,succeeded,polar,pol_1f5749beaaab2dad,2026-09-15T14:29:06Z,2026-09-15T14:32:06Z
b081afbd-0a3d-438e-bbfa-9bf5c3a8caed,711c0137-7834-44d9-a175-f185914d2c2a,165.46,PEN,pending,polar,pol_8a7902ef558d0721,2026-08-01T07:18:38Z,
ab5d39c0-39a1-422b-9f62-91e3e87a4224,bdb207b8-11a5-40c9-a978-d78ed6189cee,1345.9,PEN,succeeded,polar,pol_b245e18f298f9be2,2026-07-30T13:30:46Z,2026-07-30T13:35:46Z
73d62b14-7493-45b7-be5d-a6e5b9cfc93f,d7c33bfa-4257-491e-85d2-3555416c05b0,3589.21,PEN,pending,polar,pol_e848cbadcb4318ac,2026-08-01T09:01:31Z,
7a71b9a6-3184-4ec1-a0bd-2d038d7da354,f8f11eea-cbfc-4db6-b727-c05b1b45db16,1732.52,PEN,succeeded,polar,pol_885e0a7b1df84224,2026-08-30T13:43:57Z,2026-08-30T13:45:57Z
bb2326e9-cabf-437b-9e23-ac10406874ad,6900b6cd-b018-4c17-9b14-b3151150e068,3212.94,PEN,succeeded,polar,pol_df7f1d24cf76e79c,2026-08-09T10:08:39Z,2026-08-09T10:11:39Z
86244000-d6fd-4466-9924-eecc3b204a76,04c42dc2-2f42-4ca9-b53e-5881399a71a0,288.79,PEN,pending,polar,pol_52e2e87945a32ef2,2026-08-29T08:31:49Z,
7fce3ad9-7d17-41b3-a92e-489bd6ca7d36,4fd53b0f-05d4-47bd-920f-e961409c50c2,13267.54,PEN,canceled,polar,pol_fd8ed13f12d964a1,2026-08-18T14:56:05Z,
2cbdd8b1-40c5-4ba3-88d8-6296a5b28c2b,b8d14cec-791a-401c-88a4-14177444e603,9928.55,PEN,succeeded,polar,pol_1c6f255b24fd0608,2026-09-16T14:43:19Z,2026-09-16T14:45:19Z
bf92a4c6-4072-4f03-9e51-651fa4625df0,3a5517c8-e0e5-426a-899c-010bae8a8b12,653.44,PEN,succeeded,polar,pol_f78f95ada0035d37,2026-08-25T11:58:42Z,2026-08-25T11:59:42Z
111d1e0b-958a-4c78-9614-430719365fdd,987e697c-5e4c-41e5-b07b-a413717c3640,3151.33,PEN,succeeded,polar,pol_8641dfafd1187b99,2026-08-30T13:53:34Z,2026-08-30T13:56:34Z
426c760b-4d58-4a31-9792-339eb916f579,016e1e25-1215-4aca-9af4-f57a1a9cd15c,1849.34,PEN,succeeded,polar,pol_56c692e97310d370,2026-09-30T10:28:20Z,2026-09-30T10:32:20Z
10820817-deab-4f78-891f-9067abe52ab1,5cd00e82-07c0-429f-85a1-5b77660524d6,4832.71,PEN,succeeded,polar,pol_64116bcfacdf1c35,2026-08-14T09:04:07Z,2026-08-14T09:06:07Z
b4f9b181-b462-45b3-a39f-2d9cb3738096,0c20f8eb-0452-419a-99d5-75c7917101f1,243.56,PEN,succeeded,polar,pol_a1f7557f3db6fe20,2026-09-04T16:48:45Z,2026-09-04T16:51:45Z
4d40d033-2801-49bb-8ca9-43e8e9252ace,10bc9d64-f19e-436b-8d4c-74e1bf5c1205,6942.08,PEN,succeeded,polar,pol_e5eb384dc06a927e,2026-09-24T17:32:49Z,2026-09-24T17:36:49Z
f6d59aed-a834-40d1-a69b-89abeaf66c4c,bb169780-fee1-44e9-be8c-d6d3768f84a9,7442.23,PEN,canceled,polar,pol_be556e7a893acf43,2026-09-24T17:51:07Z,
a0238634-6fb7-4f38-995d-e21f9ef46a33,6c995441-2bbf-4cae-9ec9-e00e006e0d54,57.1,PEN,succeeded,polar,pol_12767b941b769351,2026-08-03T11:54:38Z,2026-08-03T11:55:38Z
a73bc2dc-87dc-4e43-b6c2-b1f71bbf2830,06768d71-5317-4913-880b-dcd84cc6e1aa,5736.95,PEN,succeeded,polar,pol_b219d8ddb0fb38f1,2026-09-20T10:56:59Z,2026-09-20T10:59:59Z
21851d8c-4343-4f07-bf0a-cc58dc9fcd4e,96886d51-1e77-4dd1-bc21-2c711d469adf,2772.5,PEN,succeeded,polar,pol_ea5ea8d8480d8fb4,2026-09-22T14:35:45Z,2026-09-22T14:37:45Z
6f464886-4ec6-4b86-999d-246afa41e65f,9905576f-a7d2-4830-af94-756e9cdcaaed,1819.33,PEN,succeeded,polar,pol_81159ad05f3d057d,2026-08-18T13:21:55Z,2026-08-18T13:24:55Z
2c3952e7-5728-4d96-a79e-e8673e372ab0,a3821ca5-a7e0-4689-9ee3-40cbbbed991e,325.06,PEN,pending,polar,pol_629e6556c3971ede,2026-08-09T15:37:55Z,
11eaaecd-7970-4dc8-b023-d194d2c22eb2,4859b86a-1202-4988-97be-35c87b71c2f5,3624.32,PEN,failed,polar,pol_52f48e35767b381f,2026-08-03T13:18:50Z,
14528378-7a4e-46a5-bfc5-a5aae9c1bc36,61979855-ac6d-4e13-bd75-3a60f932dde7,2572.67,PEN,succeeded,polar,pol_03638058be1a7242,2026-08-08T13:07:29Z,2026-08-08T13:10:29Z
98199312-8afc-4f0c-b65f-b880e258e903,a3ed7e3e-7c97-4e49-baa7-28bbc93e7383,130.88,PEN,succeeded,polar,pol_b17b67c8869bde40,2026-08-17T14:08:19Z,2026-08-17T14:12:19Z
4b872ad2-392c-4058-b462-7ed7b025fc97,16a124ba-fc12-46c7-ad7a-a6a82acec750,531.33,PEN,succeeded,polar,pol_89449d0e70843527,2026-09-18T11:58:38Z,2026-09-18T11:59:38Z
9bd39cf0-29d5-4a1e-9588-ee62460e20b9,3f9ae251-be98-4ffa-a681-09c210d9ea68,1483.17,PEN,succeeded,polar,pol_69167dfdf0fcbc70,2026-08-24T15:25:52Z,2026-08-24T15:29:52Z
28cef494-ce23-4ac0-8b17-dbf194a6cee2,ed5aa053-ff9e-4418-8047-3d9f72f403ea,7622.07,PEN,succeeded,polar,pol_e306a9b7e3eead69,2026-08-05T12:21:20Z,2026-08-05T12:23:20Z
6a56b9bd-0b73-4726-a40d-fd49e5442464,724e2611-eb86-49b2-bd73-0f33667dae77,819.02,PEN,failed,polar,pol_78b1190a70da755b,2026-08-14T11:51:17Z,
adb521ec-de72-440e-be1e-b7303401f48c,02fd6eda-bf41-4bc0-914f-d08e117e541e,155.91,PEN,succeeded,polar,pol_28bb643c87f8d2f8,2026-08-30T08:07:06Z,2026-08-30T08:11:06Z
22091789-5c23-43d6-a18a-acf78cf20f65,7931dae6-d26e-425f-859e-2428471c2d5c,1247.1,PEN,succeeded,polar,pol_2895921c22d41bcb,2026-08-06T11:22:08Z,2026-08-06T11:25:08Z
880a278c-1c4d-451e-b001-03a9447f826b,6b67950a-e521-4e0c-83b0-33ac5a9e86a4,37.67,PEN,succeeded,polar,pol_c6186dd8835fda40,2026-07-18T11:54:53Z,2026-07-18T11:59:53Z
b7b4071e-062f-4b91-aa25-0e49e0444dc7,b1ca24a5-d46b-40ac-ae92-0e160cfb8dd5,2452.18,PEN,succeeded,polar,pol_ba42cdce47b8bc53,2026-09-22T10:24:27Z,2026-09-22T10:29:27Z
4eb60797-db05-4304-87f7-7c9c73867d68,e4a80270-d6c7-4559-8393-db9e935a70e0,691.04,PEN,succeeded,polar,pol_b1ce502cfe35d884,2026-09-25T14:53:47Z,2026-09-25T14:55:47Z
7504ed55-fea9-40f2-8894-514c3a00927a,4539e054-66dc-4c09-9076-7fd5123ffb1d,4122.23,PEN,canceled,polar,pol_822a0e36357bd883,2026-08-15T08:30:11Z,
5b47c0f4-976e-45a2-8474-e40f7080c19d,96c99aba-ab1c-4ad6-9c4b-ed1abbf116a8,174.03,PEN,succeeded,polar,pol_1cf6bf291cc04e4d,2026-08-30T14:34:30Z,2026-08-30T14:38:30Z
a1263533-6643-41d4-82bf-f5089eb34c10,1b9d86d4-5709-4c17-9ca7-8aab1fed6374,2426.74,PEN,succeeded,polar,pol_45da255e996a277c,2026-09-29T10:25:04Z,2026-09-29T10:26:04Z
67ebd61d-4309-4d65-82e3-a947d2479767,bd5db77e-8e84-444c-937e-721579e02aa9,514.11,PEN,succeeded,polar,pol_36ab58fdfacb411b,2026-07-23T13:34:25Z,2026-07-23T13:37:25Z
bdbeb198-84fe-425a-ade0-560574be37cf,78d32558-3600-4484-880e-051fd4d6103d,405.52,PEN,succeeded,polar,pol_2c0b28e6d54da01b,2026-08-17T18:00:20Z,2026-08-17T18:01:20Z
175546ad-fc6b-498f-9478-e4ae111220f2,8910fc2c-dcc0-494f-b351-1d16e551daf9,620.58,PEN,canceled,polar,pol_58c217ba64582186,2026-09-11T09:31:48Z,
dc77dcb0-f7f8-41cd-a0a5-2564713068bf,50d0357c-45d1-49e3-8c45-65a68d12fbd6,1794.55,PEN,succeeded,polar,pol_063664d1c63ad43d,2026-08-31T18:33:05Z,2026-08-31T18:36:05Z
e2e74c78-be5f-475c-8e7f-d7798adfa6c6,2e306594-c26b-406a-81a5-ff53c93051e3,2003.73,PEN,succeeded,polar,pol_adccbce647126f19,2026-08-22T07:28:57Z,2026-08-22T07:30:57Z
79b4872e-d4ad-45dd-80e3-5723da4183d0,1d9a694f-2a97-44e7-a0f9-24f5fbc8dec4,1384.87,PEN,succeeded,polar,pol_4414bb0ed18f5e4c,2026-08-11T12:39:35Z,2026-08-11T12:41:35Z
df30fc9c-1c12-4a2d-8869-a979b0217935,4ad870ab-6763-40cd-87a1-313151a25656,1726.86,PEN,succeeded,polar,pol_9a9cd6087ba0dd0a,2026-07-30T18:05:16Z,2026-07-30T18:07:16Z
d29d0392-00a8-4bdb-b1af-8a4d09cda69b,7b983cf6-0399-4349-a1f4-cb82ce491eb9,2392.14,PEN,succeeded,polar,pol_47b9f813aec6ea73,2026-09-21T12:45:18Z,2026-09-21T12:46:18Z
5dd15d8b-6ed6-498a-83c4-c9b63a08ba19,9d9dbfc6-b5ed-46a2-9ac6-4c04e1fc2079,158.25,PEN,succeeded,polar,pol_a65ebc806acc6ca1,2026-07-19T06:10:57Z,2026-07-19T06:15:57Z
a2eda9cf-a309-4f08-828e-5b7bb11326b0,8bc25ad5-e1af-4f12-afc8-8ef5dbe04310,916.38,PEN,canceled,polar,pol_a7badde5f2f66f9c,2026-08-03T13:18:35Z,
4f965eb3-7ec0-462f-a69f-9d080d00dfe8,d3f9a5e4-6bf0-4941-a72e-d5fd95838cea,968.31,PEN,failed,polar,pol_1168e535fca531cc,2026-08-10T15:24:03Z,
325714f3-8a52-4fb3-aa7b-380bceca2557,b6bc2bc3-b20e-4d99-97e4-eef029098cd8,222.02,PEN,failed,polar,pol_a087f3697ef72f84,2026-09-16T17:53:47Z,
1a783ba9-c8d4-40b9-9765-4ed2264f152c,07884133-b21d-4f9b-b00a-67d63ac5ce0e,3956.96,PEN,succeeded,polar,pol_5bc2a57be92883d7,2026-08-10T18:45:34Z,2026-08-10T18:46:34Z
44ccf0d6-086c-4c3a-95ff-75ede4bb0724,ccecfda4-ffc9-4b11-9276-1604dc845a06,2426.06,PEN,succeeded,polar,pol_789c85893dd7decb,2026-09-06T15:41:23Z,2026-09-06T15:44:23Z
c2b3b735-021a-424a-9cb1-7fe75a2103a4,8f03776f-30ae-4709-8659-bd9fc5419fa0,2923.45,PEN,pending,polar,pol_fbe5bd6d5a9ba0c8,2026-08-30T07:08:24Z,
29a21e76-252c-4849-a765-782d3373dba9,3108e0ff-d97a-46e0-839d-e6a8212ff00e,4688.82,PEN,failed,polar,pol_612074244746cd24,2026-08-15T11:08:49Z,
f0879ada-7d3f-4bb5-bb48-0e2e99c23084,78abad18-99fa-4ecf-b485-8ddbae81fd85,6925.23,PEN,succeeded,polar,pol_10dfaf0dee51223e,2026-09-26T13:55:24Z,2026-09-26T13:59:24Z
23fa6cb1-8c5f-4fdc-a183-38c631b1a4f2,97493c52-ead0-4831-a12f-114cb792fdd2,3718.66,PEN,succeeded,polar,pol_cf53d376b3ca8e51,2026-09-01T13:10:43Z,2026-09-01T13:14:43Z
e363d195-55d0-49cb-9e74-327a7d3fb06d,1507a3fc-d2a3-48f7-bccd-b28aa085d9fa,387.31,PEN,succeeded,polar,pol_9dd1e8cfb6242e93,2026-08-09T11:18:49Z,2026-08-09T11:20:49Z
d6c8a459-d5c0-4251-9427-3440496e0cfb,aaa827e5-2d08-4c58-8bf5-c3fabb29f8ac,1628.6,PEN,succeeded,polar,pol_1087e7de4002e5f2,2026-08-17T09:58:57Z,2026-08-17T09:59:57Z
ca657a2e-7bd5-4d10-87a0-a328bf0665dd,b3a4a2c9-b2a9-49d3-8721-dddbc9ccd339,2166.8,PEN,succeeded,polar,pol_2b06d9a709b2b276,2026-09-11T14:55:43Z,2026-09-11T14:59:43Z
61c3b064-f49d-4126-b6bd-8f7dc60ba1d0,71e041bc-5c80-4b5a-b6ff-d5c901f61ff7,59.13,PEN,succeeded,polar,pol_3588305daedfe68f,2026-08-31T13:53:12Z,2026-08-31T13:58:12Z
a5b5889d-29c7-4c39-a24a-09d552aef80a,cddac3be-0c9d-4547-8261-961ac1402069,1465.57,PEN,succeeded,polar,pol_3a7c8676e80f22bf,2026-09-26T12:13:13Z,2026-09-26T12:17:13Z
343d9301-4d69-481b-b23e-b8ef7585b931,d7238f11-6154-42ff-bb75-ab87894491fb,3014.09,PEN,succeeded,polar,pol_68ff7a55f75f3109,2026-08-22T15:40:59Z,2026-08-22T15:45:59Z
c0fddc9c-88f3-418c-a947-7c8f93b80e87,e100a25f-7a7d-477d-8e99-9764a786d73e,80.33,PEN,failed,polar,pol_d06812d7f614008b,2026-09-24T13:47:32Z,
93d53f03-3171-430d-a490-71f336f0bdd2,0902220e-5c90-4d69-8e01-0e1259691eb4,794.79,PEN,pending,polar,pol_c07d93261e09382b,2026-08-22T15:32:31Z,
86f0631d-72d5-4650-b116-82dad72a66fb,7f3d35d1-6c93-4241-b0eb-fb0eeacde3d1,1460.65,PEN,pending,polar,pol_73c98d1151a074a2,2026-09-30T12:04:23Z,
4e9d6dc8-f570-4e0a-81bf-d195da46aa03,f1b644e3-74c0-4bd5-8bb5-e4d49b74da4c,3597.9,PEN,succeeded,polar,pol_a193fbf3e12b1d7c,2026-08-21T13:50:46Z,2026-08-21T13:55:46Z
c0c6c68f-0e83-4119-a4e4-0e5914d0d409,590c11a9-d3c0-4a9a-8c5a-23e56755bd07,479.28,PEN,succeeded,polar,pol_8220a5786f3dfced,2026-08-07T11:38:25Z,2026-08-07T11:41:25Z
e09e324b-3548-4200-ad36-77c0c160ffbb,f5a4b3ab-6828-4d9a-8356-3dfcce7b65d1,343.28,PEN,succeeded,polar,pol_ad099f31268a453b,2026-08-15T10:22:14Z,2026-08-15T10:24:14Z
26c14831-9e2d-4961-b886-7a635263c8e4,9133d189-d30c-4602-9906-7840cbdff264,797.54,PEN,succeeded,polar,pol_dfcdea8c2ecaca3b,2026-08-21T11:04:34Z,2026-08-21T11:05:34Z
c3f73374-ea06-4727-ab05-1d8154a1e2d2,44ef7e29-a293-4602-88d5-56a20e4d203e,318.6,PEN,succeeded,polar,pol_860530b992457754,2026-09-29T18:48:01Z,2026-09-29T18:50:01Z
7908f567-94a3-4859-b0b0-848103ee3ca7,36652819-7ff6-40c1-a316-b5fa3c6ed9ce,4403.41,PEN,succeeded,polar,pol_92e611d67db2d607,2026-09-16T09:31:25Z,2026-09-16T09:33:25Z
2db53cc8-05c8-4ca6-8ba5-1dac46e845ee,f1a208bc-a0b1-4ed3-aceb-51184287e95a,704.52,PEN,succeeded,polar,pol_0ee97094dae24441,2026-07-26T10:05:44Z,2026-07-26T10:07:44Z
a65a18a8-523d-47a0-be3e-f8c381326b42,7a7078cf-53f7-4154-8765-684dc535beda,3657,PEN,succeeded,polar,pol_ecdffbea168d6ffe,2026-07-31T09:19:34Z,2026-07-31T09:22:34Z
685a1388-c4d0-495d-874c-aaeb70e0ec9e,faf9f0b6-f3e1-49ae-9e0a-29767076a28f,2505.49,PEN,succeeded,polar,pol_c0925e6b95a4145a,2026-08-02T06:52:49Z,2026-08-02T06:53:49Z
501517d1-b2c1-442d-aecf-a69a31f3b310,60bf8112-2fd8-4c02-b0d6-0e4a3ac7cdea,1553.66,PEN,succeeded,polar,pol_31a21d652345ec27,2026-07-30T17:42:47Z,2026-07-30T17:47:47Z
cf451d56-d5b5-45b0-9769-95f42c019796,bb1fc27b-8800-4876-b45d-48bf28b82fde,5137.77,PEN,succeeded,polar,pol_9624840af73fa96e,2026-09-10T13:07:46Z,2026-09-10T13:11:46Z
dad08001-4ae0-46b9-bbea-f55e2f6fba77,79744caa-0f8e-4730-9221-188ec6f470fd,702.84,PEN,succeeded,polar,pol_294bc284e6a2e7b7,2026-09-17T12:42:12Z,2026-09-17T12:47:12Z
e858fbde-5ad1-41e0-8850-fea347d0e6bf,d6a80294-b6ed-4f2e-a2a8-f6d940fd35f1,1880.9,PEN,succeeded,polar,pol_75ee1482942f9a67,2026-08-30T09:47:53Z,2026-08-30T09:51:53Z
7ff919c6-c28e-4d3f-93e2-55b5919609c5,958572ab-356f-4c81-888b-26d25ad62f83,1365.49,PEN,succeeded,polar,pol_06d16c87add63856,2026-08-24T09:16:16Z,2026-08-24T09:19:16Z
736fd21c-e00c-4445-825f-bb61784b4bdd,d52eaeaa-af18-449e-a3ac-cd4241ba8a53,681.98,PEN,pending,polar,pol_b4f270fc0db6146c,2026-09-02T17:41:53Z,
d69e883d-cf66-42bd-b0dc-e6eae22d4237,da7e6414-cb89-4530-977b-0c2c43de371f,1128.3,PEN,succeeded,polar,pol_b9677ecff01b5988,2026-08-10T09:53:40Z,2026-08-10T09:58:40Z
6ce05d79-5cfe-41e3-b6d0-7510602dfdba,ebfdc1f7-8f76-4c69-846b-3abcc5019f22,897.12,PEN,succeeded,polar,pol_431db6d41e3d0a51,2026-08-29T14:12:03Z,2026-08-29T14:17:03Z
06324a5b-e5d9-473c-99f2-ea225c77ca54,7a0e231f-9bd6-475a-b32a-6929fb3861b3,1664.06,PEN,succeeded,polar,pol_f18fa8f44fdb2a8f,2026-08-08T12:49:40Z,2026-08-08T12:54:40Z
f3ff400f-e08e-4753-80e3-39ce54729add,0e9518c0-1b46-4df0-9dc9-f0120b9720ff,849.54,PEN,succeeded,polar,pol_0bcc2d23764a1386,2026-09-30T16:13:18Z,2026-09-30T16:16:18Z
69ddcaa6-3824-46f6-9559-558a7a9e351d,6f8f7112-d645-4223-8fbe-eba34720c5bb,732.88,PEN,pending,polar,pol_701f79818cd53566,2026-09-06T11:15:00Z,
cc8623b3-a78d-4b51-9e1b-e4c6536ede14,fe36717c-a150-4865-8220-4f7fb75edb6f,324.71,PEN,pending,polar,pol_b3d0b9e7b0e4bc4e,2026-09-15T15:34:44Z,
7b545f29-4028-47d5-b6e3-e0fecf9ef4a0,89d57d48-e21b-46fd-92e5-1d4b87a68081,1875.47,PEN,succeeded,polar,pol_75b0afd4a01a8f94,2026-08-19T09:20:55Z,2026-08-19T09:21:55Z
45274177-8fe3-497c-a276-342ef4f10bcb,2a44d316-633f-4861-a7c4-7c18ed9c2523,1250.28,PEN,succeeded,polar,pol_d585b04cc2ecb2c6,2026-09-18T09:23:55Z,2026-09-18T09:27:55Z
464c95df-1046-46f2-96d0-1f3b4ee04592,398d7da0-e6ed-485a-9d46-3bc28379df60,1510.03,PEN,succeeded,polar,pol_9f1893117844a3ad,2026-09-03T13:02:17Z,2026-09-03T13:07:17Z
53c1a888-ca78-4347-a362-089e0cf4f8e2,e8673911-7ca9-4735-a1c6-d7750778c91f,3808.33,PEN,succeeded,polar,pol_9dfd1b00311e7690,2026-09-22T13:01:52Z,2026-09-22T13:02:52Z
f5b69525-453c-4b72-85df-f89bd66208a3,0635c89c-55ba-46a2-a411-dba2e619c217,265.98,PEN,succeeded,polar,pol_48746c144f35e3a5,2026-08-13T13:32:14Z,2026-08-13T13:35:14Z
39d29a25-531d-40a3-b3f1-1e4374f6dbbd,635d7d25-045e-4dbc-a57b-875745f8e709,2375.96,PEN,succeeded,polar,pol_4c6f8e93d2b1c580,2026-09-09T14:11:28Z,2026-09-09T14:13:28Z
ce4a7018-4adb-411b-9792-22e48826f726,74ae92a0-bc12-4fb7-85e5-4eb44d1965f3,1140.24,PEN,pending,polar,pol_148146e99e38a0fa,2026-09-09T12:48:46Z,
b0e645e8-88e1-41c1-b2a1-116e79ebdecc,716f7d55-9555-4433-a53d-150844df2f9b,2642,PEN,succeeded,polar,pol_aba2efb00e3056d9,2026-08-12T16:46:23Z,2026-08-12T16:50:23Z
665b204f-f287-49d4-b94c-d55c692fd072,92356737-12bc-46e6-a0b4-3a752d588ea1,3617.96,PEN,canceled,polar,pol_0cba9bc6ac8513d3,2026-07-18T11:41:24Z,
d04ea029-e390-4dcf-bb9b-12a35c7f34fb,a0add794-d665-4fc8-853b-30480eca5f4e,5350.99,PEN,canceled,polar,pol_dfeb5dd1261afe50,2026-07-25T09:07:12Z,
fd6582e2-c23d-47d5-8013-f158feeb4bf8,13727afd-2e60-4b05-8348-8580deb00d82,3728.38,PEN,succeeded,polar,pol_21cbb15ae373745d,2026-07-25T09:53:10Z,2026-07-25T09:55:10Z
3a3905d2-6f80-4aa2-9518-c56f3f2db019,0ba05938-aad9-4d7b-8677-348c784411bc,4230.74,PEN,succeeded,polar,pol_7b0c594ee30e8dce,2026-07-28T10:19:46Z,2026-07-28T10:20:46Z
477a0a40-64a5-43e6-8673-760d1e3239f3,ef0c1eab-463e-45a2-9fc1-d8592cc06a06,9164.8,PEN,succeeded,polar,pol_d26e4d90e1ef9b73,2026-08-02T12:57:10Z,2026-08-02T12:59:10Z
8cbbe9eb-ee8e-4690-8d5f-a58c64ab99aa,5356b21d-f74c-4efb-b099-ade54ef55f50,370.36,PEN,pending,polar,pol_a2cfb068274d8966,2026-09-20T08:46:48Z,
f7d1580f-1f14-4185-9752-c38aee959ae5,75280aa0-8619-4b99-942f-eb240b31c4ce,1407.51,PEN,succeeded,polar,pol_1c2bdbc01ad2d7d9,2026-09-23T12:50:39Z,2026-09-23T12:54:39Z
2e8b6a78-a4ba-46cc-a6f3-e6da0bcccbd4,2421b17d-5256-42e3-b856-d379b324c2ba,985.93,PEN,succeeded,polar,pol_f29701703f423900,2026-09-07T18:02:22Z,2026-09-07T18:03:22Z
530bd6c6-4832-4ba6-aa8d-05de7a8d2069,61cf7f12-fdcf-4368-b9c8-cd099ba35b91,4001.73,PEN,succeeded,polar,pol_59e6369de3cce999,2026-07-21T15:10:18Z,2026-07-21T15:15:18Z
14e671a9-f369-4c90-8da9-43a4884d7b47,aa63efb0-0a70-460c-8103-1bc2f5e56981,709.3,PEN,succeeded,polar,pol_6d2955d23acc45bf,2026-08-02T11:24:46Z,2026-08-02T11:28:46Z
49b5a22b-c85b-4335-82e2-05fd85d779e1,72d50d0c-8d7b-4fd4-9899-5130d7f07f38,34.53,PEN,succeeded,polar,pol_4c9037aced724121,2026-07-31T15:01:10Z,2026-07-31T15:04:10Z
b12039f1-d602-4fa4-b584-e770287516b4,87d815f1-5c9c-4297-b908-78df40c06859,732.52,PEN,succeeded,polar,pol_7270b6ec761fcb6b,2026-08-27T10:17:33Z,2026-08-27T10:19:33Z
f72b74ab-5b5c-4bc2-b88c-f298eab3018f,3170c18f-01fd-4e44-ade6-5969e00ce611,3328.01,PEN,succeeded,polar,pol_8aef7b675df076f4,2026-09-13T07:15:34Z,2026-09-13T07:19:34Z
a7ec289c-c3e8-43a6-a8de-2b7a61ef311a,339adb27-df33-4ba6-9ea6-7d43c4386cfa,997.6,PEN,succeeded,polar,pol_a312725078ffb247,2026-09-10T18:38:01Z,2026-09-10T18:39:01Z
0d2fdadd-a17c-48ef-ab27-4175e2b85b6f,96de43f7-72d3-4493-9a24-ed72d04b6526,14797.42,PEN,succeeded,polar,pol_3c857984d2e3757a,2026-09-30T09:31:46Z,2026-09-30T09:32:46Z
bdbc52a2-563e-4c08-a33f-356647df9e41,c1cdf167-cb41-42b4-8c8e-5cfcf2d83e44,12014.93,PEN,succeeded,polar,pol_927de2013745d4e8,2026-09-05T12:58:34Z,2026-09-05T12:59:34Z
f5c97da4-e145-466b-8254-cab73bf3357b,43f43fa1-ea6a-41c2-98d9-e6b107685ace,3177.23,PEN,succeeded,polar,pol_e5eb775aa2567ea0,2026-09-04T12:55:02Z,2026-09-04T12:58:02Z
d86bf6e2-534c-45a5-9138-69008bbe1401,987f3cdd-826a-4f5b-975d-94b6760916b5,1402.23,PEN,succeeded,polar,pol_b04d0617cb170b1f,2026-08-01T12:32:03Z,2026-08-01T12:34:03Z
21f44a41-173e-4d26-b3cb-5cf287e1388c,c0f1a723-19fa-434d-8771-c0d5b2025a2a,10476.27,PEN,succeeded,polar,pol_735730c41bc029c0,2026-08-10T17:42:14Z,2026-08-10T17:43:14Z
28183483-9856-4232-b96a-17322a4f504a,a935d86f-232f-4119-a1b1-889d3246b45b,3627.16,PEN,succeeded,polar,pol_0f4e598e5ff4f852,2026-07-25T15:15:07Z,2026-07-25T15:16:07Z
ef5d5b1c-30ba-4e57-b91b-8967cd79f5de,66136f63-4fe8-4575-a3ce-4a2243eee11b,1032.22,PEN,succeeded,polar,pol_f792119d5d1261d1,2026-09-13T14:40:08Z,2026-09-13T14:44:08Z
4a78db59-076d-452e-b186-eeb3495d5e43,b03f802b-20f1-4730-9982-be69f6815a77,5664.51,PEN,canceled,polar,pol_0fa44cd1db302af4,2026-08-08T08:07:03Z,
9a6a936b-0c81-4137-8071-e6a88088d2a1,6b7335bc-bfce-4172-ae7d-336f286a16cb,7466.93,PEN,succeeded,polar,pol_74b83142e48b8bf6,2026-09-13T11:54:46Z,2026-09-13T11:57:46Z
58feedb5-f9ee-441a-b7e6-450e6c2ea133,10b9ffa2-b4d5-4d44-a6ee-0eb50d1f8296,1151.07,PEN,succeeded,polar,pol_b24b641cc15823fd,2026-08-31T12:59:58Z,2026-08-31T12:59:58Z
88409ed4-54c7-44df-a172-39f5b5a96b92,b12d8321-597a-4994-990a-fe003b26a624,1213.81,PEN,succeeded,polar,pol_7fd1ee7582fca6b0,2026-08-27T17:52:01Z,2026-08-27T17:55:01Z
745d0eaf-0708-440c-afc5-4ceff5e14a10,8aa9988a-2ea1-45a9-b139-f35820d559bf,1521.32,PEN,succeeded,polar,pol_253fc46a8d447578,2026-09-28T16:44:14Z,2026-09-28T16:47:14Z
0de743e8-da80-45b1-9293-a9c87aa941a4,0f86c691-031a-4d48-bf7c-725a543bef04,2833.98,PEN,succeeded,polar,pol_7d7261d3d7c4e14e,2026-08-26T09:11:10Z,2026-08-26T09:12:10Z
a7a78ba2-c8ec-4250-ad16-23ea3ca93512,8bf0910c-8d86-4299-913d-27289490114e,121.56,PEN,succeeded,polar,pol_5ce0104709a3214b,2026-08-08T11:07:28Z,2026-08-08T11:10:28Z
972bc12a-d26a-49a8-9e6e-0ab52127e7b7,f3c79743-f93a-4f69-840e-9b6357ac2838,2219.31,PEN,succeeded,polar,pol_6bef0cf8914971c2,2026-07-24T17:24:28Z,2026-07-24T17:26:28Z
d0daa61b-492e-4bf6-bb26-511da2083935,f86fcc26-20ff-4db9-a656-fd581787cc49,3245.03,PEN,succeeded,polar,pol_a77f38712b8a4381,2026-08-02T10:44:13Z,2026-08-02T10:45:13Z
2c55c788-ce56-463b-9057-cd38476faeb0,d522dbbe-5c75-46b5-8157-c92fdd956d4b,59.13,PEN,succeeded,polar,pol_1ad90d31b85b6315,2026-07-25T06:19:25Z,2026-07-25T06:20:25Z
45b1b391-f5cc-4cf4-a3f3-67b1e4213cfc,8217a028-1ae1-4a56-a3dc-93b73a0c03b4,158.38,PEN,failed,polar,pol_53d574d768a363cf,2026-08-16T14:29:07Z,
28f67a0e-d330-4d0d-9c16-e7f2100cfd75,349a8030-1353-4927-a1ed-7ea3014192ef,2537.05,PEN,succeeded,polar,pol_1e8bc01cbe8cae72,2026-09-15T18:44:54Z,2026-09-15T18:46:54Z
bbf1e510-72ae-48e4-a3ba-a1724cf32fa7,3ac45a3d-1904-462c-b828-88e7bfe6504d,1948.69,PEN,succeeded,polar,pol_a6b80e4b9bdcbd3f,2026-07-27T11:14:22Z,2026-07-27T11:15:22Z
3c9ad650-6c66-4749-9c77-f8fe33eb84d6,ddfde56a-e9b9-447f-8754-7282debc4c6f,307.47,PEN,succeeded,polar,pol_76a7c78a37620cb2,2026-07-20T18:42:58Z,2026-07-20T18:45:58Z
4b4271f2-1de9-402a-92c4-4371d6ac571c,c4d08b2e-d170-489d-ae5e-dee1a332d585,1290.89,PEN,succeeded,polar,pol_49c369af8404cdf8,2026-07-18T07:17:28Z,2026-07-18T07:18:28Z
ee407b64-b6e3-4579-b22c-16d9ebe0a456,9665b78b-1a75-43d7-b69c-8e34456487f0,927.78,PEN,succeeded,polar,pol_761bd84c96dba853,2026-09-23T17:24:49Z,2026-09-23T17:25:49Z
62c5555d-10a1-4817-8c06-ce20155ba7a1,900fc997-ca7c-4f69-adc8-0e10c8166bea,2574.84,PEN,pending,polar,pol_854240656aa25502,2026-08-09T07:23:05Z,
2ab6c253-5700-48b9-8fa9-d63f512c1321,0a1eb741-8998-47f7-bd28-0f75b0092cdf,1657.25,PEN,succeeded,polar,pol_2fa1b78ecbc63ff4,2026-09-14T09:33:14Z,2026-09-14T09:38:14Z
fefef9f7-bb2e-4c60-a60f-8d5b9b5b2492,35ae668b-ab25-4b9b-8086-c5433b1da70a,1960.05,PEN,failed,polar,pol_abf4b86b1de96dc2,2026-08-29T12:56:10Z,
0b3dfa86-fb71-42f4-a9eb-c34e7c11296d,d4f92a1c-ef91-4970-8d4f-dd645574e440,2678.22,PEN,succeeded,polar,pol_61a9ca76f7bf9a2a,2026-09-19T08:18:53Z,2026-09-19T08:20:53Z
48d5b3c2-1638-46a9-b935-8d1df31c77cd,799a0e5c-66f2-4173-a191-e0427c940385,2171.36,PEN,succeeded,polar,pol_46db99f4ff979305,2026-07-26T15:36:58Z,2026-07-26T15:39:58Z
39bef7fb-09e1-49e8-beb8-13257a531ca3,967e8696-ebf0-46d3-a1c5-cbee8f8d6a49,2279.85,PEN,succeeded,polar,pol_e7a0002d66eb55a8,2026-09-05T08:52:00Z,2026-09-05T08:56:00Z
b2eb7076-c822-48e1-a159-75678abd0a14,f8b82df0-ff18-4fac-aeb6-b60668ef9bba,2747.87,PEN,succeeded,polar,pol_78067a53363829e8,2026-09-17T15:41:14Z,2026-09-17T15:45:14Z
606df037-1612-4058-a461-7c95d2b00862,8c3d3810-bafe-4f0b-aea3-7553b90b1d64,1093.84,PEN,pending,polar,pol_87759812a4f73587,2026-08-31T16:18:35Z,
266d1eb7-c7a8-446a-bc89-5a1981e85cbb,8715c3e1-52c4-493e-bd6a-9ae10f506212,10845.41,PEN,succeeded,polar,pol_0def2a51a69e4261,2026-07-30T11:29:15Z,2026-07-30T11:30:15Z
19c7c646-3f82-4fec-b8f0-be61cb1c274d,1524cec8-0594-44fd-85a0-4b73751fc1c8,992.02,PEN,succeeded,polar,pol_3dc51296b98c94e4,2026-07-19T12:06:04Z,2026-07-19T12:08:04Z
def4787f-f6f3-42a2-9bbb-b3e1e079f380,da437bdb-6747-434e-a4db-5f425ed5439d,2208.85,PEN,succeeded,polar,pol_5e64d5cc520dfbcc,2026-08-29T09:23:42Z,2026-08-29T09:26:42Z
1cbafce5-3fae-4445-9f01-52ebdbeaddfe,565b7651-7af8-47d2-b09e-252ce3068240,1462.89,PEN,succeeded,polar,pol_93e9d9a7c8e0d80d,2026-09-10T15:09:48Z,2026-09-10T15:12:48Z
de6106e2-0930-41e9-ac0f-c297d8bb41e1,360b057e-901b-4b7a-87eb-5047ba4c38d1,2084.2,PEN,succeeded,polar,pol_6d4645b2b62dc6ea,2026-07-23T17:43:53Z,2026-07-23T17:48:53Z
63472c9f-a6ad-46df-9716-55ef3c21e9bd,6e2b041c-bf90-42c6-bec4-00e28a3201db,1394.21,PEN,succeeded,polar,pol_b0e701bb0ad2852a,2026-07-26T06:26:03Z,2026-07-26T06:28:03Z
9c5e997e-0a44-4df3-9117-101607281ba1,087eac7b-fba2-41a1-9a4f-c8557727ee09,10076.89,PEN,succeeded,polar,pol_6bc70de4bb37ef0c,2026-08-01T15:49:41Z,2026-08-01T15:53:41Z
de0ff04b-0379-4e85-88d6-8466a84685b5,c0754232-c124-41a7-8a26-7215d1e527f1,5275.92,PEN,failed,polar,pol_881e78ac1c40f88a,2026-08-13T12:34:54Z,
02afc20a-d41a-40e9-9ae5-bdb1d79a638a,bd66b613-f4dd-49bb-9320-f52390c7c394,1024.85,PEN,succeeded,polar,pol_99d6ae0d7cb7e929,2026-08-11T09:46:09Z,2026-08-11T09:49:09Z
978ef950-a88c-40dc-b3a8-74d8d7c565d9,2314f2a6-2121-49c2-a131-4af7dcd59a4b,2906.79,PEN,canceled,polar,pol_e82cf9d1a82d1ecb,2026-09-10T14:33:26Z,
99b5c487-2e5e-486c-ac74-950eed526fd6,4ceaca18-543d-4e8a-8d1f-67ff52bbb05c,5401.56,PEN,succeeded,polar,pol_cfc22a89f17bfa74,2026-07-19T10:18:19Z,2026-07-19T10:19:19Z
61a46aff-24be-49ec-ad53-e53ee0a02772,23d69f25-4a83-4fb8-9155-4818a9f1c67d,4959.97,PEN,succeeded,polar,pol_b9a42b97ad435c11,2026-07-26T12:27:27Z,2026-07-26T12:30:27Z
6191e687-8455-4b62-be5e-109e6cf5638e,91803099-2723-4c78-933e-0abac9e4bdb1,2388.3,PEN,succeeded,polar,pol_7a1aa4823e6c9a1f,2026-08-26T09:06:25Z,2026-08-26T09:08:25Z
611cd0e0-c9d3-49e4-a6d7-fd4488992152,a097dcf4-d073-4f1b-90ea-911c78456834,2002.96,PEN,canceled,polar,pol_b4568b985cfcae9c,2026-09-05T09:50:43Z,
c999aa0f-bf54-4ef9-8e7c-39456f8f1b21,54be72b7-a87c-4e74-984e-7554d3ea82f6,1925.76,PEN,pending,polar,pol_26a90130bdf02765,2026-08-10T17:22:36Z,
553578de-9519-4288-baa7-eb662c287b17,d6c12bd4-3f43-4c97-aeb0-8c116d09e95c,983.57,PEN,succeeded,polar,pol_beed066d76eed14e,2026-07-22T11:06:29Z,2026-07-22T11:07:29Z
76b1446d-ae91-41fb-aca5-fbfd053fe4a3,4f7fffc8-2c25-4f10-9040-591374c1567d,1479.96,PEN,pending,polar,pol_431a93a72cc9c6cd,2026-09-08T09:28:24Z,
bf385a98-140d-4418-b24c-c37822593500,b04e0e30-9477-40bc-948e-6ed0d904105c,620.19,PEN,pending,polar,pol_8c21d60b51f8337e,2026-07-29T12:36:40Z,
1cec9d65-d362-4264-a20d-2536678e3828,7bdd0ad7-b749-47f1-ae59-7a922666d17e,624.52,PEN,succeeded,polar,pol_22b686f7d5c1ba56,2026-07-25T10:12:33Z,2026-07-25T10:14:33Z
b9cd614e-89ca-4879-857e-b21c1851ba53,a019e94d-d747-4c53-84a3-5b60238a7aa0,1482.4,PEN,succeeded,polar,pol_3ab53c40bf8b9e9d,2026-09-06T15:37:47Z,2026-09-06T15:40:47Z
3524ce61-4bc6-4bed-aa39-44221ef40cad,583f262b-0efd-4851-85c4-b41c5cda559b,2681.11,PEN,succeeded,polar,pol_4bf40b5ee12d8298,2026-08-22T11:04:23Z,2026-08-22T11:09:23Z
173d218f-c368-4d6d-ba64-eaceff389239,ddbf92a1-84c5-484b-b09c-a304b251e6b7,769.76,PEN,pending,polar,pol_1502e5aa86124c67,2026-08-10T12:41:19Z,
986623db-92b6-46a2-8b25-1904ed70caf6,3d6952b7-2f99-4a50-91b0-9f7fb2b2da70,935.89,PEN,succeeded,polar,pol_66a7042409327b55,2026-08-11T11:36:54Z,2026-08-11T11:41:54Z
5ac3154d-6b21-4ad2-9ee1-aa790aac893b,b7c47d84-1924-4faf-8f45-1c0a45b1c38f,1195.17,PEN,succeeded,polar,pol_6b62f85ae0ebf11d,2026-09-15T13:57:24Z,2026-09-15T13:59:24Z
f7935cc1-82bf-4fde-a1e2-a0978441f682,69bb959f-7510-4702-9e59-f0b610f74b60,3518.72,PEN,pending,polar,pol_b48ffa1402bc8645,2026-08-27T09:05:04Z,
024a1c51-61f4-49fa-9645-680442636726,3d897629-2f03-4848-bd7e-8429a7f68bcd,535.17,PEN,succeeded,polar,pol_7f61cd4a0cd154cf,2026-08-18T13:16:30Z,2026-08-18T13:18:30Z
f60c21a3-ac70-4002-9358-3f98c64b5376,8ed6e3ba-63f0-4514-91cb-ff54c5acca23,1378.76,PEN,pending,polar,pol_489f92c75ab68864,2026-08-20T12:35:37Z,
86e59b57-c151-4e15-9d3f-d6246d5375b8,46aab2f1-5892-4f50-bc20-52093a6f6dcf,169.36,PEN,succeeded,polar,pol_26c62978c1f0b880,2026-08-15T15:41:36Z,2026-08-15T15:45:36Z
cf540f8c-723e-4f31-8a06-4dcd2f2742ea,f8eb5e9d-f4c0-4d35-86d7-942cd4ad8b77,1738.49,PEN,succeeded,polar,pol_2fbe3370b472b80d,2026-09-28T15:08:41Z,2026-09-28T15:10:41Z
ee8ea777-130e-4c93-afd5-2a2bcfbfc347,b407c887-9b98-416e-bc16-6265a00eb953,964.73,PEN,succeeded,polar,pol_4a6615375ae247b2,2026-08-19T15:01:34Z,2026-08-19T15:02:34Z
9fb7c3b7-6794-4984-9042-593cc2d9e5b3,1f2dfac5-7043-453e-b68e-00375662ddf3,4639.97,PEN,succeeded,polar,pol_82349c37b308adca,2026-07-27T09:37:03Z,2026-07-27T09:40:03Z
1a50067b-0dba-48ca-9a32-0d995dee7568,0336106f-db06-4d4f-89e2-48eca525543d,259.26,PEN,succeeded,polar,pol_d5315335515ca99a,2026-08-12T12:47:16Z,2026-08-12T12:48:16Z
21af10aa-933c-40c5-9fd7-5a278b0b075e,699f80ff-4dba-4b9a-b634-3c0093dccaf1,3357.08,PEN,pending,polar,pol_c53c7237fcca67c1,2026-07-24T18:58:03Z,
5b7e65f2-26d8-47f5-84c7-12032f51ebff,6498eaf5-a0b3-4a92-bb7d-5c736ba9d967,7111.56,PEN,succeeded,polar,pol_2aa139397eaa6a64,2026-08-09T11:10:31Z,2026-08-09T11:11:31Z
b63d4644-f2ae-4b40-94e7-13ed8919a37e,0f60b649-90fb-4267-84dc-07c866d004ee,444.04,PEN,pending,polar,pol_83dd94f1a4f33eb1,2026-07-22T17:59:48Z,
c202ee01-4908-4ec8-b1c6-b6d05f011186,b1129975-2356-47fe-baa2-fcbedb78b55e,2173.79,PEN,succeeded,polar,pol_46e4408b58345906,2026-09-15T11:43:49Z,2026-09-15T11:44:49Z
99b1a15f-8dad-490b-9f47-e894a5d4a6a7,1fc45735-3553-464c-8554-0aa7cafefc09,208.2,PEN,succeeded,polar,pol_c2ecd764815ac3d4,2026-09-02T18:04:39Z,2026-09-02T18:06:39Z
cf1e3c43-dded-4463-be94-b64e0de2283a,e0d7d1af-eb66-4f27-90d2-dfb898df0241,24.93,PEN,succeeded,polar,pol_f26d92c156166c95,2026-08-18T09:53:14Z,2026-08-18T09:58:14Z
e0b68800-57a5-4717-b08b-dcb0519c10b6,2b935bc6-b65d-4281-a5f8-7688ece3fdc8,702.84,PEN,succeeded,polar,pol_fa8e536f4a8948d5,2026-07-24T16:13:30Z,2026-07-24T16:14:30Z
a464e7f4-2c61-4247-b2cb-46ca321ade69,d0d4289c-67d5-4ec0-8f1c-39e67fac0ded,537.49,PEN,canceled,polar,pol_e997f18f265ee649,2026-09-25T16:26:02Z,
9d1d576c-e6c0-4e62-82cb-bbb585316395,3c07cba7-ea6c-4d44-80ad-1ebb2bf461d2,1322.67,PEN,succeeded,polar,pol_ffa825c86ff553da,2026-09-09T09:08:26Z,2026-09-09T09:13:26Z
dd0ab4a3-a0fe-470d-87e3-79e039d2e770,051feeb1-951d-4540-b4a1-eef219ac495d,3413.03,PEN,succeeded,polar,pol_c2e06a9233236f6f,2026-08-20T09:45:00Z,2026-08-20T09:46:00Z
a998a808-5da0-4a39-8c41-4432073e8971,79eaf147-319f-4a15-8b93-4cf12cd20a9f,1614.19,PEN,failed,polar,pol_5077319486aace0d,2026-09-28T18:41:20Z,
ed2eac16-3c46-4169-b7f2-e66488e5306d,ab1646a8-c789-4581-9441-d8f1b6374268,2684.62,PEN,succeeded,polar,pol_56d0eb9b0581b31a,2026-08-25T16:56:36Z,2026-08-25T16:59:36Z
b88ac6c2-1dc2-40c8-bbf7-6b9f66dcff4a,bb9ba630-b3e8-4bbc-9930-56e551ff0013,3329.88,PEN,succeeded,polar,pol_c3aee23d625922db,2026-07-25T14:56:44Z,2026-07-25T14:58:44Z
1274d7a5-ad51-406c-810c-dc00d0ea8258,ac485f0f-7f2e-49a0-b8ba-544ae8e4a543,1524.62,PEN,canceled,polar,pol_75314eb0c68bf157,2026-08-27T12:30:56Z,
63d98b5f-e2fa-48f1-881c-5c23481b1d08,50a2991f-d507-416e-bc57-d1f324e8fa9f,5849.2,PEN,pending,polar,pol_b40cdd95bf46246b,2026-09-19T09:23:17Z,
7b82f2c6-69ac-4716-9b16-208b9aeb8739,ae34ef81-3d21-4438-a4fb-fba09b1a8ef3,1783.62,PEN,succeeded,polar,pol_88339b6a2c78b6fe,2026-08-21T16:24:44Z,2026-08-21T16:25:44Z
503c09fd-0ca9-477e-8a11-1005a42a7433,de23641e-52e5-4d82-ab7a-ad8086773548,3645.6,PEN,succeeded,polar,pol_ce939919c1308a43,2026-09-25T15:17:13Z,2026-09-25T15:21:13Z
e0c2b251-2cb2-4745-b4ba-537b46825048,554b7175-3e92-4031-9212-b2bd8cf8ff5e,2563.6,PEN,failed,polar,pol_1a587b37cea4180b,2026-07-28T09:23:44Z,
51b76d12-a87d-4b44-93a3-b7af2784ae2b,35dff22b-335c-4322-a4e7-b88c4d464291,2276.84,PEN,succeeded,polar,pol_f3e1f03d8d510bf2,2026-08-12T15:15:19Z,2026-08-12T15:17:19Z
bb9a600b-d7e2-4f83-b5c3-a1f0c7586703,04a7d950-f4bc-419c-a990-f75564fcf987,1052.64,PEN,succeeded,polar,pol_fdbaa2257e6961ec,2026-08-03T11:47:24Z,2026-08-03T11:50:24Z
0289fdfc-c2da-4b52-9fe1-6a7575b2eb0b,a161d332-71af-4b8b-936b-16849d933869,472.48,PEN,succeeded,polar,pol_0c6fa8c700ea7547,2026-09-10T18:07:11Z,2026-09-10T18:12:11Z
7e0c272e-477c-4474-ac15-56febe559ff4,b00a96ba-14f3-4c0c-9c53-b059a614447e,6488.16,PEN,succeeded,polar,pol_fcab8c9a200244e1,2026-09-05T11:53:33Z,2026-09-05T11:55:33Z
896a1c5b-4a3f-4a11-9516-ce313cf3257b,20700fe5-c850-4c0f-aaec-f4a3b6c11845,2594.96,PEN,succeeded,polar,pol_330641eb88240afc,2026-08-04T18:39:27Z,2026-08-04T18:41:27Z
87396cab-a841-4851-9c49-044771c68633,3230e6db-5715-4fbb-abb9-e9afe0bcbf40,2680.39,PEN,succeeded,polar,pol_ddaee3bd07e8ac55,2026-07-26T09:17:22Z,2026-07-26T09:21:22Z
faec6a43-8536-4654-8b8d-4ab2bd9808c6,a51d99ee-395d-4d4a-ba1d-68cc5d19c1e0,11319.98,PEN,succeeded,polar,pol_d09527ddf14c0722,2026-09-10T09:29:18Z,2026-09-10T09:30:18Z
f93881f3-5ffd-4f2f-8e7e-feb9f16f8aef,5ef1522e-be6b-41cf-9a05-3dcab22a631c,1800.52,PEN,succeeded,polar,pol_3c3892f447f1f433,2026-07-19T15:25:20Z,2026-07-19T15:26:20Z
af38cc8e-443a-4d0a-aa15-0900c63d3160,62f6c4b2-3a7a-4bf2-9aab-64c9c6004472,1652.88,PEN,succeeded,polar,pol_a5521898b8a52b1e,2026-08-28T14:00:33Z,2026-08-28T14:01:33Z
a5e08936-9ebb-4dbf-9fdc-64dec3ad884c,720cecad-faaf-4a7b-bf75-9964e5031242,1469.41,PEN,succeeded,polar,pol_3bc3ddd380bf2734,2026-08-18T18:28:12Z,2026-08-18T18:32:12Z
0bd14c12-3601-42f0-800e-6c5bd8ea2404,1fa0f735-42be-49f6-8f00-ad686568d816,3131.01,PEN,succeeded,polar,pol_a1bdfe6464b9f5e9,2026-09-20T11:57:00Z,2026-09-20T11:59:00Z
4a4b33d5-7b2e-47ad-bec7-7351a91e4727,7ebdcb61-cc20-4409-988b-6c30239561ae,111.56,PEN,succeeded,polar,pol_be37935e44f9893a,2026-07-26T12:54:46Z,2026-07-26T12:56:46Z
f803d398-cf18-4bd9-a8df-1d989a7afe6f,23872038-73aa-4047-a51c-a3a25c614b73,1953.82,PEN,canceled,polar,pol_a9b3f3d0ddd32482,2026-08-11T16:34:54Z,
8af73c78-e2d0-49b8-ab94-f5ff03d8aa18,03310347-3324-46b0-8c80-1b5e6f524613,1317.65,PEN,succeeded,polar,pol_f8fe6516d272c751,2026-08-07T15:52:54Z,2026-08-07T15:56:54Z
4346e1a7-3855-4eb4-bec1-5d08cd774c3f,e61d1dd0-7995-480c-9756-13efa5926a9a,2203.12,PEN,succeeded,polar,pol_85c3c219f50dcf80,2026-08-05T15:54:08Z,2026-08-05T15:56:08Z
55da87ae-acc6-4147-9c53-cdad76719b0c,79d570d1-419d-4fc9-9f03-c8a25a76e949,1473.07,PEN,failed,polar,pol_964f5858e2d0ba79,2026-08-26T13:46:08Z,
ce3276c6-bda4-42fc-a905-21ffbd1983ee,f1498e49-295f-454e-ac89-ebfab8d8f5fd,4829.5,PEN,pending,polar,pol_a4973d8ba6907de5,2026-08-15T13:47:01Z,
290f36d4-0cd7-4eba-a97c-efeab841cb36,abbdd3c6-0f77-4421-a119-1e28f453bd41,1437.09,PEN,succeeded,polar,pol_5eee428eff186036,2026-09-10T15:34:37Z,2026-09-10T15:39:37Z
c7ed5f73-721b-471b-85cf-5b33a5968735,e768fe39-7cdd-4580-84e7-c3fa5dddcf42,855.94,PEN,succeeded,polar,pol_73b0ca5877850ccf,2026-08-07T18:53:41Z,2026-08-07T18:55:41Z
6d1ec7ed-fd78-4b5c-a162-b94b11cafa55,579ddb75-27a0-4bbe-b4ed-5aec95318296,100.52,PEN,succeeded,polar,pol_85acbdc8e04b396a,2026-09-08T15:38:45Z,2026-09-08T15:40:45Z
7eadb9fd-2988-474f-8e5d-f307fedddda5,29907a6b-91d9-43e4-8195-8c08d716f84e,1348.57,PEN,succeeded,polar,pol_efdc49a32c5ed399,2026-08-01T12:07:01Z,2026-08-01T12:08:01Z
37720278-a2d0-43ba-b0d9-70d370a8429d,5ab311b3-3ec8-404e-8eb2-05e49f6ded9d,823.92,PEN,pending,polar,pol_b9efedb6377ece99,2026-09-12T13:23:40Z,
c25d0651-4840-483e-b21a-48c65b749a68,f11269ac-7095-4acf-90c7-ad2e0b573062,2413.74,PEN,failed,polar,pol_7576f3ca5fc6ffa3,2026-08-14T17:54:33Z,
3c8bf3fc-4b16-47a5-b32f-7f8ada6c3e10,f8d960e7-1641-40c3-b2cc-71c19997d95a,5050.5,PEN,succeeded,polar,pol_7cfa42e88310fe37,2026-08-12T09:43:48Z,2026-08-12T09:48:48Z
af51a8a1-46d3-462c-b745-ae7fcd3e6b9d,0e34bbbc-4015-40d0-9c37-e1152f4f11a5,5292.42,PEN,succeeded,polar,pol_91c6a9ce028ced5c,2026-08-11T15:48:37Z,2026-08-11T15:50:37Z
9e399de3-45cd-485c-85b5-0b935bfafa54,c32a2990-1fdd-4894-bf6b-3f86866cacd1,6367.32,PEN,succeeded,polar,pol_bd52a7e9e32eea22,2026-08-20T13:35:42Z,2026-08-20T13:39:42Z
b80b116a-d5ea-4e10-b7e4-abe3e3b99038,ae90dc21-0357-4062-bf9b-46400056754b,1046.58,PEN,succeeded,polar,pol_640ae5b017b17b3e,2026-08-28T13:40:19Z,2026-08-28T13:45:19Z
e26621a1-227b-4131-84f8-42eb2560218c,3413993a-e5c6-4e3c-928e-964481a4bb9e,6098.96,PEN,succeeded,polar,pol_b4bb5ccb1418a79c,2026-08-04T14:25:39Z,2026-08-04T14:27:39Z
e139c882-b451-4783-bb6f-4d73e18074f2,bf64afb1-ca0b-4ef6-ad93-33d4f329dd5e,3301.9,PEN,succeeded,polar,pol_8e05920ce49ae78a,2026-09-23T17:06:43Z,2026-09-23T17:11:43Z
b37eb03c-2ab3-4480-aae1-4d15b1dea1fa,e57ada11-5675-4c10-9970-b0796796145b,382.68,PEN,succeeded,polar,pol_0b6c0fe5a48f9c5a,2026-07-30T14:00:18Z,2026-07-30T14:05:18Z
cc4b303b-795b-4e65-8b59-f40db885ed64,b8feeb68-dd17-4d4e-bed0-b57343efa6c2,2385.82,PEN,succeeded,polar,pol_974833fb3851affd,2026-09-09T14:11:03Z,2026-09-09T14:15:03Z
c00584bf-b8bf-42a9-9c8e-c750ac965aa8,94268042-d0d7-453a-97de-432eddf2c275,196.52,PEN,succeeded,polar,pol_91bcb5b0c45d4b9c,2026-09-16T11:57:52Z,2026-09-16T11:58:52Z
116658de-ad92-4785-b4fc-f4130532cae6,c5f72898-9c99-4f21-977d-e8d616eaf691,4282.7,PEN,succeeded,polar,pol_2b7045cbae539c19,2026-08-07T14:49:10Z,2026-08-07T14:53:10Z
46aaa40c-8330-47a1-990d-c4036f1125b6,9b8c47e8-4e42-4dfb-aa1d-97f7a0d726d0,4801.43,PEN,succeeded,polar,pol_cc21554ab08370da,2026-09-26T09:00:27Z,2026-09-26T09:04:27Z
fd68326b-4155-4f98-88bd-8843d9ac94c1,d43c937e-b9f8-4b8a-bd6f-0b9b74adb835,1636.38,PEN,succeeded,polar,pol_96de20c5737e6397,2026-08-20T15:30:33Z,2026-08-20T15:32:33Z
8e41268d-a74d-4de9-b329-7903d63b56fd,e9cf0149-98b0-4334-8bf9-b8edfbd398ea,9821.27,PEN,succeeded,polar,pol_3f9a9d3e38a954c1,2026-08-05T12:16:15Z,2026-08-05T12:20:15Z
6552b9ef-4624-4eea-be80-d6a3ad7ff1c3,4f5c30b6-60ca-4809-83ca-e27b8a653273,2373.54,PEN,succeeded,polar,pol_3deca6f729f00826,2026-07-30T16:53:06Z,2026-07-30T16:58:06Z
89628139-dd2b-4e49-9a0f-c59d4caf48d7,e925b4be-2d2b-4756-9523-e8979c004a21,150.68,PEN,succeeded,polar,pol_469461e9bd4f859e,2026-09-07T18:21:11Z,2026-09-07T18:24:11Z
05eb98e9-4d86-412c-82ac-d0b461a6adce,c7cb840a-3ccd-484c-b0cf-d6aac69ea30c,6041.32,PEN,failed,polar,pol_b2ca389b985edc3e,2026-09-16T12:41:59Z,
688bc1f9-c184-4563-aff6-a7c1f49e860b,db560140-0e37-4f51-8e11-56795b5ff8cc,2488.25,PEN,succeeded,polar,pol_69b7ebb84ed2a1c0,2026-09-02T12:56:49Z,2026-09-02T12:57:49Z
7ab126d1-8936-4fe6-bf16-a969b49444b3,01f91830-ac44-4bf8-b686-08e74c771a76,3568.12,PEN,pending,polar,pol_58787a06d25a7e1d,2026-09-08T17:00:50Z,
e04d108f-e13b-416c-9de6-fedce16c4e5f,e70d4a42-1cfc-4534-b969-000b96705bf1,2994.89,PEN,failed,polar,pol_548c57b05d801096,2026-08-04T11:18:38Z,
e22e1a88-e8fb-491c-80b4-4e09808b1a79,7fcad782-c7dc-46a9-902b-632f2aebf492,312.96,PEN,succeeded,polar,pol_fbd3234c5568673b,2026-08-08T13:56:14Z,2026-08-08T13:57:14Z
bfd04600-f838-493b-b47d-1fcde8eeacd4,b7a8e3cc-978e-4012-a5c1-750023a1442b,1867.31,PEN,failed,polar,pol_645afd0a74f75289,2026-07-18T12:04:18Z,
34cd6623-eb43-49c5-8f1c-837b32e381cb,c3205fa5-c151-4083-a174-c21d6e5a8695,5339.86,PEN,succeeded,polar,pol_647d1c619ae45a85,2026-08-20T09:52:23Z,2026-08-20T09:55:23Z
109f9327-8d27-4f2a-8649-17d51a168187,95cc3755-529c-4822-be67-991210c1fc78,680.79,PEN,succeeded,polar,pol_2cd4614f870d68e6,2026-08-28T13:06:46Z,2026-08-28T13:08:46Z
e5e64282-edab-4c3f-933a-016f0e11b6e0,22c9d93a-c55e-45e4-87e7-c0bbfe5b4ef0,949.04,PEN,pending,polar,pol_c4b1b1724ab443e5,2026-09-29T12:33:14Z,
f8af6e3c-565e-485e-9fb2-6ef29c7a166b,044c3a2a-690e-4887-bf2e-cd89f974f1de,686.7,PEN,failed,polar,pol_0d8bf303771eb709,2026-09-03T16:48:47Z,
759048b8-7395-498b-825a-ab5c31a40af6,060407df-3248-4262-b877-3d64b8a2be52,1777.75,PEN,succeeded,polar,pol_d237ac3824994dc6,2026-07-25T13:34:51Z,2026-07-25T13:35:51Z
2876a716-f830-4fcf-aa16-abf5e6797560,694e77ff-9a58-4f58-a282-6507c5bd3a3a,556.4,PEN,succeeded,polar,pol_6bba78fed6c798f2,2026-07-31T18:20:32Z,2026-07-31T18:21:32Z
e8bd8c35-8717-439c-918e-0ba14eb05179,e712ecb7-1d6f-4baa-a892-8d1335c8d979,1197.31,PEN,succeeded,polar,pol_4fbd64c45aba96e6,2026-08-17T11:11:15Z,2026-08-17T11:16:15Z
840dec12-ac7c-45d4-a248-7b77298f5093,8b1652df-9db9-47ed-8bfc-3874c8153467,3920.95,PEN,succeeded,polar,pol_31683a8768d620f1,2026-09-09T10:08:53Z,2026-09-09T10:11:53Z
14f766d9-f3aa-4b13-b7ce-5e738b24f6fc,e1627e20-3307-401e-a22f-77a38b0cad7f,5001.9,PEN,succeeded,polar,pol_a09187cb330c1853,2026-08-23T14:36:08Z,2026-08-23T14:40:08Z
b8aba7e0-59ea-4c34-af00-0ab7c3fb2b84,ce31d6c2-85c5-434a-84bb-a8a20eefc573,461.7,PEN,pending,polar,pol_a6c2ae94b7f0ae38,2026-08-25T13:38:54Z,
b8517ac5-4334-4769-b7b6-2c02dcb4a2ba,c6c1c1d2-d73d-4884-8212-128ce151ef3a,114.7,PEN,succeeded,polar,pol_a6a1c20195c0fbc0,2026-09-08T17:30:25Z,2026-09-08T17:31:25Z
c069209b-5f11-48ec-81cc-ed049e5ac0dd,0bf99e07-3e43-485e-8cf2-64fa077b7529,268,PEN,failed,polar,pol_96772da997c36ca8,2026-09-09T18:22:58Z,
82fa2593-ac5c-4b54-ba03-11453579a411,4852b588-b844-4d66-badf-b19163dfa6da,3087.19,PEN,succeeded,polar,pol_9034acf951a74129,2026-08-03T12:44:30Z,2026-08-03T12:47:30Z
01403dcc-1a2a-45ec-a636-adb30015269d,207cbff6-1b05-45ae-80a5-bc5910a8dec2,465.86,PEN,succeeded,polar,pol_db50b92efb7b3245,2026-09-16T10:01:48Z,2026-09-16T10:02:48Z
c18385bb-4457-46d4-81d7-b24776eea08b,08129e98-46da-4a5e-a09e-5b0c8f9a9b68,1239.51,PEN,pending,polar,pol_37d1589280bebe57,2026-07-30T17:59:43Z,
65389180-a61b-4c0f-ad36-8a3ac956e35b,c1c716e5-81a7-4524-b090-f2b9d14f6f75,515.95,PEN,succeeded,polar,pol_f4c5ff742786e014,2026-09-23T16:18:02Z,2026-09-23T16:21:02Z
7d9e24d4-d81e-4f26-ae7e-0ba0c985c551,6809e832-496e-44c7-a304-f35a3463f3cd,6888.9,PEN,succeeded,polar,pol_732cd125e14ca8d4,2026-07-22T17:19:13Z,2026-07-22T17:20:13Z
e23e9410-efcd-4dc0-bb92-7998eb6ec759,f4e69393-c651-4b62-9ace-ea742c8d5c6c,3420.12,PEN,succeeded,polar,pol_e853c1c576cd6fea,2026-09-16T17:35:18Z,2026-09-16T17:40:18Z
dec7115e-7016-40b1-a930-38fb55e235c1,67446971-169e-4098-9c28-2ff814995529,2367.35,PEN,succeeded,polar,pol_a23c68cfea64d738,2026-09-27T15:53:11Z,2026-09-27T15:58:11Z
8689497a-86cb-4b9e-b5c7-21b44a252336,76f2997c-eec2-4300-9c2c-14617f0f72f5,2865.09,PEN,succeeded,polar,pol_0cd9ec05ad40816c,2026-08-16T07:21:24Z,2026-08-16T07:25:24Z
76ab5935-9ee0-4820-8e7d-89888cd17307,838d697f-528d-41ce-a8fa-2a9e840f5c1e,3405.66,PEN,succeeded,polar,pol_4652a41a5aaec88e,2026-09-08T16:59:46Z,2026-09-08T16:59:46Z
0107c48e-e5b0-43e3-a8ee-91b132538ed9,281e4642-8a59-4673-89a4-e99c25c9fd7f,609.46,PEN,pending,polar,pol_865a18726e6d51c8,2026-08-19T10:49:18Z,
d9d78296-0f79-4478-a52e-242cfcf41b49,d91e93cf-e3ed-49db-9899-86daf0e6ec75,8116.23,PEN,succeeded,polar,pol_80a27b5258b9cf89,2026-09-03T14:34:15Z,2026-09-03T14:37:15Z
bb41cf39-3f66-4277-92bb-4e4b11e118e5,4688b2f1-313c-46e6-8513-331072fd9d5f,258.72,PEN,succeeded,polar,pol_21ce3369f3bb4bcb,2026-08-30T08:34:29Z,2026-08-30T08:35:29Z
349f3766-ad0d-43da-8376-d4d6e5ecfc96,c9ad0cda-798f-45f3-bb72-16760079b959,2169.3,PEN,failed,polar,pol_62e571fa6b1d5e60,2026-08-06T15:37:57Z,
054ea475-bf13-4943-af9a-6407cc1600c6,3f86acab-7856-4caf-b883-430915b09c57,153.36,PEN,succeeded,polar,pol_c5fd6227b0fb6c69,2026-08-15T13:29:12Z,2026-08-15T13:32:12Z
00267406-23f7-4b32-b990-b0b25e3b3cf8,4e030d44-96ae-4d71-849d-20f987feac22,748.7,PEN,succeeded,polar,pol_72ea98d76bb4e628,2026-08-01T13:28:33Z,2026-08-01T13:32:33Z
aac20705-6d12-4d0f-aec8-9195709294c1,b276a425-1159-4758-8786-abf261f6105a,1678.84,PEN,canceled,polar,pol_5b2d51bf2bd5adbe,2026-09-02T14:42:12Z,
39a525b3-dbe7-463e-8160-cdd0ef3a3b47,e9b20d27-bc6a-4048-9455-b1dd9013f5fb,6474.79,PEN,succeeded,polar,pol_5ba98b72461b61cc,2026-08-20T16:14:37Z,2026-08-20T16:18:37Z
fec4de04-b74e-4c0f-bdc1-24eb1719541e,7c737bf8-4692-47a0-85ec-dbc35c08a6ff,1947.07,PEN,failed,polar,pol_11198af601c0f498,2026-08-25T09:20:16Z,
43a4a5bd-0050-4782-864e-c7556ba8c0ac,2e3c64eb-b93f-40a4-ae9e-c67977001de8,632.8,PEN,succeeded,polar,pol_95db56cdeed8b889,2026-09-01T13:16:43Z,2026-09-01T13:20:43Z
e33584aa-353b-4a54-a88c-2ad0131f9b46,a932fc4f-cc50-462e-904e-a015c619bf39,2253.08,PEN,succeeded,polar,pol_3db9dd635c86d760,2026-08-15T09:21:44Z,2026-08-15T09:23:44Z
f1561192-2055-4d09-a913-4ff14a40f711,41e3863c-df9a-4b6d-854f-8b8b716bb9f6,10130.71,PEN,pending,polar,pol_f6f21dfbda5113b4,2026-09-03T17:20:56Z,
98a2de22-7a16-43b6-8263-cefdbcd7a4c3,7f6ae9eb-83a8-464c-abea-e8f85127388a,7246.25,PEN,succeeded,polar,pol_08b6fe5f5c28ae50,2026-08-22T15:46:31Z,2026-08-22T15:51:31Z
76fc9017-64b8-4322-bdde-a683b2facea0,2c4711ed-0499-4b4f-9a2e-8888e39299fb,3819.5,PEN,succeeded,polar,pol_caa1e0b5572521c3,2026-09-16T14:00:07Z,2026-09-16T14:01:07Z
576b488f-be36-45b2-aa9a-be366155b8f4,b9fb9866-4446-443b-8cf3-70232e81420a,1357.74,PEN,succeeded,polar,pol_04d50e3907e9a248,2026-09-16T14:08:05Z,2026-09-16T14:12:05Z
46fa4a39-c929-4880-8daf-b5f29f0c15e5,acb5adac-011f-4d17-8045-cd5813fae573,9177.3,PEN,succeeded,polar,pol_f16fe8ed19985ed7,2026-08-06T10:16:58Z,2026-08-06T10:18:58Z
04b800a1-4d06-4c67-9a34-74f077284bc6,74c19d05-819f-415c-9b1c-606d8e1d63eb,6445.41,PEN,succeeded,polar,pol_55d2ab008bef6c62,2026-08-02T07:40:38Z,2026-08-02T07:44:38Z
a1bba5a3-83ef-4a58-9257-a96bb0fa2971,bcf0e7cc-b7d8-456f-b85d-4ac521808d56,1221.49,PEN,pending,polar,pol_766eeaf3c5c42fe4,2026-09-23T14:00:45Z,
669e8086-baed-4080-b54f-90c2d988944e,94e20aa5-26b2-49a3-88a5-ccecedda39a1,171.64,PEN,succeeded,polar,pol_e2e9c91e505bad1e,2026-09-20T15:23:25Z,2026-09-20T15:26:25Z
db1c07c0-8d64-4a3e-a3df-b726f667c3a9,eebc15e6-157b-4711-baf5-3c2446295450,722.83,PEN,succeeded,polar,pol_a0b8a96cdc57ce5e,2026-09-28T13:28:33Z,2026-09-28T13:30:33Z
1ce704bf-c937-48fb-97c3-56dd8251270e,d6c7197d-7241-4b73-b79e-97b96f0c55ae,1207.36,PEN,succeeded,polar,pol_65d9d78f7e3b6f3d,2026-08-25T17:12:29Z,2026-08-25T17:16:29Z
a6684a01-b83d-4c43-bb35-4695dfda75f5,bc054460-bcda-47f8-8dba-c2d85416a1ad,160.66,PEN,succeeded,polar,pol_4fe5a8cd0324dd1e,2026-07-19T10:02:11Z,2026-07-19T10:04:11Z
0ff1536e-fe4e-4474-8c1e-39cd4de47ee4,753bbbb2-a52e-4866-b1fe-c0527d4d6627,1042.53,PEN,succeeded,polar,pol_0e9c33f8072483d2,2026-09-11T09:13:16Z,2026-09-11T09:14:16Z
c95659c2-dca4-411c-9182-1f3bfb528e75,7937fa1c-7c1d-488a-801c-7fb247b10937,1489.96,PEN,succeeded,polar,pol_8751f3e7d18e6514,2026-08-24T16:50:05Z,2026-08-24T16:55:05Z
a49d02f4-f104-4450-a2b3-3e5a204396e7,c3cc3a98-484e-4452-a03d-2950d56b290c,388.64,PEN,succeeded,polar,pol_36e691e045a87ad8,2026-09-22T17:41:10Z,2026-09-22T17:45:10Z
e034ff07-e445-458c-bf75-d303bd6df376,6b5c4ad8-d509-48cf-beed-5e9fd12a02b5,984.19,PEN,succeeded,polar,pol_8294a03635c8b2d4,2026-08-09T06:11:06Z,2026-08-09T06:14:06Z
41bbfae2-3bbe-442a-95bd-d273e88b6167,b05944ff-b1c9-4173-9a49-936a975e644d,2373.51,PEN,failed,polar,pol_6e20658219cb251d,2026-07-18T15:02:35Z,
62de8c98-e918-4110-afa0-8817dd253888,bc7eef30-e53c-4e2e-b491-53f7f1cc149c,248.19,PEN,succeeded,polar,pol_f808c0876458cf47,2026-08-18T10:23:31Z,2026-08-18T10:24:31Z
daa65135-fa9c-49f9-a5ba-d378d12cc3aa,05eb6904-930c-4b3f-9413-5975f23b311b,2043.64,PEN,succeeded,polar,pol_d839f7ff8c4cc10c,2026-08-17T14:17:15Z,2026-08-17T14:20:15Z
d9b3d0eb-2c30-4c46-b0b8-dd0964658a40,6efb5e18-c602-4f47-931b-0226bad22113,569.58,PEN,succeeded,polar,pol_61e7a7ff8a12bac0,2026-09-10T10:04:43Z,2026-09-10T10:07:43Z
ba7fe4b2-07b1-4a85-b87f-2463cb79d123,707293a9-ef75-4a1c-bd89-0c4c8ba0b1e1,1591.56,PEN,succeeded,polar,pol_d5da0d4c774dd982,2026-09-16T09:22:43Z,2026-09-16T09:26:43Z
a327ebf7-d31f-4034-ac4b-ff338a5869c8,a332fc69-7566-4bea-95ff-1721f0c20284,2896.81,PEN,succeeded,polar,pol_3b24e72e582d93d7,2026-08-14T10:59:56Z,2026-08-14T10:59:56Z
6d23b93d-4454-41df-b992-61b6004df256,5bd926bc-491b-4952-a8a1-c4ba0c35a67a,85.65,PEN,succeeded,polar,pol_2e4fc94469a98e31,2026-09-07T17:33:35Z,2026-09-07T17:35:35Z
9277110c-d3f2-4b93-b7b5-13f3944c64f1,8c9bd2e3-5193-4fd1-a4e9-e4a9e460400f,811.51,PEN,succeeded,polar,pol_1ca4facb25a35951,2026-09-26T14:37:34Z,2026-09-26T14:42:34Z
dd70d466-0fc5-4734-aed2-5961c117ba09,483f4cca-61f2-4672-a279-a4756e3baf44,88.62,PEN,succeeded,polar,pol_08baf89465e1d2ae,2026-07-18T13:59:28Z,2026-07-18T13:59:28Z
b8a751c9-c9e7-43b1-85d4-0af315cb474e,b0e6e490-0062-44b8-9547-44be32cf44a6,3413.05,PEN,succeeded,polar,pol_f9c5194281e8899f,2026-09-27T11:48:28Z,2026-09-27T11:49:28Z
8745c3a6-ddc4-498e-b624-bb2aa9096e1b,6fd8f445-40ec-44ab-aa21-233b7236cd0c,8023.06,PEN,succeeded,polar,pol_cccd8aa9b58f87c8,2026-07-22T14:31:52Z,2026-07-22T14:33:52Z
ad247aeb-c7b1-40a7-8207-5913ec9c5747,84894f78-d5a3-4172-bbb9-21a96ede84e2,1869.04,PEN,succeeded,polar,pol_5d9a27272bd28ec5,2026-09-30T13:16:29Z,2026-09-30T13:21:29Z
61f1476a-4621-4e48-afc9-3740de59f926,de1b2cd2-9823-4b81-9f8c-a7829babe199,11654.68,PEN,succeeded,polar,pol_a16c3f61a260a2b8,2026-09-26T06:17:44Z,2026-09-26T06:19:44Z
1f6c6134-d7c6-4299-a777-f38f49772e0a,d8c897fb-6787-4041-8127-9735db97dfc6,1887.6,PEN,succeeded,polar,pol_95d068fd26c3a90e,2026-09-29T16:35:24Z,2026-09-29T16:36:24Z
b02ba795-9fd0-4725-ad11-aa2626f6f5d6,48065d32-f38f-4354-b4c8-da780f49ac18,4266.05,PEN,pending,polar,pol_dc7d36c23e917aa1,2026-09-17T14:17:25Z,
5e1a9cda-ec2b-4985-9fb1-74530d6987cc,73d9512d-70c9-4865-bf56-b9eb32f5e5e4,8382.45,PEN,succeeded,polar,pol_f193b870c868f609,2026-07-20T13:22:39Z,2026-07-20T13:23:39Z
42fd0ebc-a4f2-4279-8c51-a9e23220cb64,9c21e7e9-2a10-4c6f-a763-baa90ea45d9d,2864.14,PEN,canceled,polar,pol_e57585577ffed69b,2026-09-15T13:45:10Z,
e2d50d82-759b-4dcb-9275-782447fefcf6,02a88333-fe1f-4be6-8e2e-ba90ea7e4b9f,775.34,PEN,failed,polar,pol_7ad034957b024b46,2026-07-24T15:50:05Z,
d8c2a06c-85b4-4fed-aadc-6b7732f424a2,5ecb9a4a-abcd-49a2-9cc5-69ca599479bc,222.02,PEN,succeeded,polar,pol_65bfa51d478031b1,2026-08-14T15:19:29Z,2026-08-14T15:22:29Z
de2df9f1-8b5e-466f-9def-dcc4492877eb,64176d83-5c8f-4dc8-8ed2-d6660eef519d,369.48,PEN,failed,polar,pol_694f76a9c347616f,2026-09-19T09:28:10Z,
2e685f38-95e6-475d-bae4-f0c9c8a03b74,00e79878-94d0-4e9e-bb46-4c56ef502466,791.49,PEN,succeeded,polar,pol_ad9983fe07d56035,2026-07-28T18:16:14Z,2026-07-28T18:21:14Z
70c5765a-996b-4a38-b207-369e796fa39e,2f8027d6-643f-4549-b28c-9124ba9fd300,3117.09,PEN,succeeded,polar,pol_bf7e829332e30331,2026-08-19T13:11:31Z,2026-08-19T13:16:31Z
156c9633-da5e-4e1f-9f2c-41a37e1827d4,ca20000b-8f78-4a3c-b36d-147ec3da84e8,3249.93,PEN,succeeded,polar,pol_7b0a58bef6e2e052,2026-09-29T09:10:46Z,2026-09-29T09:14:46Z
4997797a-cfd4-4872-bfe2-fb3cc7ab32c7,6145a431-4ee6-40f4-9dc0-20b808c190b3,3115.28,PEN,succeeded,polar,pol_d48515fde69f1866,2026-08-25T15:33:45Z,2026-08-25T15:36:45Z
71c82d36-9004-4eae-aeb0-6ef3b619b35d,063c1a73-67d3-4207-8d27-271e60507d30,3410.87,PEN,failed,polar,pol_0ba5120f12a29bd8,2026-07-26T10:03:02Z,
6595a253-a139-4300-a302-5d97a2214684,d9d30d11-bbbf-472c-b153-f7fedc1a9e10,130.9,PEN,succeeded,polar,pol_5c03dc5d50d5ffab,2026-09-22T11:38:03Z,2026-09-22T11:41:03Z
251db5fa-f147-43d0-989d-36484374f6af,ca64422d-ea7a-4ac5-aa4a-e085f6dda84e,2475.29,PEN,failed,polar,pol_2d8d4f816bfea7f6,2026-09-18T09:12:31Z,
e3543113-b6a4-4696-9b40-64121d204982,e45a5e83-1168-40ff-af33-a5ec4584f564,1316.16,PEN,succeeded,polar,pol_b41f9abb051a1f37,2026-09-27T12:57:08Z,2026-09-27T12:58:08Z
85a4bdbc-7f39-4c36-b1d1-f3c475ba124e,41ab3109-b2e9-444a-abf1-1a863144924b,817.22,PEN,succeeded,polar,pol_b6b73fbb60b6fa2f,2026-08-25T09:01:15Z,2026-08-25T09:03:15Z
62f0eeff-7680-4066-b9ce-301b22461c14,06d0e388-2b8b-43a2-9df5-7b4fdaf0a4d5,7202.08,PEN,succeeded,polar,pol_8dc787222d07dc68,2026-09-18T14:28:18Z,2026-09-18T14:32:18Z
585e59d7-44d4-4597-9d01-a0c68a3479b0,2337ba58-6662-45d7-b0ec-36c78c42a51b,1291.08,PEN,succeeded,polar,pol_ca6e25115a3effcd,2026-09-11T09:38:36Z,2026-09-11T09:40:36Z
1484710a-9d5c-4105-8394-368874b562ec,1e2d83c0-7a2b-458b-b4fe-48e09f6ed353,2193.69,PEN,succeeded,polar,pol_16a5a495efdda0dc,2026-08-11T09:23:06Z,2026-08-11T09:24:06Z
161106d6-ab3e-4157-b548-ff59020cb99a,0bc32f53-7479-44d4-9975-80c0c47eda5b,549.56,PEN,succeeded,polar,pol_07fcf3a621c262fa,2026-08-01T10:37:10Z,2026-08-01T10:42:10Z
a5201b2b-84b9-4e5a-867e-7e0e07a9510b,32a9b383-5a75-4ff1-92c7-1db230e57fff,180.24,PEN,succeeded,polar,pol_76b6f800b64c7929,2026-08-04T10:33:52Z,2026-08-04T10:36:52Z
ecff1c42-3dd1-47ed-b86a-3fa3b1268461,5ea87507-9381-4ff4-b1f5-03dd26406fcc,1279.3,PEN,succeeded,polar,pol_c4255b014681990e,2026-09-08T09:26:23Z,2026-09-08T09:31:23Z
e8126de4-0f71-4148-bc4f-14ecd10604c3,810d5ebe-f782-4492-a4db-5d30455e2dd1,1414.52,PEN,succeeded,polar,pol_d5de3154740078e5,2026-07-31T14:41:55Z,2026-07-31T14:45:55Z
2ce9bf59-c98d-4818-95ec-ec631695997f,3f2d9195-8f94-4840-8944-e428696defea,5226.42,PEN,succeeded,polar,pol_871d6584bbcc4e9e,2026-08-30T10:37:37Z,2026-08-30T10:41:37Z
e0cb4b75-ded6-4617-805b-ebd53d014517,e2590a53-d0ba-455f-833d-e8785de23789,2821.51,PEN,succeeded,polar,pol_28ccb414557997c3,2026-07-18T10:31:42Z,2026-07-18T10:32:42Z
09a751de-066e-43e7-975e-f7939655a758,8e9352bc-7214-46b5-8aad-9b0adf3d4f4f,2167.23,PEN,succeeded,polar,pol_d7c22ccbbe4829bb,2026-09-25T17:15:31Z,2026-09-25T17:16:31Z
3f40f8c0-02a1-4a43-a8f1-055c05912138,391d3b28-6d6b-454b-bfef-a7a2a56eddb2,348.15,PEN,succeeded,polar,pol_f3f2eb0ec1351871,2026-08-28T12:09:57Z,2026-08-28T12:13:57Z
a93c2aa0-5527-41e3-ab20-b5d0749175f3,ebdb7f16-8e3f-4719-9702-b2e99ec2cab3,6090.02,PEN,succeeded,polar,pol_d3a80b5df349ab76,2026-08-03T15:28:11Z,2026-08-03T15:32:11Z
90ee1ed7-a407-4398-8a2e-b1d1347f824b,4449f29d-9ca5-4ce4-b373-efa89359bd81,1370.89,PEN,succeeded,polar,pol_2154339e2a362b4f,2026-08-31T10:00:38Z,2026-08-31T10:04:38Z
5fc469a8-2b81-4d5b-a675-2d635f837d6a,0003d5f1-3aab-4c9a-9419-232c018dad55,3745.48,PEN,failed,polar,pol_d151a9d6632073e3,2026-09-15T15:00:41Z,
9242694b-7c78-4a3c-a541-7f7d83f6c12f,acc57483-08f2-4f3d-9a5e-d28f09c0ed36,2795.61,PEN,pending,polar,pol_79d040444ae9a564,2026-09-02T12:46:28Z,
7234c62a-fda3-46f8-8fd4-590c12c08934,cfd7fd9d-78db-4108-8bad-541b445b9878,4059.54,PEN,succeeded,polar,pol_db995235d2df5a9c,2026-07-18T07:14:29Z,2026-07-18T07:16:29Z
4d73e79f-5f4f-4ed7-8b0c-cf1e35b0f96d,9c0a0ea8-d114-4ca9-b2d1-4e63dc554868,1711.88,PEN,succeeded,polar,pol_16543fb89e16be98,2026-07-22T09:51:15Z,2026-07-22T09:53:15Z
85cc79bd-1a14-43e6-865f-4fd8b00e286c,bf74347e-4e1c-4b7e-aa36-e2d12dcbe37a,2067.32,PEN,succeeded,polar,pol_eb02b304d7ddf211,2026-08-09T11:23:53Z,2026-08-09T11:26:53Z
e8a0eedd-13b0-4af2-a880-c76022a3313c,a9345484-cc5e-4936-8454-ec7e494bd219,2982.44,PEN,pending,polar,pol_0fb0e7c6eb8ea212,2026-08-01T06:20:23Z,
29cc2681-efb5-4cb7-96b3-fcf17956617c,c36fcf2e-0c5d-4990-bb5d-465b41ad171a,1922.93,PEN,pending,polar,pol_966ed1b654ec130b,2026-08-12T13:13:42Z,
754a6879-a247-4d6f-8bed-68c9cfb7068f,60a0b127-9910-41c7-a253-1764d309b4c1,2620.42,PEN,failed,polar,pol_7aa3e371ffebff77,2026-08-28T12:28:18Z,
fcdc0ffa-1c66-4ebe-9675-fd2345d1510f,028886f3-1b28-451a-a83e-d8695e2587a9,1932.63,PEN,succeeded,polar,pol_6f1b2c59b3b53f8e,2026-09-16T13:10:52Z,2026-09-16T13:11:52Z
f9cf599b-2ed9-4747-9649-fbead778c134,2e594733-6a53-4e83-9f1d-572f4c3ce0db,774.83,PEN,succeeded,polar,pol_f9724acac7deef88,2026-09-17T09:54:36Z,2026-09-17T09:58:36Z
b75cb8b0-4706-45e1-a1d6-19b26ab22925,b814d4e8-df6b-462e-8f6c-0ef59b5c8ea5,2661.06,PEN,succeeded,polar,pol_4b4bfb89dc91d0d3,2026-09-08T12:50:30Z,2026-09-08T12:53:30Z
284c8fa1-3f1f-4e06-b16e-cee033ecd20c,26f1e370-3105-4b16-9375-110e4a66e84a,6232.13,PEN,succeeded,polar,pol_23085fb3f4ea48ca,2026-08-23T10:16:46Z,2026-08-23T10:19:46Z
7bd97e19-b8e4-44e2-9d05-76c344d0dcec,33368abd-1ccb-4b15-bb5e-1fbd4b5566dd,1941.16,PEN,succeeded,polar,pol_1b065f44ed146aba,2026-07-18T06:59:25Z,2026-07-18T06:59:25Z
8f213c54-0051-46a1-9d2b-ebdbe4f239bf,226053bc-7331-490d-881e-2ba8841fbe57,649.42,PEN,failed,polar,pol_2ca281fc5c4b0ef2,2026-07-28T12:24:53Z,
1ce5c90c-942d-4ab8-bd5c-78df938360da,528c9b52-8b20-4cec-a47c-91b2de93dd67,1152.48,PEN,failed,polar,pol_bed12f41a369c48f,2026-07-18T15:30:24Z,
84ec7b6e-2f43-4277-8193-a52d0b6b2744,9e223522-75c9-4abd-bdf3-40c11f0957a4,3716.94,PEN,succeeded,polar,pol_2ed54e11543982ca,2026-08-10T15:22:35Z,2026-08-10T15:26:35Z
e727ee7f-cbe2-4fb2-9fad-87e3285e903d,eb6d9ad5-9e48-4d25-8349-339beb31318b,157.84,PEN,succeeded,polar,pol_b7c701cf1015dc81,2026-09-27T09:42:29Z,2026-09-27T09:43:29Z
2acfdbcd-82ac-49c7-9d0e-5e7481539cd7,ef1e730c-d984-49bd-ac19-05104e694389,879.81,PEN,succeeded,polar,pol_e46406fbd5d9f9b6,2026-07-20T10:48:18Z,2026-07-20T10:52:18Z
9adc7a03-edf2-4569-bee0-772786aac551,fc398b49-8986-48e4-99ce-24fb206ed58f,2330.22,PEN,succeeded,polar,pol_7f646ac074ac6acf,2026-07-31T17:10:10Z,2026-07-31T17:12:10Z
0ad00142-5dca-4aac-b651-1d89673a60e7,219e28bb-165b-421e-a001-327d72ec17de,6041.14,PEN,succeeded,polar,pol_822f596349311dc0,2026-09-08T18:54:31Z,2026-09-08T18:56:31Z
431b6f58-1613-4ab1-bc40-d0d6ecbb3c34,2084b5d7-c95f-448d-a992-173348beda25,5545.03,PEN,succeeded,polar,pol_0cf2cd6fc45db4fb,2026-09-02T15:36:45Z,2026-09-02T15:40:45Z
19caec53-f745-46f3-8f03-421a01cadf1f,dccb35c0-a567-4e8b-a9e0-659e52f3bfdd,7132.86,PEN,failed,polar,pol_7aed990db550d650,2026-09-19T08:39:18Z,
1e5930b0-602d-4b06-a424-a8cb3e2c5f5d,65a8b2cd-09dc-4437-96e2-fe9c1e56567e,1117.32,PEN,succeeded,polar,pol_fd1e485ec450e172,2026-09-19T07:31:13Z,2026-09-19T07:35:13Z
d6d4ce0c-e09b-4e30-9f2a-3f57bd33d982,cd7ac657-bcc0-4b52-b417-40c5c978e444,370.26,PEN,succeeded,polar,pol_e62bf2c79a6629ed,2026-08-07T13:06:01Z,2026-08-07T13:08:01Z
077aaf7a-8e70-48c7-a33e-4ce666800c84,8ca59d07-885e-4a50-a337-bddff08099da,1689.84,PEN,succeeded,polar,pol_2ab631a02f301c58,2026-09-23T16:42:11Z,2026-09-23T16:43:11Z
1fa0affb-51ba-4ae3-a3b7-52e94d47d3e5,4e1ec499-8dee-410a-ac90-6785a8ca8707,1221.12,PEN,pending,polar,pol_7cd26b247e8160d3,2026-09-27T06:22:07Z,
13e28c1c-5b3d-446a-bdd8-4421455a32d2,8eb25063-fce4-4bbb-aaf4-7cf7005fced5,2800.45,PEN,succeeded,polar,pol_3aa97f67905a880e,2026-09-20T06:50:37Z,2026-09-20T06:55:37Z
3d872aac-e188-43b5-8473-3fea9bd91e23,382df3ca-e56b-49c1-a637-6138f9f2a90f,2132.84,PEN,pending,polar,pol_fce4bebd64fc03da,2026-09-01T14:33:29Z,
9af60bdb-ffaa-448c-9a45-7073880598a3,8e0a280e-ff13-4c5c-a2a9-39603b9556e8,1267.19,PEN,pending,polar,pol_f8783e5e9d21a70d,2026-08-06T14:36:39Z,
c6f0cdbe-eb59-4186-a60e-f6d97a348864,52032408-36fc-4752-b425-45a3e85fa2a9,12239.17,PEN,succeeded,polar,pol_71aabb395658f1ae,2026-08-07T13:37:42Z,2026-08-07T13:38:42Z
864b109e-4903-4a8c-8cb4-f8f5ff13aa99,09aa073a-7839-4398-9116-15edba9c34e8,516.83,PEN,succeeded,polar,pol_0c5f6a627ba3fea9,2026-09-06T14:39:37Z,2026-09-06T14:44:37Z
533cce63-87b3-4b37-83e9-9ac1bc8808ae,51b11446-479f-41f6-b5a3-d5197d791fde,3251.41,PEN,failed,polar,pol_0c2c82190a8cf32f,2026-07-30T17:49:46Z,
f5abc1fa-0ff1-400b-8ed6-fbd99a5b5658,d3ccf833-d585-4892-9375-3cf85c819737,2728.59,PEN,succeeded,polar,pol_d9f4fb364f50ef73,2026-09-13T09:14:30Z,2026-09-13T09:15:30Z
d6f6d07a-8100-4e68-ab24-0b0fe3ef3bb2,02ddbf33-2ab7-4eab-bf35-8d385b802de4,1323.6,PEN,pending,polar,pol_da121c112ba45b5d,2026-07-28T15:29:31Z,
347739de-ab8a-4a10-8820-9cddcceb77bf,fc167e6f-4d60-47a2-9d84-ec9e29f0c547,596.36,PEN,succeeded,polar,pol_e32aba0cadbb5ac2,2026-09-05T11:04:35Z,2026-09-05T11:09:35Z
1002f269-d1f2-466d-91e8-0a2ef06736ab,fd5782a1-6ad3-492c-9b23-1fc6eaf7b815,340.21,PEN,succeeded,polar,pol_66ba777b95f12f89,2026-08-11T16:12:11Z,2026-08-11T16:17:11Z
cada2093-59b7-401a-b088-d4332eb73921,8c4fe801-31be-4bb2-ad4c-561e0e0eb07f,12482.73,PEN,succeeded,polar,pol_48b00320441c2d30,2026-08-02T10:23:51Z,2026-08-02T10:25:51Z
44ad4af4-8ad4-473a-abb1-050649847dfe,40e4a321-f688-4a3d-9a61-7c68bf3e65c7,1383.64,PEN,succeeded,polar,pol_3530a5964db0f55c,2026-08-19T12:29:58Z,2026-08-19T12:30:58Z
03afec22-1572-46b0-ba5d-bea7fd75e0fe,94dedc2e-f8d0-4c60-96bc-0430e44e1293,84.68,PEN,canceled,polar,pol_4f5613f76a63ce02,2026-09-16T10:20:43Z,
934677fb-8272-41ec-b020-97d901f61e01,882e2da0-d5ed-4ef8-9dff-a89ea0e31c97,4370.38,PEN,pending,polar,pol_254a091c22d2e9a7,2026-09-19T07:40:33Z,
cbf39436-d11c-4a00-82d5-1d2dc9b05e94,0807b4d9-4d69-44d1-9ad6-d0604110e6a7,2639.04,PEN,succeeded,polar,pol_2e4c925cbe067c96,2026-08-29T11:53:31Z,2026-08-29T11:55:31Z
57ea37bb-8d00-4580-a094-a466aa4a83b9,85241e54-0fe8-4314-a955-bcce080d0aba,965.86,PEN,succeeded,polar,pol_2704eb2e650c05e9,2026-08-20T17:08:41Z,2026-08-20T17:10:41Z
b6b05557-4d8a-4316-9c7a-521cf33ac85c,7a3c24b3-d552-4b03-bdef-64b817d1c3ef,2498.06,PEN,succeeded,polar,pol_b06ac9d24cb6eea1,2026-08-07T14:24:39Z,2026-08-07T14:28:39Z
56572841-d195-4334-abeb-db651c2909ba,1c9b9c93-9c6c-4b97-bbfc-a0b4bf677786,1847.27,PEN,succeeded,polar,pol_93f8e7641b27ac21,2026-09-30T14:53:58Z,2026-09-30T14:58:58Z
a2c925d5-8996-4c8b-942d-8e314af31c08,0695838b-2bb7-43a4-b22b-fdf3344d04c4,2505.41,PEN,succeeded,polar,pol_e33b71b88b7141a0,2026-08-09T10:15:04Z,2026-08-09T10:16:04Z
893f7899-8b1a-415d-a974-fade30b587f0,fbe594a4-3e54-4e91-be80-7b7d42987457,553.84,PEN,succeeded,polar,pol_7ed3d834ea11aa98,2026-09-23T11:39:07Z,2026-09-23T11:42:07Z
dcceeec8-2c76-45a6-bf1d-33cabb31de3b,b99e9e4e-24b9-498a-ac2f-c45af906dffc,3616.32,PEN,succeeded,polar,pol_6283d1c85c89f59a,2026-09-18T14:24:38Z,2026-09-18T14:27:38Z
ed499a56-5a66-4f54-bbec-732ffebc034e,cf4067a0-af9f-42d2-a7be-2bad5935852c,436.64,PEN,succeeded,polar,pol_678a82724e68b2a2,2026-08-19T11:02:30Z,2026-08-19T11:03:30Z
119e23ef-65d6-4d56-85ae-ebe461fea10e,40e7660f-daaf-4f1e-bb65-2ff7d1e380b6,1384.36,PEN,succeeded,polar,pol_4d0b0a391b0e6471,2026-08-12T09:40:00Z,2026-08-12T09:41:00Z
1883d179-c021-491f-b8df-e2f9578e336a,cd089cde-e578-4624-8b19-27d0b3c9d3b9,103.59,PEN,succeeded,polar,pol_3ee5cc8cce02b433,2026-09-12T11:33:51Z,2026-09-12T11:36:51Z
681142ff-1148-4642-84cb-2e56b4f289e6,f55723f6-6e5e-4c54-9182-91d28575a8e8,538.47,PEN,succeeded,polar,pol_17a5e86bba42ef34,2026-08-04T09:30:04Z,2026-08-04T09:35:04Z
ac945af3-dd45-430e-93eb-9ce1d40efc0a,05443b61-c6a2-487a-ac2c-41f1f30f3805,2054.34,PEN,succeeded,polar,pol_543084fb2db8e6fe,2026-09-04T14:50:11Z,2026-09-04T14:53:11Z
0186a6b5-39e0-4fcc-a2db-bf6658948d6b,b4a5718a-2f79-4213-bd9c-00243e744f6a,9887.33,PEN,succeeded,polar,pol_42cb7d88bf8118aa,2026-08-01T06:00:57Z,2026-08-01T06:01:57Z
d5405164-c820-41a7-b3d9-63a4b3cd84cd,80e195a3-5f4f-4fa5-9b1c-38a11eefe644,6709.39,PEN,failed,polar,pol_094bb9f77d25aa3c,2026-07-22T17:05:03Z,
3ebfea38-6a25-4803-9187-3861968f71dc,6e373b80-9f75-45c2-92cf-cc19e58289f9,1346.76,PEN,canceled,polar,pol_c8a10f9bf7c1edc3,2026-07-20T15:44:47Z,
d4799be7-e277-4685-bfb2-8a02a84ce0bb,3e2e387e-7ffa-4b49-a915-c2c095dd3f91,1556.62,PEN,succeeded,polar,pol_81ac665dbe20db6f,2026-09-30T17:35:01Z,2026-09-30T17:36:01Z
f92e75e4-0c43-4ac8-bc9f-db11b8bf93a0,7f33d973-0f9d-4498-a16e-a321bede49ba,2786.7,PEN,succeeded,polar,pol_f46ab3dbf4db1fa5,2026-09-24T15:51:55Z,2026-09-24T15:55:55Z
5ef8bf9e-1f45-4ce8-8f27-727698674409,5b20c011-6990-490f-bc6f-b84ddaab6351,1954.88,PEN,succeeded,polar,pol_c4f46dd8be047fde,2026-08-24T09:23:39Z,2026-08-24T09:26:39Z
176492bd-a7ab-4d49-bf1c-ae56a8d32467,efb7cb04-53f3-406b-b449-19ef05be0c35,568.84,PEN,pending,polar,pol_59fc7e3c4d2a4f43,2026-09-05T06:32:51Z,
3b64e89f-9d48-43ad-9905-c85be7f24103,269ae081-b805-4a44-adf9-bd5bfffe0d64,6157.41,PEN,succeeded,polar,pol_6ebfdc1524a77087,2026-08-29T10:08:38Z,2026-08-29T10:12:38Z
9e2521f4-8e9c-480a-b737-a1db57d02e34,b6619909-04c8-483d-9b6e-6fd655f03ecb,6819.85,PEN,succeeded,polar,pol_36c3d6078af33bea,2026-08-07T09:44:51Z,2026-08-07T09:49:51Z
7b88fb05-807c-4c1e-bc21-36588ec5c9e5,14f10220-ef53-4517-a5d7-ec496ef0ea68,1621.38,PEN,succeeded,polar,pol_30603dd9cd3bcf0a,2026-07-26T12:59:39Z,2026-07-26T12:59:39Z
bd2b59ac-881c-4b6a-8ca8-abcb84a43cf4,728fe960-86aa-45e9-b325-a8b987685f50,345.76,PEN,succeeded,polar,pol_3929f73a6c296e3b,2026-09-06T06:42:35Z,2026-09-06T06:44:35Z
d282b896-d8c1-4882-a655-e93adf4d7c2c,91aedf1b-f76f-4e1f-aabc-eb69b911ed2e,7636.92,PEN,succeeded,polar,pol_b5e95fbb52355b24,2026-07-23T17:31:08Z,2026-07-23T17:32:08Z
a30e4af8-7b21-49f1-a610-e5533e60fc75,49aca5dc-1830-46ba-a230-3929e102c8c9,1445.8,PEN,succeeded,polar,pol_4af302a02bda7cf8,2026-09-28T09:33:09Z,2026-09-28T09:38:09Z
a65e71ec-d225-4e3a-8205-2e47f1a8daa6,1575b564-2b55-4ca6-8ee3-21ef761f765e,10423.06,PEN,succeeded,polar,pol_ec3b1f71b7cf74f9,2026-09-12T10:00:24Z,2026-09-12T10:03:24Z
494874d5-683d-41b2-b313-debe5e2e4402,14aeaea1-f363-4e47-b9a5-c4a883c9cb84,2349.48,PEN,canceled,polar,pol_cc62de15622fccec,2026-08-28T15:43:14Z,
b8744780-cb7e-4c5f-8a87-ef3265d67233,8eb9efd0-ea1b-489e-8097-c3e9a0bcb7f9,1907.58,PEN,succeeded,polar,pol_da33eedc6b3df4cb,2026-08-02T07:13:25Z,2026-08-02T07:16:25Z
1c63bb87-5a63-4397-b319-59268fd42898,946b561b-e778-4445-948e-6175a8adcbf7,3461.34,PEN,succeeded,polar,pol_440783cac6ed6bb6,2026-09-01T17:39:45Z,2026-09-01T17:41:45Z
8d7d15c5-4ce8-4461-8aba-701549b9d909,165c2cd2-dfaa-4ea0-b8fc-69fbab3a7a7b,1520.86,PEN,succeeded,polar,pol_e4ef811c0b990303,2026-09-05T06:57:04Z,2026-09-05T06:59:04Z
0c5cf806-3c2f-47ac-bc0a-d245df1d6abc,b10eef90-12c9-458f-8c89-a0378ab86541,771.51,PEN,succeeded,polar,pol_a693c1f505e22ab0,2026-09-14T11:45:48Z,2026-09-14T11:49:48Z
fb935911-fdbc-4bd5-aeaa-e8101fb6dc29,498e604e-2606-4a2c-8278-8e6a4fcc1d4c,436.76,PEN,succeeded,polar,pol_cbd8fe2577a02210,2026-07-29T11:02:32Z,2026-07-29T11:04:32Z
d43992a2-b7fd-49c8-bbcd-a4f112bef274,d347fe2f-49fa-4128-a11e-ba6e2f03c8a0,4023.12,PEN,succeeded,polar,pol_7f27c238f5434be7,2026-08-09T13:58:39Z,2026-08-09T13:59:39Z
b40e94b9-3e52-492e-999a-0aa1308dd74a,b9a7a55b-06f3-4141-b360-1a3ee939b44f,9768.11,PEN,succeeded,polar,pol_d65b191732f1066b,2026-09-03T11:54:29Z,2026-09-03T11:56:29Z
2b4a5d83-2115-4da7-807a-d869305ee97e,ac392ea0-ad3a-426e-a861-09dcabb74c0d,1741.02,PEN,succeeded,polar,pol_b81a29f9c484d80d,2026-08-03T11:53:28Z,2026-08-03T11:54:28Z
592607b7-1227-435b-b64b-751e02e49b44,f0672c16-9a0c-49e4-a4c5-d75c1abaaddf,1289.37,PEN,pending,polar,pol_10975d2cfb740ded,2026-07-19T08:04:26Z,
d2c55cce-ec93-4053-954e-bee9a0596c92,c1a52ddd-0fec-4ea8-a3ba-77ff6645ca45,1767.96,PEN,succeeded,polar,pol_899b66666ae6a241,2026-08-28T11:41:50Z,2026-08-28T11:45:50Z
a30418bb-46fc-4c67-8222-28e91c92d7d6,5f681491-b582-42e5-bed2-6eaf7b7eba1d,666.06,PEN,succeeded,polar,pol_204a107373ff7ef6,2026-07-19T06:07:35Z,2026-07-19T06:10:35Z
7dce83c4-c710-4bf0-8a5a-d93b4dccf12d,1b0f5502-6ef8-45b7-8d88-6d18879120b4,4607.59,PEN,succeeded,polar,pol_63d2e1cc19a5e136,2026-08-05T15:42:57Z,2026-08-05T15:43:57Z
22e0f900-0023-4507-9294-64b953b7a587,d61e6320-befc-459e-bd86-7c264ea3d9c0,1613.32,PEN,failed,polar,pol_01de87081bde2c4f,2026-09-20T15:42:08Z,
0f82fee9-9c10-44ad-941b-fbc549f53309,40943121-4d63-4637-972e-587947dff06c,3205.78,PEN,succeeded,polar,pol_91c542b50828b1ce,2026-09-23T11:54:48Z,2026-09-23T11:59:48Z
48bdd0b3-27e7-4d1e-82b0-79bfcb0a2fa4,e93e54f2-0915-43e1-8d54-bdd79c73c507,148.11,PEN,succeeded,polar,pol_7dd002ceb2a78551,2026-08-20T17:43:44Z,2026-08-20T17:44:44Z
556402f8-016c-433a-9ba5-6232469e9f92,a9e2c000-520c-4baf-93de-62a16d4b5ba9,674.04,PEN,succeeded,polar,pol_7b2c58cd31a01c4d,2026-08-16T12:48:57Z,2026-08-16T12:53:57Z
e4cc23b0-efd8-4658-9919-bf8f59b68c24,22cef51e-cce8-4c43-9b28-fc04fd8ab8d0,1092.41,PEN,canceled,polar,pol_96e46269f4adc716,2026-08-27T09:25:29Z,
b31d1f86-cabe-4a2b-b504-27d2b4e43a4f,a0fae86a-ba70-494a-89ff-0438fc43ae8b,1074.19,PEN,pending,polar,pol_c93a08d078dd101d,2026-08-02T14:36:52Z,
663a3bee-2fc9-4212-a37f-045bba3c5219,69047389-4472-41ad-9c97-006bd747ed96,2114.85,PEN,succeeded,polar,pol_4c0236494ab6d90f,2026-09-30T16:39:31Z,2026-09-30T16:41:31Z
a687d0c9-c130-4024-a310-4529efa9dd5e,670bc0a6-6fdd-4950-a107-7692c495718f,13747.93,PEN,succeeded,polar,pol_b8151891dd1f7d94,2026-08-13T18:19:05Z,2026-08-13T18:22:05Z
744b32d1-408d-40ac-88e3-fe10638c622f,cabe5f04-e2ec-4aa3-bed3-a905867105fb,10545.77,PEN,succeeded,polar,pol_2392be26991f1a1c,2026-09-15T12:03:33Z,2026-09-15T12:04:33Z
7ac7172b-0174-495d-9a03-e1bf1bf30977,d48067ab-a95d-4394-a711-ed2abf1fbd41,2133.61,PEN,succeeded,polar,pol_08e4c727f633e53e,2026-07-30T14:46:40Z,2026-07-30T14:48:40Z
518a511e-adb5-415a-8e68-b47bfae9c84b,38f4ced1-30e8-4bf2-9e01-18b08b68f80c,1191.33,PEN,failed,polar,pol_db13a450ed1289f2,2026-09-02T13:33:20Z,
ff9111c3-c288-4d54-b353-f20f6a7e647b,0a7299da-ceac-48de-847b-31161af217bf,491.81,PEN,succeeded,polar,pol_c28576ad25d54c22,2026-09-10T13:35:58Z,2026-09-10T13:38:58Z
48b2d94f-8d3d-48e7-b24b-716a0e942987,50c74cb0-959f-4c5f-b0eb-a9d4dc6945ad,5907.88,PEN,succeeded,polar,pol_5a0d0e7ebb9fa8ad,2026-09-22T10:16:20Z,2026-09-22T10:18:20Z
098d982a-f8e8-49fc-be2a-bf6e1132fbc8,077f3427-f030-43c8-9ae4-1e90a65dacbe,6367.14,PEN,succeeded,polar,pol_b2a14be0cffa8802,2026-09-04T11:01:48Z,2026-09-04T11:04:48Z
a5f3cdc1-b591-4da2-8654-43dab9718406,55d3a210-c8b8-4ab6-ac1d-c015979e5f20,1927.77,PEN,succeeded,polar,pol_19f5eb5688871228,2026-09-05T09:26:41Z,2026-09-05T09:28:41Z
dc4df61f-ed38-41f3-9422-0816746cec10,d32ef628-4532-44e8-ad01-7d8e8e2161ef,1869.49,PEN,succeeded,polar,pol_103f581e12fb466d,2026-08-15T09:15:08Z,2026-08-15T09:17:08Z
b1a5fcc0-1f9e-4d73-b9dd-8bbbf3dcbe7c,c1b2ef80-3212-4a4d-ab0f-a7b978f26d29,2184.33,PEN,succeeded,polar,pol_da634435bffac427,2026-08-28T18:20:26Z,2026-08-28T18:21:26Z
b5c3dfd5-0a9a-451c-8c99-b55824c4c2cf,e26a0fd7-dee7-4a90-aeb9-957e6a5afa05,848.76,PEN,pending,polar,pol_3f7508a614b24d13,2026-08-14T17:41:58Z,
22cf4633-13c9-41d4-9a95-207e8e93e16d,7bb5f923-7dbf-4b16-a797-6ac966e8582e,5278.63,PEN,failed,polar,pol_291f469ecc0b2fef,2026-08-04T14:16:27Z,
68c6d647-6077-4306-a1ff-2b17d6a2da72,78579d8b-1f2d-4d51-b13a-169ce6ae59b5,2469.56,PEN,succeeded,polar,pol_238f4bdf94bb0066,2026-09-29T09:55:08Z,2026-09-29T09:56:08Z
1ec830fa-9621-461f-b4a0-b3be904dbafa,be1952cd-2352-425a-8322-38c0a7bec338,367.6,PEN,succeeded,polar,pol_ee9faa0472a51933,2026-08-08T11:17:24Z,2026-08-08T11:20:24Z
34ab08ae-4280-4781-9c53-8ca99d5d6475,0dee1f0e-6bb4-4973-b9c9-35e6a9950100,656.77,PEN,succeeded,polar,pol_3b6a44844ef9a61a,2026-08-05T13:06:03Z,2026-08-05T13:09:03Z
ebdd0b0b-c273-460a-8572-c35c07de60fb,e89ea12d-41a2-4c2a-9743-d9585cc293c0,10848.58,PEN,failed,polar,pol_46cab8cb86cd3ab6,2026-07-26T12:29:15Z,
3834a42b-24e1-4881-89a3-9df8d3e0c5d3,e56e11cc-d7fb-4ec5-ae12-e6c224f26533,373.44,PEN,succeeded,polar,pol_0f00e8c43ee6f2b1,2026-08-31T17:06:48Z,2026-08-31T17:07:48Z
e99fa067-34eb-4d39-a0de-5ab919f6572c,1e523318-4ce7-43ac-a0e8-bc52efe4a4be,1349.24,PEN,failed,polar,pol_513956e1453f96fc,2026-09-10T15:26:29Z,
d0fcc00b-5225-4b88-9d7d-92d411820e26,98b8de59-d48f-4b68-af34-1326af9dffda,2271.13,PEN,succeeded,polar,pol_b5b718009da7a0c3,2026-08-09T09:56:19Z,2026-08-09T09:57:19Z
ede4c095-909c-4bdc-8407-ec9e53487044,5ab30719-b654-47f4-916e-e2552b91373c,642.77,PEN,succeeded,polar,pol_5561c362890cae6c,2026-09-14T16:46:59Z,2026-09-14T16:49:59Z
89eabf18-11ad-4617-a64e-5c634d3df778,9f29308d-e65f-484e-b0c7-ad20abc55800,744.98,PEN,succeeded,polar,pol_ffa5a9387f534c2b,2026-08-08T13:55:15Z,2026-08-08T13:59:15Z
bf615f3c-612a-492a-8912-22d3bc9782ab,f9e24405-33a8-4b34-bac3-fc4b93764056,1802.94,PEN,succeeded,polar,pol_73e9e06964c8ffb9,2026-09-16T15:37:54Z,2026-09-16T15:42:54Z
74615fdc-2b54-49d4-a36a-e5be01125b09,e382a1c0-36e8-484e-9069-dc5805dd5100,3573.83,PEN,succeeded,polar,pol_2ad3a66026d80ed0,2026-08-30T11:24:29Z,2026-08-30T11:26:29Z
7a840146-b206-45a3-a9df-9833ceb576bf,5bfdf77a-b9f8-4102-b3d7-b315f9f99168,1376.29,PEN,succeeded,polar,pol_90b6feceb49ba4b7,2026-09-03T09:48:16Z,2026-09-03T09:53:16Z
ce5857cd-3d01-4787-8e88-2306d5badbb3,7cc4be23-ab14-4852-b317-32a5efaa5d1c,2310.07,PEN,succeeded,polar,pol_4a9036b659e1fbaf,2026-07-26T10:26:55Z,2026-07-26T10:29:55Z
116e825c-e951-4a74-82e2-3087691f2b67,e1ac1acc-e477-4563-95fe-20f6656c8454,4273.54,PEN,succeeded,polar,pol_1e3e717b742cf667,2026-08-29T07:25:59Z,2026-08-29T07:30:59Z
34ca3faf-ecee-4340-8c59-35a1fdb96e9f,b2683d28-60b0-4adb-a02e-4bf2dd4befa0,436.64,PEN,succeeded,polar,pol_d84ac474ec539167,2026-07-31T16:43:32Z,2026-07-31T16:48:32Z
c6485b72-62cb-48fc-8f20-47472e5cafbe,92d3cc0c-1458-4300-ae58-c7afe7cd4551,125.58,PEN,failed,polar,pol_0ee9c2d8346194ce,2026-08-17T12:46:23Z,
67343d47-e912-4a50-8dd4-99cdb5fc1162,506690b6-d70c-4516-ac99-f282e17a851b,895.82,PEN,failed,polar,pol_16caf79530c78a4c,2026-09-01T11:29:15Z,
c940fb39-a018-460c-af0f-078c9c649688,491e6120-1ff7-497c-aebe-3452ef4be456,5922.16,PEN,pending,polar,pol_e9a7953a1a27ded7,2026-07-19T14:59:59Z,
2c802cf6-879a-45f5-be95-8906b6637e8f,2bf16fac-d39b-4677-98ce-b83635e6e50a,11943.93,PEN,succeeded,polar,pol_80be9aa644d8e9d3,2026-08-12T14:20:07Z,2026-08-12T14:24:07Z
542b555f-fc3d-4497-b573-a2f73edc0890,93245ba8-6f5c-40db-b3d0-afc63ecf2a5c,618.46,PEN,succeeded,polar,pol_f8968a5e3be22154,2026-08-28T10:46:28Z,2026-08-28T10:49:28Z
0d74c594-6065-43bb-8b5c-fc10ef7470ce,b25baa6a-0e41-45e4-a969-f102fc8f8375,1326.93,PEN,canceled,polar,pol_ac8e73d4f87154b8,2026-08-31T12:36:11Z,
d6aabee8-08ec-48f9-b51c-65c2b892c5eb,da029f5d-6c23-4fd4-a4ef-b8776e9b42cc,808.71,PEN,pending,polar,pol_8d68f956ed8b0a9a,2026-08-03T16:59:50Z,
79110d74-e5d3-41c2-a620-d19e7515e0b9,178f67f9-bb03-4843-9289-6a59e24d4a21,9444.24,PEN,succeeded,polar,pol_b7acd8068eee3890,2026-09-05T08:56:53Z,2026-09-05T08:59:53Z
a23a0ec1-2007-423c-981e-5fde7de49d39,c17f0cf5-df8b-4a26-abfd-cd98e88fd2a9,4356.15,PEN,succeeded,polar,pol_ce3ab018f7dcafe0,2026-08-22T15:01:42Z,2026-08-22T15:06:42Z
4c47c27e-1269-403b-854c-6bc569f8f53f,3a4fcfd8-29b2-4d96-85ff-217d03655ba3,2254.91,PEN,succeeded,polar,pol_04e8e6bc6fc80d86,2026-08-18T12:08:40Z,2026-08-18T12:11:40Z
07dcfc30-3460-48a5-8887-44ccc584add7,4effea50-ab4d-4121-9b4c-64d7820db515,415.38,PEN,succeeded,polar,pol_2cd72e9b6746c857,2026-09-26T15:39:34Z,2026-09-26T15:43:34Z
e213a56b-b14c-437f-b4e7-7223214d8da3,c0c8b66e-53a7-4a5f-aef5-4ea118348a01,1287.76,PEN,succeeded,polar,pol_158b42ac62bd0033,2026-09-02T15:02:24Z,2026-09-02T15:07:24Z
b8938c2a-dbb7-4289-87a8-cb8c95c37b41,1feb1e54-aa0c-4129-a915-40320fb8fc61,1515.24,PEN,pending,polar,pol_76376be404688c7f,2026-09-26T06:46:58Z,
207a1c34-032f-4881-9d16-deaa884ed4f3,c178f709-312e-4ce8-8538-eed9a5c2c079,3974.91,PEN,succeeded,polar,pol_b346c6c3024657b4,2026-08-14T15:42:55Z,2026-08-14T15:46:55Z
d17226dc-a1e3-4dcf-8f93-aecf9246faa1,bfab6dca-fb3a-4faa-bb90-f52c72a0d626,542.84,PEN,succeeded,polar,pol_1f9e6537d83b42aa,2026-08-20T16:42:11Z,2026-08-20T16:47:11Z
cff8c54d-2658-4ef8-abd7-fe5cd361b340,b04fc479-ede7-46d4-936b-c8a2472885d8,3553.56,PEN,succeeded,polar,pol_da17820e4716b57d,2026-08-29T13:42:46Z,2026-08-29T13:47:46Z
0d45c265-b1c5-4b5c-8a1d-98263ef23350,49650b12-b52d-4325-873a-01727de7b67d,1705.39,PEN,succeeded,polar,pol_dcd6d39914d5904e,2026-08-20T16:49:08Z,2026-08-20T16:54:08Z
c7abdf81-d6d7-4c12-9f71-f6f64c511613,dcb7730a-bfc4-43f7-a485-a321edd44f18,7575.35,PEN,succeeded,polar,pol_aa66cfe4413934f3,2026-08-22T08:10:27Z,2026-08-22T08:15:27Z
fcdb7f7a-8bb1-44b4-8675-6d12a4dd75ab,07cc848a-8d13-440a-bbbc-b5a9708a950e,919.11,PEN,succeeded,polar,pol_5574be1537b76402,2026-09-28T16:34:24Z,2026-09-28T16:36:24Z
7c3f5335-ed87-441f-924f-5c8d0aa9f587,1476e93f-cb83-4a37-b467-1586985f9b38,8305.87,PEN,canceled,polar,pol_39078b945ff1d78d,2026-08-16T14:30:02Z,
4ed9c388-f7c0-4b07-a7c0-5426471a6b07,05e949b5-901a-4575-92b3-b3e2a6dfe4c6,1285.61,PEN,succeeded,polar,pol_b08a1cc244a71e4e,2026-09-06T14:56:11Z,2026-09-06T14:59:11Z
04937b5e-87fe-445a-a34b-0dc7551f6323,3d01164d-5df9-49aa-a22b-eb25243c5468,2214.89,PEN,succeeded,polar,pol_8351dd17f004eebc,2026-09-17T11:42:11Z,2026-09-17T11:44:11Z
05d1d574-9fdb-4a63-a1eb-f6ce7ff20b6e,dce2d7bb-9579-453c-9ce1-84a0f0f58e45,488.96,PEN,succeeded,polar,pol_a77825e13402dffb,2026-09-29T16:31:49Z,2026-09-29T16:32:49Z
b4a37b96-6fe0-4b09-a94f-83264c04d558,a48edfb9-8a73-4c05-ac7a-f887b2808d23,4656.95,PEN,succeeded,polar,pol_ed4ac635fc364a67,2026-07-20T18:29:22Z,2026-07-20T18:34:22Z
b70e7031-afc2-4015-bf06-b43e5ad74098,4ef88df0-b4b6-4ff6-9b55-080580e6fb4f,5045.5,PEN,succeeded,polar,pol_c08114d895bbe09f,2026-09-06T09:05:58Z,2026-09-06T09:07:58Z
7e7b5913-d515-4cea-b99f-8a35b9c6ae96,2da821e7-fbd6-4e6f-95ac-72c71c27e827,215.62,PEN,pending,polar,pol_f831636f5b06ab5b,2026-08-10T12:39:00Z,
165b6fee-834a-49c1-907c-30e41a55dc16,5e0d2f24-766c-4d69-a77e-4b1300997e83,1238.98,PEN,pending,polar,pol_678234999f4d1baf,2026-07-30T13:47:47Z,
cefd1535-ec9a-4cd3-9db6-b54260a44fd3,ad83e39b-289d-4d22-9d47-060e049f3290,2574.84,PEN,canceled,polar,pol_52de3e539238a41c,2026-07-19T09:46:13Z,
ca046044-6ab0-4bd8-ac79-c91fc6a11702,00a494f8-236d-4739-a1f9-16c92f2a23d4,1284.09,PEN,succeeded,polar,pol_f9fc14a58f26b1d7,2026-09-18T09:05:30Z,2026-09-18T09:06:30Z
371aac3f-ec15-41ee-8bbc-bb5104caf81a,7355b001-8a38-4051-9eca-f26e2e307525,717.87,PEN,succeeded,polar,pol_cbafaf1b0d97cfca,2026-08-22T11:26:30Z,2026-08-22T11:31:30Z
ae772b84-1038-41ab-8cf2-106e531f1b87,3442a565-5502-4eaa-a661-75c3bf457b63,9828.78,PEN,pending,polar,pol_1bb77306bf1444d4,2026-08-31T10:39:29Z,
1eb3921c-67b7-41b8-82dd-12854559de71,04393579-7f54-4450-89e7-c5449df780c3,1427.79,PEN,failed,polar,pol_5d50216e30c96e10,2026-09-05T09:44:42Z,
0173570d-e80d-403e-a276-003a380cca0b,44be11b1-5715-405d-894a-710f0902f8f1,1004.78,PEN,succeeded,polar,pol_bb65ef1858b068f0,2026-08-09T06:00:53Z,2026-08-09T06:03:53Z
9131239b-d176-4dc6-8f43-420ea46c1028,de5596bf-506d-4997-ba7c-bf60c35b0749,999.84,PEN,succeeded,polar,pol_69ac386bdad1a5d6,2026-08-03T16:08:55Z,2026-08-03T16:12:55Z
0c102fd6-b84d-467d-adcb-6ba414845842,d95d4fd8-94da-45bd-abce-c0ee9af297f3,8939.66,PEN,succeeded,polar,pol_ddb02324a8d93f3c,2026-08-28T16:35:29Z,2026-08-28T16:38:29Z
c4486a5d-4c4c-4a32-8845-c50681b1d407,c70b6771-c047-4434-a814-9e5e5657c39d,2016.3,PEN,succeeded,polar,pol_31dd748b678151c1,2026-09-20T10:43:50Z,2026-09-20T10:47:50Z
2076d1c1-d371-4f8c-8c3d-80df7ef33c2c,2bded876-f910-4f41-873c-fc9006224ede,1160.23,PEN,succeeded,polar,pol_6c43240ba6d17789,2026-09-16T09:18:06Z,2026-09-16T09:23:06Z
d49e460f-bf06-41c9-9874-a1998e80b4f1,0155b80c-6d59-4226-94fb-3214479c5adc,1442.88,PEN,succeeded,polar,pol_ed66c482385437b7,2026-08-16T13:29:53Z,2026-08-16T13:33:53Z
f4c2e33c-1e39-46d4-a1cd-d35a57deced6,2cd9a867-95a8-4fd4-8136-7a362b5f8b7d,3162.11,PEN,succeeded,polar,pol_426c68c9f59aed49,2026-07-28T16:17:06Z,2026-07-28T16:22:06Z
301464bd-43ad-4eaf-8856-89ebecc8c2ac,3f9704ff-4cb9-43bc-8b31-804e6f61d277,7700.18,PEN,succeeded,polar,pol_cd5589e3419cb1c5,2026-09-19T08:38:28Z,2026-09-19T08:41:28Z
655fd120-d0b5-4672-ac36-2f42815c62d7,5aa2e4f2-0f57-4b36-80e6-81155e09873c,1473.02,PEN,succeeded,polar,pol_786db78887c11864,2026-09-01T15:48:52Z,2026-09-01T15:53:52Z
c0c07326-4fd0-4fe5-81ba-e50cfae7cdcb,2c79bfea-ae06-4b4a-8b6d-59dab85d8b4f,310.56,PEN,failed,polar,pol_979bcfe5092fd29e,2026-09-08T12:16:54Z,
d10d78bf-0926-496a-93a0-695d0585189a,8809969a-e7d1-40a8-921b-c119f054a0f5,1786.34,PEN,succeeded,polar,pol_d8cdd28b4b6ce584,2026-08-16T14:25:12Z,2026-08-16T14:27:12Z
fda5c2ee-b409-41b1-b69f-5b8301c234c6,2f60fd4b-2fcf-454f-a543-a2a636fc03c9,2367.53,PEN,succeeded,polar,pol_43e2608b98ff1de0,2026-08-05T11:50:51Z,2026-08-05T11:51:51Z
64ccfcd7-d5b6-4146-a985-76477a2b5ba6,8b019b5f-c2d5-4958-83a4-ed4398048d87,266.92,PEN,succeeded,polar,pol_702facb0209cb537,2026-09-10T15:32:07Z,2026-09-10T15:33:07Z
765dc81a-16d6-4df0-ab0c-1e22184372db,e79ace04-97ac-4293-ad44-0993969ed3ab,1254.99,PEN,succeeded,polar,pol_d5c5c21143c0e656,2026-08-17T14:31:52Z,2026-08-17T14:36:52Z
18d56711-e87f-4d53-9185-3119055a22ce,21ddcfc3-f3e6-4cba-baf5-f7b9027bf263,919.74,PEN,succeeded,polar,pol_30fcf7862d1b7aea,2026-07-20T17:27:56Z,2026-07-20T17:32:56Z
3cd72bdd-4d9b-4b07-97e2-ce535c3e787f,c0216ed8-8da0-489c-b841-8e036b1ffac5,1371.02,PEN,succeeded,polar,pol_782834bcf0e58165,2026-07-30T09:17:45Z,2026-07-30T09:22:45Z
eb85878e-1222-4f8f-85e0-148841855d77,114209ab-ec1c-4717-8f97-0a88a9d51998,3975.58,PEN,succeeded,polar,pol_4e06e63b35625b97,2026-07-31T13:59:06Z,2026-07-31T13:59:06Z
0790566c-8da4-48da-81bf-f17db5cd6360,013ba62a-ebac-480d-b6e6-6cba0cd747b3,3171.86,PEN,succeeded,polar,pol_83c65f0de2b63bee,2026-09-30T13:58:40Z,2026-09-30T13:59:40Z
b74c96ae-3700-4186-8526-c5838f398637,df145801-cbc9-4cca-88b1-f4b6825ba69f,2237.98,PEN,succeeded,polar,pol_7c8bd6c3e88f0b92,2026-09-19T10:29:05Z,2026-09-19T10:31:05Z
555f0ac4-4484-48d4-8cce-0da84ae034f3,587e0074-33da-45a5-baf6-1b9b914bd1e1,3282.6,PEN,succeeded,polar,pol_ed5c20c737420d73,2026-08-24T13:33:08Z,2026-08-24T13:34:08Z
e9d61b50-85ad-4f28-bb54-ce6e1caef170,8b4c44e3-61f3-4cf0-b3c0-0702eb304d1b,2429.48,PEN,succeeded,polar,pol_baadda81d5c25e90,2026-08-11T16:51:20Z,2026-08-11T16:55:20Z
380179a3-48a4-4064-84c1-1936d53e7d4d,a63d1dd1-b2b4-48c0-94ee-98bef3f057a5,13821.2,PEN,succeeded,polar,pol_8eef996a1743bb7e,2026-09-03T17:34:32Z,2026-09-03T17:35:32Z
5675abd3-2ffc-4d65-8d8f-e328aab8e580,a7dd4e0c-0679-48d8-8234-c45f49847a99,2565.72,PEN,succeeded,polar,pol_89bde411eeaa2544,2026-07-27T16:37:31Z,2026-07-27T16:42:31Z
acc2d729-8a2d-4bc5-a1e8-042d9b7f8eb8,245b370c-d780-49e3-9122-ec3706580a78,446.24,PEN,succeeded,polar,pol_408cfd820f9edd2a,2026-09-06T07:34:30Z,2026-09-06T07:36:30Z
000a1061-1b9b-457d-a5ca-99f00960bf14,fd374e15-890a-4832-9ff3-c0d08c9509c7,8492.98,PEN,succeeded,polar,pol_d7dc63a06de659cd,2026-07-20T17:11:52Z,2026-07-20T17:16:52Z
499af270-6475-4ba9-8e0e-534ee7b70644,6249846e-0c8a-44ea-a360-07789d7a2441,776.22,PEN,pending,polar,pol_4a4599322f6c69c2,2026-08-20T15:21:15Z,
0eed8cc1-7f2c-4f38-abf1-3935613ad14f,fd041533-e848-4171-b721-fdcbea695af8,10053.86,PEN,succeeded,polar,pol_afa83c9d6b12f108,2026-09-13T07:28:14Z,2026-09-13T07:30:14Z
a7d4d556-803d-41b7-a7ee-20cfc11d149d,a2edfdbe-1ef8-4d57-9149-9ab3c4b80d16,2643.53,PEN,succeeded,polar,pol_a5b8a8482eee4b41,2026-08-25T15:14:08Z,2026-08-25T15:17:08Z
982ddbfc-54dc-4114-82a7-2c5e70dce7aa,3a405d1e-cf63-4b19-9c85-24566461ed9e,6562.12,PEN,succeeded,polar,pol_e645193d5b3c2816,2026-09-15T13:55:07Z,2026-09-15T13:58:07Z
0d00b083-aade-4c3d-ac52-9187e66800f7,f4b6ecce-9389-45a3-8e6b-110ee83b7641,553.84,PEN,failed,polar,pol_efc361b00fdf8dac,2026-08-24T13:05:49Z,
43868fc7-89b1-449d-8e52-2405947f0d51,0dd0feec-9641-4d85-b3c3-e9256f86091d,4887.23,PEN,succeeded,polar,pol_a75455302c8ccd4d,2026-08-30T10:07:14Z,2026-08-30T10:08:14Z
34ecd2ee-9330-4d9b-914e-7839d7368c0c,9e8bd88c-c4d2-4831-9d2e-4a31708fd268,171.2,PEN,succeeded,polar,pol_813aab0c09bf2a9e,2026-07-30T18:12:59Z,2026-07-30T18:15:59Z
f9aa88ec-92b8-4083-8e61-c55565c2bc96,e0382ecb-57a7-40e6-bad6-d76d64bfce17,1219.34,PEN,succeeded,polar,pol_78c99b526341407a,2026-09-03T15:38:56Z,2026-09-03T15:42:56Z
c90dd39e-a9d1-4db0-81be-dcbc9489c9eb,607c1656-d8ad-424d-9811-c7b3d16d6631,1192.72,PEN,succeeded,polar,pol_cc737568de013a98,2026-08-26T15:21:53Z,2026-08-26T15:23:53Z
73ed8fa2-13a0-41f3-bea4-957a221c1bbe,96239a93-52ba-4fc1-8927-dc961d503041,2753.83,PEN,succeeded,polar,pol_b170b375ba675194,2026-09-17T17:03:33Z,2026-09-17T17:06:33Z
6a7c20e8-4a0f-469d-9a98-f7d2f6383d1d,45be65fc-5937-4a16-b14e-a9fab928f26a,577.78,PEN,succeeded,polar,pol_1eb1dd052667a965,2026-08-18T14:19:47Z,2026-08-18T14:20:47Z
8b13b03f-f337-42e1-947c-65530a8ee772,449e123b-ad18-4aa8-880f-2f797dd4082b,11596.73,PEN,pending,polar,pol_4f6a84555aa34f9a,2026-08-04T15:55:23Z,
22bfac8a-4c3d-4a7e-9c12-36842fab3137,b4a818ac-7fa5-481c-8d90-e1991f42a8ef,4231.22,PEN,succeeded,polar,pol_d7ddd2438226bf9a,2026-09-01T17:50:25Z,2026-09-01T17:51:25Z
04635579-9ef3-4da8-988e-1981db743620,666fae6d-2cf4-40b9-9716-c2fa4bdf8214,298.18,PEN,succeeded,polar,pol_3c2f05af1b8addb1,2026-09-05T12:42:39Z,2026-09-05T12:44:39Z
f601bfb8-0797-46cc-b4a0-035b529db719,1c164873-e551-4785-824e-452931100824,6298.89,PEN,succeeded,polar,pol_ea89fcf587a046b6,2026-09-04T18:01:33Z,2026-09-04T18:02:33Z
f1415b9b-5ab5-4660-bb0a-7ed1d759927a,afe2c22e-7a62-44b1-a009-6fb5e9593817,1168.98,PEN,succeeded,polar,pol_ff98f6ee2d9d7bff,2026-09-17T09:27:27Z,2026-09-17T09:30:27Z
e7be11bd-2307-4a16-9b20-0a80ce6cf411,59f7acd0-75e2-4085-9181-92ccda440430,12354.53,PEN,succeeded,polar,pol_f072ae52ef55c8d3,2026-09-14T09:00:18Z,2026-09-14T09:02:18Z
d0817a3d-9cf6-452b-b45e-33d04aeab457,e7e38f7d-646b-45c8-9c00-235e7881902b,2049.69,PEN,failed,polar,pol_f0269afce9efee5b,2026-08-03T09:46:57Z,
455164cd-fc60-43e6-aed9-6084ae89a6c1,5c20df15-1cd8-4eec-884d-343ab1ec032d,3176.64,PEN,canceled,polar,pol_b043a504b247cfab,2026-07-25T07:52:24Z,
24b922e7-82b3-4476-bc06-95ec7ea96385,63befa55-f1af-40be-9180-5fc0185e9359,7369.91,PEN,succeeded,polar,pol_e482fd079c3d6961,2026-09-17T16:31:57Z,2026-09-17T16:34:57Z
771fcaa8-60c9-4c75-b31c-c3cbd53f1eab,ac6c0e50-7626-43c5-bc4a-168f2fb6cf81,456.84,PEN,succeeded,polar,pol_d720a5594cdcc094,2026-09-23T14:00:27Z,2026-09-23T14:03:27Z
a138d056-19e9-4965-af03-6352485124a3,431ce1f5-b74e-46c0-afe2-054c2473ed38,2315.64,PEN,succeeded,polar,pol_6fe9a08b1b0cc2c4,2026-09-01T18:09:24Z,2026-09-01T18:10:24Z
c52b2703-2ccf-4d31-9fa7-fae515710237,9d60098b-8747-4677-86b7-d43555ad85e9,2308.7,PEN,succeeded,polar,pol_19b0cbbbec5655bf,2026-07-22T18:50:38Z,2026-07-22T18:55:38Z
7bbc481b-3bc6-4750-a83c-793b1f0cda4c,cf37f253-acd8-411b-9727-615c850efa8a,200.19,PEN,succeeded,polar,pol_6f195239d92d2ba6,2026-08-26T14:45:43Z,2026-08-26T14:47:43Z
e3cfe5be-c9a5-4090-94b8-48ab0990089b,a70ad6ba-faec-40ee-9c9c-99805379e20f,10308.04,PEN,succeeded,polar,pol_9ba78ff63cb530ca,2026-09-02T13:17:29Z,2026-09-02T13:19:29Z
1b0fde33-9991-4a1c-b902-7c7932eccaba,80c135a0-8b11-4db7-b44e-1138e8a42800,2434.65,PEN,succeeded,polar,pol_b27f36a6aff0e818,2026-07-29T16:18:23Z,2026-07-29T16:22:23Z
ffde8c15-3780-48d9-810d-d43fbe180381,8f28e2b5-2cf2-49c3-b96b-e2b67bdd2fd5,2624.32,PEN,succeeded,polar,pol_d6f1c2a47daa0806,2026-08-01T13:37:42Z,2026-08-01T13:38:42Z
3e95ba05-fb8d-40cb-895f-753e208eff2f,6759a02c-77df-4cd2-ab9f-7c652252902b,3288.09,PEN,succeeded,polar,pol_3315fcd58015b8f8,2026-08-02T10:40:46Z,2026-08-02T10:43:46Z
90cbf23c-823f-40a3-8e64-a2800e004184,b22f3552-13a9-4186-9944-32b3c3d8f13d,2692.59,PEN,succeeded,polar,pol_daa0002a322dd593,2026-09-10T11:58:52Z,2026-09-10T11:59:52Z
b924d8b8-70df-42b0-87db-4762baa0dd99,1089f967-83e7-4d2d-8332-238fcc596da9,277.11,PEN,failed,polar,pol_a8363e75a5b81d9e,2026-08-22T12:58:27Z,
0a15b289-28b5-4b66-8249-fe88e5984240,0b193f03-1eac-4cd4-b60e-a0d41805ab40,1758.37,PEN,pending,polar,pol_66551c5269add444,2026-08-10T10:15:57Z,
3a5cc55d-a706-4757-a934-17a54c24b830,320d1e0e-bafc-41e5-8dc3-61d7408b8781,49.86,PEN,succeeded,polar,pol_4700cd852c6c95da,2026-09-29T11:29:02Z,2026-09-29T11:30:02Z
eba093f7-f77e-4da6-8550-d2ec77828a4f,95e60727-3ba5-4353-9794-4db4bd999585,8422.78,PEN,succeeded,polar,pol_3003033f418a6791,2026-08-29T06:19:42Z,2026-08-29T06:22:42Z
a8fd352e-09d0-40ca-87e4-159cc04cd526,beefa0a2-4a72-4482-aa18-25b636fac156,1356.14,PEN,succeeded,polar,pol_5725a143d1248cbc,2026-08-05T12:25:01Z,2026-08-05T12:26:01Z
772b82c6-cad8-4054-8458-7b7edc9db99f,c8240183-be3f-4520-a66e-b1545b61d45a,9831.77,PEN,succeeded,polar,pol_4033ada34375a6dd,2026-09-23T15:54:42Z,2026-09-23T15:57:42Z
4445f556-c71c-44ed-a316-e25b221b0f5d,b9c5515a-d027-4447-a25e-6833a2209224,2829.79,PEN,pending,polar,pol_c2654a323e8eca46,2026-09-13T15:58:13Z,
49980514-6347-4068-a559-478457c3472c,ed7de5e9-21b3-4f78-bd69-385f521685cb,849.64,PEN,succeeded,polar,pol_5f72f61f8305687d,2026-09-22T16:14:27Z,2026-09-22T16:19:27Z
6f8d14fe-46d8-4c5b-a88a-08e52afe6b83,9efd9590-bc1c-4e54-ac05-9501dc466eb6,9407.62,PEN,pending,polar,pol_76c752a95735a5ec,2026-08-06T10:51:42Z,
e367c358-b5f5-4c43-b479-2c2f237df310,516f3460-cace-4fb4-99bd-a4626f24185a,1854.22,PEN,succeeded,polar,pol_00a1c7ca867c5e79,2026-07-19T14:36:11Z,2026-07-19T14:41:11Z
3b3a6d35-ee98-4ee2-b4ae-5494f09a092c,49a206c4-60f7-413b-8b6c-a12f104ca91c,4802.9,PEN,succeeded,polar,pol_0b8289c2d5839ce5,2026-09-13T15:02:44Z,2026-09-13T15:06:44Z
d88cfa46-4bd7-473d-9397-64f71b204557,c5081254-50b4-4259-96ad-3016c85c9899,1722.82,PEN,pending,polar,pol_486a28604c2da6e3,2026-07-20T09:20:45Z,
29deebef-04f3-4b96-a56d-59d6f0d5c120,87327683-d11a-49a7-86ab-c159248606ed,453.52,PEN,succeeded,polar,pol_0508e57e3403e4a3,2026-09-14T11:24:55Z,2026-09-14T11:27:55Z
3bf7f1e4-b5aa-469d-ba85-44b661ff0a28,a624ed81-dd7e-4365-b5f0-8480fe8e9250,2940.29,PEN,succeeded,polar,pol_7d9ed766ebaafe2d,2026-08-22T10:51:46Z,2026-08-22T10:56:46Z
51f552a6-0b88-4952-9166-7de1759c1dfb,50a32b9a-190f-434d-82b9-c50ede1a34f0,7177.87,PEN,succeeded,polar,pol_ac1941a8f23c6f44,2026-07-19T13:05:37Z,2026-07-19T13:06:37Z
7dc1b02f-8aa4-4b24-973c-22fd0e05ab78,53f8f6e2-b78a-4c4d-9483-dec819e7278a,78.84,PEN,pending,polar,pol_e03cb2c7961553a3,2026-07-23T18:13:43Z,
6aa54c60-e683-4c32-8a9b-baac060a1055,8052b369-6165-421e-89ba-dbdecb7643d2,442.31,PEN,succeeded,polar,pol_dbcbf30ebabee46e,2026-09-14T17:32:35Z,2026-09-14T17:34:35Z
ed123631-61d3-4fbf-ae70-ea073b878fef,60ede210-d6ac-4386-a034-cc5d724634f6,2481.17,PEN,succeeded,polar,pol_dc586633d0a01d5c,2026-08-14T13:44:15Z,2026-08-14T13:49:15Z
d331f639-1d00-4190-976e-50aa95e5d7a2,5658dd5d-77e0-4137-a752-079a4e362473,372.49,PEN,succeeded,polar,pol_0baf2d562a3db080,2026-08-21T13:17:07Z,2026-08-21T13:21:07Z
55d1aaf2-9402-4d96-b72c-0c11a648649a,1b828502-b3b4-46cf-8983-91e9c1c2a19c,201,PEN,succeeded,polar,pol_d46c897f4f90fdac,2026-09-18T15:59:49Z,2026-09-18T15:59:49Z
9d9904f9-16ff-4fa0-af2c-a36d02e6b009,0ef9e416-c973-4cdb-97b3-a9d3c3b79a4e,3347.73,PEN,succeeded,polar,pol_8cb4495736049c69,2026-07-18T06:50:00Z,2026-07-18T06:54:00Z
f4ce5551-cf76-42c5-bc1f-cb9fe7753115,39d71166-bc8a-421e-9f7f-a23677b00793,3372.02,PEN,succeeded,polar,pol_160cd0c739e97f8b,2026-09-30T15:13:10Z,2026-09-30T15:18:10Z
bb7e4a6f-d298-49b4-8961-e72ec0a91d73,2ba078ae-7ed8-44be-86f4-239a49e6df8e,3901.81,PEN,succeeded,polar,pol_75dc2335c9ee88e0,2026-08-02T15:59:32Z,2026-08-02T15:59:32Z
d23249da-c0a7-4f8d-baec-b153fddb11c5,f5327bd4-a210-4940-aeb3-618b8b93505e,2733.11,PEN,succeeded,polar,pol_1580a089ada53cea,2026-07-26T15:56:18Z,2026-07-26T15:58:18Z
63bf0565-c171-4d7b-a4bb-915be415abcf,e86d9d68-1ffc-4335-9a43-2207bc2f82d0,185.18,PEN,succeeded,polar,pol_dda460ba85eae5e8,2026-09-19T07:41:46Z,2026-09-19T07:42:46Z
095fc9da-897b-4b2a-a200-e2f320a466d8,2620cab3-76d3-483b-b80c-cb5d0c3d9ae5,4404.4,PEN,pending,polar,pol_2e2fde8431cb4712,2026-09-05T12:01:27Z,
6b61aeac-4d42-4b5e-b31e-01907924b46d,a40f2c32-5f22-489c-9301-d2ac12f9cb0b,374.28,PEN,succeeded,polar,pol_fcbca5734c38a81b,2026-08-24T11:59:45Z,2026-08-24T11:59:45Z
1b2dc838-c454-486b-9fc8-20855e46654b,3e018b78-2337-40af-9548-597cae6c82e0,1125.72,PEN,succeeded,polar,pol_c5a970c98149658e,2026-09-15T17:05:05Z,2026-09-15T17:08:05Z
56890ad6-f251-409e-967a-48875e1cef6c,bc0a449e-9d54-4512-8e19-8be02ae7a2e8,11398.12,PEN,succeeded,polar,pol_db1b6b26a7d542b5,2026-08-23T09:28:50Z,2026-08-23T09:33:50Z
c3f0e216-bb9b-4637-a1dc-13b06b1c4ddd,d17f2c35-f69a-4b56-8c96-2becba16398c,2574.84,PEN,canceled,polar,pol_d4b2c71bb39ac11c,2026-09-06T14:04:32Z,
046e6610-dc18-49e4-baff-0217b791165b,b7d191ad-639c-472a-aca8-9cff8f6e6c69,1530.8,PEN,succeeded,polar,pol_fbfcd1e0ced2a28f,2026-08-21T16:58:51Z,2026-08-21T16:59:51Z
791832ea-b48d-4314-a801-9ecafc227818,fb77f500-5b8e-4d6d-849f-8e3c35565232,2096.81,PEN,succeeded,polar,pol_03a5c423be69f905,2026-09-28T10:18:30Z,2026-09-28T10:23:30Z
877be27e-eb6b-4ae3-a3a7-3bf7aec879b0,2f156fc3-1ca5-409e-a1ff-10c7349fc950,1484.4,PEN,canceled,polar,pol_fba5b3e11cf040b5,2026-08-03T17:30:49Z,
37dd6d76-f777-4a6d-bff7-4efe21327431,ad4cebaf-9a8c-44a2-a2b4-32e81f11d97d,1917.71,PEN,succeeded,polar,pol_f88a33417aa4644a,2026-08-16T12:08:45Z,2026-08-16T12:13:45Z
d3a363fd-1ad6-4e84-8dce-141027aabacb,39eafb0c-4439-4406-afbc-e2611ef4c023,5333.91,PEN,pending,polar,pol_b1cc7822dba73b46,2026-07-21T14:45:43Z,
81e2dea6-1e9b-419f-b974-4e54c6ed8f22,3877557f-a18c-419c-8100-9e104c66d44c,9030.56,PEN,succeeded,polar,pol_237939bff8a4800a,2026-09-20T11:22:51Z,2026-09-20T11:27:51Z
157aeaf2-6794-42fc-899d-27020e46984d,3baf7188-bfe7-4678-9870-81d754213a23,194.24,PEN,succeeded,polar,pol_14ad5c16c0e8b8a2,2026-09-21T09:10:53Z,2026-09-21T09:11:53Z
65c380ec-bcd3-4b6c-b687-3d12a23f6d1c,6f569d98-2ad7-445c-952e-b3f2a9fa223c,1482.27,PEN,succeeded,polar,pol_c5abfe4260395e92,2026-09-15T11:10:05Z,2026-09-15T11:13:05Z
50545505-724d-4e52-9161-e2c1644374e0,7fc7faf4-0ddc-4be9-b95f-d0a37c7ab968,4850.28,PEN,succeeded,polar,pol_4970af32691ab7d6,2026-08-17T18:42:45Z,2026-08-17T18:44:45Z
9f6b7003-163e-4d45-8525-cb9939ccbbb1,e1efa2ce-44d7-471b-8025-dcaead4a0253,1281.19,PEN,succeeded,polar,pol_53f44d020cc118e0,2026-09-12T07:15:33Z,2026-09-12T07:18:33Z
7bc72b48-ad55-4a62-bff9-fe643448cbdc,dccb3c67-1948-4f4d-9b3a-3e18efbe8405,1155.32,PEN,succeeded,polar,pol_1b10d3da7faa143e,2026-09-10T17:21:35Z,2026-09-10T17:24:35Z
6db2ae61-bb71-49cd-90c0-a041d2b9aeda,5319c98e-afef-4691-9e34-7d5f6bc8dfd5,650.12,PEN,failed,polar,pol_a73854d688bb65b3,2026-07-21T11:38:55Z,
b6703dc7-e34a-46cb-99f0-2d92b78f2148,3fd54752-1694-4890-b47f-1a40e608a281,2616.2,PEN,succeeded,polar,pol_4f55206f88b91b9d,2026-08-12T11:36:14Z,2026-08-12T11:37:14Z
80c880a8-6ef1-49fa-bcb0-2196d5ac1361,e888f1d5-376c-4a31-9c81-148b8c22b421,7233.02,PEN,succeeded,polar,pol_dd0575bae2188ebb,2026-08-22T13:04:37Z,2026-08-22T13:08:37Z
e2d37361-64c3-4059-a508-3cdbe1e67996,a042af7c-1d80-488a-b18b-38cdbf6d5049,7874.58,PEN,succeeded,polar,pol_9cad643fd45ae91a,2026-07-25T09:58:47Z,2026-07-25T09:59:47Z
3e697ad8-2d0c-4dec-b273-e76c02ca0213,9d89eafd-80ed-47ee-8071-2d3fb5427e87,2241.98,PEN,succeeded,polar,pol_582278237e11036a,2026-08-28T13:12:12Z,2026-08-28T13:14:12Z
b8ba67a4-b557-4304-a023-08c170125ec6,df572c31-d582-4cd4-adef-4e9afbe37f21,483.31,PEN,succeeded,polar,pol_7c033480ae3acded,2026-08-08T09:09:45Z,2026-08-08T09:13:45Z
a615d22a-0c03-443d-8a21-4530ce03a0d9,44b247d0-652e-465e-ba71-746686131281,2224.75,PEN,succeeded,polar,pol_cc1fc6bd04ddc977,2026-09-17T15:15:35Z,2026-09-17T15:19:35Z
39a0b7d7-0d5a-49dc-9324-fbd47e17d866,582d25dd-20b4-495b-9713-dca0ccadb39c,1014.5,PEN,succeeded,polar,pol_95db688392a6d4d5,2026-09-11T17:49:19Z,2026-09-11T17:52:19Z
25b6a49f-1fd8-43db-a0c6-96ecef71e196,f12ad0f2-eead-4151-8abe-ae94af840a63,4323.34,PEN,pending,polar,pol_9d67d6a8e3cc1c54,2026-08-12T09:19:03Z,
7724a2b4-054e-4563-afae-8ce7846c2f7d,0b603f4d-a91f-41c6-8377-fd92b1641aea,527.13,PEN,pending,polar,pol_30870c0778af564d,2026-09-20T15:51:37Z,
64c1625b-d592-47bd-9f86-d410cd927e4e,0f4a6c11-3d1a-45fd-b05d-bb261390deba,909.5,PEN,succeeded,polar,pol_1020bde787e4bf83,2026-08-19T09:49:55Z,2026-08-19T09:51:55Z
6481adf4-2757-4783-bf78-ec56cb65a974,c092b3ec-5ab1-49ea-a651-a7b890815f57,945.83,PEN,succeeded,polar,pol_36960659f3232ba3,2026-09-26T11:26:59Z,2026-09-26T11:27:59Z
aa1444d9-7d23-4c81-8f08-93a5488a3fa2,781da091-9d86-4a9d-83c5-f8418adfe181,7149.01,PEN,succeeded,polar,pol_9ec8dbc529762f41,2026-07-31T17:53:35Z,2026-07-31T17:55:35Z
fbbc025b-2268-43cb-ae41-4a8335f1471c,2a22d54e-4824-456c-8607-40a6a7d3e19f,804.58,PEN,pending,polar,pol_4fab159f5f8515b8,2026-08-13T12:33:36Z,
fc7c25fc-0501-473e-86f7-e651bf5675fe,6ca19a64-faca-45f4-8a45-dfa5ed507aa5,5281.42,PEN,failed,polar,pol_3f0a7dc5effe16b4,2026-08-25T14:58:26Z,
8db7fb0b-e556-42fa-86ec-9c3e5d19a59a,08e97c03-bde2-48a5-9608-a5eb5f9aea90,1523.77,PEN,failed,polar,pol_9562f6d531ac0698,2026-08-25T16:26:09Z,
442820b3-1230-4b4b-bccf-81b8efa76c4b,d1f3a318-dc75-429f-bb00-56beb85ee1cd,259.15,PEN,succeeded,polar,pol_07b2a2f3710f0ced,2026-08-25T10:31:29Z,2026-08-25T10:36:29Z
dd30863e-71e8-4466-a63c-071a5bd05755,25b087bb-0a76-4366-9773-eea107b2a469,12104.07,PEN,succeeded,polar,pol_2b664fdd01c76d60,2026-08-02T14:04:18Z,2026-08-02T14:08:18Z
4f059626-2cf4-4584-a610-62608c01cf4d,29ee8db9-4235-48be-8916-6f3589ff9a56,51.97,PEN,succeeded,polar,pol_97627347e32e005f,2026-07-24T13:57:09Z,2026-07-24T13:59:09Z
ece3143a-fbd0-4c68-86c9-6a4a344375d5,8b98570a-3690-48ef-856b-fda1d36be3f6,4283.11,PEN,succeeded,polar,pol_60b5e06cc0e0c6d7,2026-08-13T14:31:39Z,2026-08-13T14:35:39Z
887e6097-fc1e-4992-8f8d-4761de25c4bf,67269178-f6c7-4618-8ef5-5aaafa4a4141,1032.56,PEN,succeeded,polar,pol_9695eaa7823aab70,2026-09-30T12:37:42Z,2026-09-30T12:41:42Z
8165b0e8-cf8d-4863-bd33-5541d695cfd1,f39abf87-b3e5-43d6-b5c3-a340d8666e8c,617.2,PEN,succeeded,polar,pol_1e7f2c702b4b71d0,2026-07-26T11:08:56Z,2026-07-26T11:11:56Z
27107234-f872-4505-a719-cd303883e874,34e0ebc3-29db-41d8-8fa9-482ad6325160,75.75,PEN,succeeded,polar,pol_54cb04671bb2cba1,2026-09-02T18:08:09Z,2026-09-02T18:10:09Z
f62d9a43-679a-450b-bfd7-68e2239b9b46,ecadd5e6-f388-4084-85d7-a559610deebf,8812.4,PEN,pending,polar,pol_822500ddb610548f,2026-08-25T11:11:23Z,
9fc15db6-4ca0-4831-9afd-7fb2276258f5,fdb8fb80-41b7-4839-89f5-b2022d70a7ee,6419.52,PEN,succeeded,polar,pol_37327e39be332e1b,2026-07-26T12:52:06Z,2026-07-26T12:56:06Z
bbcd94c5-33d2-4864-abf1-d5beeff98638,88dda3d2-ca79-406f-ad29-e43733984f8a,5618.26,PEN,succeeded,polar,pol_f67968c74d45a443,2026-08-17T11:51:16Z,2026-08-17T11:56:16Z
f445df60-cda1-48b0-a88c-549ef0a60e55,308c6093-392e-4cee-aa6f-9080edb85fe1,1391.31,PEN,succeeded,polar,pol_b4472be4794f0f07,2026-08-04T16:19:37Z,2026-08-04T16:21:37Z
b16bd347-5fb6-46eb-bc20-2d3f63b312a3,6885e0a2-20c7-4aef-86ec-16c7f39d6ac4,4407.9,PEN,failed,polar,pol_aeb3644c18c46797,2026-08-18T09:05:58Z,
684324a5-a302-4f74-bee7-b0ef4a0203bf,31c4f822-d40c-45a2-a0e5-99ca0213b991,11311.24,PEN,succeeded,polar,pol_8d94463f19fd406e,2026-08-22T10:46:32Z,2026-08-22T10:47:32Z
d9b39230-cb00-454a-a8a3-9bb05571eb39,4fc19b71-e813-4a41-beec-65fdae1c4af6,103.94,PEN,failed,polar,pol_f152b781cc97a0cb,2026-09-13T09:10:03Z,
f5736216-1be6-4041-bcac-36acfbc456d4,b9fadc3c-748e-4c71-b6f1-c7b88f8fa633,10465.23,PEN,succeeded,polar,pol_d957eac8771dbdcd,2026-08-19T15:59:56Z,2026-08-19T15:59:56Z
4be77254-ba6f-4249-aa5e-0458754fec13,a2c58e59-a7b7-4a41-beb1-b09ed84e0e19,3512.92,PEN,succeeded,polar,pol_16dedebdceed408d,2026-09-06T07:13:30Z,2026-09-06T07:16:30Z
ea108661-75f5-4981-a6d8-eaf6ea55bcfc,178c68fd-2fec-4579-8ec8-b67f52691c3d,8491.41,PEN,succeeded,polar,pol_e5e4ad383c319dee,2026-08-30T09:30:32Z,2026-08-30T09:31:32Z
49c821da-5781-480e-bd50-5a4e0d60dd92,3a3bb44f-f559-4855-a1c0-e571776861f2,1212.73,PEN,succeeded,polar,pol_268450e8fbe4d766,2026-08-31T17:07:27Z,2026-08-31T17:08:27Z
7f4253bc-e46e-4710-9588-871bfbc5de01,8bdd5e6b-1a21-4d01-ac67-99407bf4d22f,2925.76,PEN,succeeded,polar,pol_0cae057e3a365a67,2026-07-25T10:56:05Z,2026-07-25T10:59:05Z
8aefaa21-aa6a-40cb-80f5-58fd8064554c,23db8319-a3ae-409c-b3d6-dca5f888f0cf,5105.9,PEN,succeeded,polar,pol_183d2040c3fc153e,2026-07-22T17:21:52Z,2026-07-22T17:22:52Z
6815965b-28bc-441f-96a3-576f9813f691,e51cd02a-3857-4f63-b375-5373ed2504c8,834.95,PEN,succeeded,polar,pol_3d917621ea031f0e,2026-09-25T10:35:24Z,2026-09-25T10:36:24Z
53f74bcf-754f-4156-9b4b-c008063f73b4,bce2c42e-dc05-48e1-967b-8cf0cc91938b,2404.52,PEN,succeeded,polar,pol_76f8e712fe146daf,2026-09-10T09:38:57Z,2026-09-10T09:43:57Z
e2e573a1-a962-4156-9db5-33b8e8da927e,e5bc4eb2-c76d-47ee-81fc-cb6191572cba,467.77,PEN,succeeded,polar,pol_1395fc705e8eccaf,2026-07-28T09:36:36Z,2026-07-28T09:37:36Z
daa127fe-029c-4d3f-a9e8-448786c94a2a,d67e6531-57b0-49f1-8c88-aa7157e6bba3,2237.76,PEN,succeeded,polar,pol_d98fa83b3256546c,2026-07-26T11:32:47Z,2026-07-26T11:33:47Z
de0b6f0b-565e-4cb2-8dc1-a5aa5eff4ab3,b8ee9c3a-ad06-4dc7-8570-b1d07fe6e08c,268,PEN,succeeded,polar,pol_7a2c75cc85e14983,2026-09-26T11:42:36Z,2026-09-26T11:47:36Z
f97314f5-a78c-4276-afa8-d8679e72b647,5077a239-3472-45aa-8469-cc6e80620f70,1608.46,PEN,succeeded,polar,pol_40ec80b3bc52e5cc,2026-09-10T18:35:49Z,2026-09-10T18:36:49Z
de847bc2-a266-400e-af65-b9512fb2d82b,eb74bfd8-1d88-4ce9-a709-1368e0a7b302,4561.74,PEN,succeeded,polar,pol_3b3449a17ca50856,2026-08-22T07:03:27Z,2026-08-22T07:04:27Z
374c7774-3e3c-4aeb-9390-7614d04b6cc9,72b43bb2-4451-42df-9121-63ad726d7315,10542.98,PEN,succeeded,polar,pol_1a62a6756cfc2857,2026-08-02T07:39:52Z,2026-08-02T07:44:52Z
3f8e8b99-64ac-44fc-bedb-32f4dd11bdd9,c9355e12-9586-48df-9781-97614f9fc621,1581.47,PEN,failed,polar,pol_280dfc440bc38339,2026-09-11T12:02:33Z,
e4e16097-c167-4c1e-a15a-2596063cd07d,fc8b3fd6-3fca-44f6-8a1c-cb17a947dda0,2262.7,PEN,succeeded,polar,pol_51b7ae77379a35cd,2026-09-03T10:35:20Z,2026-09-03T10:37:20Z
2b13b65e-f806-4e9a-b052-8b37ee8d4359,4fec42a2-2ab2-429f-acd3-bb675c1460dc,3237.18,PEN,succeeded,polar,pol_088c2af3f1a177ab,2026-07-30T17:05:37Z,2026-07-30T17:10:37Z
6874ef52-4dde-4504-8cc3-e1e50c49facd,17256805-9801-404f-b9dd-7394ed6662a0,1531.14,PEN,succeeded,polar,pol_dd4bddd05b464220,2026-08-11T10:29:48Z,2026-08-11T10:31:48Z
c6a38256-56fb-4509-9148-f28b3a6ef4fa,3b8ea9a8-7b06-42de-9b10-d56a6ff7b454,2091.63,PEN,succeeded,polar,pol_fdd6bd7b22eac5ab,2026-08-25T09:11:52Z,2026-08-25T09:16:52Z
7499fc46-0d60-4fb9-8aa8-226b2ab6274f,21e483b0-69dd-4db1-a867-770de9202406,1618.96,PEN,pending,polar,pol_5e093ba70fdbc04b,2026-08-28T18:40:47Z,
1e53ec95-40d5-4b9c-9fac-f298013d6240,938346ef-eec5-4631-859f-26ef19a5b7bc,455,PEN,succeeded,polar,pol_175fdf2fa21bc309,2026-08-05T14:57:45Z,2026-08-05T14:58:45Z
7a5e8a6a-3a56-4cc9-b9db-c9ae08d939f3,51fa7cd2-e4dd-4c38-9118-0952547725b9,4745.81,PEN,succeeded,polar,pol_1e531bc6cda8d9ff,2026-07-29T09:20:22Z,2026-07-29T09:23:22Z
ae865958-3165-4b43-ba43-59f748fe7c15,d7dad230-6643-482e-a0e3-4c6c9b1a7bd3,95.64,PEN,succeeded,polar,pol_0beb548b3d1464e9,2026-08-26T11:58:14Z,2026-08-26T11:59:14Z
5bd452b3-b547-47a1-a07a-b5c1510555e8,703f1688-31ec-490f-8168-22b88c078205,3150.98,PEN,succeeded,polar,pol_fe4ae487189af741,2026-08-25T14:41:49Z,2026-08-25T14:45:49Z
d1ffc166-bdac-4b4f-97a1-5e623e09a095,383f9aa1-4f55-4ddc-a67e-eceffd08a63d,3858.28,PEN,succeeded,polar,pol_8c9ea27784021bc5,2026-07-29T17:42:06Z,2026-07-29T17:46:06Z
8ba093fd-c719-4d42-9057-9990350269e4,82278c72-a743-48f8-8363-96f424e57aec,486.62,PEN,succeeded,polar,pol_54191ea607f3b953,2026-09-06T06:53:36Z,2026-09-06T06:57:36Z
9bd20b72-cf4b-46f6-a3ac-920470127d6a,b30e6686-a86f-40fe-8d24-35b314952753,2078.1,PEN,succeeded,polar,pol_1ce9ee399168ff02,2026-08-15T14:31:22Z,2026-08-15T14:34:22Z
aba04eef-ca89-498f-b853-f5881dc30216,2a55ba18-4caa-427f-aac1-5c9d043d3e92,169.36,PEN,succeeded,polar,pol_b7e62da2ab584533,2026-08-13T12:40:42Z,2026-08-13T12:41:42Z
d20c560d-2514-4f23-b96c-52e2adcf84ba,ad428f62-bc4e-4063-ae40-c97736e19789,1813.8,PEN,succeeded,polar,pol_220871c966337a90,2026-08-03T13:44:10Z,2026-08-03T13:49:10Z
291a64bd-871e-4799-993c-2ff74bdae264,a614db65-ecd3-4dd1-9d03-38f1f6bde0a8,458.15,PEN,canceled,polar,pol_5fb1b33bab95b34a,2026-09-15T16:33:10Z,
31188cb4-3a34-4390-a7f3-788d2fa28c74,2d1c081c-c240-4cc1-a2f5-c13e6717a562,1245.27,PEN,succeeded,polar,pol_43b0a9cb8eb4923b,2026-09-13T07:58:43Z,2026-09-13T07:59:43Z
e3b4ffe8-19de-443f-84a3-2f547726396b,884603bb-69a3-4e17-b921-310584ddf765,3832.11,PEN,succeeded,polar,pol_b1b39b1ddead0107,2026-09-07T11:08:39Z,2026-09-07T11:11:39Z
070cdc8a-55bb-408d-b99f-8b6effba1d30,c6861a82-8c3c-4845-aea7-b68d73c3b94e,579.18,PEN,succeeded,polar,pol_50ec92d167c77c0a,2026-08-28T14:47:12Z,2026-08-28T14:49:12Z
0eae911d-d886-42b9-8ddb-f5be334025b3,73e6d41a-b6da-4b92-b299-5396a8ba7dd6,7495.37,PEN,succeeded,polar,pol_7290215a10348970,2026-08-07T14:23:46Z,2026-08-07T14:28:46Z
2717e7ac-a003-409f-a6a6-b6a0fe819715,8be23536-df59-4157-88a5-1dd152366449,9710.67,PEN,succeeded,polar,pol_b3a5c844afa58eb8,2026-09-23T11:02:24Z,2026-09-23T11:05:24Z
043cfd63-580f-4cb1-8d18-28843e3f6b19,9cfc1dd5-03cf-4aa6-a6f0-ce64597d5ba0,4686.82,PEN,succeeded,polar,pol_61aacfb7f52ab1fd,2026-08-10T15:52:35Z,2026-08-10T15:57:35Z
9fa4e98d-d66c-4404-bce0-d0012817cd47,6f5b14d1-5396-4bbd-9221-3f8835acc478,971.29,PEN,succeeded,polar,pol_f35df5ebd889f54f,2026-09-09T17:14:16Z,2026-09-09T17:19:16Z
3e8c1cb8-580d-4a2b-825d-74b5537e2d9d,c154e6c6-f714-4f40-8cd8-d1c38d8da3f1,4129.78,PEN,succeeded,polar,pol_cb8acc92b7063098,2026-07-20T12:37:12Z,2026-07-20T12:41:12Z
d0ba3859-5950-4f00-8980-1dc30fe0304f,e48d5cdb-d0ee-4dd3-b40f-af0482850b46,2968.15,PEN,failed,polar,pol_59b353859a5443b4,2026-09-24T10:58:08Z,
df3cbecc-cefe-459c-a7fc-19b8a8fc8e43,3494c1da-3cd3-4ce9-9dd2-2eaa64e3ead9,5774.81,PEN,pending,polar,pol_55dcbe67043605fa,2026-08-07T12:23:09Z,
bf0e11bc-dcb2-4c2a-8d12-65e3c9bfeb66,9e56bb89-36bb-4396-850d-9ba77bfeb37c,1780.08,PEN,succeeded,polar,pol_586e1ef05e212faf,2026-09-12T07:16:41Z,2026-09-12T07:21:41Z
12c1eb61-808c-476f-836f-8936ff6ce6ad,bd78df81-a5e1-40aa-b229-126a888de644,7248.61,PEN,succeeded,polar,pol_edec2b5320bfb46e,2026-08-29T08:38:02Z,2026-08-29T08:41:02Z
3164b9c4-af48-4bc5-b585-81043a4bdacc,3290ef4d-d3de-4aec-add4-89f03062a6ca,115.72,PEN,succeeded,polar,pol_c92b7035f2b678c1,2026-09-17T13:30:48Z,2026-09-17T13:34:48Z
9d13b4d3-d5be-4a3a-891d-b4a1f320fd27,4102c795-2dde-45ef-b83c-928ba0ad4c19,1579.64,PEN,succeeded,polar,pol_b26ee38140a119c3,2026-09-15T13:19:02Z,2026-09-15T13:23:02Z
afe2ad3f-aac7-4823-8314-83ef920e62c4,420fc493-e1ef-4d31-bbf3-e9fc033ef5dc,2030.34,PEN,succeeded,polar,pol_f69b21cad5db5440,2026-07-31T11:55:22Z,2026-07-31T11:57:22Z
39bdbf18-9b06-4d4a-b332-147e04d80389,958b9d8c-28af-467d-b936-c49c6a361788,2775.79,PEN,succeeded,polar,pol_054fb9d9c3a9c7ba,2026-09-28T15:18:45Z,2026-09-28T15:19:45Z
d28dce3f-92cc-46c5-9acb-7f0f3823844e,93332274-885c-4326-9062-d5be7147c384,4791.91,PEN,succeeded,polar,pol_a2e120447d272927,2026-09-18T09:04:58Z,2026-09-18T09:08:58Z
17463dec-9df5-466b-aecd-630c251f2e46,a882cd2c-c045-4160-8f34-f84009658ebb,4570.66,PEN,succeeded,polar,pol_78ee8c0c7d53c130,2026-08-06T12:01:32Z,2026-08-06T12:02:32Z
6df949ad-75c3-4e74-954e-f0718ebed105,5e157d68-2847-4866-add3-e28cf8076947,2551.51,PEN,succeeded,polar,pol_06732cd5576852e8,2026-09-25T13:05:59Z,2026-09-25T13:10:59Z
5525e204-4d74-436c-b6fc-36026db16ab2,b82e47f2-3cb3-4703-890f-b92fdbb98790,1799.38,PEN,succeeded,polar,pol_3ede7fc335f3fbc0,2026-08-12T11:16:56Z,2026-08-12T11:20:56Z
c9857961-c098-4e23-a98f-20afd7eac379,495ba8af-be9c-4109-8487-84b75a612d7e,2298.98,PEN,succeeded,polar,pol_d8522c3eb9e6b324,2026-09-07T17:41:32Z,2026-09-07T17:44:32Z
84477bcf-e44b-481d-88c7-d0cfced5f1d6,90cab0b6-03a2-41d8-895f-93d7afeab510,1311.24,PEN,pending,polar,pol_03682f0689f79e0a,2026-08-11T18:21:38Z,
c911ee1b-4c26-4687-aca1-cb1eca28b548,7fd0bc41-4f2f-4342-8469-28f173c923fd,2832.5,PEN,canceled,polar,pol_0de2a6174899f50a,2026-09-27T14:11:24Z,
1160602c-7f96-40df-b2b4-331b1e9c0caf,0a8d2d6d-2c80-4e59-9ba5-219e3ca39afc,1766.51,PEN,succeeded,polar,pol_1841c2ea01fee075,2026-09-06T08:08:38Z,2026-09-06T08:12:38Z
881791ae-2c9e-489c-bb15-ffd62efee926,15a6fec4-cb4c-4f1a-98be-40cd367e69fe,2569.6,PEN,succeeded,polar,pol_0ca940656547c42d,2026-09-26T08:46:20Z,2026-09-26T08:50:20Z
5b0a4815-de6a-438a-8e90-77c9e476ebfa,e46c4caa-c49b-49b7-888c-2d8726e64e44,559.71,PEN,succeeded,polar,pol_73aef8c19c17a941,2026-08-02T09:38:32Z,2026-08-02T09:42:32Z
23ac264e-2684-4e2c-a986-fd961400358d,f7f52303-9fce-4cdb-b2d9-bfb0f1563f02,2607.38,PEN,succeeded,polar,pol_8cb2b42f9608f8df,2026-09-09T13:51:24Z,2026-09-09T13:54:24Z
25dc7aa5-463a-4ee6-bbcb-d202d6c74821,39fe3832-ec11-4850-8164-2f9abc8aa12e,4357.49,PEN,failed,polar,pol_6c9c5d53573a4889,2026-09-30T14:43:09Z,
f4b2e5a7-034f-4930-99b3-4f51e75fb7aa,b019b507-2acd-4a4f-9d49-d85278649e06,594.85,PEN,succeeded,polar,pol_f5cd7668a29d0ac0,2026-09-02T09:06:08Z,2026-09-02T09:08:08Z
1782445c-3606-4830-808c-b9a7caeb0d5d,bf198de7-40ea-4d83-a24d-3482203281e7,1155.16,PEN,succeeded,polar,pol_f815603d9e01f73e,2026-09-25T18:18:00Z,2026-09-25T18:21:00Z
ed07110c-7111-4051-b589-1bf758575cf9,48074950-d66b-4179-b208-ad9569901c3f,960.75,PEN,succeeded,polar,pol_9e50288c2af92b52,2026-08-26T14:14:00Z,2026-08-26T14:16:00Z
c44622a1-22ec-48c8-bf93-f931b8ab9460,3bc0d164-8e35-4da8-9e5c-c3cc9270f3dd,1175.48,PEN,succeeded,polar,pol_ea863f1fae43115c,2026-08-16T13:31:35Z,2026-08-16T13:36:35Z
32a33d4a-4a13-4f43-8716-a6023de749c3,cb2451ff-6483-41a2-9c5a-c83b54739f20,2961.01,PEN,succeeded,polar,pol_25f3d20caa5eace0,2026-08-02T10:28:12Z,2026-08-02T10:33:12Z
fe48dc83-2002-46f3-a398-b67c82197dec,bf86a05e-424a-40ca-bb76-a73d28217a86,4093.04,PEN,succeeded,polar,pol_3f451714fda3fdd7,2026-09-12T06:55:16Z,2026-09-12T06:58:16Z
4a4025a4-b918-4312-90c1-ed2e8820bc34,2353cb7a-14e7-4d7a-96cc-e5f9c4e3f92f,34.53,PEN,failed,polar,pol_a6860a1c8db4b61f,2026-08-11T15:20:24Z,
9c46eb7a-9532-4f47-b404-87cd4721fbec,8a1bc68b-7916-4e68-918a-3609ddea39d6,2719.44,PEN,succeeded,polar,pol_a28e7197a7abe706,2026-07-29T13:33:00Z,2026-07-29T13:37:00Z
b579b9e3-6ea2-46cd-9276-742955d2b907,86facca8-2ab1-4c2a-86ec-aa7819e7f349,1085.19,PEN,succeeded,polar,pol_3bebbf7b5cc8b8ac,2026-09-23T09:55:33Z,2026-09-23T09:58:33Z
2feba565-3d4a-48b7-bcf8-bef3f3434ba3,ce54d10a-51f1-41a5-ac84-a88bd6e11d52,2690.68,PEN,succeeded,polar,pol_34a277730028a38b,2026-09-13T15:29:07Z,2026-09-13T15:30:07Z
516c7a6f-82c2-4a3b-92a9-b97fe9d45ba8,ca7770a8-bb46-43a0-843a-a59a4729621e,1698.34,PEN,canceled,polar,pol_dcafe13007e097dc,2026-07-18T12:17:00Z,
2515daba-0894-4aff-970f-eec7e9db92e2,e2490e79-f400-41e1-afa1-c75434fb6287,578.1,PEN,succeeded,polar,pol_2925b38c5d8392f5,2026-08-02T08:45:07Z,2026-08-02T08:50:07Z
4e1e2d46-c6c4-4624-a013-de39587090ed,c9af3969-70bb-488c-a76c-7378a2db58cf,2864.68,PEN,pending,polar,pol_b8ee55073e80edb6,2026-07-19T15:47:58Z,
189d456e-391e-42a7-b961-8a69de74bdb5,ca8457f3-7a49-4950-9197-f1820c328d7b,12768.46,PEN,succeeded,polar,pol_1599174bbaf42cd5,2026-09-11T16:16:53Z,2026-09-11T16:19:53Z
e80abdb5-0c54-4331-bc10-16a64c48e592,f4a8b3dd-bbe2-4b2a-937b-05e76828be69,4354.78,PEN,succeeded,polar,pol_cc36242b84a26a4e,2026-08-07T09:11:46Z,2026-08-07T09:12:46Z
9dcd7ae7-46a0-485c-9243-29963ca285df,f2d816da-e0f2-4535-aecc-0cc2f10bb33c,1308.39,PEN,succeeded,polar,pol_d9fddd2808ddc214,2026-08-28T16:14:08Z,2026-08-28T16:17:08Z
f964e30d-7fcf-403a-9131-9c1ce43c55d6,cff20b44-6606-4cb8-a057-120fdf76cab8,2125.29,PEN,succeeded,polar,pol_96b5d121eaebfc7c,2026-09-15T09:29:57Z,2026-09-15T09:31:57Z
788eef61-9804-4225-a17c-f86ad730abc5,8ac8115a-dd8f-4f9f-a3a4-b0ba0f004b5f,3588.3,PEN,succeeded,polar,pol_422a8c0a0c1ff309,2026-08-19T17:16:49Z,2026-08-19T17:18:49Z
f47256ad-e0e6-4f26-9527-e1fc79b622f8,995aeb6e-a22c-48e6-a9b7-96364be65d80,1207.5,PEN,failed,polar,pol_f2ebe1813b8d8bf3,2026-08-03T18:20:29Z,
523bb928-3f0d-4e9a-ab4b-a2bddc326696,2fc25586-a1be-4fde-b529-501d73361c99,1707.96,PEN,succeeded,polar,pol_9abed66e92ee88e8,2026-07-19T09:21:00Z,2026-07-19T09:25:00Z
caf41ee5-5884-43cc-84e2-44f975524349,0894a061-094c-44ca-94d4-e04d46b59d4a,879.68,PEN,failed,polar,pol_2cce9f106ecc782a,2026-08-12T13:29:24Z,
0c2d2777-e9ed-4b6a-bdbf-19abde3f5f70,21bc481c-5656-4155-8171-c07dc363544c,1388.64,PEN,pending,polar,pol_e9a7e822d4eaa0b0,2026-09-27T10:21:54Z,
8f8091e2-9ef9-4fbc-96bb-aa4a53c7f438,52b05b63-1b46-4e00-be07-b3c5fd7e76a7,3456.37,PEN,failed,polar,pol_e4586f017d979065,2026-09-19T06:36:12Z,
1fe555db-f265-4f1f-a4f6-ff91db0fcc38,a3f1ca26-0b0a-428b-8079-9c40b1b82ba7,2355.42,PEN,failed,polar,pol_c078f547f7348b7c,2026-09-24T11:00:20Z,
8936ec9f-d4af-45e9-b07f-a472fe339a1f,6077a3d0-0e3c-4c1e-b83d-fb927ebb3c6e,2605.22,PEN,succeeded,polar,pol_5ffdc168b78351f2,2026-08-30T13:47:33Z,2026-08-30T13:51:33Z
5c636ccb-67c6-446d-831c-8e51a9224f13,bccc4494-2a42-4ff8-9ab3-ea056066216a,893.14,PEN,canceled,polar,pol_91c5cb2b9b923317,2026-08-19T17:04:46Z,
bc7776cd-a846-465d-8582-b6fdb9bb350c,702a08cb-919e-466d-a882-093bdabaaa25,873.28,PEN,succeeded,polar,pol_6914dd9ce2f45990,2026-08-15T06:51:11Z,2026-08-15T06:55:11Z
a531716f-e727-45a1-8a2c-45387eb6e5bc,8a645ed9-629c-4cf2-a470-b126fb96ae37,7113.24,PEN,succeeded,polar,pol_a035f0002d6962d1,2026-08-09T14:07:12Z,2026-08-09T14:08:12Z
1ef5c1c5-c524-46f1-a8fc-1cd0af9d8a61,f9a46ea2-3b1e-480f-8274-efff8b005c36,1300.24,PEN,pending,polar,pol_a1c3ab69d1dd89d4,2026-08-26T13:09:13Z,
4d662b97-cdda-4253-adf0-7c72f7e40ef8,d1be2bc5-49ae-41cc-b531-5e9fdbe92ec5,466.62,PEN,succeeded,polar,pol_77815427e965437e,2026-08-21T12:43:28Z,2026-08-21T12:46:28Z
a026468c-0220-4349-8338-f5c9b9b6e51d,121964cf-c433-4c96-a8c8-ab07470d4db7,3184.88,PEN,canceled,polar,pol_875ebbd402b81e41,2026-07-26T10:53:30Z,
72fbc428-86bd-4b4a-83dc-f300cde2d8c6,589276d9-b72a-4c09-a10a-3345db9644ad,4462.99,PEN,succeeded,polar,pol_6919f2c1e6fdda2a,2026-07-25T11:29:08Z,2026-07-25T11:30:08Z
8ee1778a-9f9d-4056-95d5-8a005ddedd88,ce924ff0-4274-4f08-863a-52b2a28c962b,5134.31,PEN,succeeded,polar,pol_8b713a5dca04d475,2026-08-15T08:58:05Z,2026-08-15T08:59:05Z
36ecc8d6-62b1-40cb-bfe9-01695480366a,d4093004-9274-4fb7-a53d-bfb8717ca519,1467.26,PEN,succeeded,polar,pol_14d539ae9c99affa,2026-08-24T10:56:02Z,2026-08-24T10:58:02Z
da2b9fc6-ec45-40e3-890b-65148e3e3ed6,9ce3bfe5-96e3-41c6-9bf4-e96e3cf54039,3916.66,PEN,succeeded,polar,pol_159b3b757fa5684a,2026-09-21T14:53:22Z,2026-09-21T14:54:22Z
9db4fe8b-fa5a-4542-8376-c6c0158c8938,80b49d75-3bf0-4ed3-9629-2f8651740663,2074.88,PEN,succeeded,polar,pol_0c151c09adb1aa97,2026-07-28T13:27:09Z,2026-07-28T13:31:09Z
a022f9d4-08c0-491c-bb10-c2b77b8fad0d,d91d245d-8782-48c6-a7ee-d4745bb39039,5792.95,PEN,succeeded,polar,pol_0e1114c9f1687e07,2026-09-21T14:08:55Z,2026-09-21T14:09:55Z
2d9ddc61-c3fd-45ca-84ad-8787d2c98e73,52cddb2a-6c72-480f-82ce-c2c668535430,1166.05,PEN,succeeded,polar,pol_f0a35f545ddc0435,2026-09-06T08:18:45Z,2026-09-06T08:20:45Z
f24d4201-607e-44f6-b846-cee164f3e98d,84ec307f-ab82-4502-9642-056556c17071,1192.72,PEN,pending,polar,pol_3ecfc65bc85a42c3,2026-08-20T09:36:31Z,
eb6108bd-e7c1-4917-99f5-d72f3412bee8,a598653d-de51-4327-a764-e0e05fb6e5bc,2597.19,PEN,succeeded,polar,pol_6f47d59b862f54c0,2026-08-21T18:55:03Z,2026-08-21T18:58:03Z
a839f8bd-29da-4edc-b2f0-5fe5e1921081,ddd77a8b-bdc6-4bc9-8084-4f6959538786,1577.35,PEN,succeeded,polar,pol_6bb055207c1e9e3d,2026-09-14T11:54:35Z,2026-09-14T11:57:35Z
fe71eac7-b9ff-4799-a2bd-b59221e4914c,8d7af109-684d-4727-837e-20bf6455c7fe,2369.03,PEN,failed,polar,pol_dc961789d3a269bc,2026-08-04T12:27:57Z,
19d03290-c412-4dd5-9ed1-357176b43730,f6806210-ef81-4c37-9c94-428b695d96b0,7977.29,PEN,succeeded,polar,pol_4b630f531e0d9d58,2026-08-04T16:52:54Z,2026-08-04T16:53:54Z
2b147ef0-c1ff-4901-b184-84fb110a7cfc,003f01b0-fe78-4b49-9a01-99e082a748e1,6110.35,PEN,succeeded,polar,pol_589b8801d38117a7,2026-09-21T15:28:14Z,2026-09-21T15:30:14Z
09c74fdf-57d4-4987-9f41-08e3f84b3058,f012eec4-4bf4-4640-bae2-3dacaa70b6b6,381.88,PEN,failed,polar,pol_3f30f5000a04e59f,2026-08-17T13:27:13Z,
bbf4ee8e-59dc-4e7f-a613-b7bdc12c5068,0ab77ecd-cab9-4703-835b-85f1c7418358,103.85,PEN,pending,polar,pol_8a3b07a26e20a73b,2026-08-21T12:56:37Z,
71cfde10-a457-4c56-88ec-dee6f7b62f86,ef08fff9-8008-4744-9d17-6e9eaf99a40b,3387.16,PEN,succeeded,polar,pol_526f0d98162d4194,2026-09-02T17:15:26Z,2026-09-02T17:16:26Z
6fa26fbd-b920-4d52-8d97-15611d511ed2,391d50d2-1120-4c72-abe9-452abd5a2b73,454.75,PEN,succeeded,polar,pol_146600b1c7bfb2f8,2026-09-21T14:43:30Z,2026-09-21T14:48:30Z
e7620ba6-6ce0-46b5-a7ee-f62745c0fa80,8608bbb4-c612-4885-8a3a-a3be899fbd1e,1468.11,PEN,succeeded,polar,pol_176c65fef6b09316,2026-09-24T17:37:48Z,2026-09-24T17:39:48Z
67ef56b1-efe7-4565-afb5-638efafc1e96,5a1e18e6-6016-4453-96a3-79bcc9a3509e,52.75,PEN,succeeded,polar,pol_45602a61513eb0b0,2026-08-21T11:27:31Z,2026-08-21T11:28:31Z
d71858b8-6b6e-4208-981c-1af2775bd8a9,23d79d19-73de-4999-aa98-d4ddb3ae4fc9,215.62,PEN,succeeded,polar,pol_d7e6968a80e34755,2026-09-06T08:19:44Z,2026-09-06T08:20:44Z
b73fbaa5-5237-4a27-9d35-23e87a4f938a,c7f4bc67-d765-498b-b6d6-aee7c8250c09,3528.14,PEN,failed,polar,pol_9de4755f973d4318,2026-09-29T18:24:19Z,
75af44e3-f38a-42fc-9b60-e76f9cf30aa9,6ed41f01-d666-4abc-a0ef-83ba0c73dcb3,713.56,PEN,succeeded,polar,pol_828c3b82cf6fc3bd,2026-08-09T07:21:16Z,2026-08-09T07:26:16Z
8b499536-f03f-4d58-8932-77f3c7ee533d,e3573f28-7cc2-4668-a924-9ef14b67b219,4988.38,PEN,succeeded,polar,pol_5ca2c3a3d7abb01d,2026-09-28T10:45:35Z,2026-09-28T10:46:35Z
c5e91de0-59dc-4230-87a0-046ba14b22a3,f97b2507-1a11-48d5-9ba5-f157bbd7124d,593.47,PEN,succeeded,polar,pol_d70fb108f6918c65,2026-08-27T10:01:53Z,2026-08-27T10:02:53Z
83d2ed3d-ff5b-4593-b6b4-8e67f5319461,2e881e6b-6e76-4eca-bdb9-f6c858681383,608.06,PEN,succeeded,polar,pol_8f103b2ea9dcfc8f,2026-08-31T11:40:20Z,2026-08-31T11:44:20Z
b3ec4137-ee91-4709-b5fa-5fdcfc07235e,4994374a-6004-489b-9bda-5a41fcd40771,1804.8,PEN,failed,polar,pol_c202965c1f4c8faa,2026-08-22T12:54:30Z,
8e2a0106-5a7a-4276-940a-c21631ac9057,600a30da-bbb6-45a6-a02a-766a1c19cfeb,1987.62,PEN,failed,polar,pol_354321aaac92d954,2026-09-20T12:35:01Z,
3b06e8ae-7bdd-4bcb-8cff-a01414493040,d529bea4-ff17-4519-adbb-8e28e86743c5,9659,PEN,succeeded,polar,pol_e4377ee856fea3f3,2026-08-10T15:47:15Z,2026-08-10T15:51:15Z
0fb81853-52b0-4cce-9a5a-78d092165473,d551924b-9047-4375-8663-cbea91611aeb,6216.26,PEN,failed,polar,pol_2fcdd1e3d4945bf5,2026-08-27T10:57:59Z,
0eeb4d12-066e-4067-92ea-18d73c075bc6,03275e31-b512-44d8-91ba-f4171ccef847,620.77,PEN,pending,polar,pol_fe273ba4fb328b6c,2026-09-25T13:38:09Z,
ed0069d1-ab69-40e4-a227-15b317f75353,226dd718-5609-4d2b-9691-6b9f2da274da,11790.84,PEN,succeeded,polar,pol_1947dac05ac1212a,2026-08-27T18:25:54Z,2026-08-27T18:27:54Z
156d9ec6-53c1-46e5-be9c-18efa54b691e,16960c96-c9cf-46eb-b881-4f17ca18a296,426.19,PEN,succeeded,polar,pol_3e78a05e985cefc6,2026-08-15T12:28:31Z,2026-08-15T12:33:31Z
3b550a22-65bc-43de-a6f9-a92a7e9bdeae,eac975a1-81fe-4be2-b015-b940e89953bf,9490.9,PEN,succeeded,polar,pol_02d4bc9c45380d51,2026-08-13T18:01:46Z,2026-08-13T18:04:46Z
fdb72418-22f0-42fb-99a6-be027cf75a57,44c599b1-d43b-4dc6-be7c-db1270eb3148,9133.55,PEN,succeeded,polar,pol_96aa59085a133d27,2026-09-17T11:40:09Z,2026-09-17T11:42:09Z
dee9b0c9-af25-4a7d-9f34-65fcb9aa5b03,43a2e5fb-7320-4f84-bdfb-be4a7301530d,314.82,PEN,succeeded,polar,pol_37e6ac4dd7919e56,2026-09-18T10:31:36Z,2026-09-18T10:36:36Z
80261fde-d3d7-401c-8a70-c66d543a5318,96ebfc50-01f5-4c9a-b0c4-158a2b9b901d,510.24,PEN,succeeded,polar,pol_b2504ac3c1223d43,2026-09-10T12:16:17Z,2026-09-10T12:19:17Z
38ceb238-bcf9-4704-a33c-0c1c22894fcc,ec3059ca-0502-4f36-be7b-13e84cca6f20,2051.46,PEN,succeeded,polar,pol_c29e0b4f790b66d6,2026-07-18T08:56:19Z,2026-07-18T08:59:19Z
ad2af787-6a5b-46b8-9fab-2a8cac1ac5a9,ca443289-ada7-45c3-9d82-8550f3bc6c85,719.29,PEN,succeeded,polar,pol_30dfca1c15194ee5,2026-09-07T12:39:10Z,2026-09-07T12:42:10Z
9b8d8eb6-03bf-4dbb-b8ce-07108b690e99,fd64a3e5-a49d-4e05-b27b-e8c7957ef08c,738.94,PEN,succeeded,polar,pol_27bbff7078ede081,2026-08-13T12:38:41Z,2026-08-13T12:41:41Z
7a97b2be-9297-4e65-b820-294acea6bb0e,f3497349-8a72-41eb-85c7-9bed0babad48,1658.47,PEN,succeeded,polar,pol_686c66785a864a8d,2026-07-23T13:41:00Z,2026-07-23T13:46:00Z
ceaad351-4b2c-4f21-a704-c40c8a95219e,c8d998d3-d6c3-4b01-888b-bad4f43284d2,6868.67,PEN,succeeded,polar,pol_40bb98a9c836287e,2026-08-29T15:48:08Z,2026-08-29T15:49:08Z
18718ad9-dfc4-4bc2-ac66-b790704f10f3,a20ae956-0648-4ed6-8e47-b677b145dc37,3786.58,PEN,succeeded,polar,pol_af82f87975cb0c87,2026-08-26T13:37:21Z,2026-08-26T13:39:21Z
f8419840-4d3b-437b-b436-f0250eccd7bd,e79c8cf9-4459-4375-941c-16e08ba6c30a,236.97,PEN,pending,polar,pol_ddfc311e30d9793c,2026-07-21T15:23:32Z,
40bcdd65-0703-474c-9094-b44058b168a9,1a2dfd68-3887-4db1-abd2-8184156840dc,2664.1,PEN,succeeded,polar,pol_8b220e8369baf1c5,2026-08-01T07:51:25Z,2026-08-01T07:55:25Z
b9fb1bc6-15be-479c-93d8-a5cd4244327f,6ca90528-c2aa-47d5-b4f3-7c95d942f544,2836.22,PEN,succeeded,polar,pol_1c877c52d251a54b,2026-09-09T17:00:42Z,2026-09-09T17:04:42Z
f24d5524-9454-4ef0-b817-c1a2224798b6,1dfb31c8-1966-42cc-9157-1dd5e0fa5ac0,3242.76,PEN,failed,polar,pol_82d47c5e425cd6b5,2026-07-29T14:27:18Z,
79cf7b4f-ea73-4c86-8912-326bca2445e2,17e35012-9660-402f-9d1c-bedab803bea9,3432.94,PEN,pending,polar,pol_e56a0e6630d86765,2026-07-23T15:31:39Z,
4237747c-6b37-45aa-a1f1-657983b0b4a1,29a50688-8ad6-4aaa-9a83-6d9166a9e872,2789.54,PEN,succeeded,polar,pol_2a6a206b1088d65f,2026-07-21T09:15:57Z,2026-07-21T09:16:57Z
8a23ef6a-92c1-4abb-9919-87c5849721f8,32247489-b0c7-495f-a5f8-f14c21a906e1,9480.78,PEN,pending,polar,pol_5d6d91baf2446571,2026-07-30T13:59:40Z,
74e625d6-59a8-4520-a277-ae84cedcea36,9a69909c-0ada-4e1c-a0ae-b436343a0364,1078.08,PEN,succeeded,polar,pol_703e2a8d697ee9e7,2026-07-29T09:36:59Z,2026-07-29T09:39:59Z
9b083622-db82-419e-bc32-9dd0dac1a56e,751f868a-6808-4510-9f28-39d68c864608,6218.78,PEN,succeeded,polar,pol_7db8b0d1094a8ade,2026-08-07T09:04:13Z,2026-08-07T09:09:13Z
ad12c00c-f922-4a9a-a153-0d39e51e613b,a87c0a2c-5461-4a4e-8534-71b5b4bc833a,2015.4,PEN,succeeded,polar,pol_19eb1ae409bc1ae0,2026-08-10T12:33:45Z,2026-08-10T12:34:45Z
7f6a3b6c-9518-4f2b-90d0-db91301c17ec,524a8eed-57b8-4fa1-823d-2567af848aeb,677.89,PEN,succeeded,polar,pol_3dfbaec2c137fe53,2026-07-20T14:03:26Z,2026-07-20T14:08:26Z
87e2726e-749e-4a31-b6db-52902bb6666c,4975d092-00ec-42e8-bda0-cc81e98decfa,395.58,PEN,succeeded,polar,pol_9de6051c3326e0e6,2026-08-31T09:13:53Z,2026-08-31T09:18:53Z
eb8b3d86-a76b-4710-b651-9bf6c1f9e712,6f99425d-7a46-4e6d-b2ba-b874fb6c7d71,5312.17,PEN,canceled,polar,pol_82edb64816a163ef,2026-08-23T11:26:59Z,
6363afbf-2656-4e69-a47a-e5a7105ecbcc,6347cc9a-4f7a-4c62-84d0-bc3e7b8148bc,14043.42,PEN,succeeded,polar,pol_9556840b435f37e0,2026-08-31T09:23:14Z,2026-08-31T09:28:14Z
73a2649c-4e59-4175-ae55-22edf2768b4f,43a99a2c-3834-4e7e-b4c8-16f714f79a87,6306.84,PEN,succeeded,polar,pol_25f68a5f2b4800b2,2026-07-23T13:31:40Z,2026-07-23T13:32:40Z
b84bff94-108b-4d61-b33a-57a404c83452,308c614c-7ffb-41ff-9c66-1c719a800f77,2693.28,PEN,succeeded,polar,pol_acdd0fd6e3c83183,2026-08-09T15:20:27Z,2026-08-09T15:23:27Z
c3a088d8-fe43-4b77-a5bf-b8f14f1c69d8,d6d55c04-41e0-4b11-a0e5-5a64b4728bc3,7636.89,PEN,succeeded,polar,pol_f003664ab56eb0fb,2026-08-10T16:33:18Z,2026-08-10T16:36:18Z
a3ef4cd0-1e0b-4703-b14a-b1b8a55e9992,9c641a7d-1a41-49a2-967b-30f56a6d2f36,1769.24,PEN,succeeded,polar,pol_03a611e6591d5a06,2026-09-12T14:46:30Z,2026-09-12T14:49:30Z
7b62abf3-b09e-4db0-bcda-3fa4b124736b,f41f7e9b-eecc-4fb4-919b-63844412a2ca,2694.4,PEN,succeeded,polar,pol_24751d174fb9a3e0,2026-07-18T08:16:21Z,2026-07-18T08:17:21Z
6c92cc20-2d8d-46a5-9313-ee6834b450d0,a93723ec-7494-4a21-a2d0-e7801b397f82,10625.23,PEN,succeeded,polar,pol_75938dd0a79387eb,2026-07-25T06:46:24Z,2026-07-25T06:51:24Z
962bdc67-f71f-4cac-ab6e-9ef6f88b266a,51a724f3-9436-4706-87b4-889b28c764d2,766.63,PEN,pending,polar,pol_8d4d429aea22a4d6,2026-09-09T13:16:02Z,
1ea593fd-a3fc-4360-afa6-ab17d6672376,ae8df84a-bbde-4050-80f3-62b96d0f9aab,2876.79,PEN,succeeded,polar,pol_49a9701f350a153b,2026-08-23T07:37:46Z,2026-08-23T07:40:46Z
2f38e3c9-b66c-409e-8ed7-653bd1a2138f,716241f0-b51d-4689-aed6-0099f97133ed,862.48,PEN,succeeded,polar,pol_5fcfd50b7fcbc1d4,2026-09-23T17:23:18Z,2026-09-23T17:24:18Z
233aae7f-f7ce-4efe-8596-2e8aca7f1c1f,9906a505-6351-470c-929a-8fd5a21ba7c2,1204.01,PEN,succeeded,polar,pol_f11255878744475e,2026-09-07T14:46:48Z,2026-09-07T14:47:48Z
26b74fc0-da62-4fec-9aa3-959e2a858cb0,2e8f887d-923e-43b8-9163-3002fcc05cf6,1048.29,PEN,canceled,polar,pol_cec428155f6fecc9,2026-08-11T13:52:58Z,
edf46fcc-8b7f-4a9c-a225-34a568c10796,3d48cb7f-1109-427b-9f4d-a030e768e954,1521.8,PEN,succeeded,polar,pol_8c25aa3d4eb84ebf,2026-09-24T15:37:14Z,2026-09-24T15:42:14Z
870cbbf7-1a9f-42b8-88dc-170038d8c0b8,8d78047f-39b1-4e29-b3cc-37d87c40fdc6,400.5,PEN,succeeded,polar,pol_17c5bfb1fca83df8,2026-09-10T17:16:33Z,2026-09-10T17:19:33Z
45c31cce-a1dc-48bd-bfe5-7b5ad639c356,0968860b-27bd-40cf-9717-e2487947b385,569.58,PEN,failed,polar,pol_25c676a9f034214f,2026-09-16T10:20:45Z,
e2a1a791-3881-4022-be95-eddd354199e8,4fd2c459-39c6-4126-8262-2fd734e84a1b,3176.05,PEN,succeeded,polar,pol_7c800b76592c1054,2026-09-08T11:04:35Z,2026-09-08T11:07:35Z
33fdfcbd-9f0e-4c6d-89c3-bf391f0c59d3,23e66b73-ba2b-43be-a4ba-e0f1aec8e33c,2031.61,PEN,succeeded,polar,pol_67278e93cca41fe5,2026-08-07T09:33:46Z,2026-08-07T09:36:46Z
32a398e4-e989-48f6-a374-859d50845e62,85702ccd-4a45-4339-8e3c-e5cebfd907a3,2952.15,PEN,succeeded,polar,pol_960c721e2d1defd3,2026-08-16T15:05:23Z,2026-08-16T15:08:23Z
40d6d6d7-ce70-4cb7-8d46-97d9a3e3d156,2bc71a63-ebc4-4101-ae8c-bf1840751017,1422.54,PEN,pending,polar,pol_27a08d99c4dbcc02,2026-09-09T16:40:48Z,
5e5031de-8a55-46f0-8d28-76b2c86bf7a5,671b0348-394a-4284-bdf4-d91f93af05c0,11159.93,PEN,pending,polar,pol_c1d462b30e42c191,2026-09-13T14:50:16Z,
13172428-7dca-4407-a925-0dbb8f74b111,7c97fb57-7c2b-4680-904e-90c29ea9d3e6,766.11,PEN,succeeded,polar,pol_7f32d632c4016b5c,2026-08-31T14:06:42Z,2026-08-31T14:07:42Z
51968d40-b9a1-4a0f-8861-3b9652872c3c,6f226dde-132f-4e07-9fa7-af6a98ca53e4,2154.51,PEN,succeeded,polar,pol_83c714807fb9cd02,2026-08-06T15:29:51Z,2026-08-06T15:33:51Z
b6967d35-9c73-407b-9876-ba79b0f7f3e4,92df9e81-83a7-4661-acce-3ef13b13d098,6700.64,PEN,succeeded,polar,pol_360d678481e64fa8,2026-08-13T16:11:07Z,2026-08-13T16:16:07Z
ed4aebc7-6c68-4b44-94db-6e7f0b0ebde8,6d1570b2-4eb7-4831-b54a-21ec2b673ee3,844.22,PEN,succeeded,polar,pol_5ae83c181041300e,2026-09-19T15:09:49Z,2026-09-19T15:10:49Z
a8b819f4-5050-44d5-abdf-7065481cfaba,9a5c7bbf-3c90-4de4-b8db-edc86642d948,5916.21,PEN,pending,polar,pol_32ff520fef28001c,2026-08-21T18:35:29Z,
571cddc4-2813-4373-b67c-72a6c092fe39,a01bb4bf-f671-4c7c-a573-54b4a7e01d23,327.57,PEN,succeeded,polar,pol_8c2051176bfc9bee,2026-09-27T13:37:48Z,2026-09-27T13:38:48Z
21caeb9f-07d8-4457-aed2-22d38849468d,ed98b1e2-90c3-45a2-a239-1528d63b64b9,7289.14,PEN,succeeded,polar,pol_86b4186efade286e,2026-08-13T11:55:25Z,2026-08-13T11:59:25Z
d9f16d77-2853-4d39-a7a1-632f35d597a0,b8484980-007a-4dd3-a72d-910cd12d179b,1679.13,PEN,succeeded,polar,pol_2078788e5ef38eec,2026-09-01T17:35:11Z,2026-09-01T17:37:11Z
f3179367-4bf7-4932-8bd1-f9a020d1bc24,f2cc9e27-63cd-4260-8e89-230f41655729,2957.38,PEN,succeeded,polar,pol_7ec75d5ffdad6aff,2026-08-31T10:09:21Z,2026-08-31T10:12:21Z
ac294beb-343e-451e-8e2b-48915ade6b84,4a3f143e-233e-43c2-97ea-d1dd35130ab1,1286.94,PEN,succeeded,polar,pol_dfcba60545de92ec,2026-08-27T12:20:09Z,2026-08-27T12:25:09Z
6ef8c0e2-0669-47fe-970c-0df18c482ba1,1719b809-5f63-4f1c-b296-1bbbc1e7b002,167.22,PEN,succeeded,polar,pol_7068c52d6ee0f22d,2026-07-18T12:46:41Z,2026-07-18T12:48:41Z
715b162f-6cd5-4cd1-bf5c-7aa7906a1f61,19ce935c-89f0-4329-9d97-2c33f84fbfec,268,PEN,succeeded,polar,pol_2fd85f83a3165c11,2026-08-31T12:52:13Z,2026-08-31T12:55:13Z
98e9ea49-a699-4da0-9e59-5ec214a8aeba,8dd6e07c-c272-4011-a919-ce56770e82e2,172.84,PEN,succeeded,polar,pol_851e6c242b59438f,2026-08-23T12:13:36Z,2026-08-23T12:14:36Z
7a847aa2-33df-47db-8168-e8f5c489f8be,b5d15dc2-1851-4b18-8373-46b558efd292,5687.82,PEN,succeeded,polar,pol_48fbeb0069c08d6c,2026-07-28T12:57:12Z,2026-07-28T12:59:12Z
c6ecaa7b-b5ad-401b-bf77-52e3e3f4369a,63c60099-afd0-42f8-bba7-48be01f3ac57,1992.82,PEN,failed,polar,pol_09437aebbec153c3,2026-08-04T12:48:43Z,
fe6f69df-c0e8-49ae-9b3a-fe959530c560,1b697734-742a-41a3-a90b-e737a116fa73,98.26,PEN,succeeded,polar,pol_5fd55f64cf84a23c,2026-08-16T06:17:18Z,2026-08-16T06:22:18Z
a7abcd98-0744-436d-b594-9d878ba6ffec,1913f085-b08b-4691-a721-1d6198272842,3058.33,PEN,pending,polar,pol_7f52f08ae725ab0b,2026-08-30T10:02:59Z,
61e9856c-3a2e-4151-8c51-090f9be27f13,5464b165-3e9f-47e2-9171-b16e079bd714,750.8,PEN,succeeded,polar,pol_60eac7fe885cb568,2026-08-12T09:41:39Z,2026-08-12T09:44:39Z
29a0b0da-dae9-4bd9-afd3-d712a0052525,9c6a1a8b-3a7f-4d72-b0d3-0a289623c232,817.22,PEN,pending,polar,pol_0d74b5ff4afbc89c,2026-09-11T09:49:49Z,
384eaf58-0120-4c71-9bc6-2ff18e5d9e0a,aff2af58-a541-483a-b560-6363af0cff31,26.14,PEN,succeeded,polar,pol_58deb0ecf0ac4389,2026-08-25T11:30:47Z,2026-08-25T11:35:47Z
956a3a02-7ce2-45ff-8753-636fda17a781,63edc73a-1a84-4fd5-ab31-d183a1308b62,2479.31,PEN,succeeded,polar,pol_1ac2fe4cb87ee8df,2026-08-11T15:29:12Z,2026-08-11T15:34:12Z
f81e662c-500e-4928-952c-ff40092d7d72,6c9d4a76-87c4-4334-8df2-93a219486fde,1283.91,PEN,succeeded,polar,pol_17cacfa54f8094b8,2026-08-12T14:05:53Z,2026-08-12T14:08:53Z
db19402c-7577-426d-9f33-db2a5da58fff,d1e3ba2e-bb89-4eb1-acfc-929e5e3f0c39,645.1,PEN,succeeded,polar,pol_bdbe0e675d8ab3f7,2026-07-25T15:56:35Z,2026-07-25T15:57:35Z
c69206d8-2ea3-4ef4-9a2b-321f2f9af36a,6c86de4f-cecc-4721-98a5-cd787e302a63,1162.97,PEN,succeeded,polar,pol_267bf2c3dc4fe59b,2026-08-18T12:13:08Z,2026-08-18T12:15:08Z
f7053fc8-2ee9-4ee2-89e8-ae2ff42fab60,4506bb02-6ff6-4568-9404-4e4059c04437,759.32,PEN,succeeded,polar,pol_f1695bec66f245a5,2026-09-08T10:08:00Z,2026-09-08T10:10:00Z
dc05f69e-9e99-4080-9deb-a54a5ae03d42,f1981a62-51ad-40f0-9bc4-f2f139cd9c13,2313.38,PEN,failed,polar,pol_d184f6103437667f,2026-09-11T09:47:14Z,
c6c3b82e-3a19-46e2-951b-dc20588b0ad7,6b620983-48ea-45e8-a142-0caca26681e8,666.38,PEN,succeeded,polar,pol_85552f118fa48383,2026-07-26T06:52:42Z,2026-07-26T06:56:42Z
e209b933-5c1d-450e-8a92-d1aa7128a7d3,9b010665-0b20-47f8-8d73-3aaefbddc1d4,564.21,PEN,succeeded,polar,pol_51dfcae621701903,2026-09-11T16:56:25Z,2026-09-11T16:59:25Z
d9aa5b05-503b-4c29-b8dc-4dab88351f60,3f921ace-6384-43f9-bb8f-183588a9474b,2187.57,PEN,succeeded,polar,pol_4220e0770186282c,2026-08-23T12:19:46Z,2026-08-23T12:21:46Z
1dcf5d83-c6d8-45fa-bc0e-e0eee561a79e,1365ee1d-9f39-4dae-ae40-5c86dedb730d,49.86,PEN,pending,polar,pol_05c3ae89766ddf1b,2026-07-20T12:41:49Z,
3241306e-5658-49bd-8395-3a70460431fa,e96dc5dd-ea85-4697-b2c5-e5753ea5be6d,2282.82,PEN,canceled,polar,pol_560c5739f4be59eb,2026-09-02T13:17:10Z,
71fb7d95-c1a7-4459-8b82-cca535ca6479,9514f05f-b11f-4fee-9598-78b534ffd5b9,3483.21,PEN,succeeded,polar,pol_3193ae0f8d589add,2026-07-24T12:14:27Z,2026-07-24T12:15:27Z
b23e2e3b-4e44-4c04-90c9-9429bb73b33e,30eb507c-adf5-4b7f-95b5-dcc341049607,3572.03,PEN,succeeded,polar,pol_f99d4e89e5d30c98,2026-08-16T10:35:14Z,2026-08-16T10:37:14Z
33f55ca2-c508-412a-a440-36f21d3617e9,1efc3492-80bf-4d54-914c-15b6ea5dc103,2622.68,PEN,failed,polar,pol_2a6673f48cf963fb,2026-07-23T11:48:36Z,
8f1c8dec-6ab7-4f0e-82c2-8e1a6362a3e0,dd54e96e-881c-4030-9177-3956554715e3,4374.89,PEN,succeeded,polar,pol_2fe27141f3744215,2026-09-14T09:36:01Z,2026-09-14T09:37:01Z
df79a8a3-cb4b-4dfc-9c1e-ff239b82dbe8,cab8cb6b-1c89-4d47-9d99-6db7e144186c,11439.71,PEN,succeeded,polar,pol_9e358dbb6088bb0d,2026-09-03T16:19:02Z,2026-09-03T16:24:02Z
60562f84-d347-47e5-8d26-f379356aa4a3,7e5368fc-3b21-4511-8a4e-9a9940bd552a,2846.81,PEN,pending,polar,pol_4e4ded051f2d0d62,2026-08-05T10:39:05Z,
fb818dba-79a6-4050-b980-697db02ed079,a0769c1c-400b-4a0e-ac9c-3ca7cc3d63f8,5053.26,PEN,succeeded,polar,pol_2c5f494903a5e153,2026-08-01T14:37:47Z,2026-08-01T14:41:47Z
ddfa5e16-408f-408e-a54c-45c87608d7c3,f5e629a5-6989-40eb-a53b-7f8bb1d4bf39,4195.52,PEN,succeeded,polar,pol_bc93dc769455289c,2026-08-13T14:03:00Z,2026-08-13T14:04:00Z
edf24c6c-9fd1-450e-8e37-c6bb1629a8cd,310c0ddc-0bd4-45c6-b403-bf69decf6cd3,4952.61,PEN,succeeded,polar,pol_1674934f1f5093ec,2026-08-30T12:12:53Z,2026-08-30T12:17:53Z
aea6e5cf-846f-4e31-b042-0bddac09c27d,e7523b2e-a758-4b21-81b4-7ac71eef2e4f,1849.82,PEN,failed,polar,pol_bf9049d22ce0aef0,2026-07-27T11:36:52Z,
32b5d94f-f6cb-4ab9-9ef5-9b529ad6a88b,53fea8f8-4bda-4bb0-b244-3255f3702a0b,8627.83,PEN,succeeded,polar,pol_f3e56352a473e466,2026-07-29T16:27:17Z,2026-07-29T16:28:17Z
8d704ca1-9e60-4a3b-b0bc-045551bc18ae,8b373d52-2d19-4fe0-863b-01e31d309538,280.53,PEN,succeeded,polar,pol_964ce60998dfd8ba,2026-09-14T13:41:29Z,2026-09-14T13:43:29Z
bf047ec1-5d99-4a7e-bbea-1f9cd695d2a3,c080a2da-6290-444c-9896-e53241bea430,1630.77,PEN,succeeded,polar,pol_4b9c35e8a2ca013c,2026-08-10T12:15:41Z,2026-08-10T12:20:41Z
bad6893b-6726-4d8b-ba50-a6195daa4e7f,d2ce3673-1a85-4951-9dab-3eb02eab7460,1374.35,PEN,failed,polar,pol_beb382f961165768,2026-09-21T15:14:09Z,
70ec42c0-b1c5-446e-929c-c6ecd4b88fac,bc15a88d-3d94-4da6-82a3-8e9d30c9f11b,444.04,PEN,succeeded,polar,pol_0eba349d06e28a7f,2026-08-23T10:13:20Z,2026-08-23T10:14:20Z
05684fa8-bd17-4b26-a152-8b0cd2ceabfe,f0c0ad53-edda-4035-be4a-6366b82d922c,917.27,PEN,succeeded,polar,pol_9cd3f5b9e3b99465,2026-09-10T11:52:57Z,2026-09-10T11:57:57Z
4ba0b1e6-2560-458c-a6bf-fb4c0c94edf1,bf1eb758-3e6b-4d18-b0d9-3f87016f600e,1775.5,PEN,succeeded,polar,pol_bd65e80db8da5f41,2026-09-19T08:34:33Z,2026-09-19T08:37:33Z
960484c9-be29-4206-9ff1-512cd04f434a,0af3dc09-ce66-449c-8697-da46184b5e05,3297.46,PEN,canceled,polar,pol_18c3aa9c7e40bb3d,2026-08-11T10:45:00Z,
8c6ba4d9-225a-4377-8953-4bbee0e1a958,05779bee-eb96-402e-acbb-630d027d4ef7,2000.5,PEN,succeeded,polar,pol_ef5e327cb1fc94eb,2026-09-14T13:17:55Z,2026-09-14T13:18:55Z
f20c9c42-f006-4f36-9d67-e27f362a2c57,a169fbc2-49f8-4d50-b6cf-af344f184690,3140.01,PEN,succeeded,polar,pol_b125a08e18a2612e,2026-07-26T12:24:44Z,2026-07-26T12:27:44Z
f8ce2f2b-bed2-4a34-bf5c-c36d7ea5d6e0,d60e730f-339b-4fbc-98ba-37f809365aa2,3125.92,PEN,succeeded,polar,pol_048466a373771a7d,2026-08-11T16:43:01Z,2026-08-11T16:47:01Z
5331e231-432a-4afd-b58e-f768cd6be538,e7f4e825-1a81-4110-9021-96278afb750c,3117.63,PEN,succeeded,polar,pol_1080a57869b00dc4,2026-08-17T18:45:22Z,2026-08-17T18:47:22Z
8812d55e-9167-4397-83ab-f8579090cfa6,9d17c442-eb9d-44fe-95ba-41acd9cb475d,735.28,PEN,canceled,polar,pol_7c0db0b40bac1923,2026-07-28T13:11:09Z,
a04d6a5e-5ac9-4b5b-8ca0-0336d29acdcb,a49fee17-0ad8-4fd8-b6da-556ac869b987,8377.14,PEN,succeeded,polar,pol_5217e57d7d02e4dd,2026-09-19T09:26:22Z,2026-09-19T09:31:22Z
23528389-67d8-471a-b821-c59f1390590d,d4221520-6dd5-4045-a360-ee409359cd5f,3518.72,PEN,pending,polar,pol_4a1c90a4429b5f06,2026-08-23T09:32:44Z,
ab04a582-5722-456e-8baf-277e9857898c,445ad427-e24d-43ca-96a6-ebdc3781acd2,222.02,PEN,succeeded,polar,pol_017e841646eff6b1,2026-09-11T12:16:38Z,2026-09-11T12:21:38Z
85ad0200-5ec2-467f-ae24-0e6caa8610cf,b2fd2857-b0c5-402d-adbe-c3086bf334d3,2088.1,PEN,failed,polar,pol_b465675b7d6b1a47,2026-08-31T11:26:36Z,
82f1d8a9-3d1b-4ac8-8af2-b5cb5e104b98,8df0892e-9aca-4858-b91b-8115ab4a7105,1288.84,PEN,succeeded,polar,pol_db5f81c7e7ccd920,2026-08-12T18:13:46Z,2026-08-12T18:15:46Z
33398681-5185-4f4e-9582-32a9efd3fde3,cc185284-a3ea-4905-879d-9521cb9d8bc0,1643.48,PEN,succeeded,polar,pol_eba4b972cc97056e,2026-07-18T15:19:17Z,2026-07-18T15:21:17Z
150c93b9-6c81-4c70-bf7e-83c6ec9d5f1e,0d49739c-cfb8-400f-b816-e8b5bc005e57,3052.37,PEN,succeeded,polar,pol_e7dcec347558f42f,2026-08-07T15:29:10Z,2026-08-07T15:32:10Z
3e93ad9b-126f-4ac6-bfb7-951c81379c31,db9721ec-f853-49a5-a31f-f0baf7395d50,1154.16,PEN,succeeded,polar,pol_c87607cd2b668e70,2026-08-08T12:45:57Z,2026-08-08T12:48:57Z
e2a3b95f-dfb5-4b4d-97af-fc893e84da80,472e3e66-87ed-47af-bbe1-955d570a2336,478.36,PEN,succeeded,polar,pol_df27af376148efd0,2026-09-11T18:54:41Z,2026-09-11T18:55:41Z
4cd19053-cca8-4716-9582-24670a7c6b12,eca40dba-672c-47b0-b2e5-1a495b5670a3,966.48,PEN,canceled,polar,pol_8eb63e6cc7618451,2026-09-18T13:20:24Z,
137473c0-b3da-4441-b71c-223897d6c877,ba6d61d2-099b-434f-9df1-95192cfdac30,2854.92,PEN,succeeded,polar,pol_04317afe8a38ad2a,2026-07-29T12:37:40Z,2026-07-29T12:40:40Z
f17177a1-446a-489f-8f02-5e20f429db02,d94616b7-84c7-4d1c-a248-b37881cf1755,4017.33,PEN,canceled,polar,pol_b35232d9fbdff43c,2026-09-01T12:46:51Z,
0d7bb086-8493-4c89-bdb9-ffcecd03f797,99b83e74-1f43-4d42-aca4-1b730dcba92f,3234.9,PEN,succeeded,polar,pol_771bafdbec05c60f,2026-08-07T18:07:17Z,2026-08-07T18:08:17Z
8018f130-3b36-463d-afd8-84955ed39360,ad375b42-d4d5-4d18-b9d9-c6f2bcc5f792,3174.16,PEN,succeeded,polar,pol_754eedf7a7f36a74,2026-08-11T16:40:39Z,2026-08-11T16:44:39Z
00b63e32-90a6-4284-9a6c-0bf2ed7b9341,f0d9dfb7-07ae-4531-b645-7a67d0eb3a6f,75.34,PEN,succeeded,polar,pol_233ae11216fbd865,2026-09-23T10:39:00Z,2026-09-23T10:41:00Z
3813a1ed-6230-4aad-b018-904254d089f9,24fc50c4-a878-471d-b9a5-1a3fa220bd5e,5116.73,PEN,succeeded,polar,pol_332aeaa01f0683cc,2026-08-28T18:25:58Z,2026-08-28T18:26:58Z
544f6bf3-e92d-40c2-9d15-29991dc94264,8392b185-50ad-4e34-aeff-c8ffdebf3189,996.64,PEN,succeeded,polar,pol_af8714b68b0959bc,2026-09-22T11:53:09Z,2026-09-22T11:54:09Z
3ca0f0c9-1aac-4274-834d-75a92e7b74b2,c6e1b5e5-2849-4db5-b385-a917bc1abfee,1579.07,PEN,pending,polar,pol_d58a52287c08bc95,2026-08-16T10:19:52Z,
4df317c3-24ea-4bf5-8e9a-d711b1672c42,b08d5bee-db0e-4b84-bac0-60b3c58f8891,4262.54,PEN,succeeded,polar,pol_3535f60f1de33fed,2026-09-02T09:31:39Z,2026-09-02T09:33:39Z
3f1d0c03-deab-4af6-ac6c-0d5398a48835,582f6d2c-c201-4374-b29d-ea7e0e3cf8a4,566.08,PEN,failed,polar,pol_78f180f4b2d16cb9,2026-08-03T17:51:19Z,
97541570-3c92-436f-b72b-4e6d8e88214f,215e6cff-b107-48d4-86d2-f55951474c66,1688.44,PEN,succeeded,polar,pol_421967c261a2fc1a,2026-09-13T15:40:53Z,2026-09-13T15:45:53Z
f77a0307-c89d-4071-b7d7-4ce8203654f0,0c20a3fa-efc5-40c0-86f3-a144fc329c90,1274.73,PEN,succeeded,polar,pol_796550e29b430b79,2026-08-05T11:22:02Z,2026-08-05T11:27:02Z
e4f89da6-93d8-4e1e-80f7-0a20cd270667,470593b1-e266-46d5-8de8-7663f77bf267,3004.76,PEN,succeeded,polar,pol_a20a6c4f4780c567,2026-08-25T11:21:34Z,2026-08-25T11:22:34Z
6b4abeb0-ca1b-4b23-977a-b2917defb602,581d33bc-0ff3-449b-8542-35994a705f5e,2952.62,PEN,succeeded,polar,pol_58a22820b36f88d9,2026-07-20T18:15:27Z,2026-07-20T18:18:27Z
0ccbe9ac-a9c2-4240-ae5a-a50012a3cc02,b2ef6635-ea3d-4d32-9a4a-b5fb84236056,3141.85,PEN,pending,polar,pol_bfdb6d569b424dec,2026-09-29T16:28:34Z,
8327e12e-056a-4198-a128-568af113fec6,032172fd-9b5d-4f0a-9047-714cb783e575,2757.65,PEN,succeeded,polar,pol_eedfd0c9e1c55ab8,2026-09-14T13:08:29Z,2026-09-14T13:11:29Z
b5e2c21e-f165-45fb-a6c3-98306e7b847a,2577a3ba-afb2-4e59-8a3c-cb9de20c1075,919.11,PEN,succeeded,polar,pol_b28fa422bc05c336,2026-08-12T17:41:09Z,2026-08-12T17:45:09Z
2b1120e1-a465-4564-8d24-e904f480611d,5039779e-7bec-4e4a-ac29-78a5382172cc,1494.18,PEN,failed,polar,pol_af9a99abea686a81,2026-09-05T11:21:10Z,
6a32fbce-8123-4ed4-8d53-278f8eb322ec,61e471a3-a423-4a7c-a794-750ab4cdb806,3465.63,PEN,succeeded,polar,pol_f37d12b15f80df7b,2026-08-04T18:16:04Z,2026-08-04T18:17:04Z
43aa55a4-51b4-47ba-88d5-a47b5ab127c8,f2a1e839-606a-430d-9790-b8f4add8649b,910.2,PEN,succeeded,polar,pol_68966835ce0f52a8,2026-09-17T14:29:06Z,2026-09-17T14:31:06Z
786ac95d-9b34-40ff-9096-0b331d905bec,f5cd0b7c-1485-4e7d-aa78-1f19594f258d,1706.69,PEN,pending,polar,pol_c2eb6f0c51792a30,2026-09-01T10:51:12Z,
03b73245-125b-4944-808e-af994852635c,9f72bf4f-f5f7-47c3-98cd-19287b2a0579,1600.88,PEN,succeeded,polar,pol_91a564810894de61,2026-09-01T09:25:55Z,2026-09-01T09:29:55Z
50a20c62-f923-4e1b-81a4-359544c45d82,370c20d3-73a8-41d8-9738-7a5c588532e3,2181.14,PEN,failed,polar,pol_145aa1792bf73916,2026-08-04T10:16:24Z,
508a1fac-714a-429f-8fa7-9307c1ba2ed2,85a4c590-2bc2-4b19-a4dc-4c6d5a75d81f,558.66,PEN,succeeded,polar,pol_05658e3751c6d58a,2026-09-15T13:40:36Z,2026-09-15T13:44:36Z
e780efc3-1e7f-4c13-b637-92ec981432e7,2ca1bb5f-038b-4254-a6c0-340bd60fd3a9,2084.92,PEN,succeeded,polar,pol_159cf87b1daf4bda,2026-08-04T15:41:41Z,2026-08-04T15:46:41Z
737f7a94-a46b-4cde-9df1-b0acd1a8ef86,6c46ab37-685f-4abd-8345-6ca55de552b8,653.44,PEN,succeeded,polar,pol_36620ee402042883,2026-08-15T06:26:43Z,2026-08-15T06:28:43Z
05dfadff-696a-4ed0-a080-07984cee50df,08ae9322-ff23-465f-8cd9-909f2e191024,1748.59,PEN,pending,polar,pol_1f319342ec20ba14,2026-09-25T12:59:07Z,
58bfcc22-aeca-40d5-9bb7-d6fda5940d12,7ec54148-56ae-4ee3-920c-abd826075b32,5197.72,PEN,succeeded,polar,pol_97be1dafb1dc3577,2026-08-15T11:05:29Z,2026-08-15T11:07:29Z
076e1510-7741-4cb0-b51a-0ef4ac29e459,c21c2f7a-77f6-460d-bfd1-7b3bf28dfae5,2281.7,PEN,succeeded,polar,pol_772dbceb810c00ec,2026-09-22T17:30:52Z,2026-09-22T17:34:52Z
64b625b2-3664-4c00-aaf1-dd37e2cc90ae,c7db1965-59c0-47a2-b898-efe251c3c7fe,910.9,PEN,succeeded,polar,pol_03bdbbd594d55a0b,2026-09-03T18:47:02Z,2026-09-03T18:51:02Z
0016c6d6-f05a-4d2d-ad63-c486e9a25ff9,6d75bd19-846c-4c9e-ad81-87f4882293bd,5120.1,PEN,succeeded,polar,pol_b92b6e0b41a25e80,2026-09-02T15:28:49Z,2026-09-02T15:32:49Z
9f281d8b-8fed-4383-bc39-1052aee94add,b7398963-6bf4-46d2-a72e-b7ee870aaf56,1622.7,PEN,failed,polar,pol_7ee19bee25e3c172,2026-08-08T08:18:54Z,
91a7900c-c526-43a8-8f9a-d5d9a41a65a0,72216b75-8de4-467e-9714-6b3d0ba3f6af,3094.72,PEN,succeeded,polar,pol_cd1638cdee61a2bb,2026-09-20T11:50:50Z,2026-09-20T11:54:50Z
15e95bae-19d2-4c10-be82-5bd874583760,77036bad-23df-4fac-8bab-fe52c87286dc,8808.8,PEN,pending,polar,pol_9ed5ac502485c767,2026-08-19T16:20:34Z,
6018b0ec-f379-4613-9a64-cb0c4d2aab5a,686f4c3b-dee7-417a-a327-aab69e15cdbb,8135.22,PEN,succeeded,polar,pol_c3d06c409fecd8fb,2026-09-03T13:29:09Z,2026-09-03T13:30:09Z
7a2d36a2-0b61-4d15-a693-b25a1f6cee64,4adfa648-e062-4a6d-a0d0-f4d59acf9dc2,710.91,PEN,pending,polar,pol_16a26829b950acc1,2026-09-22T17:39:12Z,
63ccef9c-add8-4bd3-b5ef-3c8918742254,5172f36e-79bd-4b53-949c-417e05a89b87,9704.27,PEN,canceled,polar,pol_c1d333ca037d81f1,2026-09-21T17:34:06Z,
7cfda025-a8e8-4e9a-b697-8010caf42004,54119c1f-9159-43e2-a7c9-a899115ff4bd,381.33,PEN,succeeded,polar,pol_52e12d24d68ed9be,2026-09-17T14:10:44Z,2026-09-17T14:11:44Z
21ef8fe1-4705-4805-bd0d-40ee8732cf41,b2efa31e-eef2-434d-beeb-62b6152c3e51,80.33,PEN,succeeded,polar,pol_55e4f830ea1c3398,2026-07-21T09:43:15Z,2026-07-21T09:48:15Z
8ad843e4-fde8-4ede-8ad4-332b62a4123c,0d7cfbb4-ea2b-46b2-a17f-422467c1ae8c,8221.41,PEN,succeeded,polar,pol_5c97798e624be942,2026-07-26T09:03:25Z,2026-07-26T09:07:25Z
1be1d3dc-6585-4daf-a325-3d2c949daca0,0fb8292b-1c01-40a5-aa72-8d6e7fbf69ae,2789.64,PEN,succeeded,polar,pol_72756bc84fa4d245,2026-08-27T13:22:00Z,2026-08-27T13:23:00Z
ec502d9c-1a68-426a-8c7f-17fea89f4ea7,6c796f5f-e3b4-446c-8006-eaef3989aa5f,603.76,PEN,pending,polar,pol_e4b7fa01cbbe62e2,2026-09-01T12:58:18Z,
f53e445f-42a7-4d77-96f3-ea8c96727ae1,5e9caa64-60b0-47e7-a5c2-d23e928f2f90,6262.32,PEN,failed,polar,pol_7094738b75b821b5,2026-09-02T14:08:16Z,
015cde48-823c-4e12-9949-409bd6912a53,52abe2cf-6dcf-4704-bf81-7a8019b1146e,2557.26,PEN,pending,polar,pol_c31ff2a01786b4d3,2026-09-08T13:50:31Z,
f65c5b0c-abe8-4e30-a806-493d9e167146,69e9900c-2dac-4fe8-a358-7e8681f018c0,478.46,PEN,succeeded,polar,pol_5f5bf590690e75bd,2026-09-21T16:41:26Z,2026-09-21T16:43:26Z
ed1f12f3-db9c-45e6-ba68-b5507e6dfe91,9d871983-d16f-4cce-95ee-8544f3866e55,960.87,PEN,succeeded,polar,pol_89cdcc16030d191f,2026-08-30T15:07:40Z,2026-08-30T15:12:40Z
3e9df5e5-db85-4b48-82e5-fdfa3e8a8a65,72b45e8e-5398-499b-a44d-3c0e09cd2a34,8722.13,PEN,succeeded,polar,pol_027cd49bddf53529,2026-09-03T12:23:35Z,2026-09-03T12:27:35Z
3b83f586-3d51-4ade-9901-7b4773419617,ca09e4d1-d142-41df-9971-70483da4907d,3521.46,PEN,succeeded,polar,pol_11c3c7c5b75b385a,2026-08-31T16:46:38Z,2026-08-31T16:48:38Z
2fc9d465-6464-4ddc-94ba-8c3ec672a0ca,445e72e7-8f6c-4c6b-83a1-34ee41ef411c,2147.98,PEN,succeeded,polar,pol_4d78a95e1ffb5b2e,2026-08-21T10:35:50Z,2026-08-21T10:38:50Z
7db66045-4fbc-4462-bbb1-a7f43391913f,4a26bff2-7b0e-45e4-a2fe-c56f4fc1541b,5520.18,PEN,succeeded,polar,pol_0483021427cb7f2c,2026-07-25T08:32:27Z,2026-07-25T08:37:27Z
f57f2bbc-5bcd-4607-aed2-1f2512113983,4028d406-fa65-4e38-9578-3a03236addc5,7550.25,PEN,succeeded,polar,pol_723a94dbf130be85,2026-08-11T11:44:53Z,2026-08-11T11:49:53Z
3ab12255-73ea-46f7-93c0-7fadf39ef99e,665e84a6-db55-427d-b089-af5a7199fe85,1756.53,PEN,succeeded,polar,pol_16a1b4b01f43b475,2026-08-15T06:25:01Z,2026-08-15T06:27:01Z
4ed71043-7eb4-4265-9155-52e7c3cb0d1f,5d0139c2-dc0c-499d-9f23-9700c526ef42,3234.27,PEN,succeeded,polar,pol_9a65ae3cf0320c00,2026-07-22T14:12:19Z,2026-07-22T14:14:19Z
8b19296f-1603-4656-8278-2035d2073b86,56327061-effe-4a0e-88b8-0cd277c0954f,203.51,PEN,succeeded,polar,pol_d801c352804ec89e,2026-09-23T10:21:17Z,2026-09-23T10:23:17Z
3f4fb991-6c68-4924-b633-c421919f4f0c,da9671ac-71b7-49b6-8cc6-2dd60521c567,355.34,PEN,succeeded,polar,pol_ff6bff196ea0e7ec,2026-08-29T08:34:56Z,2026-08-29T08:39:56Z
955d85fc-9aef-4f61-ac03-822ab5e3875a,9f7df232-8cee-435a-a259-a3601ae6749b,5414.79,PEN,succeeded,polar,pol_2300eba5005310c6,2026-09-30T10:42:57Z,2026-09-30T10:44:57Z
59edbfcb-3a81-453f-bdb1-279313aaaae6,d97d0b62-f415-40b4-9e21-aa3b1d3a465f,414.08,PEN,pending,polar,pol_fa34f25fec1152f0,2026-07-29T13:22:39Z,
6e8f58ca-c4dd-4c2a-8b52-9b93ea689403,96c28df1-db6a-4502-839c-7425cb53fa5f,729.85,PEN,failed,polar,pol_48d5beb883e25041,2026-08-27T16:10:56Z,
e71b89ae-8ad4-4380-a73b-9ef8efec11c0,e350d533-3f2d-453e-8193-41f98d061ba7,1326.08,PEN,pending,polar,pol_5375f0d3a6d06b2f,2026-08-14T15:44:18Z,
899b56b2-f2eb-4f8e-9fd4-7610da5c6217,eec2340b-707b-414b-afa5-fdb2947b3d59,229.4,PEN,succeeded,polar,pol_e7369ccbb1f44a3f,2026-09-13T07:41:26Z,2026-09-13T07:46:26Z
1edfa61f-eacf-4897-a245-a863aa97ada6,70438b79-6c74-4138-bdce-f68cc6985bee,296.82,PEN,succeeded,polar,pol_c648d74da95876f0,2026-09-03T15:57:57Z,2026-09-03T15:59:57Z
742d926e-9c1e-42d1-83bb-db6b1be3568f,82b880d3-c912-4ee2-9356-9ca04898d5a4,4628.05,PEN,succeeded,polar,pol_4a5280d4702cc8f9,2026-09-02T17:42:58Z,2026-09-02T17:45:58Z
d39776da-974e-4232-9e7c-c60fa72115be,4c2f1d71-9c18-45df-926a-3cc6b46a028d,1649,PEN,failed,polar,pol_d69112d6f877d362,2026-09-25T15:28:43Z,
1728ba0e-44ac-4c40-b868-25f67ef635c0,a27238c7-88d6-47c9-a18f-541d7b7f87b0,3363.63,PEN,succeeded,polar,pol_5c081fa396268f72,2026-07-29T17:41:47Z,2026-07-29T17:44:47Z
cd397a84-ca43-4d87-b781-ad49d1129812,1943e798-dc8a-49cf-91f5-f870716d8760,1450.7,PEN,succeeded,polar,pol_21c827c6cc119408,2026-08-14T13:54:36Z,2026-08-14T13:57:36Z
322efb8b-5135-4ac1-90be-ab77db032b3b,497cd9e5-e114-411e-b479-51a05b4bf5fc,2032.8,PEN,succeeded,polar,pol_6d581ddd5ea017bc,2026-07-26T07:28:04Z,2026-07-26T07:29:04Z
92c528c0-bc73-490a-8709-a019797ded89,1a42d38c-ef9a-43a9-8095-689e7405e63b,1711.51,PEN,failed,polar,pol_dd791bbaec15ee93,2026-09-10T12:22:07Z,
0d80602d-ff97-45fe-8363-5496264ecce6,c5b8a321-ce1a-4ab3-8131-df230eb26730,1185.16,PEN,succeeded,polar,pol_8d2578b009c00202,2026-09-15T17:20:05Z,2026-09-15T17:23:05Z
f5816f87-6a50-4c79-9532-f2d9e85d54b3,d09cd379-bdfa-4a07-8233-1cd453aabb10,3325.1,PEN,pending,polar,pol_fe28c2270a313be8,2026-09-14T13:52:10Z,
5a2d7fbe-4f0e-4dee-8d93-0c44e5dd0c6b,df41a452-30d2-4755-9a96-eea79c961483,2937.96,PEN,succeeded,polar,pol_479dc27c755d43b6,2026-08-31T09:13:53Z,2026-08-31T09:16:53Z
cd3a5e12-7b9d-42f1-b3c4-156004e708a2,dbc1ad39-680e-4af1-b832-b3a690a639ce,3666.16,PEN,succeeded,polar,pol_d3c6b731c7bf6815,2026-09-13T13:53:12Z,2026-09-13T13:55:12Z
4c9445ba-68d1-4862-b61a-221afe62cb4e,4aeb8457-02ed-4775-9fab-632c18a744a5,2258.83,PEN,succeeded,polar,pol_1449fba1923ac801,2026-08-05T11:01:54Z,2026-08-05T11:02:54Z
93bc5d33-9860-4722-90ab-df5afd2814d0,5c1333f6-115c-4720-b41b-747754003597,3623.44,PEN,succeeded,polar,pol_6327a2474c3f57b9,2026-09-22T17:46:13Z,2026-09-22T17:47:13Z
69f20165-9027-4f04-9dd8-37441b926fd8,3c9a0b3c-149e-46e2-8d3c-1ed759ccee5c,3418.61,PEN,succeeded,polar,pol_7cc5332a3f7f6393,2026-09-06T07:25:43Z,2026-09-06T07:30:43Z
52d0712d-a8ca-4f11-b39b-1dfefde5ddef,fc7458c8-d432-4ceb-8822-95249fdb77c2,5228.46,PEN,succeeded,polar,pol_3ecf34856969f3cb,2026-08-22T08:49:19Z,2026-08-22T08:54:19Z
9a08791e-e159-424d-bcb3-2ccfaf16d87c,3cb05ee9-d582-4614-90d5-37af494befa7,3427.09,PEN,succeeded,polar,pol_45bbf94c4cfbc07b,2026-08-12T15:35:49Z,2026-08-12T15:37:49Z
707f833b-4f2a-4daf-936b-a512e402a823,1cc58338-4fee-4a1a-a88c-eecc1b16721a,7707.4,PEN,succeeded,polar,pol_a105b7b46ec14004,2026-08-20T17:09:52Z,2026-08-20T17:12:52Z
1376b084-24e1-4f5c-b26d-f634936f27b2,fd4407cf-beff-4840-91e1-07a5d9ea8e72,7505.91,PEN,pending,polar,pol_c7ad24821c15ad4d,2026-09-19T15:11:44Z,
ceaba03c-0eec-47c4-b90d-b4fbe4e3b60e,f01cf8bf-3eaf-401f-8fb3-151adc92c136,104.7,PEN,pending,polar,pol_0d340c4c551ba456,2026-07-31T18:04:29Z,
1897d9e1-62fd-4584-833f-488426dd5a27,61ad8b75-2669-427a-893d-e67ab20d0e06,3898.53,PEN,failed,polar,pol_b0d007c88ef0cccb,2026-08-31T15:35:36Z,
18c544ee-3d83-4bcf-965e-8024acd38eb6,ad1d14d7-8661-4cd0-ab7c-547f17e19ae6,1178.91,PEN,succeeded,polar,pol_9c702d3da50c6d8a,2026-08-12T10:56:12Z,2026-08-12T10:59:12Z
167c8fc7-5423-4c96-ab5c-d19b993fb3e0,c2d58d8a-d6a6-4649-b22b-e750c96199ff,143.93,PEN,failed,polar,pol_81149e33d4dd3c41,2026-09-15T18:49:47Z,
acd69c4b-ef18-4ab9-90b2-3a94c8c1f885,7d7f705f-868e-41e3-a927-7dbebec3383e,445.79,PEN,succeeded,polar,pol_f10998821665014d,2026-08-31T13:24:14Z,2026-08-31T13:28:14Z
f4e839ef-96db-45ec-8738-1cc2bd409301,11645a50-f75c-4b7e-b51a-14af17a0a6a4,2744.96,PEN,succeeded,polar,pol_cebb3623c5097b02,2026-08-16T14:13:17Z,2026-08-16T14:18:17Z
3076343c-2c35-4d47-a21f-3c7af8cb7528,aadbfb1c-2784-4853-81d2-2a6987cc2932,10244.27,PEN,succeeded,polar,pol_976feed50c79d1a1,2026-07-26T15:31:16Z,2026-07-26T15:35:16Z
43377881-e4ba-4d25-bcab-e21ad657b36e,c4dc62e6-3b43-437b-9cd0-7b8a12d036f7,2021.07,PEN,succeeded,polar,pol_9a732337c5585abe,2026-08-25T14:59:34Z,2026-08-25T14:59:34Z
7b558303-9996-444a-8aa3-1d67182f0b5c,233e7897-b2c4-4c1b-9a42-2651fbc6e41e,1446.54,PEN,succeeded,polar,pol_a65c8fa12fb746e8,2026-07-31T09:07:25Z,2026-07-31T09:11:25Z
807283de-27f5-4506-8b14-d70564bbc78a,2f61ac7d-6b77-4c90-9475-a67a6fd593b8,10712.17,PEN,succeeded,polar,pol_f67fe5e7f9a43ea8,2026-09-19T08:13:49Z,2026-09-19T08:16:49Z
85858c91-d94d-44ad-946e-3f98a98878a2,2d403631-cb7e-4327-92ae-36dd4079e777,3646.92,PEN,failed,polar,pol_9328fefe3094a559,2026-07-29T12:06:59Z,
5c39f65e-46e1-4d38-897b-e4a86f2ce763,a9845582-079b-482d-8d71-67e8b48397b1,5555.62,PEN,succeeded,polar,pol_a618741caaf9793c,2026-08-30T07:32:41Z,2026-08-30T07:37:41Z
c7cc7387-88b9-430b-84a6-923e9b02cee1,378b782a-3cf9-4c2b-98cf-66a42247c285,11132.58,PEN,succeeded,polar,pol_e3a7fd0a930da928,2026-08-27T16:19:24Z,2026-08-27T16:24:24Z
1f001cc6-0e92-416f-9cf0-1d80a105e18f,97558874-54b5-4b1f-bfa4-7ef9734ecf02,5153.04,PEN,succeeded,polar,pol_c3ddb795502903c8,2026-09-13T12:13:12Z,2026-09-13T12:18:12Z
d84e7718-4e8f-4f20-a3ba-ad129478d544,4c533723-512d-44e7-8fe8-6b3f3dac4abb,1212.13,PEN,failed,polar,pol_ef11c2318a1c8638,2026-09-07T16:04:16Z,
e3b8b7a3-4ccf-497a-8aef-ebfcc1c1ed20,b43e58ec-4b16-4507-b7bd-588b141ec92f,877.69,PEN,succeeded,polar,pol_0b0c63d085e8ebe4,2026-08-17T12:12:41Z,2026-08-17T12:13:41Z
88863432-94d4-4eff-a2ae-16580be37bbd,d4b4297e-db09-42f0-a08f-96a87e3b3f95,4541.26,PEN,pending,polar,pol_ebe713e134ec0138,2026-08-14T11:03:52Z,
934ccf84-29ad-4194-9a60-a4c4d9e20384,89f267b2-bded-46f4-bb12-bf4ca65f21f0,4089.48,PEN,succeeded,polar,pol_d7785ef4c1772dae,2026-09-10T17:23:49Z,2026-09-10T17:28:49Z
8205298e-6282-4070-a017-8ae122bcb12d,84d90ebf-c682-4a99-ac33-98eba4a0da2f,435.04,PEN,succeeded,polar,pol_0fd231bce0afaeb5,2026-09-05T09:49:02Z,2026-09-05T09:52:02Z
27cb7d9c-3333-4b96-ba8e-f029e728cd63,24b3895e-6074-40f5-a05f-66b975123755,1495.97,PEN,canceled,polar,pol_bd360ab01fd150ab,2026-09-04T12:00:29Z,
947bf07e-0811-4e5d-8abf-f7ebe205aaa8,23330b13-f943-42de-90b5-c91eb28da930,6901.26,PEN,succeeded,polar,pol_8d7830d5988fc5d7,2026-08-28T16:48:39Z,2026-08-28T16:49:39Z
a6a2ba99-7417-4bc2-9ad6-bab913b7f44e,c5e09e27-c2b2-418d-9a69-c1204271cfd9,239.03,PEN,succeeded,polar,pol_5468d3700bb7fa26,2026-09-13T12:45:42Z,2026-09-13T12:50:42Z
531b0719-1653-4d53-adcd-7b07012f82b3,6bcce7b0-87d4-43eb-99d8-986a6a283e1c,92.59,PEN,succeeded,polar,pol_d2a510d70ff03eb6,2026-07-23T18:12:29Z,2026-07-23T18:15:29Z
07d14bc9-5455-4053-afb7-f85f4a316c23,1b2424ab-5a21-4ce5-97f0-e03a48d6583a,7445.17,PEN,pending,polar,pol_44617e3342d450ca,2026-08-02T12:28:07Z,
6bcffbc5-353a-4db9-8a37-26b7b322ea5b,2a9c8ee2-738d-4c0f-a509-14086f1a1bde,2395.51,PEN,succeeded,polar,pol_754f530fd791ff32,2026-09-22T13:21:01Z,2026-09-22T13:23:01Z
047980da-426e-4a4c-8a23-dd43e2a76037,ef1ead17-012c-46d4-ae23-2d9f757893b8,1291.67,PEN,succeeded,polar,pol_a33f8b8384ae05d7,2026-08-11T09:10:02Z,2026-08-11T09:12:02Z
a392e0e4-12ed-48b9-9a93-05a2f367be01,8286542e-1f6a-4133-ba6d-6332fc716fb6,155.91,PEN,succeeded,polar,pol_be3e98e3848783fb,2026-08-16T13:18:42Z,2026-08-16T13:22:42Z
2b4e726d-79a9-4b56-9fe7-ba094b0549e1,cf84c358-fee9-4068-baf3-fb4ab59e1887,7319.92,PEN,failed,polar,pol_f605bddf7477c600,2026-08-24T10:36:35Z,
239431c3-9162-4e84-9c8c-63ec56b4eb80,f81c532b-4cba-4d78-8dde-36584aba1414,1038.93,PEN,succeeded,polar,pol_25ba076b60d50f66,2026-09-26T09:29:14Z,2026-09-26T09:32:14Z
aaa5f470-a6ad-4812-81e2-c1a1106cbf80,565334d6-710a-47b5-a392-2116a24dbdbb,4346.15,PEN,succeeded,polar,pol_5a5cda8837f26697,2026-08-18T13:38:34Z,2026-08-18T13:39:34Z
5cf86c86-111d-45b8-889e-729db400c58d,ba9eb8ba-a2b2-42d5-8d9a-8400e173ba64,2328.67,PEN,failed,polar,pol_5f0e904cf20bb0fa,2026-09-23T17:38:26Z,
ee97e052-93fc-4450-a35d-4a3f49be5852,8bc2b9a7-7940-43f5-9f36-8be8b69329e2,1520.96,PEN,canceled,polar,pol_4f3019af35058df9,2026-09-30T10:28:07Z,
e83fa810-1254-4ea0-bd76-6bc1aa23efbb,430893b4-3b28-49cc-be4e-617706a5a8fe,1001.94,PEN,succeeded,polar,pol_9d4cc574e0fed6ad,2026-07-22T17:23:04Z,2026-07-22T17:28:04Z
4e801fe7-2a67-44db-8d23-b52fbf8be4eb,4fe47fd8-fb06-4646-aaca-b1a50998762a,822.15,PEN,failed,polar,pol_00940ded5d3fa8b2,2026-09-29T12:15:26Z,
949c7b74-00ea-4c2b-96e4-a3df7b2b0b19,563d453e-06fd-4b5b-aeb1-2e548540141c,1521.18,PEN,succeeded,polar,pol_8cc22b9e42d0cc0f,2026-08-24T17:08:05Z,2026-08-24T17:10:05Z
02009170-96b5-4901-a850-6343593f8924,c24c96fc-1d86-4062-84da-4bc2bbe7e127,147.65,PEN,pending,polar,pol_519aff58ddabba87,2026-08-23T11:29:48Z,
18502860-33a4-4e33-9c46-d091747c9e89,ee5ef182-1eac-4ee2-8e0b-64a2bbe92117,2324.57,PEN,pending,polar,pol_4cfa07ebe124b99a,2026-08-26T12:40:59Z,
2c1284e5-8470-4287-8d9d-4ba82c6abeac,10093147-afb8-4e46-9a9e-12c7dfd16841,298.75,PEN,failed,polar,pol_0c812d3d6c3e3cbc,2026-09-29T18:45:09Z,
81783313-7846-47c1-a255-dc99c619638e,8847e7fc-7e52-4b15-96be-676e2aa7ac71,5060.94,PEN,succeeded,polar,pol_6889fdf6249f373f,2026-09-23T16:45:24Z,2026-09-23T16:49:24Z
600e92f0-883d-4bf9-a745-c7f7eda00b8c,6d60c0e8-016a-4762-893e-4cc9fbca38d0,569.58,PEN,succeeded,polar,pol_d7070672747fda73,2026-09-13T07:56:34Z,2026-09-13T07:58:34Z
46bfd63a-8400-40a5-a0bd-ea0704cd4b97,6b91aaac-56ed-4004-a7f2-9456c87ef749,4738.83,PEN,succeeded,polar,pol_73b05026df03abf2,2026-08-09T09:59:45Z,2026-08-09T09:59:45Z
0ea431a4-657a-44ac-a423-12e109dcd26e,f52f621f-ec77-4258-afe9-11b8d24c2ee7,1595.26,PEN,succeeded,polar,pol_e11a4928f59796a5,2026-08-30T10:26:15Z,2026-08-30T10:27:15Z
e801a42c-a8fd-4b97-b16f-1abc48b26434,be3e6944-6140-4e04-924c-d5e0f7255853,4112.95,PEN,succeeded,polar,pol_44abcaa21788d7ea,2026-09-21T09:53:02Z,2026-09-21T09:54:02Z
93966dc3-8791-4c7e-9130-82d25ced7e13,b3489e1d-666e-4c85-b4c4-d2518559f80b,1353.56,PEN,succeeded,polar,pol_606272fb7e76675b,2026-09-05T11:56:39Z,2026-09-05T11:57:39Z
f801a00f-1cf6-458a-9b5f-2185d1f62a06,4bbe9441-37d0-49d3-a857-8a13b4a784e5,237.57,PEN,succeeded,polar,pol_0632fa9427fbff47,2026-09-16T17:35:05Z,2026-09-16T17:40:05Z
073090a0-c56e-4c04-a9b5-d8e2f9a200f8,afafeba3-fa59-4d3c-a22a-1cfb5df7c59f,2941.47,PEN,pending,polar,pol_8efe8a0af2b879eb,2026-09-22T09:37:33Z,
4316780f-5b28-4176-9da4-1420382afc65,b08c82dd-18f5-4842-993b-fb39ce494b46,2639.04,PEN,succeeded,polar,pol_7440fb9b8ccb3caf,2026-08-26T14:16:44Z,2026-08-26T14:19:44Z
74282f72-7cba-44a6-a1f8-3a4b59ea1a75,9975c0d2-e0d6-4222-b54f-6ea1ffd3a753,822.33,PEN,failed,polar,pol_c1caad6fd304e14f,2026-08-01T14:42:11Z,
23f569f7-9c09-4703-9989-8aa9cd371e1b,25599933-d197-4be4-aeef-6008f752b2bd,865.07,PEN,pending,polar,pol_345d315409652e25,2026-08-28T13:49:00Z,
517e5be0-7212-4efb-be41-750794aea999,46038586-27d9-4980-8758-d70e867b6579,425.19,PEN,succeeded,polar,pol_4000030a2848c1d7,2026-08-31T13:18:12Z,2026-08-31T13:19:12Z
7e46f1f2-ceda-4135-8461-25d5df045081,0bbfd6fd-16a3-4e36-970e-bb66c9e28282,947.88,PEN,succeeded,polar,pol_e4e9b636b9ba6233,2026-08-02T06:34:26Z,2026-08-02T06:36:26Z
e878e9a6-aafd-4ad3-94b7-6dd7f8605134,b4b9b42f-8758-4b37-b0fc-d12b06e78c44,488.87,PEN,pending,polar,pol_c7d5c50059fd3687,2026-08-20T09:40:40Z,
ffb1428b-7e9e-4e3a-be99-39e5fc23a0aa,bc2bc443-4622-4069-9c0a-52a4697beb80,1360.15,PEN,succeeded,polar,pol_d0f3c6b385ce081f,2026-08-09T12:22:08Z,2026-08-09T12:27:08Z
14f6f08f-f2d9-456c-bae4-34d56650104c,a4cac7aa-8a1f-43cb-8f62-4048604fd27d,809.29,PEN,succeeded,polar,pol_72614c4ec7f00f47,2026-08-17T16:15:16Z,2026-08-17T16:17:16Z
fc9e45f9-6647-4b66-96db-0997503afc5e,8f2815ea-365a-4114-b8fc-f5fdbaad172d,514.63,PEN,succeeded,polar,pol_2489d6004c25194e,2026-07-25T14:23:53Z,2026-07-25T14:27:53Z
721b444c-2b39-4e21-af6d-4d75ea8e1487,7f7a0e86-47e6-4a62-a698-03507b06cde5,4895.98,PEN,succeeded,polar,pol_9f97ec07ad5389ce,2026-09-03T13:51:48Z,2026-09-03T13:56:48Z
a9ddb155-66ea-43f7-822f-d369257c68b2,bf1785c3-33e9-4406-bb10-61a06ef08cba,2800.46,PEN,pending,polar,pol_c6db1de3afdf42a8,2026-08-09T14:55:20Z,
28d11fd0-d240-4030-8fad-d7bb0efad20b,0c26c276-89ba-45e1-aff0-e4af9b6f84c2,3938.05,PEN,succeeded,polar,pol_1d3d2ace49d78b6e,2026-09-06T08:04:50Z,2026-09-06T08:08:50Z
a27fe016-572c-470d-9fcf-29aab0b1e090,d0880c5e-5d13-4d8b-ab57-b8d219987866,892.71,PEN,succeeded,polar,pol_3020195f43bdbc6c,2026-08-06T12:51:59Z,2026-08-06T12:55:59Z
7c81a252-e370-4a0e-b094-2c64e1210c41,4a5e2792-2567-40d2-9b23-8a917df82403,591.47,PEN,succeeded,polar,pol_f894869317189b37,2026-08-30T14:58:25Z,2026-08-30T14:59:25Z
65be517e-6608-4447-ae6f-2b6f531aeee6,5255763b-c10a-43be-b9f6-5da42614f192,2695.34,PEN,succeeded,polar,pol_d61315d3a23d209a,2026-09-19T13:47:21Z,2026-09-19T13:51:21Z
9f27dd07-852b-4fc0-8aa1-2c4f82759bb8,b3772201-a4b6-4db8-b39d-bc1a31048e05,5102.56,PEN,pending,polar,pol_509999fe63505154,2026-08-30T10:03:51Z,
695b8dca-2bd5-4b98-88aa-6bfebecd9769,1484806a-2ae9-4a48-a113-2f66881ed1aa,637.6,PEN,pending,polar,pol_bdac9eea0a94552c,2026-07-18T11:58:29Z,
47fda0f4-e230-423d-8d74-c93904710851,dff2a8c6-e883-4449-93a2-e2098fedcb8d,1818.13,PEN,succeeded,polar,pol_af4dcfdfc8308573,2026-09-04T12:51:59Z,2026-09-04T12:53:59Z
c1039aa8-182d-46e3-b310-8dd0046649ce,9750989a-f433-4e08-882c-79e75281e4bd,366.28,PEN,failed,polar,pol_60f558c3747e3b70,2026-07-18T11:06:11Z,
50297600-ee90-4dcc-bf8b-49d306a79761,47df8086-b598-453d-bc49-43eed656964f,363.2,PEN,canceled,polar,pol_881c577ad0d4f1f7,2026-08-04T12:01:28Z,
4212b033-c833-4138-9c84-092bd3974adc,ddd6bf4f-d026-4656-8d48-fc2ce656dbc8,1927.04,PEN,succeeded,polar,pol_92d050d02b6d71da,2026-09-18T18:38:51Z,2026-09-18T18:40:51Z
a719051f-59b5-424e-9957-30caa79bdfd4,23d4463d-153f-476b-bf83-d2299b2868c2,1585.62,PEN,canceled,polar,pol_e77ec53794de2134,2026-09-17T16:41:42Z,
5431de9f-ad73-4123-a70e-b9d99d0d0888,83ad3f02-8b47-4a95-bbc2-feb27d64f88c,3771.95,PEN,succeeded,polar,pol_3cac7b96c968f947,2026-08-27T09:25:41Z,2026-08-27T09:29:41Z
e74d5455-e8bd-4d2b-a168-b36aa5d001da,8a123a54-9ce5-492a-a8a6-af314b33a796,2794.28,PEN,succeeded,polar,pol_c9b2abca46ba2fb6,2026-09-26T09:56:52Z,2026-09-26T09:57:52Z
e8e514ef-fe1f-4a14-85d2-34fbe35c3948,ee8e7c77-5e70-4a72-8536-70b20771ea5b,551.06,PEN,pending,polar,pol_0aabb41d16031197,2026-09-24T11:06:19Z,
4c57730c-f833-4f54-b153-23a6d53f3c47,f20664eb-7f8e-4d6f-b985-c8999fde45f3,965.8,PEN,succeeded,polar,pol_6761cd5a7e6e1f68,2026-09-02T17:33:03Z,2026-09-02T17:34:03Z
f7cfde94-046d-4de0-8ac4-056273ac7b4f,577740cb-7703-4075-bd3f-5999d732645d,2920.46,PEN,pending,polar,pol_c2d203a9743b12ca,2026-08-28T11:26:19Z,
8242568c-bef1-44d1-8e44-b00a1bce8c41,7e44d28a-0f19-49ed-993d-d05e082282b1,4604.13,PEN,failed,polar,pol_1ccd66eb2fc1abe6,2026-09-06T07:34:06Z,
737e5f22-a41b-474e-9041-499d29202847,e4732aae-6005-4e40-89be-b9c8d0362915,2618.13,PEN,succeeded,polar,pol_fb86e2cf345e7d16,2026-09-24T15:24:19Z,2026-09-24T15:27:19Z
7e454585-baa0-4548-9393-b1057f0ad93f,940d3b72-2027-4f4e-8e46-9df79c5bcdfa,3893.34,PEN,succeeded,polar,pol_8714d149d1c10fef,2026-09-11T15:07:44Z,2026-09-11T15:11:44Z
abe61889-1fda-4612-b3f9-bf70dd58d957,10978f83-2371-46a0-97f5-b8c7fcad535c,9897.36,PEN,succeeded,polar,pol_092e94fbbbe5d5d5,2026-08-26T10:34:28Z,2026-08-26T10:39:28Z
69db4c99-e337-44f7-8ad0-96485bed1a89,6af5cfa4-12e1-4aed-92fe-3165d44ef58a,4404.4,PEN,succeeded,polar,pol_80b91a2694564ac1,2026-08-26T18:12:53Z,2026-08-26T18:16:53Z
acab569f-5891-4618-a0e9-fee9d82a977c,c77784bb-d0ba-4b52-b37e-82d5299fbf96,993.23,PEN,failed,polar,pol_c9118c2343a35b40,2026-09-23T13:25:09Z,
aac7634e-9da0-4002-b2a7-4206ec6cf3c5,3bd56078-db58-4fe8-a51a-d8a9c6f3125b,646.02,PEN,pending,polar,pol_b546b7bb169bf551,2026-07-25T09:51:22Z,
4a9d7a5d-257e-4d7b-a7aa-f80fa9b03225,3d053c79-ff35-4ae3-9f1d-98c2065ef482,4829.5,PEN,succeeded,polar,pol_3a39ed2c86b53e77,2026-07-18T09:12:12Z,2026-07-18T09:15:12Z
81523d0e-ff9c-498c-b0ca-0150496bdfa3,abe3228b-afb0-45ca-8e94-f7083c5796f1,228.25,PEN,canceled,polar,pol_688e51dbed5363a5,2026-09-26T12:41:13Z,
b5b35f9c-798d-4d63-9f50-0090e22ed79d,45696751-fbfb-4d00-a4a3-35e74b645249,1111.77,PEN,succeeded,polar,pol_dba0ad6a781d8fe9,2026-09-23T13:41:39Z,2026-09-23T13:45:39Z
35f8c963-581a-45bc-a717-f20625fd7a10,39488dec-4ad8-4c40-b88b-081601877567,2899.49,PEN,succeeded,polar,pol_bd9fc35c3f6fcaf5,2026-08-30T08:34:06Z,2026-08-30T08:37:06Z
4899e4a5-e5ad-4439-a583-487a56db361d,beda4b2c-6349-43e7-bfd8-0382c71072a0,1302.72,PEN,succeeded,polar,pol_a6423f87445599a4,2026-08-29T06:58:25Z,2026-08-29T06:59:25Z
6ca3dbbf-4aaf-4587-9557-d62e2f968d82,bfd97bf7-f90c-4574-abd9-4ade233790cf,1191.69,PEN,pending,polar,pol_a9f5206c46dfe754,2026-08-30T13:24:53Z,
fc6c977e-4f3c-4053-a76c-33bf25743a5e,5f2921ef-2e9a-4e71-a498-beaf9e0c1d36,1320.32,PEN,succeeded,polar,pol_e230d9d15b430be2,2026-07-26T13:12:31Z,2026-07-26T13:17:31Z
fcc5ae61-09d8-4a83-aa2d-58a077efcbf9,40bb4fc6-85be-4700-b586-0697216a355e,57.35,PEN,succeeded,polar,pol_20fbae77d9597fe1,2026-08-30T15:40:07Z,2026-08-30T15:42:07Z
19094316-7133-48b3-99e1-1abef3465e80,ab8a6dd4-9f6f-4c59-a119-59b93111097e,5625.6,PEN,succeeded,polar,pol_fa171731d2f2f173,2026-08-05T18:18:05Z,2026-08-05T18:20:05Z
9be00782-21b6-49d9-a579-99a779e3eafe,a6ae00c9-ebce-4c77-949a-5ffc2818cab7,1210.56,PEN,succeeded,polar,pol_30959455b8611406,2026-09-23T15:32:47Z,2026-09-23T15:35:47Z
cf3302f2-d48a-486b-a52e-4d711cd0e84e,f92ef64c-3b1c-4bcc-9b01-16b95d6d608f,4075.03,PEN,succeeded,polar,pol_59af65fece9c3872,2026-09-01T13:17:45Z,2026-09-01T13:22:45Z
041aa476-7df0-4ce6-a034-104dbf916b2e,d3b5ca7a-0eef-4f86-a88b-6b1bc8b5cb21,3666.67,PEN,succeeded,polar,pol_7468c5ad8a626b81,2026-08-27T12:09:55Z,2026-08-27T12:14:55Z
89855a53-25c1-472c-b3ae-462674496e17,2eaedb7a-6c82-4634-91ea-f0164536a303,3240.06,PEN,succeeded,polar,pol_3a094fbe00fb75c1,2026-08-16T13:39:43Z,2026-08-16T13:43:43Z
beaf7101-9f26-4ee7-bc6b-cd2d1ed50948,e466c19a-a704-4aec-b577-8d2e7cae23b3,336.66,PEN,succeeded,polar,pol_30fe6435742c155c,2026-09-19T08:07:31Z,2026-09-19T08:09:31Z
dfdb5b9b-aa0f-4042-8638-1fb1e30d9b54,4a39823b-db00-45ff-9b09-9e1d52d36132,1697.54,PEN,succeeded,polar,pol_0a6f76acf96b0daf,2026-09-18T09:52:27Z,2026-09-18T09:57:27Z
045edc88-5127-40e2-a425-b9796fe94924,949c3fee-fe42-4680-a32f-d6aa3f95e10c,2602.69,PEN,succeeded,polar,pol_f1a72f03c80b0ae8,2026-07-24T11:18:06Z,2026-07-24T11:23:06Z
5ebb6b6c-17b2-4b8f-9a5e-e136ee667b93,d3cd1b0d-567b-401c-97f3-e7f3af86bde8,1930.44,PEN,succeeded,polar,pol_d378a2b96a91a7c1,2026-08-05T17:31:23Z,2026-08-05T17:34:23Z
64ed05af-182b-4e8d-a2f0-027ccbae1221,fd439c6b-f1ba-414b-9cc9-a8a58e7cbac6,1086.6,PEN,pending,polar,pol_197b258185a0b2a3,2026-08-23T10:45:34Z,
ad70b3c0-0c3d-4a01-917c-794f67592f54,681b2f7c-a67e-453d-8667-831679992232,830.13,PEN,succeeded,polar,pol_672823173ec22b1f,2026-09-09T15:51:24Z,2026-09-09T15:55:24Z
b3cf4097-8f10-4145-941c-e23ea791fb71,4ef78d91-cb62-42e1-b42d-5c47430974f3,994.4,PEN,succeeded,polar,pol_1e3a6961e4189f71,2026-09-11T11:15:09Z,2026-09-11T11:16:09Z
cb020c8e-155f-4e66-b929-396bed8159c5,e103344c-2bb0-45bc-a653-540389040338,378.42,PEN,succeeded,polar,pol_0e21f611822bd746,2026-07-20T12:14:18Z,2026-07-20T12:17:18Z
d05752bd-4f7d-4722-a476-dfd77bffe74b,ba3bf75a-127b-467d-9a5a-1dc99e788383,2378.27,PEN,succeeded,polar,pol_7e71c4f685759b11,2026-08-10T09:58:35Z,2026-08-10T09:59:35Z
dd8aa563-f024-4b71-8da2-ae2a7b50a7d9,e03011f8-63ad-46c3-ac54-09b93009dc54,1609.16,PEN,succeeded,polar,pol_6da4d0facb8e0cb5,2026-08-20T09:50:03Z,2026-08-20T09:54:03Z
0b308c30-be48-49de-a556-bb18dda1387a,b8bd328b-5c1c-4581-9ab2-5e94cd63187e,1816.4,PEN,succeeded,polar,pol_2021de3835b8e257,2026-08-20T17:01:44Z,2026-08-20T17:04:44Z
69baff46-12f1-4206-be46-20e55a00d0c6,db7e8aa7-d220-4352-a039-015477f1550e,928.51,PEN,succeeded,polar,pol_e352237e0a936f50,2026-08-08T10:41:01Z,2026-08-08T10:45:01Z
f1aea9f0-71a2-45fc-ab9e-1fb31b4ee651,9f41586f-838c-481a-8ca0-3cc1718d1335,2816.4,PEN,succeeded,polar,pol_0c1b857ce5acaf98,2026-09-15T12:53:07Z,2026-09-15T12:55:07Z
ae410c85-a92a-4df4-b3b3-b6cb968267ce,bf6035e9-1b0b-4928-b244-331575cf647d,1500.59,PEN,succeeded,polar,pol_0a87c4950c804861,2026-09-03T14:46:31Z,2026-09-03T14:48:31Z
1ae2ff15-9eb1-4b81-9b5e-c86b98a86114,d9d38ef0-2fd1-4934-8dd5-43586c81f4a9,3698.27,PEN,succeeded,polar,pol_d2d149a0e6efc19a,2026-08-16T07:05:02Z,2026-08-16T07:06:02Z
984bd6c0-7d7a-4bd2-9192-65d6e189171c,f5229f55-4a4f-498e-9ac1-b34178ba13b2,75.67,PEN,succeeded,polar,pol_f20a6fe07c8c03df,2026-08-30T11:26:56Z,2026-08-30T11:27:56Z
22bc7fe5-63f4-4b71-87b8-b27101b119d7,24083819-352d-47f9-8c43-6715902a98a2,343.11,PEN,succeeded,polar,pol_7df0aab7214ee131,2026-08-15T12:27:20Z,2026-08-15T12:32:20Z
c34292e0-de88-45ae-b9cc-ae2a352030f0,55907ae4-bb42-42ad-a55b-23b69bb1ad3b,181,PEN,succeeded,polar,pol_ffc3da6b4efa400b,2026-07-19T11:47:21Z,2026-07-19T11:51:21Z
e8d4e52c-9841-48f1-8bbb-3dc22237469a,b1bd6633-194f-4910-a6ad-8f414d973d67,942.28,PEN,failed,polar,pol_37a8172125684122,2026-08-08T07:25:27Z,
047cb407-9a5b-41cf-975a-f107cdbafb50,4403dd71-631f-4dba-b936-a84581bfb73f,5756.33,PEN,succeeded,polar,pol_db0ecb71f64a7c8c,2026-08-07T11:18:05Z,2026-08-07T11:23:05Z
1b94cc36-086f-4332-a626-2e7b0b915bb2,70a86ea0-6c00-4dff-b932-64f0c3147ef6,415.97,PEN,succeeded,polar,pol_a92879b3678eaa83,2026-08-21T17:30:55Z,2026-08-21T17:34:55Z
b3c792eb-32e9-4818-aef2-dbdbdbbc2aff,7814e22c-0f1b-4c68-a45f-9620b7dd6520,215.62,PEN,succeeded,polar,pol_28d31118e7a45a4f,2026-08-30T11:45:43Z,2026-08-30T11:50:43Z
3503619e-0285-4ab9-b314-d9d7f2e15c73,7faf8a2d-85ff-4a59-8cc0-10b9c5ab1a6d,3559.07,PEN,succeeded,polar,pol_5c7cf9c2858a92f8,2026-07-22T09:17:09Z,2026-07-22T09:22:09Z
59b6110e-c34f-4e92-ba8c-e92e5beac25a,bf034da1-7067-4403-a332-fefc5fbc3d54,1681.48,PEN,pending,polar,pol_17ded56a28978852,2026-07-31T16:50:18Z,
18101f0f-a5b3-4c05-8d23-03d943b5effe,de832df7-eb0c-4fe9-abf7-8a96702a2e1b,4432.86,PEN,pending,polar,pol_ce271e94bbf66b9f,2026-09-06T12:47:20Z,
55a9be17-cbed-4e46-890e-311785b76c36,111d9346-dfb1-443e-b12d-eede1b9084fe,761.31,PEN,succeeded,polar,pol_0929b2f9eea95a41,2026-09-08T17:37:26Z,2026-09-08T17:40:26Z
a1c0040e-6dfe-43ce-b573-27efd977b1d3,754c314f-c7b6-4956-8ef9-25de8eeeaf71,3772.28,PEN,succeeded,polar,pol_8c85486abcb2484e,2026-09-13T06:03:36Z,2026-09-13T06:07:36Z
9830fb73-89c9-4ef4-9e4a-08080844ab5e,8f4a49b4-f8f1-4c40-baf8-b9cb691c6d61,1570.25,PEN,succeeded,polar,pol_ab1513066e44a3ec,2026-07-20T10:26:23Z,2026-07-20T10:29:23Z
e437597b-71ca-48fc-a781-ef30d2130d36,479a9ee9-cbb7-4cd9-a28b-b086c8e61b18,2343.57,PEN,pending,polar,pol_fdea909e69e0cb32,2026-07-29T14:57:16Z,
70a72cc9-6fcc-4e93-9b87-648859ee404e,3c1de143-0dde-4c99-a81a-d5227465164c,3453.95,PEN,failed,polar,pol_d607d8661d516dda,2026-09-11T18:16:45Z,
5d6d8273-2e9f-436d-9dc1-93fe10c66be0,b5af0978-6109-4151-9aa1-d0918d5347e5,1074.79,PEN,succeeded,polar,pol_29b9133a4c412240,2026-09-11T14:18:02Z,2026-09-11T14:19:02Z
96ef6a4e-5e72-4cf7-b0f8-b31e8fc7b3a9,746f644e-7119-4f9a-9243-536e004eb626,194.24,PEN,pending,polar,pol_8384b5c0b85628dc,2026-09-23T09:03:17Z,
78739cc1-194e-4d29-9ffa-38eca3244056,682dce61-0d2f-4bda-bf1a-5c1c66880e80,2533.67,PEN,succeeded,polar,pol_9daac167af897286,2026-07-19T15:58:54Z,2026-07-19T15:59:54Z
4becc3b2-c4b1-4be9-a4b9-777132a2b166,bf6ae103-ed9e-41bd-8600-65aa0bc8553e,2589.79,PEN,succeeded,polar,pol_2119d872c97d533b,2026-08-21T17:17:01Z,2026-08-21T17:22:01Z
a12b76af-ee58-425e-ba61-88dacabdb332,6aa46deb-5ad8-4e1c-9b55-3410a36d31f6,2564.22,PEN,succeeded,polar,pol_f866c45dbd0eb2b9,2026-09-22T13:39:09Z,2026-09-22T13:44:09Z
3df8b9e2-db73-4795-bb32-f140a9f8d789,d995b875-cf9f-4231-a768-78b78c6d35e4,1544.84,PEN,succeeded,polar,pol_6b6bec45eca4c4c2,2026-08-31T09:11:16Z,2026-08-31T09:15:16Z
e3d6ec21-0b08-415b-bdb9-7ea02b5fee77,5c835f5d-0c7a-4336-a240-77100fee42fa,1767.96,PEN,pending,polar,pol_d3576ec99bbb8cfd,2026-09-29T11:08:36Z,
dd738ac2-6852-4641-80e8-ef224165cc0a,f67e1e49-f5b6-499a-9829-ee82da3744ca,287.86,PEN,succeeded,polar,pol_1e3c9c58e152160a,2026-09-06T15:39:34Z,2026-09-06T15:41:34Z
7a8a8138-8cf8-4d31-ac32-3613b1c44135,18b0c9e3-4c66-4b79-8a39-8045acfb7f32,4075.43,PEN,pending,polar,pol_7d44291e5c786d35,2026-08-24T12:42:29Z,
2b4e1d1b-653e-4aa6-9bdb-5954a4d43851,cceacd2d-db13-4480-9d03-7d7bb91af324,2804.62,PEN,succeeded,polar,pol_360f5d6b96f367ca,2026-09-30T16:58:35Z,2026-09-30T16:59:35Z
d3925fcf-db21-4a9b-9e40-dbbfbe63d85b,7eb6af36-e217-42a4-a8e6-dbee06490d5a,2202.2,PEN,succeeded,polar,pol_fac52c1b497fb3e6,2026-07-31T17:49:51Z,2026-07-31T17:52:51Z
08526adc-d21d-45ff-a970-d3dcf8793530,62f85cb0-da73-490e-b5bc-8df52104167c,2403.83,PEN,succeeded,polar,pol_8cb6e41a7de23883,2026-09-28T10:08:55Z,2026-09-28T10:13:55Z
3b24e0e2-1846-464a-814b-c3622902cb0f,2fd4f8a2-455e-4bcf-8a85-757741537a75,1978.53,PEN,canceled,polar,pol_f753dea1a60f7854,2026-08-16T14:12:27Z,
a14a310b-b28c-48a4-9763-01ce906bb829,cee5eadc-019a-4e81-af37-005f443d78a9,4831.02,PEN,succeeded,polar,pol_6577f44c99e20a8a,2026-09-07T13:30:33Z,2026-09-07T13:31:33Z
64aa00cc-f282-43e6-bd7c-dcc46f764807,d2f8ba7d-8ef4-456f-a411-c8cb2c9fe1ae,1589.4,PEN,succeeded,polar,pol_0712f708b1b49ff9,2026-09-27T14:52:53Z,2026-09-27T14:56:53Z
9fd681c0-1530-4bf9-838c-74d3a1cd806f,21df3890-afec-4c0b-833f-36adf02ac955,2386.44,PEN,succeeded,polar,pol_65952cc37c72ffeb,2026-09-21T14:51:09Z,2026-09-21T14:55:09Z
9bb7f541-e6a8-405b-963f-ecfa817f2fae,c4264151-497a-4fcb-86d6-bdc545c57b46,1291.08,PEN,succeeded,polar,pol_eb6189ed575d6739,2026-08-15T09:06:14Z,2026-08-15T09:08:14Z
56b15bdf-067e-465a-8ee6-5a4a14b7c720,d7161f70-8849-4a60-a829-472b1933e844,3633.72,PEN,succeeded,polar,pol_0668235c5729c2a5,2026-09-07T09:55:07Z,2026-09-07T09:56:07Z
6de4a2de-cfa3-45dc-a3e0-75be53323f28,7106826a-2535-4cd4-a45d-bf7c3977d6e7,3772.33,PEN,succeeded,polar,pol_5fd61e08241c021e,2026-08-13T12:30:26Z,2026-08-13T12:31:26Z
4e0be761-bd7e-4cf7-9f47-2e5ba2cc6895,f28cfd64-d5ec-4b70-be23-c181f7dfec06,1689.02,PEN,canceled,polar,pol_ea745a0e676b3e7a,2026-08-20T17:31:34Z,
51856c85-1f66-4605-9622-1bcc68a028a2,56e000a7-5090-4acb-b559-1dd9a8534ff1,2067.32,PEN,succeeded,polar,pol_9d2194f1fcf9782b,2026-08-12T14:54:23Z,2026-08-12T14:57:23Z
8ce8d06c-a343-4340-9e5c-ee02e6e96453,1953f219-4a11-47d6-bfcc-b56cfded9a20,5709.1,PEN,succeeded,polar,pol_c18a821f08144a97,2026-08-02T10:27:44Z,2026-08-02T10:31:44Z
8ee2b3c6-8b69-4983-b0e9-182c53556558,175052eb-63a4-4a20-9e3a-ab53ce0adda3,4419.21,PEN,succeeded,polar,pol_30db5cdc69c3144a,2026-07-30T17:55:03Z,2026-07-30T17:59:03Z
25a244dd-939a-43b4-808d-ab36f4638914,bb8f4dc0-8e4d-437e-9c5a-e8248c6aaf75,2249.76,PEN,failed,polar,pol_82617adffed3e55d,2026-08-10T16:45:21Z,
a0092f19-244e-4308-b955-8174a09bc922,5c97e6d9-1f6b-4af9-a4b0-d7058027ca80,1624.73,PEN,succeeded,polar,pol_1ca04b10d4064b04,2026-07-30T12:37:40Z,2026-07-30T12:42:40Z
6f7e027e-e0fa-445f-939c-8426424b2a8b,8afe9bb7-8913-4e7f-86ce-23556ccb3dbd,2861.11,PEN,succeeded,polar,pol_59ea083ca90c7e85,2026-08-05T09:32:08Z,2026-08-05T09:37:08Z
58563076-4f34-4ffa-9806-f4f366ceb2a9,15dc37f9-9ed4-4f66-a59f-b2a6a408d016,349.35,PEN,succeeded,polar,pol_1ce392b9d872697a,2026-09-14T15:36:53Z,2026-09-14T15:37:53Z
ce5b50f6-c3b7-4761-bc06-6a3f4976b333,64157886-2f6e-45fb-b90a-f95e5f72e004,1319.37,PEN,succeeded,polar,pol_d804dc13bec7a484,2026-07-26T07:10:41Z,2026-07-26T07:11:41Z
c05b54e1-a5be-402e-904e-354afdb66fe3,f36ff6b0-f1ba-4993-adb4-79ab0050d169,3100.61,PEN,canceled,polar,pol_ce420911664b8bb2,2026-08-09T06:30:23Z,
1008f024-fb36-426f-9937-be6a85ba1d54,8a7aea6a-1726-422e-beed-c2765db018b2,1981.21,PEN,succeeded,polar,pol_96968f35fa1e1cd1,2026-09-27T12:10:15Z,2026-09-27T12:12:15Z
6a96dc37-2819-4503-a328-02538119d21b,dafd16f3-2ef2-427b-a7a2-baef94cfcb5d,5256.09,PEN,succeeded,polar,pol_ef619f446e470512,2026-08-09T15:41:26Z,2026-08-09T15:43:26Z
d7813992-0526-457e-a734-4d95c9e35f0e,61ada2e9-409f-4db6-aa54-a49677d209aa,3517.76,PEN,pending,polar,pol_ef04f2522e8081aa,2026-08-18T16:36:35Z,
0b0b2399-ab31-4ffd-9831-b92e89d2dc66,556c752f-1dd4-42f2-ac8f-6bf189d0af24,5091.05,PEN,failed,polar,pol_a4a5f139d0c3ecc7,2026-09-21T18:07:54Z,
e0a1a22d-c3c2-40fb-8294-c3c5d7051fc2,d433903e-c6a5-4204-bda1-8c8a8e8555bf,3110.56,PEN,succeeded,polar,pol_d3e6b94847b6b425,2026-07-23T16:22:19Z,2026-07-23T16:26:19Z
8812312e-0d80-4312-8dce-324ab03a98ce,3d768375-103d-406a-afed-623e457d4b29,577.58,PEN,succeeded,polar,pol_76aec1a6756159aa,2026-08-17T11:02:18Z,2026-08-17T11:06:18Z
dd697969-94e8-4019-ac95-f70989629b11,3e6af97e-79df-4e55-9a7a-5727c9b84dd8,2091.73,PEN,succeeded,polar,pol_7f1d51106a94cd65,2026-08-21T10:42:31Z,2026-08-21T10:47:31Z
58b29485-68b0-47f1-9c19-e634b0c396f3,4ea6077d-bf98-4197-8b3f-f73dd3179e86,111.37,PEN,succeeded,polar,pol_9e4374db169217cb,2026-09-26T14:34:08Z,2026-09-26T14:37:08Z
25a514cc-9742-40f7-8ff6-3dc964028974,544ffea7-b9aa-4504-830f-ea16434dded9,13881.74,PEN,succeeded,polar,pol_877b53f33b0f82b4,2026-09-17T18:35:10Z,2026-09-17T18:39:10Z
af6754c3-0f15-41d6-b73b-a5f768202d47,16d00425-1b19-48bf-b35a-441926c63f64,1577.29,PEN,succeeded,polar,pol_5f883b66154f2dee,2026-09-01T11:06:55Z,2026-09-01T11:08:55Z
8fff7658-cd68-4952-8076-a3b579f1aeb0,a9c66554-2745-4c0b-b50f-ac33d1e716bb,1156.66,PEN,succeeded,polar,pol_5d46b5f8483b5bc1,2026-08-13T14:26:28Z,2026-08-13T14:28:28Z
beb61af3-374c-4385-a767-377b5df93986,2806a588-4d45-4d8e-85a5-f474b19fcf22,8003.1,PEN,succeeded,polar,pol_5f1975c7535ccf7b,2026-08-11T18:52:38Z,2026-08-11T18:54:38Z
a2dcfef1-5301-41d5-a2cd-18f1d8a53645,a1432751-bde7-4f0f-a213-daed4edadc31,4377.92,PEN,succeeded,polar,pol_da507cb9f5ca6868,2026-08-06T14:40:46Z,2026-08-06T14:41:46Z
dcf00c59-8df6-4c84-b375-9087851d404c,b4ef262a-ebb9-4927-861c-8ce795121cc3,962.9,PEN,pending,polar,pol_326531897c521598,2026-08-15T08:07:50Z,
4b8088b3-f1b9-4e43-b364-bc4c50b5b7e4,b8c6e002-a589-4041-bc16-ba41efd6bec5,11525.37,PEN,succeeded,polar,pol_423cb49c1e9d5e9a,2026-08-06T14:08:29Z,2026-08-06T14:10:29Z
29ad8bdd-e79b-4571-a3c6-88a513c7cc10,ee036f25-11fe-411c-9e51-a286a2c8029a,1483.91,PEN,pending,polar,pol_f5432b765e731798,2026-09-14T18:12:00Z,
1e9c351d-f481-41d6-abcc-73235141afc7,792396e0-56de-4c7b-8102-2cbecc02c90a,590.35,PEN,succeeded,polar,pol_d867fd9187d39e74,2026-08-22T07:34:49Z,2026-08-22T07:38:49Z
ca1305a6-f23d-458f-9012-c732a51e9777,47679c89-08b9-4570-b904-0c2b8567aa36,2530.09,PEN,succeeded,polar,pol_728c957b308b7702,2026-09-04T11:42:12Z,2026-09-04T11:47:12Z
8c736824-78fd-4976-a2bd-5b71806f5df8,2ddca3fa-027b-4bb0-8cea-904855a05e6d,2232.72,PEN,succeeded,polar,pol_4f6aad38fb553489,2026-08-05T12:51:33Z,2026-08-05T12:55:33Z
8ad7e472-94a6-49df-9b77-5bfcfaf01464,334732d7-dd2d-4bd3-a3c5-5fc314fc1c8e,711.72,PEN,succeeded,polar,pol_74e69e37680a8279,2026-09-21T16:06:22Z,2026-09-21T16:07:22Z
5c3ffc97-b68f-45ed-9d33-cbf8e6cd97a7,bd23271e-9321-4925-ab70-25209e2037eb,1687.32,PEN,succeeded,polar,pol_d01fd0c02b9772c3,2026-07-28T11:57:30Z,2026-07-28T11:59:30Z
ae269fe1-1025-4a6a-a63f-0378a8ac6d7d,c12b7647-2f8f-4522-8c2e-549c8c4bb06b,1499.26,PEN,succeeded,polar,pol_c13b90c0495764eb,2026-08-07T15:06:17Z,2026-08-07T15:10:17Z
76aec936-4490-42ee-ade3-79fec6541975,12740996-44ef-4953-87e5-139e06189c05,3504.48,PEN,pending,polar,pol_daf4174a9969455e,2026-07-29T13:27:25Z,
d9a1eda8-6587-4f4b-92c7-7e502c4daf97,8cd1091f-cdc1-4687-911d-05560b404d4f,258.19,PEN,succeeded,polar,pol_ff2cda76e94a2049,2026-08-26T14:49:01Z,2026-08-26T14:51:01Z
3fe752ae-17ee-41ff-93c8-6f4da18967b3,b3ad66b0-0b72-4d76-b37d-2a121ff0cdb8,5176.28,PEN,pending,polar,pol_5cba9329bcf4b0cf,2026-08-30T15:41:47Z,
4385ffbb-dd3e-4f35-8a03-693e57c6d37a,05da0222-90d3-49cb-bf9b-abd5c1a6ad22,9863.08,PEN,succeeded,polar,pol_6dd5a9ab9b40ce38,2026-07-20T13:50:01Z,2026-07-20T13:53:01Z
afd80a8f-63dd-4824-8c22-fcb783b762f5,b6bb283e-d1a0-4fed-a814-632131d9736d,1381.08,PEN,succeeded,polar,pol_9ee87f14a77893ab,2026-07-24T13:36:03Z,2026-07-24T13:39:03Z
5dac2230-40ee-48e9-8658-b12a643f707c,b2549521-f0e2-4424-8503-00c3a27387a9,402.08,PEN,failed,polar,pol_d4a1b3999aa76d8c,2026-09-23T11:45:29Z,
cc4db492-e889-4425-89c4-5ed9b35458f7,d6fd3c4b-393d-4b14-bc29-7f6f029e5be8,9659,PEN,canceled,polar,pol_9d7cda38559f4bae,2026-08-15T09:35:16Z,
c53d60c0-3be1-4363-82f8-a503e439ed94,36c86957-7da9-452b-b714-73c6aa8dab79,8726.45,PEN,succeeded,polar,pol_0984ac45710cf8c1,2026-09-07T18:24:06Z,2026-09-07T18:28:06Z
9cfb7f9d-3292-493c-a5cf-1cca59b33f15,9d8165e6-792e-4b85-b708-b12198e973cf,9800.07,PEN,succeeded,polar,pol_51d84c0564dafb3c,2026-09-12T14:58:15Z,2026-09-12T14:59:15Z
e04b0bb3-0f44-4063-b32f-faf5a7d714e9,de9c623f-2bd2-4c73-b01e-97106acbbe62,811.43,PEN,succeeded,polar,pol_1cd0a9b6c06711a6,2026-08-02T09:07:09Z,2026-08-02T09:12:09Z
70bce269-2018-4f74-a6c2-aea10a7f42e2,17f0cf1b-1c91-487a-89f7-b4a6c29aa011,722.33,PEN,succeeded,polar,pol_d1a82f1e3642d792,2026-09-14T18:56:06Z,2026-09-14T18:57:06Z
70e2007d-7e84-4c94-b6a6-d5464989a0ff,07bcbb0d-5434-4c59-b78d-b33e89803932,3905.45,PEN,succeeded,polar,pol_2764135be9f30a97,2026-09-10T12:58:19Z,2026-09-10T12:59:19Z
7e567979-186c-4e6f-be93-65c1fd8f0de7,d48d7aac-552e-4735-bcdd-c5f095c45f52,5871.03,PEN,succeeded,polar,pol_57d5793513ad0e23,2026-09-07T13:16:32Z,2026-09-07T13:19:32Z
93dcf2e8-3867-45ff-ba3f-8039fb198097,fcd6d4aa-8cec-477b-8e31-da9fd17f6f57,1524.74,PEN,succeeded,polar,pol_735fbac19f783d67,2026-08-08T13:05:38Z,2026-08-08T13:07:38Z
9a99035c-2e83-49e2-a986-bebb9341d4d6,9d1de0e0-3606-4f14-858c-0c75b4f64a27,2052.24,PEN,succeeded,polar,pol_297672c2f8a7360a,2026-09-15T17:59:55Z,2026-09-15T17:59:55Z
97b774b3-c975-4208-b4d6-80999baf8d2f,ab1b2f97-b679-4131-8f69-a333bc7ab434,8198.72,PEN,succeeded,polar,pol_ffaee4ac4ed3570c,2026-09-27T10:48:52Z,2026-09-27T10:51:52Z
6fb249dd-31a5-48ba-a46d-a489eb3d387d,ea1507c1-15b1-4e61-b686-8ba3199e22f5,369.48,PEN,succeeded,polar,pol_069d0dce76691021,2026-09-25T09:54:47Z,2026-09-25T09:58:47Z
b4447e6b-ed5f-487d-b46b-7d98fb5b1978,06bbafec-0659-4906-bde2-2e2c6fa1b90b,3256.23,PEN,succeeded,polar,pol_37d10398e25b0fcb,2026-09-11T18:18:32Z,2026-09-11T18:21:32Z
f1fa1154-e953-4ab7-a4bc-b15cfff76b0b,b57518b3-c089-4df6-a5b8-70c26bf1f29b,868.66,PEN,succeeded,polar,pol_255300d850b06a64,2026-09-05T10:06:51Z,2026-09-05T10:07:51Z
e5653757-e034-40a8-9f06-6b0f9a564e3e,734a03b5-f58b-40a1-aa7b-9c047c3b2978,8553.72,PEN,pending,polar,pol_e7a2f0a8c2330f25,2026-07-21T18:59:19Z,
4efeb466-13ae-4469-a430-7f99a8adedbe,c57b2d67-ec80-4754-aa2b-a35db7f80224,1182.94,PEN,succeeded,polar,pol_57378df878128ec8,2026-09-27T08:06:18Z,2026-09-27T08:11:18Z
4a8baec8-937f-4e70-a517-6454bd39c4df,d2af0ff4-8898-4fd2-88ed-2867904a5d44,866.02,PEN,succeeded,polar,pol_ab01e407df393de4,2026-09-28T10:02:25Z,2026-09-28T10:05:25Z
656742be-bdde-4bb7-9134-039de5d7d51f,2713521e-3a31-4b9a-a315-11795cdd4ebd,1205.94,PEN,pending,polar,pol_eb5e5b89de4d9d4d,2026-09-01T16:10:06Z,
31e219e5-1f52-4d11-b89e-c71772392597,e7ccbf47-1f59-4b10-a8f2-b3a1564793fc,1108.37,PEN,succeeded,polar,pol_61743b1063f8a2f2,2026-09-13T14:28:11Z,2026-09-13T14:32:11Z
a293c958-5715-41ac-b196-cbc3cd2bb399,15722d00-092b-4b2f-af0f-f32567b8bc5e,527.99,PEN,succeeded,polar,pol_6c9c0642778b9dd2,2026-09-14T16:47:42Z,2026-09-14T16:48:42Z
7f99c83d-789e-49cb-9796-a4afa277c9e6,7d6f7395-f112-49ae-9e90-6c172aba8591,3973.19,PEN,pending,polar,pol_6b4498ae16549464,2026-08-17T12:08:28Z,
15c01d33-2589-4615-b469-7d42b8badadd,fcc12e5c-de8c-459f-af12-9df8cff9653d,1802.36,PEN,succeeded,polar,pol_854669ab60053697,2026-07-22T16:40:49Z,2026-07-22T16:41:49Z
8a279645-2744-4980-a83f-1d9050eeaccb,b5498917-407f-457b-a64e-36c2668ec013,1063.37,PEN,succeeded,polar,pol_e0789bb117592b66,2026-08-07T15:52:38Z,2026-08-07T15:55:38Z
f69a444a-dc0d-4356-b8b6-d54191127bd5,72a61efc-5457-43c3-b095-24d2fb86bf92,414.29,PEN,pending,polar,pol_df6ee8815a711fa0,2026-07-23T09:09:55Z,
d0b7700d-7127-4009-b361-1d02b564fa1f,78def3cf-08b9-4371-aafd-46e525b12182,905.08,PEN,succeeded,polar,pol_b1f33fce6bef157b,2026-08-28T15:08:51Z,2026-08-28T15:11:51Z
9e0570fd-58a7-47d2-a65a-9540d626e591,7c9d8806-e08d-40be-85f7-3a2a4c4b9a05,2976.03,PEN,succeeded,polar,pol_128f61033d0a716e,2026-08-05T12:44:49Z,2026-08-05T12:47:49Z
43d3144b-cec7-41ce-b5a7-fb833f94de7f,efb51929-9c7f-4867-88c1-46aea00881d2,8993.04,PEN,succeeded,polar,pol_fce016f59faa68ed,2026-08-20T12:58:41Z,2026-08-20T12:59:41Z
05a2e0cd-f463-412b-b3f0-e6ae757c55c7,0ef44802-95ef-4014-89a2-eb11b7662aad,8954.05,PEN,succeeded,polar,pol_227f3c430cc12960,2026-08-21T16:10:11Z,2026-08-21T16:14:11Z
4f22f523-d029-43ea-a942-8f4c73632a7d,dff151cd-cc73-4678-9a2d-3532c03caa35,7252.14,PEN,succeeded,polar,pol_da490ba5eaea2eae,2026-07-31T18:58:05Z,2026-07-31T18:59:05Z
d058b99d-60e8-45c2-8fb9-7005edbcb55a,e7426a35-db7b-4628-908c-fb61b61f3217,497.92,PEN,canceled,polar,pol_26a9f9f54b1e49c8,2026-09-09T09:21:50Z,
77cd8abb-223c-4ee9-9385-5ffbd76b3902,d4709186-84a2-46be-9f82-ce6a62c77b76,3124.9,PEN,pending,polar,pol_854798f5d9152ded,2026-08-06T18:23:20Z,
f2c2944b-a627-4d6e-904d-18774f0d4061,ae0bf8e6-c2eb-4a95-bd5c-51f63b2b7a13,8390.76,PEN,failed,polar,pol_a21a0c5d771fc573,2026-09-04T14:45:42Z,
3674e75b-a361-44f9-86ec-28f69ee147ef,fee098ad-91cd-48c4-9fcb-de428849a0b3,1138.55,PEN,failed,polar,pol_6f0391e174a3206d,2026-08-05T12:46:38Z,
b42f937a-ba05-4499-a19e-68ab264ddcd8,fc491e85-a80a-4c5b-8779-1f404d8c755b,1992.99,PEN,succeeded,polar,pol_acc75d25f15b3ef5,2026-08-12T11:25:01Z,2026-08-12T11:30:01Z
b0341433-f891-4e19-968f-afd1825fdd78,108f9b13-7d0f-4847-8034-ab7ab2f57b26,2005.41,PEN,failed,polar,pol_fb77be060ab5de7c,2026-09-27T15:03:35Z,
f541f78d-9e25-4069-a974-e23b2737b91f,bda25854-fe84-4657-ba1a-0187fe690db7,5211.56,PEN,succeeded,polar,pol_93f839257c53fd87,2026-09-13T08:35:01Z,2026-09-13T08:39:01Z
79164443-2333-46f3-9be6-b5b4030db7ce,60a9b449-df7f-4c05-a7d6-3f6ce28eb541,728.6,PEN,succeeded,polar,pol_6bbe934f34aeec8c,2026-08-02T15:38:22Z,2026-08-02T15:42:22Z
51badf59-405e-4d06-b489-dd3f7a096742,09d66913-771b-4a77-b945-811b15f86f56,245.78,PEN,succeeded,polar,pol_06713f5ddbc6a0d6,2026-07-31T14:28:44Z,2026-07-31T14:31:44Z
63f844a3-5769-496d-87eb-9794d916f4cb,c149f4a8-2b73-474c-946b-66bccc091dfd,2893.31,PEN,succeeded,polar,pol_a92c22b2765cb692,2026-08-24T12:20:31Z,2026-08-24T12:24:31Z
c3eaa4ac-1412-48fe-af11-1f63ff52d23a,3d32d5e8-7f44-4e35-9546-4d33f4f70b9d,3211.44,PEN,succeeded,polar,pol_1d397fd2c9f78c82,2026-08-26T10:32:34Z,2026-08-26T10:36:34Z
6a4e5dcb-6267-46f9-9410-e4489384d6d8,d0d830ed-d3da-4fde-8261-32de17da775e,856.03,PEN,succeeded,polar,pol_6073d16c4986ef0a,2026-08-25T17:25:53Z,2026-08-25T17:26:53Z
112fd886-52ce-4df3-8cfc-9825b88786cd,7dcc36b8-7794-4763-9fa7-c2204ad861eb,473.18,PEN,succeeded,polar,pol_406d3987fad21a56,2026-07-31T13:08:42Z,2026-07-31T13:11:42Z
036bd8d3-bfed-4a0e-884f-a3fe8a00d35e,476df787-00a1-43c2-b1b3-1d83b26c3474,757.68,PEN,succeeded,polar,pol_2b7679b29d965362,2026-08-01T08:21:12Z,2026-08-01T08:23:12Z
1d9f8626-af0f-4916-8aff-dd0396e1aef8,d4df3e28-c601-4fd8-9cb6-a1991debb8bd,1464.99,PEN,succeeded,polar,pol_e88432534fb70d20,2026-09-15T17:49:47Z,2026-09-15T17:50:47Z
ae0f99e8-ec98-4f2e-a818-9e402ec67105,8af07ef1-7bb8-4c29-9de2-a895720ee55d,2471.62,PEN,succeeded,polar,pol_d4487e2650fb8b92,2026-09-30T09:59:26Z,2026-09-30T09:59:26Z
3195105e-7c31-494e-824d-1da7e09b58ce,d6197fbe-1347-4889-972d-88d0a0c29749,74.59,PEN,succeeded,polar,pol_3be59cbe654a94ca,2026-07-27T17:22:20Z,2026-07-27T17:27:20Z
f9ed80ed-bb81-4424-b232-624e0b31cbec,20fd9f21-5a64-4861-b5c1-828a890859ca,3320.17,PEN,succeeded,polar,pol_14f7163a37c4acf5,2026-09-17T10:30:33Z,2026-09-17T10:31:33Z
d6b1cdaf-e73d-4010-803f-1dfc7cbf01c9,06c8f2f6-38d6-4250-961c-f4609a138a91,2501.38,PEN,succeeded,polar,pol_692439646f485145,2026-07-20T11:49:37Z,2026-07-20T11:53:37Z
98f5e32e-a09f-40b9-982d-a0c1ba82c3d4,892572c4-8f90-4409-bf39-d81633f1fa43,3919.83,PEN,pending,polar,pol_4e3c6597da05ba31,2026-09-03T12:33:23Z,
f1da8e64-5cf2-484b-a44a-2f9f5fc518cd,40b95873-0d82-4657-959d-d4df31513613,10342.73,PEN,succeeded,polar,pol_386eb65e492443d0,2026-09-11T11:42:03Z,2026-09-11T11:47:03Z
4208a06b-46cb-4597-83f1-4921697d43c8,6119069a-e7b0-49b0-b395-5f32d7a2684f,817.22,PEN,succeeded,polar,pol_b97d086ce5edfd9b,2026-08-29T08:57:47Z,2026-08-29T08:59:47Z
f84d1809-1d1d-448e-91b5-44a8e2721b2d,f177e78a-1d98-4940-8cc0-9ad926222e32,7561.25,PEN,succeeded,polar,pol_d3fc0f953a13411d,2026-09-23T18:45:27Z,2026-09-23T18:46:27Z
01c7a1d7-c081-4f7e-83ea-7ffc0e650b26,02ddec6f-b9ef-4189-86d5-8db57cce4abd,8669.36,PEN,succeeded,polar,pol_e6ef6f4bb4738e14,2026-08-11T17:45:40Z,2026-08-11T17:50:40Z
95121de3-8a65-414f-a1c9-8a1bae0ae77a,d265a2e4-2840-4f96-81b8-1b806552f020,1408.2,PEN,succeeded,polar,pol_babd131118ee2884,2026-09-13T14:38:20Z,2026-09-13T14:40:20Z
fa4d13fd-1e68-4c9a-bd58-0d030b3b8815,26af09d7-49e6-4948-be1f-598e7316db4d,4938.17,PEN,succeeded,polar,pol_2137b6c9b164964b,2026-08-15T06:38:28Z,2026-08-15T06:39:28Z
73522e73-ccd8-4d42-b75d-d90841db4c76,56c72c88-8c3c-4d6f-9da0-887bc63fab4c,510.24,PEN,succeeded,polar,pol_e1863e1265e50d2a,2026-09-07T14:39:02Z,2026-09-07T14:44:02Z
7f6ca7d8-08ea-4831-bff3-c1bb1e41c9e5,720cbf9f-a5f6-4d05-8471-88c8bdc3c0aa,5891.92,PEN,succeeded,polar,pol_8f68af8e5d98323f,2026-09-28T18:11:47Z,2026-09-28T18:12:47Z
998e2c0b-37a5-434e-806c-4314b4f18ace,cc932c01-d14c-4b27-b36a-b9a3219917bd,492.07,PEN,failed,polar,pol_004817b78fb8a06d,2026-08-18T13:48:27Z,
dfcdef68-c1f2-42b7-b20d-7e003ee297ca,988527a6-c99f-44f3-8fb3-62a6bb686e3f,2964.2,PEN,succeeded,polar,pol_a3367acec59e3562,2026-08-30T09:58:16Z,2026-08-30T09:59:16Z
e239bb1d-b8fa-44ad-a7d0-43185179e51c,68c11e2e-974a-4b3a-83e5-ca003f0635de,1040.87,PEN,succeeded,polar,pol_81dcfcac3c1d221b,2026-08-24T15:09:03Z,2026-08-24T15:13:03Z
0e0a0479-3800-405d-9c6f-fdcd7efeed17,278532d1-680f-4653-b9b7-9ed171cac9e9,577.4,PEN,succeeded,polar,pol_1436ea11a7e525af,2026-09-10T12:30:49Z,2026-09-10T12:32:49Z
59e1da52-4b66-4b22-9f56-36701a267dc5,6af6e358-1798-4175-a14a-a629e45d87b2,9392.02,PEN,succeeded,polar,pol_efa002a5fc6abd71,2026-07-26T08:21:21Z,2026-07-26T08:23:21Z
5b1d7b8d-8415-43d9-98f7-8c466ef8fa21,9d4a489f-48d9-4b06-88c6-630fbcbd6dcf,6925.23,PEN,succeeded,polar,pol_b493dc0d7503c659,2026-08-03T17:41:19Z,2026-08-03T17:42:19Z
44d1e281-14fe-4930-95d9-cd9da009e28e,b8f76dfc-c191-46aa-b7ce-5ebbd3f28550,3258.71,PEN,succeeded,polar,pol_dcc69e619b6448e0,2026-07-22T09:07:41Z,2026-07-22T09:08:41Z
6df36f33-4337-45a1-a4ad-5a6ea833dfd4,19d69d9e-22c5-4d3c-afa2-c8b3b45dfeff,1645.87,PEN,succeeded,polar,pol_e223daf35401a5ac,2026-07-24T12:52:30Z,2026-07-24T12:57:30Z
2b0762cd-8dc2-4cdf-93b2-4000a450c93c,86dd034b-6933-4480-84f4-022e176c87f9,2722.67,PEN,succeeded,polar,pol_0adef69deaf9455d,2026-08-26T13:26:44Z,2026-08-26T13:30:44Z
20eca029-1bfb-4507-8f0f-fab8ab7cff8f,bb12d265-fe89-4b1b-a2fb-7d73e8a72702,8047.92,PEN,succeeded,polar,pol_062dab5e16479e09,2026-08-17T11:35:57Z,2026-08-17T11:40:57Z
2271c4fa-66cd-438b-83fa-a2f02ebc15e4,7750f94f-1eaf-4625-b167-d55c488d5a4f,1121.74,PEN,succeeded,polar,pol_622b9ba3a06099fc,2026-08-15T06:13:40Z,2026-08-15T06:16:40Z
bed75045-4907-465f-8739-c350227c2d96,c9f3bf27-6dda-4035-9e55-556158eaa7ac,2535.96,PEN,failed,polar,pol_a3f12574f9473dd7,2026-09-19T13:04:04Z,
83e6a144-597a-4dc4-91ae-ee1b33d97746,1a29ec05-a6aa-418f-ab4a-617f38eea365,2689.17,PEN,succeeded,polar,pol_c70919f8f8dd3945,2026-09-09T09:13:58Z,2026-09-09T09:17:58Z
4748b737-97a8-4f09-9a61-b85220384bcf,b5562bc8-5797-42b3-92c7-e334ec0b2ba9,6643.71,PEN,succeeded,polar,pol_fd16bbdaa717f5a9,2026-09-18T15:57:05Z,2026-09-18T15:58:05Z
f1a88afc-bd11-49a4-be13-a70d0704d027,f605472c-ea0f-4579-93e0-3391f55caf22,4487.99,PEN,succeeded,polar,pol_5a9691625bdb21ae,2026-07-26T09:22:33Z,2026-07-26T09:27:33Z
80e1e3c4-a617-4bb3-8114-fe723cde5815,07f2684d-1aee-4186-8831-b9cbe7928ccc,2213.5,PEN,failed,polar,pol_40c7248476750dad,2026-09-05T07:15:27Z,
fb020526-38a2-4a0c-8fc3-133ed943ddb9,959b7a62-205e-4697-87bf-1200ad97adb1,6798.03,PEN,succeeded,polar,pol_b9b7d1c3cd7022d0,2026-09-03T12:48:25Z,2026-09-03T12:51:25Z
c15af2c9-c652-4a6d-862d-7a31be662917,f30415e5-e267-4356-9754-401afd8cf09f,830.15,PEN,canceled,polar,pol_951a2640e6b8a5e0,2026-08-04T15:51:25Z,
b1a7a824-5576-4daa-87ac-54f3472ec157,537beb5c-9508-4f42-bf38-f65708252cec,5671.13,PEN,succeeded,polar,pol_249ed5c5bb45cda2,2026-09-09T11:45:45Z,2026-09-09T11:48:45Z
85a7b593-75cd-4e40-8c85-ac25b96b8b42,00291e31-1549-45ad-b2ba-5a0e5f86269a,3151.86,PEN,pending,polar,pol_cf550a73c555911c,2026-09-01T13:55:01Z,
e57522b8-378e-4f4a-ad9a-d1aad985d1b2,3af5e673-1201-41cc-a502-e36c1f82c823,275.7,PEN,succeeded,polar,pol_a162baaae84b4a6e,2026-08-25T15:54:02Z,2026-08-25T15:55:02Z
09bc732a-ff18-42c1-9bf8-43d8f43f4c9e,ec73a4b8-688a-47b5-a072-2f31ac985ee1,13617.28,PEN,succeeded,polar,pol_b18b286b9816d230,2026-09-22T13:49:38Z,2026-09-22T13:51:38Z
eac33993-ebc3-4ecf-8b1d-42a4343846bf,cf30f846-d179-4df8-81ba-06867beec7db,2238.84,PEN,succeeded,polar,pol_fe065ee4b0ba743f,2026-09-20T10:25:13Z,2026-09-20T10:26:13Z
7151bb51-4ef9-4239-8cd9-31608a401164,7f789859-7660-47cc-9076-a897061aacd3,821.67,PEN,succeeded,polar,pol_430eeeb094a7a6bb,2026-08-14T10:49:23Z,2026-08-14T10:50:23Z
614e433e-e1e9-427b-b88f-4fd1013cd880,4da1e832-39e1-49eb-97ab-6e65b69947a4,2360.74,PEN,succeeded,polar,pol_4de0ce35cb809f05,2026-08-01T06:05:39Z,2026-08-01T06:06:39Z
71bddd64-ab49-47b7-a8af-d41fa882aa05,a11d5714-e95f-4d28-bf05-fd313898f277,2857.17,PEN,succeeded,polar,pol_b737cf5a287d429b,2026-09-04T10:34:30Z,2026-09-04T10:39:30Z
57f335f1-5fae-4065-9ccc-87c713f97761,022c2557-1159-4928-b5c3-13512e177c63,2723.97,PEN,succeeded,polar,pol_0ed699d259d5ecef,2026-09-28T13:24:46Z,2026-09-28T13:26:46Z
3a6476a9-2b64-4054-91df-1d31c6ca0541,2a526958-c2a5-4ca0-8533-9217a125ce7c,1719.76,PEN,succeeded,polar,pol_20f354493e873b61,2026-08-28T18:50:11Z,2026-08-28T18:51:11Z
1b4ab845-7de7-47e9-abf1-8b01abfa943d,acf5c181-0f35-4125-a09e-85fa6f5055fb,3307.94,PEN,pending,polar,pol_f65ae8202f8aa3af,2026-07-26T14:44:31Z,
d5ec8a3c-2136-4e22-b487-9f769c242aeb,64832c46-0a6a-4015-a938-467159025f62,2398.25,PEN,succeeded,polar,pol_ee83083032c03df6,2026-08-26T17:16:55Z,2026-08-26T17:20:55Z
6dd7b48b-b10f-4595-8239-537f4e9f04f3,11941259-408c-4aa8-88d6-d32365763c4f,1847.26,PEN,succeeded,polar,pol_086d3a8e27c7ce17,2026-08-08T10:13:33Z,2026-08-08T10:15:33Z
fcbda0e2-6d2f-4595-822c-598a54ac0d08,52e36dbf-f4a6-4b1b-a794-8cca6ed2a785,5497.5,PEN,succeeded,polar,pol_351ab8ecae7127c0,2026-08-24T12:50:02Z,2026-08-24T12:52:02Z
946c1878-9836-4297-a020-16adbe421f9b,95b8d41b-face-4f05-8548-18ef822b4d06,575.72,PEN,pending,polar,pol_907268c3988397d2,2026-07-20T17:14:18Z,
172d5408-4582-4366-91b3-954b14ac4bca,8bd52f96-5408-4735-a079-15acd73ba915,8179.08,PEN,pending,polar,pol_f8f6ff72f418f214,2026-09-09T14:14:27Z,
b995d27d-7dd6-42ae-9eeb-35822b4b03b3,d0a5b7c3-f30b-43a4-8038-33043e1ba9fa,2233.49,PEN,succeeded,polar,pol_780752db35cc0fd2,2026-08-27T17:53:40Z,2026-08-27T17:54:40Z
510faf39-e9f9-4b47-9dea-48f0c16e5c92,976fd85d-5542-43cd-87be-4f95a06751e7,713.56,PEN,succeeded,polar,pol_b03e7070633da2b3,2026-09-06T14:46:50Z,2026-09-06T14:47:50Z
6222b8cc-b1cd-42fb-a7d9-344b3fdf2b6a,0ed9b954-01ad-4f2a-a3ed-81185976cc8a,2773.12,PEN,succeeded,polar,pol_4cfea35cbb00fbb2,2026-08-14T16:05:54Z,2026-08-14T16:07:54Z
6987cd8b-6b25-4889-af25-37076a729ca6,c533b1fd-b272-4611-81ec-ba0eaaef82df,4820.93,PEN,succeeded,polar,pol_d7d9e0ff04595335,2026-07-21T18:58:46Z,2026-07-21T18:59:46Z
bfd946ed-d9ac-41cd-9833-7cbc2a5712d5,d5458488-caeb-44e7-9800-0afb236665c2,4580.69,PEN,succeeded,polar,pol_4c3a9e7bdaafae97,2026-08-04T18:18:36Z,2026-08-04T18:22:36Z
6bc00964-cafc-49ac-9d88-495c012f510a,8bc91021-604d-4ad7-b9d5-38856a2ea331,1295.57,PEN,succeeded,polar,pol_588fff6f913ac936,2026-09-21T15:15:37Z,2026-09-21T15:17:37Z
04637043-7a3f-4d58-8da4-125a0b0a2c66,47f69627-329a-4fcf-9e0d-c6dc57af1737,2006.95,PEN,succeeded,polar,pol_c2fc9399a400f54a,2026-09-22T13:04:05Z,2026-09-22T13:09:05Z
52cecb07-1f18-43be-b85e-bd295fd74c0f,32c883a4-25c4-4779-8c42-008a5539801c,7230.31,PEN,succeeded,polar,pol_d52e56d5a24e52f5,2026-08-18T11:17:10Z,2026-08-18T11:22:10Z
40ef98bc-5813-4023-ad7a-4bbcb185645e,f057c6dc-cc6f-4eac-9683-65fbc955ad91,1788.26,PEN,succeeded,polar,pol_33d340043ae3d883,2026-08-14T15:23:26Z,2026-08-14T15:28:26Z
70fa506d-6d7b-48f1-85f3-c7e347e065a6,21f888ba-4a59-4ca4-be25-8e2ed004a808,3224.79,PEN,succeeded,polar,pol_1571daa4aa0a9cdc,2026-07-29T13:41:32Z,2026-07-29T13:46:32Z
c0cf3913-b806-4f80-8b91-3250b810b1e9,709181d7-9ac3-4cd6-8766-ec635e1c4498,2456.12,PEN,succeeded,polar,pol_95f3ce2b5d941e6d,2026-08-10T17:01:59Z,2026-08-10T17:05:59Z
0fc39668-9171-4222-8896-5c61b7342c43,4ac2637f-678a-44a6-b355-90625e5f70b0,354.48,PEN,succeeded,polar,pol_cf7632d3bcb20285,2026-08-07T12:43:43Z,2026-08-07T12:44:43Z
f1af1585-98d8-465f-88e8-1f7ede3a0c68,fc170fca-b46b-4503-99c5-d770fcf499a4,4582.4,PEN,succeeded,polar,pol_f539017f706cd933,2026-09-25T16:55:11Z,2026-09-25T16:56:11Z
baf50e9e-f295-476b-94e8-ece0aab136a1,116bb9e1-ab1a-46e1-bf6b-456342b7e8d3,1989.72,PEN,succeeded,polar,pol_a111fbaf070ddee5,2026-08-10T11:42:19Z,2026-08-10T11:47:19Z
26f4ce67-79d9-48f7-9754-1ffc8b22bbb3,319f2e3c-d79d-4a16-8769-b66d4149bee4,883.98,PEN,pending,polar,pol_fbf88e8948f8219f,2026-08-28T18:53:06Z,
d1187988-c9f3-46a5-9361-87424b4e0321,6893ff5f-8361-4745-aa16-a83eb9d867df,393.04,PEN,succeeded,polar,pol_1955575b3fb612f5,2026-08-26T10:49:46Z,2026-08-26T10:54:46Z
b1b1d87a-b8a4-44cc-9326-a533a54f0e70,82a0c46f-07f0-462b-862e-db0577ae8c1c,4927.7,PEN,succeeded,polar,pol_0e5f60e61e4d8f71,2026-07-29T18:55:29Z,2026-07-29T18:58:29Z
83973273-94da-43ec-ae95-f3d27fafce26,0e2cdf3c-d21b-46e8-b493-54a654c22ca1,1897,PEN,failed,polar,pol_d9ed89ab68365d65,2026-09-04T12:38:59Z,
3d178b39-186e-4789-abf2-942d4ad4f57d,084a522f-867a-4e2a-b262-5dfd9a3445c4,303.43,PEN,succeeded,polar,pol_bc4b04e85eb387b7,2026-08-25T11:31:05Z,2026-08-25T11:32:05Z
4d28bf00-871e-4d18-a74f-cf2f98d64ca6,064ab700-3884-4fe0-8b09-e15e81faba20,220.07,PEN,succeeded,polar,pol_b1f4235653dd1dc1,2026-08-29T11:24:54Z,2026-08-29T11:29:54Z
77277545-b486-4202-9908-2a435f128998,c571d3bc-a5b1-43c2-a71a-30fb7d1eeb39,3778.48,PEN,succeeded,polar,pol_de365ff544c13f93,2026-08-29T07:44:32Z,2026-08-29T07:46:32Z
900ff294-7e7c-4bcd-98fc-0905ba576617,6b6b0dcd-143a-4a16-94eb-204ae378a162,275.7,PEN,succeeded,polar,pol_9f49abebde6f7e6e,2026-08-15T15:20:45Z,2026-08-15T15:25:45Z
e43bcb88-2af1-49e6-96c6-ed4759a2ee53,18e7bf17-e8b1-45d1-b825-a9ccb2d6b01f,4735.32,PEN,pending,polar,pol_8953b4a2f00eafbe,2026-09-16T16:49:24Z,
b8713b5c-6b51-40ff-b3d7-f9bf1115f423,914d3a12-bb09-4103-ad64-39f622d5b728,1371.2,PEN,succeeded,polar,pol_6d6e929b9f088a20,2026-09-29T11:47:26Z,2026-09-29T11:52:26Z
10031e53-311f-4f45-aa9c-417dbeaf97d3,1807c48d-3286-49b2-af23-312f656eab38,3110.42,PEN,succeeded,polar,pol_a3588ec188294a7c,2026-08-10T15:31:53Z,2026-08-10T15:34:53Z
80847c0b-6e2a-4e64-ba3a-dc35e4893ef5,bb15702b-3f0b-4c92-bdb7-973de634488d,1927.31,PEN,succeeded,polar,pol_a23c030d025c5098,2026-08-24T12:54:04Z,2026-08-24T12:59:04Z
aee39535-abc7-4817-84d3-ceec6781f5a3,9913c5b4-efb8-4dbb-8404-a07a1871d1d3,57.35,PEN,succeeded,polar,pol_a299523df8c589d4,2026-09-05T13:53:50Z,2026-09-05T13:55:50Z
a4bfc2f7-28dc-4043-946b-2412f593f7d0,259a12ca-72db-4393-986f-3386d2930ffe,7062.53,PEN,succeeded,polar,pol_28f973b48388c279,2026-09-23T10:13:17Z,2026-09-23T10:18:17Z
86fdb2bc-5faa-4496-b691-e1a46d4a875f,9fbb9e6f-4dc6-415d-adb9-5a97b5a28681,1372.86,PEN,pending,polar,pol_72e17a1fed9a3203,2026-09-10T18:51:10Z,
5d13e8da-462a-4fc5-9f74-ca1a81ba74be,8bf707a6-3504-4b16-bd86-9b8943db2cfc,3218.32,PEN,failed,polar,pol_54210d3dd222e185,2026-09-24T12:54:03Z,
8df22b8b-94d8-41a8-aff9-96a17e16a474,6f226ca8-0d9e-4b84-a258-81f6c63c623c,3115.95,PEN,succeeded,polar,pol_eec38d8282144dcc,2026-07-24T15:43:07Z,2026-07-24T15:48:07Z
efebefbd-1235-48c1-a7bd-dcd5ce3b4a6c,e45a2321-af01-4655-a33a-fd74290d6aed,1503.34,PEN,succeeded,polar,pol_43cb40cd53f39c4c,2026-08-01T14:06:03Z,2026-08-01T14:09:03Z
24e774d6-732a-4c45-8abc-b4b612382b13,0b02c982-9e29-429a-8e7e-fbb3f87f6fd9,6136.9,PEN,succeeded,polar,pol_dd1af67b0e977935,2026-07-30T17:47:21Z,2026-07-30T17:48:21Z
83045c38-556a-4e32-a8fc-bb5689cd1b64,b337cfbc-fccc-4e35-847c-0c5d6e0a470f,3156.3,PEN,pending,polar,pol_18a57f2975b82763,2026-09-01T12:46:36Z,
8b3482e0-3d08-47ae-9e4f-fe0c56ee46d9,26b6648a-f3bf-40ee-9b51-c08b4ded7cc5,975.18,PEN,succeeded,polar,pol_fdafc963271c04df,2026-08-11T14:13:50Z,2026-08-11T14:18:50Z
f626d8b9-6e07-4fdb-9bdf-133debfc74ea,7120732b-cfb5-4e18-abbe-7b173b463f0a,1937.35,PEN,succeeded,polar,pol_622ba0b4c2bf0286,2026-08-21T14:09:08Z,2026-08-21T14:11:08Z
d52ebb91-ea98-40d7-9d17-31af5c233482,f2c759e8-4c5a-4356-8ba9-1c2500cffa5f,918.72,PEN,succeeded,polar,pol_81c3651ffaa373f6,2026-07-22T13:10:47Z,2026-07-22T13:14:47Z
a9bccc42-53b1-45f6-9796-ff115574e693,988b3197-a515-428d-92b5-ae7e21a9ccb9,304.03,PEN,succeeded,polar,pol_c6e6239718fbc84b,2026-08-14T11:29:46Z,2026-08-14T11:30:46Z
45cbdb79-b15e-4048-8619-2348deae0816,b3174916-bb0a-47e1-9795-a00b89d02164,723.45,PEN,succeeded,polar,pol_96dec298cef6557d,2026-07-31T11:25:33Z,2026-07-31T11:28:33Z
33dd3611-c4bf-4915-92ed-1b530917341d,2db040fa-a815-49f2-a280-fd29c564a454,360.02,PEN,succeeded,polar,pol_787a791b381feea9,2026-09-21T12:43:39Z,2026-09-21T12:44:39Z
793b8d8c-be62-4e8b-b155-3b3c525e09f4,91b78c70-b3ca-4638-ba97-40999bf50898,1835.76,PEN,succeeded,polar,pol_07410b265cb1c9ff,2026-08-20T11:19:58Z,2026-08-20T11:20:58Z
3f2fece5-32db-4b8e-911f-1d33582be034,39b19b32-5c91-49ee-9c45-d5d5f73bc7b2,1733.5,PEN,succeeded,polar,pol_b94eab48631298a2,2026-09-21T18:05:20Z,2026-09-21T18:07:20Z
43c831ce-f980-41a8-9471-1d78e11608da,4d7a19f7-bee1-4b7c-b3c9-798f9488b388,274.64,PEN,succeeded,polar,pol_7d51b04c7e175394,2026-08-21T16:36:47Z,2026-08-21T16:40:47Z
41928eda-c8a2-47fa-8f52-2fb3dd0eb315,f785eee2-7696-497c-9e34-ac840d40db66,1559,PEN,succeeded,polar,pol_5c9901f883fd8f14,2026-09-08T18:30:16Z,2026-09-08T18:33:16Z
e4ddef8c-125f-47dc-9d80-89e806b2cadd,e946693c-675a-4584-a9b1-dd258e44a5f3,8746.49,PEN,succeeded,polar,pol_1593de4fa88a69a4,2026-09-08T10:10:50Z,2026-09-08T10:11:50Z
b92166c3-fa88-455d-869c-17698f5d3971,d7c854de-26d9-4b9a-8f6c-0c5840dc841c,1341.89,PEN,succeeded,polar,pol_364cb1210dc24b7b,2026-09-08T11:23:47Z,2026-09-08T11:25:47Z
eb3f374e-ae73-4750-9762-5cd594fce609,e90e0db9-1cb6-4f6a-a2eb-888253219216,264.24,PEN,succeeded,polar,pol_54c58a8c86819aca,2026-08-11T14:38:45Z,2026-08-11T14:43:45Z
9022a7e4-55fe-43c4-8b46-01b0a09204b7,e7d4966d-8780-4cee-8503-a7def7ab8afd,2317.7,PEN,succeeded,polar,pol_5eead3d2229363c9,2026-09-22T15:48:14Z,2026-09-22T15:50:14Z
99b521ca-06e3-4b43-8437-a544672fee45,65a9293e-8caf-4baf-9cf3-4916158a6b14,1767.46,PEN,succeeded,polar,pol_d9e3b55ad09aed94,2026-09-02T16:52:51Z,2026-09-02T16:53:51Z
cd648bb5-bbb8-4540-ad94-a2c94992a5ac,e77ff6cc-be4f-43f6-b52e-410f3cb83ea6,5754.68,PEN,succeeded,polar,pol_03c5bce5ec5cb7a9,2026-09-24T17:51:55Z,2026-09-24T17:54:55Z
b8240161-247f-4c80-b97b-deed9c7e53b9,24fd5959-e03d-4563-bda0-c1f0ca38287c,4277.33,PEN,succeeded,polar,pol_d9d590408b36864f,2026-09-25T09:48:17Z,2026-09-25T09:51:17Z
09d936d5-54f6-4257-86b6-b9b4dd82844b,d3f8b4ef-a335-45a2-91cb-be4c1f44436b,2492.84,PEN,pending,polar,pol_e4bcf1a312e59676,2026-09-15T14:51:59Z,
1f3d6351-dfc0-4706-8021-0b6d2dba9706,ad6c16bc-819d-4aaa-af34-bf245e227152,3518.72,PEN,succeeded,polar,pol_38e6aa35e2ada60c,2026-09-10T09:52:48Z,2026-09-10T09:53:48Z
e706a1f3-82c6-4890-9112-1e731c6c3c4e,41a286d7-2623-4052-a543-c824cea20d8c,352.32,PEN,succeeded,polar,pol_bad2cd33493de2e0,2026-08-23T07:35:01Z,2026-08-23T07:39:01Z
6dd9406b-1539-454f-9027-a37982fe1a93,7b339e0e-48ae-4069-9bc1-c78bd72d5f68,1937.61,PEN,succeeded,polar,pol_486fa4e75c56452c,2026-08-30T12:38:28Z,2026-08-30T12:43:28Z
9b89227a-aab0-4638-8fee-f7dae210c23a,f67b373c-c928-49e0-a058-f38204d2bd0d,704.1,PEN,pending,polar,pol_35512a84f97f9318,2026-09-02T16:11:12Z,
7fc5145b-53b7-4f75-8e65-b832bfa4caba,997bf0f4-903f-4214-a331-e1ac545bbab4,202.9,PEN,succeeded,polar,pol_a91d2e7aea0b883d,2026-09-03T16:49:01Z,2026-09-03T16:51:01Z
a532127a-3fcc-4c3f-858b-36593977611a,6684cc23-c2ee-485c-842b-16ff3afb2299,2625.18,PEN,succeeded,polar,pol_a1fa4dbbb139d7fc,2026-07-31T12:06:01Z,2026-07-31T12:09:01Z
711e4f7e-b9f4-4aec-900c-f7674f25b413,fc025b1e-da02-4e24-ac18-18d9e5a01e45,2412.15,PEN,succeeded,polar,pol_4ed1beb310a1f502,2026-08-07T16:41:31Z,2026-08-07T16:45:31Z
7773320d-8cf1-4f42-96c6-6f27365e3047,bd97f6f9-3a64-4457-a24f-0744472d5e67,2202.2,PEN,pending,polar,pol_e335bf68a1aa23a3,2026-07-26T15:58:08Z,
de4b79ee-e756-4b6f-87d7-59233113d19f,a5f26752-2538-45f4-833e-0f2b919e4c82,1326.93,PEN,canceled,polar,pol_9ee054a548405870,2026-09-13T12:55:36Z,
f6b23fa1-c60f-4ddb-9e60-8db1908f2273,45a6d788-f2f7-4726-986f-460fc8fe0824,1487.38,PEN,succeeded,polar,pol_7a343a20b81973cf,2026-09-17T10:11:18Z,2026-09-17T10:12:18Z
7e773bc9-452a-4624-957e-2f5127bb62e9,dc81b0f5-3988-4456-a421-461d4426318e,2923.12,PEN,succeeded,polar,pol_6dda370bc54468bc,2026-09-30T14:59:12Z,2026-09-30T14:59:12Z
00dc15d0-e480-4227-a7fe-9d4049a508a6,bcd311bc-27bc-42ff-a86f-2d7519ca1faf,3079.5,PEN,succeeded,polar,pol_375f6284ea89a353,2026-09-18T10:45:54Z,2026-09-18T10:48:54Z
32d2a76b-3d89-4ed6-83cf-28ff30656b5c,7fde87a2-bf20-43c1-a578-f65661c74572,3888.69,PEN,succeeded,polar,pol_55f539ed5de5c871,2026-08-05T09:22:58Z,2026-08-05T09:25:58Z
6e8952e6-e261-44d5-a4d4-624cdbbe2c49,561df9b8-f08c-4230-b3a0-29c82f3ffd99,2232.23,PEN,succeeded,polar,pol_091ca51fa36221d5,2026-09-12T07:38:12Z,2026-09-12T07:43:12Z
c486ed0b-684a-43f9-a962-924853369fdb,6f8fdc6e-0b1d-4ade-b007-cf63595f281c,5362.15,PEN,succeeded,polar,pol_70ef5bb52a167abc,2026-08-09T09:30:23Z,2026-08-09T09:33:23Z
a0b65528-112b-4341-9b80-07026f819f7a,bdde23c3-0d98-42f9-8b77-8a1bebace4be,2271.71,PEN,succeeded,polar,pol_a4594fdaf272db94,2026-09-15T10:55:14Z,2026-09-15T10:57:14Z
a5f16959-bf65-440f-9ca8-95e79dd368c5,68e54dc8-2430-4785-803d-6ea17922f807,5257.95,PEN,succeeded,polar,pol_f5a926b07c048b6c,2026-07-27T18:54:43Z,2026-07-27T18:57:43Z
0943c401-d938-4ae2-bff8-958f6bcdd7e2,4366ff78-0ae5-409d-8590-f9e218c44799,1024.39,PEN,pending,polar,pol_e31330db0ae3ba7d,2026-09-26T08:33:27Z,
021359d2-bf12-4778-96f1-c36980adcc04,88165217-3865-4274-bae5-c6e9dd0752d4,730.24,PEN,succeeded,polar,pol_3d34196721268886,2026-09-22T13:18:26Z,2026-09-22T13:21:26Z
992747ba-df3a-4478-87f0-759dac2489fe,69654581-e112-41bf-9b5b-189af06dd3dd,4359.58,PEN,succeeded,polar,pol_a269743dcad33ab2,2026-07-23T18:47:37Z,2026-07-23T18:51:37Z
2a15c339-0eb7-4ec4-b601-c87613a6d7f5,7b5309ba-a0c7-447b-a49d-6b8e28fac563,6666.57,PEN,succeeded,polar,pol_77e727cd28ed1ba5,2026-09-15T12:30:45Z,2026-09-15T12:35:45Z
b73dfabe-eef6-47b5-a9a4-9b9030b17af5,2089f00c-937b-47a4-b06f-dcba44cb1487,546,PEN,succeeded,polar,pol_eb7fcb34a5021449,2026-09-07T15:21:10Z,2026-09-07T15:26:10Z
6acf4b7c-56b5-4d3c-82c2-21fdbef6dac5,9aea329c-6ab6-4014-a3d9-80b7c7122fc1,6134.9,PEN,succeeded,polar,pol_8bc42afe35f42f5c,2026-09-12T12:37:11Z,2026-09-12T12:40:11Z
f0ba6df1-74a0-484e-b809-0d5eb716a7fb,ff77ec07-d4ba-4502-8eb4-805829f82411,2570.95,PEN,succeeded,polar,pol_eae2dd37370ef830,2026-08-03T17:57:02Z,2026-08-03T17:59:02Z
26cca942-52f3-4675-a7c0-931e52cb56ae,ded6ceea-0db1-4b06-bb56-116927196332,590.81,PEN,succeeded,polar,pol_28c562d4c72779a2,2026-09-04T16:42:14Z,2026-09-04T16:45:14Z
15529bdb-a981-4996-b369-7d383043236b,2330c9ea-f183-4012-bd81-2c0dc447f9c1,527.13,PEN,succeeded,polar,pol_be6e650c48a35549,2026-08-08T12:05:04Z,2026-08-08T12:10:04Z
0e990e71-bba8-4ad4-aa8b-8c16d723ccb8,2004efc6-612c-4bb1-a25f-f2cc69b788a8,1722.98,PEN,succeeded,polar,pol_a250968f6fde66c9,2026-09-12T08:15:48Z,2026-09-12T08:18:48Z
435c15a6-02b6-4549-83ef-bc80b7bc6eb0,d5dabd1c-6812-4544-9ff8-61ee2486e9c2,3905.31,PEN,succeeded,polar,pol_44225d78caf08a05,2026-09-21T18:49:21Z,2026-09-21T18:51:21Z
67cd7214-3f7a-43b7-993a-552420c4cd18,494e1f82-866b-43de-9fc7-9bae695952ef,2698.4,PEN,succeeded,polar,pol_9c306373f8724364,2026-07-18T10:53:16Z,2026-07-18T10:54:16Z
6749c8b8-4100-4c85-9bdb-181366f18dcf,d3889c12-36fa-4c7d-9696-1c9cba4de0b8,1340.12,PEN,failed,polar,pol_760c520cf2a1c30d,2026-09-10T15:40:05Z,
3d80623f-c143-418e-8149-19d2349ccc17,f14d865f-c7eb-42cd-9b2b-fa9f9b524a8a,227.25,PEN,succeeded,polar,pol_9be0f158f0daa85c,2026-08-15T14:17:07Z,2026-08-15T14:20:07Z
25f38e62-dc2c-4358-b69a-f9edae2d3c7d,c107c46d-f73c-4f65-a413-a1dbfe9d8d76,2365.88,PEN,succeeded,polar,pol_7dc7d0e994ec4014,2026-09-07T17:15:08Z,2026-09-07T17:18:08Z
814a0616-9605-4806-b01f-fb624ff4f549,1ed3c227-5923-4010-bf3e-df49388cc257,2210.15,PEN,succeeded,polar,pol_34381df911207f3e,2026-09-11T09:49:40Z,2026-09-11T09:54:40Z
ccba178e-5208-4f10-886e-d111b0fee2a5,e5db4d09-47c1-46e1-bba6-906bd3c55ca0,1743.4,PEN,succeeded,polar,pol_f1d247d99aecadad,2026-09-09T11:07:59Z,2026-09-09T11:09:59Z
7d38ae2e-8f77-41d2-9f23-a640f0e6c7e7,e9c104cb-3ac5-4630-b6b0-6b4cfe96b8f1,459.69,PEN,succeeded,polar,pol_90796c3291f0135b,2026-07-20T18:40:45Z,2026-07-20T18:43:45Z
6c09c37c-a758-4b3e-a6c1-138bd9b64009,aa45edac-1020-4d0a-8d37-ee2142b8c3b9,1033.66,PEN,failed,polar,pol_a152e68996c07aac,2026-08-10T16:23:15Z,
a5a6686f-de46-42ae-81ce-b6d6445ee11b,2d8eef01-b79e-48c9-8bf4-5da8c678257f,1071.48,PEN,succeeded,polar,pol_1123df3a7efd4007,2026-08-10T12:22:15Z,2026-08-10T12:25:15Z
3b639419-6f45-4890-a839-734ea7de0a5d,c8114fb4-a26e-4fb6-b2b9-f061d5fb225a,330.64,PEN,succeeded,polar,pol_d8fd07a0aa7d90a5,2026-08-22T08:18:13Z,2026-08-22T08:21:13Z
8589c463-acb3-403b-8908-9fc8d597c93d,d1e03ebf-82d4-4fdd-a791-0da678979a63,1825.53,PEN,failed,polar,pol_b5504f009e9039fe,2026-08-10T16:12:37Z,
af699317-b1ac-47bc-a100-b7e2a1e64a72,7f933cef-788a-4fa3-a9b3-87d988e531dd,1274.17,PEN,succeeded,polar,pol_9676855cf56b757a,2026-09-23T17:05:36Z,2026-09-23T17:09:36Z
603abf93-b887-4a9c-8b35-fffe11634369,0800b83a-d9e3-4140-85f6-a39501d67853,547.06,PEN,failed,polar,pol_9687c81c42a0c1c4,2026-08-31T09:37:28Z,
2a9a25c7-66c9-4050-9dc7-ce6159100db4,6696b363-aca9-4b37-aefd-63e57f4a84f7,3254.44,PEN,succeeded,polar,pol_7f95d7c887d01252,2026-08-14T12:24:49Z,2026-08-14T12:26:49Z
b58be6cf-56bc-4df8-ae90-1f45405c9ee6,4479af4f-98cf-4a9a-9100-1074c0cb3977,6102.54,PEN,failed,polar,pol_d5e1d1629b8dab07,2026-07-29T15:43:48Z,
09057262-0c4d-4ccf-8eff-f4f31d93cba8,c7f5a0f8-81d6-471c-8047-0a0a65873095,1362.61,PEN,canceled,polar,pol_b5a024c7a6f5e145,2026-08-18T15:38:24Z,
53dbed67-10ad-48a0-85ec-fcecb626373e,c4e33a1b-fa4a-43d2-96e5-c52329523d56,3388.66,PEN,succeeded,polar,pol_02a5c836e068c4e2,2026-07-27T12:51:58Z,2026-07-27T12:54:58Z
85aa0c4c-5f1c-47a9-b2de-45bac9152690,cfef224a-86c0-4bf6-9780-bb981bfd731e,720.42,PEN,pending,polar,pol_16f77d6b35f7786b,2026-08-03T18:00:03Z,
d96aba60-7afa-41ca-bfd9-6be694f15238,c6c96329-55e1-4381-a602-9a6f8304caf8,6998.2,PEN,failed,polar,pol_817bc20fc69fa82e,2026-08-27T13:22:06Z,
71ad2209-6f85-4199-b045-39d3d5e09e84,b4047f36-d9b5-4010-8a95-6a666cedae4a,5389.21,PEN,pending,polar,pol_6bb6aa786d325325,2026-09-18T12:27:35Z,
f71d922f-140a-416e-a9c5-34a61747a818,6c7b50f0-aacc-40b5-8ebc-e8ab6fa69f72,5084.58,PEN,succeeded,polar,pol_33305ea2b9b078d6,2026-09-14T13:01:00Z,2026-09-14T13:04:00Z
42763ea9-2763-4f05-a43f-23e293823380,b5592a8b-9cf8-48a0-930e-aba756b7c02a,582.72,PEN,succeeded,polar,pol_9d6920e8a61bfeb9,2026-08-12T13:14:25Z,2026-08-12T13:18:25Z
fd534e5b-009a-4469-8900-8c59be7a0b6e,bdba6436-6687-44e5-9076-d2b1d464c2b7,2380.56,PEN,succeeded,polar,pol_9decba5bc5ebeb02,2026-09-30T17:45:25Z,2026-09-30T17:48:25Z
b2cce3d3-0221-4a66-a57c-3ae62e000484,3c63fa17-90d6-4988-bc2c-889afba65226,2581.56,PEN,succeeded,polar,pol_a79e761689b0cb9a,2026-09-20T15:09:11Z,2026-09-20T15:10:11Z
5015b49b-d650-441d-8de3-768d73b08481,ad2558e8-25c2-49cc-a90c-7831ef1aef0b,184.74,PEN,pending,polar,pol_2d102bb946ed47a4,2026-07-29T17:59:45Z,
b3512ca2-235e-4860-ac1d-67a5a8491370,458f2227-0778-4d2a-99ae-f4d5a43aeeaf,2123.73,PEN,succeeded,polar,pol_57899c8bb90bcf9c,2026-09-09T10:44:33Z,2026-09-09T10:49:33Z
e434361d-6870-4166-b26b-6bab90e66ffa,eda9531b-edc1-46b5-a0bb-3d224343c3fc,10314.96,PEN,succeeded,polar,pol_d22537db2dcb4b10,2026-09-08T17:20:24Z,2026-09-08T17:25:24Z
98abfbb5-b9c1-4837-8551-495825056509,950b13e1-bd26-47ff-99d8-8459c32a389c,2350.32,PEN,succeeded,polar,pol_67b4f33f5306484e,2026-08-07T15:00:26Z,2026-08-07T15:04:26Z
3306d73b-130a-4f20-bc03-52c0fcd1c5ce,a05ce6b9-ded9-460f-8748-6da71b292761,513.44,PEN,canceled,polar,pol_59d530684e2a2c1a,2026-08-15T06:12:05Z,
2aafb7c2-dcb3-49de-9fc5-1e80134b12d5,816778b4-5538-4f6c-812c-296ee5e5c856,160.66,PEN,pending,polar,pol_eb1a3c6fe3c37f7c,2026-09-28T17:47:30Z,
1a370cd5-42f1-483d-bb79-45dcedfa0866,478e9be6-491e-4abe-abfa-df7d90401a2a,3881.48,PEN,succeeded,polar,pol_b4250e75da682294,2026-08-22T07:14:04Z,2026-08-22T07:16:04Z
547cc99c-6df3-4a86-8a16-e747048373df,2205941a-7e6c-4356-b0c0-e3b2fbf4498d,5556.4,PEN,canceled,polar,pol_825364e5959bfe87,2026-07-21T18:06:01Z,
ab1a202c-52d1-49df-b23b-abcdbb9d615b,b3d7f854-21ab-48fd-8214-27f7cbcb1a0c,104.7,PEN,succeeded,polar,pol_298b09694071d10a,2026-08-19T16:53:53Z,2026-08-19T16:58:53Z
68081be7-ce19-41fe-9876-a95645e97152,3df76cf2-ef25-4421-937d-d637b6093d64,584.76,PEN,succeeded,polar,pol_af0c3e6d322a7461,2026-09-22T16:47:37Z,2026-09-22T16:49:37Z
31d9ec89-d5c0-4f47-ac4e-ed663e4b82ac,14ffe444-340d-4500-82a7-a9ab0ac3cd59,120.51,PEN,succeeded,polar,pol_f274a9172e6d5617,2026-07-31T16:12:17Z,2026-07-31T16:13:17Z
234b191c-880b-4021-908c-c86fc5f19e8d,e8cab96c-0b05-4ed8-a584-3ec062d292b2,694.65,PEN,succeeded,polar,pol_ef208a157d943727,2026-08-20T15:35:23Z,2026-08-20T15:39:23Z
5dfceb93-f83e-4612-b885-53e7850051c6,9196c1eb-a9df-4027-9dea-5cccec2a0ecc,1183.83,PEN,succeeded,polar,pol_5b24f0caeede3bab,2026-07-30T18:08:01Z,2026-07-30T18:11:01Z
a2e17d4a-5344-4cea-a7a7-6f7ae88d6dd8,9f2f3765-18ac-4f65-8c8d-f8799f1bfad9,2331.11,PEN,pending,polar,pol_594476a1da9e46a7,2026-08-27T12:52:31Z,
a20f0661-b35e-4ce6-af09-17c457f64dc4,0e875234-b3c6-4375-81f1-8717d247502f,9899.7,PEN,failed,polar,pol_679cc52b59529f09,2026-07-25T13:59:37Z,
68311e37-a212-4ab1-9e92-d60b98aacff3,00d42eab-494f-48c2-840d-29b10a86edfb,168.51,PEN,succeeded,polar,pol_8415cd65f62e4f30,2026-09-25T16:53:00Z,2026-09-25T16:54:00Z
9b22ece8-5bbe-46ac-a8cd-327ce23daa06,5a3274fb-32eb-47db-95e5-77a6e1e63d9f,1359.72,PEN,succeeded,polar,pol_5ef8ececbb95d663,2026-08-22T08:36:48Z,2026-08-22T08:41:48Z
9d85aa41-5cff-4274-b4d7-ba4dbb21a5ef,dea19afc-1eb8-4813-9532-2852f41763dc,19.28,PEN,succeeded,polar,pol_daaf0befb74682d4,2026-07-27T09:54:33Z,2026-07-27T09:59:33Z
f2fe5c89-f269-4e3c-923a-87ce32d78ff0,e670fba0-cc2f-4f5a-8daa-cb64b11a0b78,1893.7,PEN,succeeded,polar,pol_1b07a1308b413d00,2026-09-23T10:00:49Z,2026-09-23T10:03:49Z
d70e8b2d-0ec2-4775-bb7e-99c777026c29,d3443607-fc64-4d89-85ef-9998bdc104ae,1441.66,PEN,succeeded,polar,pol_09b7f413f0d24118,2026-09-14T14:37:05Z,2026-09-14T14:41:05Z
d35dc3a0-3821-473f-b5bb-36b0cdd9ac6b,ad643580-f736-44fe-b58d-1398bb9b192c,477.9,PEN,succeeded,polar,pol_4e8a9cf250a917e2,2026-09-21T18:05:02Z,2026-09-21T18:09:02Z
0325b9c9-29d9-463c-8039-11c9e5f3d15c,257a1e5a-da01-4952-b0ca-6b8d8b6c2587,1534.39,PEN,failed,polar,pol_3d11a7ec264864fd,2026-08-07T14:13:05Z,
b7f2060e-6bdd-4c73-863e-46f53b584c7b,7aea4852-5533-44ea-8f21-5d3b490cb22d,5670.67,PEN,succeeded,polar,pol_8372a50ad46aa118,2026-08-31T15:14:13Z,2026-08-31T15:18:13Z
c4534126-b7e4-4b0c-8438-63e899d2848e,19baf063-5d5d-4544-9751-61e13a2ace99,103.94,PEN,succeeded,polar,pol_6b4574d7ed225499,2026-07-24T18:19:24Z,2026-07-24T18:20:24Z
77af9eed-9a7c-4c3f-bf46-93d462b1961e,cd701191-3c6f-48dc-abaa-c3855d1c1b75,833.04,PEN,canceled,polar,pol_2d779ecd125e747e,2026-08-18T12:28:10Z,
2458044d-6de8-43eb-b92f-72cc02fb5d42,fba512cc-aeac-4c5e-84d2-8bc2d143854f,24.93,PEN,succeeded,polar,pol_1a31f0cab7a5f0df,2026-09-27T11:38:10Z,2026-09-27T11:41:10Z
d18b0496-96e9-4ef9-9923-63b7a8d3de48,97851ebe-3334-4038-80a8-39abc3dcb38b,2399.18,PEN,succeeded,polar,pol_dd49e9c8e2d66f2a,2026-09-03T11:37:27Z,2026-09-03T11:42:27Z
af5bb307-a226-42c6-8387-5d36c0958890,7fe25e62-991e-4f84-bd0a-f3fe6a959de2,2981.76,PEN,canceled,polar,pol_fb084244f77740dc,2026-09-06T13:28:03Z,
0c38f1a3-62eb-4e6c-a8a2-1e4544482364,6f0f48cd-3cf5-46a3-8166-020e92846c46,1505.88,PEN,succeeded,polar,pol_9aa2bc217e6f9108,2026-09-10T10:39:37Z,2026-09-10T10:44:37Z
b6e9030d-94bd-44c9-9a11-a511e41ebbf2,60394f37-3f5c-43c4-bc92-75b4ee1f9678,5496.34,PEN,succeeded,polar,pol_02462492235b7ba8,2026-09-26T11:11:56Z,2026-09-26T11:13:56Z
dd30bb10-b948-4e46-a045-c57c5af47ccc,c9d5453b-f50d-422e-951f-61d74d6b14ce,2548.34,PEN,pending,polar,pol_12793dc8c32b187e,2026-08-22T15:51:40Z,
4f5c25e4-d152-4fff-9c2e-c08d395b37ae,554835fd-6207-4ef1-ba1b-036002bd88ec,6511.85,PEN,succeeded,polar,pol_704d2a039f0b3881,2026-09-15T17:43:00Z,2026-09-15T17:47:00Z
774f5410-fd9c-4f35-a375-148ec2f922f4,27335103-9e12-4e71-a3ad-12d396df541d,2407.79,PEN,failed,polar,pol_87a6cdec7ee03fc8,2026-08-17T11:58:39Z,
4be09464-ad35-421a-9227-e0dd6a474dbc,d96369ef-79df-4385-ae60-26bf163c6a03,268,PEN,succeeded,polar,pol_b82e2fcaec9687b8,2026-09-10T13:32:04Z,2026-09-10T13:34:04Z
71a6b414-9acc-486f-9625-88a2f4233818,680af60d-d2eb-428e-9f0c-90ff767ceaa3,1598.19,PEN,succeeded,polar,pol_d868a4e9a34a288a,2026-07-28T15:11:28Z,2026-07-28T15:13:28Z
fdbb40ad-0fd5-4186-98c1-cb2b163e7845,caa792dc-fe13-4b11-b9d7-91757175ec28,1455.31,PEN,succeeded,polar,pol_8fcf213d28cf65b5,2026-09-05T10:51:07Z,2026-09-05T10:55:07Z
a0d32855-8376-41e0-90b0-c96304b3891d,11ed8384-3d5e-4005-b016-9588ca4267e6,5338.9,PEN,succeeded,polar,pol_b0ae6efd23c7c2cd,2026-07-31T09:42:19Z,2026-07-31T09:44:19Z
88b9d3f0-7aed-4e80-82bb-62564e0491c1,9fa772fa-e708-4dc3-898a-c6f33de16301,5744.15,PEN,failed,polar,pol_ec9a5f0417c5c345,2026-08-15T08:09:07Z,
0fe053c9-f5c5-4026-9502-999e2068c380,e19e2916-806f-4e6f-8af0-2c9d91fc95c5,4705.95,PEN,succeeded,polar,pol_1666b75afe80f0d3,2026-08-02T15:08:06Z,2026-08-02T15:13:06Z
f2dd469d-d0cd-4480-8162-90e25b8c4667,df2a70ad-40c9-45a0-aa41-3cf638a649ad,4875.11,PEN,succeeded,polar,pol_4c2bcbb53b8b380d,2026-08-28T11:04:14Z,2026-08-28T11:05:14Z
54c07098-2d92-447e-8196-beed0fed8bc0,0afae88b-6819-4b70-be6e-9fd9f1272d02,1414.88,PEN,succeeded,polar,pol_e4dd5cc1b3469de6,2026-07-19T14:02:53Z,2026-07-19T14:06:53Z
4aa7ca84-dc18-4fd6-aedf-6166b5c3390c,38a003c2-c1bb-474a-bfc4-f856f4ecf0d3,1511.79,PEN,succeeded,polar,pol_d5fe036cc56030ee,2026-09-19T13:08:28Z,2026-09-19T13:10:28Z
7ff5c317-06c9-4ec6-8aeb-d08132c193b8,7520b7d8-3685-4de8-833a-eab5145c7bcc,2933,PEN,failed,polar,pol_9eda2e9671889b9b,2026-08-08T14:53:19Z,
7855896f-5289-4619-8048-b16d674044a7,96391188-2124-4e73-9497-e64e47790750,393.81,PEN,succeeded,polar,pol_3bebacef7ca37274,2026-09-24T12:41:39Z,2026-09-24T12:46:39Z
5254870f-138b-43fc-abc7-a91686eee162,becc490f-1eaf-4250-9489-d12838db48aa,1165.6,PEN,succeeded,polar,pol_5d3d177dbe3ec39e,2026-08-18T15:18:32Z,2026-08-18T15:22:32Z
78a10888-1a1c-4dbf-b0b0-69e2f0712d9e,e0b8a583-473c-4286-a91b-ad9245ee165d,2368.06,PEN,succeeded,polar,pol_1da1501cf3e98482,2026-08-16T11:29:04Z,2026-08-16T11:34:04Z
b138779d-a409-4fd2-9ff4-e1b8e3cd1a66,9d628e05-5ab7-4496-a132-07443ddeaa61,2467.38,PEN,succeeded,polar,pol_b493f0410e669928,2026-07-20T15:02:20Z,2026-07-20T15:07:20Z
ba456fb2-f91d-4fb5-a0c7-be4b859fdc43,05580a0d-9b86-4365-b5b1-25d8f4fac824,7690.25,PEN,succeeded,polar,pol_85ace92161e7f34a,2026-09-26T07:16:52Z,2026-09-26T07:17:52Z
9c2a0684-d4ec-40cc-848b-61ab048a17c9,06427166-aa1b-479d-9226-303212ae126b,2829.38,PEN,succeeded,polar,pol_f98501e0313b1990,2026-07-26T09:27:35Z,2026-07-26T09:31:35Z
6add757a-5842-4bc7-a3a9-0859e3e5a556,835f8d9c-d62c-46a0-a514-438128be69bc,2128.45,PEN,succeeded,polar,pol_6d9a6c84fa0840d6,2026-08-13T09:13:11Z,2026-08-13T09:16:11Z
30ef06b0-ed9c-4c67-ad2d-017fc5a0d351,e9dcaf1e-430e-4910-9e85-45b8d3348312,794.53,PEN,failed,polar,pol_450ff39ba75c3bd2,2026-09-04T11:50:00Z,
118a133e-2ef3-4fa7-aef9-f79d8dbdade7,77966700-3abf-471d-8dbb-d8e9ad1bb621,6356.88,PEN,succeeded,polar,pol_7909e1d08090ab40,2026-09-20T07:25:26Z,2026-09-20T07:28:26Z
a2c3a564-dd78-486b-920c-551dfd6c3994,05462b96-e284-4a7b-9231-c197af395f1a,3877.22,PEN,succeeded,polar,pol_dc776d0706b67aa9,2026-09-06T11:06:12Z,2026-09-06T11:09:12Z
3dc18b56-b23a-4aa1-8f7b-1b0599ffb348,5f500841-2023-4381-90b4-89a941c1cac0,4332.96,PEN,succeeded,polar,pol_4972e7188fe4ac1b,2026-09-05T07:54:28Z,2026-09-05T07:57:28Z
5ac98d04-299e-4605-876c-88b700f6fbdf,6aaa7d3b-5c87-48a7-968d-59bd7171891f,4510.11,PEN,succeeded,polar,pol_5c6300aeb307b428,2026-08-31T16:00:07Z,2026-08-31T16:02:07Z
d251df21-2388-4bb8-8283-79cf57c2c90c,d2c57079-812b-4017-b4ba-2b5034324e63,6157.51,PEN,succeeded,polar,pol_90c22f4b9ba0ddef,2026-07-20T13:46:49Z,2026-07-20T13:51:49Z
74d39085-9f3b-41e9-8e1b-a0277a3279ae,9a266c63-1900-4017-a97c-d8bae8a42a0d,1577.1,PEN,succeeded,polar,pol_1348b5cbadb80f19,2026-09-01T10:30:19Z,2026-09-01T10:35:19Z
139ed85e-2a93-4a03-b134-feb0d180a7bd,bf2e9a7b-cdc5-4f7f-9df9-cb286e881b6f,2358.86,PEN,succeeded,polar,pol_f170612595406260,2026-09-26T12:20:12Z,2026-09-26T12:25:12Z
9b4c8b5c-d2a3-42b5-9c6c-5e1dc3b71983,0716b1bf-aa74-45ae-82da-9a2f6c40320d,3594.97,PEN,succeeded,polar,pol_e9ff72425921149d,2026-09-25T15:56:30Z,2026-09-25T15:59:30Z
ef623f2e-ec7c-417d-9631-1adccf659042,41243122-6044-4664-af83-f1792f2985e0,169.36,PEN,succeeded,polar,pol_ffad729e5629cf6d,2026-09-12T13:44:24Z,2026-09-12T13:48:24Z
5d78d90a-87d2-4c98-99de-267168027571,14f8ac21-9169-4d0b-980e-620c912d5935,2800.03,PEN,succeeded,polar,pol_cb5c1427fe2ad426,2026-08-18T17:14:22Z,2026-08-18T17:18:22Z
904edfe9-ae4e-428a-85d6-a5b0462027fe,05694504-31fa-4820-a387-4349811bbe89,416.46,PEN,succeeded,polar,pol_e12970a2aba97099,2026-09-21T18:40:51Z,2026-09-21T18:43:51Z
1ee3b886-b122-4276-8587-26cda1440598,838a59e3-bf2b-4ae0-b18b-25a89301be54,8127.72,PEN,succeeded,polar,pol_e51e5782dd212571,2026-08-04T17:38:09Z,2026-08-04T17:42:09Z
7678dc41-f2bb-4426-bfca-30df128d3d9a,d300218b-d3ee-428a-a80c-4710215db8cd,1912.34,PEN,succeeded,polar,pol_b81e9f89ee3351bb,2026-09-08T14:29:56Z,2026-09-08T14:32:56Z
59951116-7689-44c7-b809-2b45b87bc605,a1fff7d5-5e88-48be-8d5a-1c32b9c9e928,38.56,PEN,succeeded,polar,pol_390f2e518a41192d,2026-09-07T09:38:00Z,2026-09-07T09:40:00Z
a9e56da5-2d04-4bb8-af18-556bd81a39d4,83569d3a-6f21-4f8c-a9a9-1d93f62bdb0c,498.8,PEN,succeeded,polar,pol_947c92793993b8ba,2026-09-09T16:44:28Z,2026-09-09T16:47:28Z
efadd213-289b-44b8-9929-af80a5050412,862e3811-4d89-41b6-a3b4-aa8539261ec5,2472.06,PEN,succeeded,polar,pol_b6051b25c02c084c,2026-07-23T12:11:09Z,2026-07-23T12:13:09Z
35299dd7-1fbe-4a44-b127-1a63121bd480,68fa6f1d-3cc5-44de-92af-43596ef7b0a8,2782.9,PEN,succeeded,polar,pol_1f8ddecf49f82975,2026-09-25T18:46:34Z,2026-09-25T18:48:34Z
f09fc351-94f1-443e-a120-c7748a2088ba,6338249e-687c-4a32-8aec-75bcf381a907,1068.59,PEN,succeeded,polar,pol_321c58dd42bd972e,2026-09-18T10:42:52Z,2026-09-18T10:43:52Z
bedbe4d4-de9e-440d-be4c-436e3b5fd5a9,5d587879-7410-48ef-a932-5d1fbc5fde2b,4269.83,PEN,succeeded,polar,pol_64eece8cb6bcf68e,2026-09-19T12:06:40Z,2026-09-19T12:10:40Z
5157b29a-9cf5-48e1-a706-f378c4a521ba,8b5d2e2b-ea8d-453b-8d2e-c848ae46a912,1157.88,PEN,succeeded,polar,pol_e4e0bf08a98a5bd6,2026-09-08T10:57:27Z,2026-09-08T10:59:27Z
21a23c5b-2a6e-4ca9-8562-58fd44db4b7b,40411e31-a725-4212-9fc6-d7066a5a8c12,2130.04,PEN,succeeded,polar,pol_769388e13eb481c3,2026-09-17T17:57:13Z,2026-09-17T17:59:13Z
6580054e-b02b-403d-bf29-9a0ab5bbe446,284d4d25-81cf-4aac-b740-704694088a24,2049.86,PEN,succeeded,polar,pol_f6800b047644f265,2026-09-24T12:24:09Z,2026-09-24T12:29:09Z
b552f292-3f92-42bb-9d8d-8a54026c47e1,98d10ac7-d7d8-4fe6-8544-d4a17110d98b,3868.93,PEN,succeeded,polar,pol_a8d52c22316416b5,2026-09-24T09:40:56Z,2026-09-24T09:45:56Z
ea660475-8143-4cc2-b96c-b45e602fbc67,f7d7e7bf-e456-40c6-934f-38159ed3ed78,1417.16,PEN,succeeded,polar,pol_b178dccc099b4520,2026-08-13T16:20:50Z,2026-08-13T16:23:50Z
db8210ee-8f85-4dd9-8444-8cbe3f342e49,b73e9e85-30eb-4fa0-9bd8-cb45665f5d89,1291.75,PEN,succeeded,polar,pol_ab7a562298477add,2026-09-27T14:22:22Z,2026-09-27T14:23:22Z
032f7ee6-4e58-4988-a7e5-c15830915934,76e3ba1a-88e4-46e8-a81f-8f99506741f4,3359.19,PEN,canceled,polar,pol_148b8611dc3b095b,2026-07-31T12:39:22Z,
88ba7103-f949-4e54-b613-762860e04031,6ce4bd14-194b-444e-ae20-c3bbc8419bc8,2337.96,PEN,succeeded,polar,pol_ea7a2f1b0860cbeb,2026-09-22T09:13:03Z,2026-09-22T09:17:03Z
66c0c177-c916-4f48-a2d6-d4c8dd649d4a,ec891499-ae64-48e2-8bde-0af65f142e48,2174.55,PEN,succeeded,polar,pol_8553bd03a9143812,2026-08-14T15:12:48Z,2026-08-14T15:17:48Z
369fb1a1-ffa7-4cf6-bda4-e9234e04aa51,ade34318-67f4-4fa2-a890-c79e4570cb7c,9857.47,PEN,succeeded,polar,pol_8d81c928f6715433,2026-09-16T11:34:00Z,2026-09-16T11:35:00Z
c50e381d-820c-49ea-b65d-b7a9526955aa,83e902d3-eaf1-4963-8c69-634211e5856b,893.27,PEN,succeeded,polar,pol_66405fbe14c831da,2026-08-25T12:12:22Z,2026-08-25T12:14:22Z
3ad6e7aa-cf60-4371-afad-dd62eee4a9b6,d390a777-bc72-46c4-8208-5ba8bbdc9834,652.27,PEN,succeeded,polar,pol_81cc14bc61859ee1,2026-07-28T15:37:48Z,2026-07-28T15:41:48Z
ae4a26ac-f2fc-4075-9623-0392707d6c2a,e279bd91-bb7c-4c52-853d-cb72efcee981,2764.43,PEN,succeeded,polar,pol_f76619a32f4ff79d,2026-07-20T12:36:52Z,2026-07-20T12:40:52Z
9d49f783-f80b-46ef-bed6-32f7ae006c7c,a819efd0-7f79-424d-ac15-804f9909e988,2899.81,PEN,failed,polar,pol_c2f6ee1a9540c033,2026-09-27T09:26:03Z,
e85be916-19b9-49bc-b6cb-0cf965efafb1,bac69182-b98b-456b-b4b6-c024d982d2b0,698.57,PEN,succeeded,polar,pol_26350247526071b5,2026-09-05T12:59:58Z,2026-09-05T12:59:58Z
16803f93-145c-4073-b370-ab1ac8c9778f,d89bdded-2875-46d4-958f-0ae8822e0847,10558.21,PEN,succeeded,polar,pol_c82897c1bc8788b4,2026-07-29T12:41:19Z,2026-07-29T12:46:19Z
9cff9fea-ed73-4fcb-a2c9-c909cfc09296,3e396f66-bc0c-49da-943a-528a8d029ab7,1660.82,PEN,succeeded,polar,pol_09f8627ac9c0ccd2,2026-09-04T15:45:37Z,2026-09-04T15:49:37Z
7c335265-7e10-4a65-97fc-83398c531c1a,935a294c-6a38-41c8-a501-5ef83dd04069,257.46,PEN,succeeded,polar,pol_663ed21bddf6a3ad,2026-07-18T07:45:10Z,2026-07-18T07:50:10Z
727cd4a0-178f-4ee6-9aa9-295a47a0d298,8c83e31e-bf1a-47a0-a5d1-46cf29158f8e,1471.19,PEN,succeeded,polar,pol_1ccae49b8dcc31ea,2026-07-22T10:17:16Z,2026-07-22T10:21:16Z
e7c4cefa-c4a9-43d1-9bce-97ce8dc2ef75,1201a8f7-f390-4443-8e65-98eef279642e,2691.68,PEN,succeeded,polar,pol_3179970804ed876d,2026-09-13T08:32:55Z,2026-09-13T08:34:55Z
42b72d54-b915-4e2b-b6c4-1d16463566b4,f0ea9ca1-122a-4c59-b603-29881d82295c,1264.29,PEN,succeeded,polar,pol_761de40f0436c824,2026-07-21T10:39:50Z,2026-07-21T10:44:50Z
d25e6c49-d58b-44c6-9aee-038523aa1e3d,84ba0ace-6609-476e-bdc3-09b1579942c6,10543.62,PEN,succeeded,polar,pol_b5c8fd852c86b47e,2026-08-07T18:01:57Z,2026-08-07T18:04:57Z
3aecc260-ec91-4962-af7f-6648dcaad442,5c747b8a-0656-4847-ba89-6fe296355fd8,659.4,PEN,succeeded,polar,pol_58d9e088a96a314c,2026-08-20T12:07:36Z,2026-08-20T12:09:36Z
117b0168-dd4b-49b8-9c72-850deeb543a6,24e072e1-4a77-4784-bf47-9965f50fce35,8305.34,PEN,succeeded,polar,pol_37468da7e3903146,2026-09-23T15:51:08Z,2026-09-23T15:54:08Z
094d4013-6c27-42cb-85c7-4bd3882898a0,3b458ff8-b269-4e93-9fc5-20bc4df7cc5c,737.34,PEN,canceled,polar,pol_8495e4e9520e2e94,2026-09-08T10:23:06Z,
b0acd786-9957-44e7-9c67-38fe5884ff46,f76cb851-fbe8-439d-ba9d-04da2d555d86,4613.8,PEN,succeeded,polar,pol_0fc6aa1e1ad0f45f,2026-07-28T09:29:01Z,2026-07-28T09:33:01Z
8227399e-d569-4521-a8dc-ee89cbf2dc8d,a39f0f3c-9961-428c-a266-05e68d54afea,808.56,PEN,failed,polar,pol_fda27d1d67118aa8,2026-08-14T17:28:16Z,
67ce1d5c-8e3f-495e-bd24-27cdd639b66c,fe3082de-0a70-4389-afc0-567ac2a91b9c,219.67,PEN,canceled,polar,pol_34dee20d29e0e8ce,2026-08-03T13:13:35Z,
a5eaa937-0637-4f5e-8356-2173cc54762e,3036ac30-d24a-47e5-a596-6d05277cc462,1778.58,PEN,canceled,polar,pol_bc6fcfa8353b14fa,2026-09-22T10:08:57Z,
ccb7704b-192e-4b1f-8ff4-dd6c87453fe6,f099941b-b670-49d5-96c7-4f28b5de0f46,654.96,PEN,succeeded,polar,pol_e503036338a2365d,2026-08-08T07:18:38Z,2026-08-08T07:21:38Z
56730aea-531e-4363-8257-dcbb695aee63,8557570a-0dbe-401f-a4b0-3b22d4cbf49f,830.37,PEN,pending,polar,pol_07327e9b3a057dc1,2026-09-05T12:18:43Z,
fbb6db6f-45b4-4f45-95d2-e7a6ebfd90cb,67bd40b0-7cce-486d-a8b8-364253442bce,326.28,PEN,succeeded,polar,pol_0bfd4a99d0cc5d13,2026-07-23T09:03:11Z,2026-07-23T09:08:11Z
78547bb8-1852-4c03-b91a-87562068f91c,99be60c6-0b64-4c0e-a8cf-f75bcfe59518,1551.92,PEN,succeeded,polar,pol_88a1b23c65446c9c,2026-07-27T17:49:49Z,2026-07-27T17:50:49Z
990ffa80-e274-4168-9117-d762fbd43f94,9ae0752b-bc78-4a37-868d-00d6c7e1264b,316.57,PEN,succeeded,polar,pol_bee3c3e53d6321f4,2026-08-14T12:55:26Z,2026-08-14T12:59:26Z
45b108f8-e05e-415c-9680-6eff228dea26,017293fc-2a7a-492e-adba-1a3763ee1354,2268.89,PEN,succeeded,polar,pol_e6029f19b1e85451,2026-08-03T17:15:40Z,2026-08-03T17:17:40Z
79def05b-967e-4f8f-a75a-a107e99de320,f17cf8d2-01f0-41eb-a392-d16de7a059a4,1310.74,PEN,pending,polar,pol_2fa18a91ebdae0e7,2026-08-13T11:54:00Z,
bc867915-ccb4-4d75-bd1e-eaf0191ad666,699c01df-6a88-4ef0-8485-27b7662b7a86,1111.32,PEN,succeeded,polar,pol_16e4b7529a6d185e,2026-09-16T18:38:06Z,2026-09-16T18:40:06Z
4cd2c3cd-b9fb-42a8-9cc9-8361919452de,49f00a71-33d7-42b0-94bf-410ed71f7cb2,3880.12,PEN,succeeded,polar,pol_a793867690327aa1,2026-07-22T11:18:41Z,2026-07-22T11:21:41Z
f7549b2e-3342-45e3-a2af-aaa680a9c1d4,3347c21f-19d5-4b3d-aad1-a5214bfef4ab,3901.66,PEN,failed,polar,pol_5197de1b9484f1d1,2026-09-06T15:58:36Z,
6a297d08-43ec-4a5a-85c2-849967eae0bf,2f789f2c-e254-455a-b401-10aa179cf6bb,867.6,PEN,pending,polar,pol_85475b2f75e42a73,2026-09-16T10:20:58Z,
dc11298e-4037-4f57-bde2-271225d8261d,b541d677-01d5-427b-9a04-de0cedc320c7,1459.35,PEN,pending,polar,pol_f3fdc8044a1e0da4,2026-09-06T13:06:04Z,
87cc3e86-5664-40d2-89dc-d45a1431ec97,b37cb188-9218-4671-abfd-b8546b5721ac,579.2,PEN,succeeded,polar,pol_399b7b4eeaf8eb78,2026-08-11T13:53:53Z,2026-08-11T13:56:53Z
9a4e064d-274c-4eb2-a0d2-a6bb9da35796,70ba7336-efd4-4ed4-ab0b-10a99383e72f,1762.27,PEN,pending,polar,pol_6c38d82c9ea6c046,2026-08-26T12:27:38Z,
5febe90b-adb4-498e-9bf9-20ccfd7c1b9a,a01cb2cd-f547-42c8-870e-d193563629ea,7274.25,PEN,succeeded,polar,pol_63c8336d7daa78c2,2026-09-19T11:18:16Z,2026-09-19T11:19:16Z
b3367bff-49e3-47d1-83bc-93990ba9091f,e23ba339-a6c8-4faf-ad9b-7bf9dfbff02f,1585.65,PEN,pending,polar,pol_37d84f1f604ed58b,2026-08-16T11:52:31Z,
a1305015-ecf3-4122-a734-09767aa38496,db5c1392-10df-495f-a28b-3d9aa8aeb711,12803.66,PEN,succeeded,polar,pol_07f8024f317640e5,2026-07-25T09:19:52Z,2026-07-25T09:23:52Z
78c1186b-a0e8-4c25-bf30-6c27015151e8,9cdafeb6-1e36-4a51-9446-c7435bff44e7,2139.08,PEN,succeeded,polar,pol_3a73174f8a04b402,2026-08-22T12:24:38Z,2026-08-22T12:26:38Z
9b14719f-9fc5-49b1-99d0-341d7956f9fc,86dd3164-3c0d-48ae-96df-0c760f922867,9999.29,PEN,succeeded,polar,pol_cacd02b42034f7cb,2026-08-01T08:07:05Z,2026-08-01T08:12:05Z
af21f908-02f0-4e2e-a921-c3e56721a4b9,de5a7f2f-aecf-4cf0-8a83-c0bf57cf9058,306.37,PEN,succeeded,polar,pol_a8d66d2429ee9361,2026-08-27T14:55:04Z,2026-08-27T14:57:04Z
8fa17d8a-998d-4d77-ba99-464ae1995f9a,06bf219a-a9ad-458c-8342-860b398b892a,4583.8,PEN,succeeded,polar,pol_dc742e04f5783172,2026-09-15T10:29:26Z,2026-09-15T10:32:26Z
a4fad401-6701-4fa0-bd6a-d301ca339224,808e4f16-790e-4da2-8b1f-71f053d88fca,3090.42,PEN,succeeded,polar,pol_861f4dcca4a533f1,2026-09-17T18:03:35Z,2026-09-17T18:08:35Z
64228a52-402b-4124-a2b1-bf6a1953e843,ad9a0fa4-9ef2-4f19-9507-73aa33851856,3063.01,PEN,succeeded,polar,pol_d58e674f10ab93d2,2026-09-08T09:33:57Z,2026-09-08T09:36:57Z
c1502334-d6ea-497d-ac7e-06f0bbf9e3b7,755cd62e-7020-4ac4-8622-92b51023031c,436.56,PEN,pending,polar,pol_a2d7ff55ef3bcd5c,2026-09-16T11:24:44Z,
4af4d626-75b4-4fcd-8147-fbeac41fc98c,a64ce756-8cb3-468d-903f-f59257fff4ab,255.12,PEN,failed,polar,pol_98bb16666245dced,2026-07-20T10:28:18Z,
ece8576a-c227-4cdb-900f-9d37e50fc20b,291ed2fe-9c4f-44d6-8c91-2797f9f59a00,2979.27,PEN,succeeded,polar,pol_8523733da75ec51a,2026-08-18T16:22:17Z,2026-08-18T16:23:17Z
b5f40dc9-67b7-45da-be57-0e7465f9a6e4,070345f6-23a6-406c-b8a0-63111099e569,1901.39,PEN,succeeded,polar,pol_fb6b13e5547633a3,2026-07-20T09:40:23Z,2026-07-20T09:45:23Z
0bc52db3-1db9-4fb9-9e8d-a9e64adbc9fd,9fc54ce3-6af4-4c77-8368-23b00b3d49f3,172.05,PEN,failed,polar,pol_270997bb38b2d38c,2026-09-11T17:35:33Z,
15f7d78d-f6dc-4b38-a37d-38ee6ac67fa9,991404b1-54dc-4774-a5ea-b118da1b8e36,654.96,PEN,succeeded,polar,pol_582a2d89d6cf0f4b,2026-09-24T09:20:22Z,2026-09-24T09:25:22Z
232a725b-efad-47b3-ba32-06ebe9aefc5b,a471595b-8e4d-4a5b-9375-ea5f15ef1cdb,2018.9,PEN,succeeded,polar,pol_dbfaf9037d4f9bad,2026-08-12T16:31:48Z,2026-08-12T16:36:48Z
f77082f2-3366-4ef8-91c8-a226938ec0bd,766bb57e-89cb-4321-8b87-b2cdd2689107,3543.21,PEN,canceled,polar,pol_ab1a0a8de83f30e8,2026-08-19T16:50:55Z,
5c8816a3-f69a-420d-a476-ce5ce74b7cc9,2ee1866a-ba1a-41bb-bd06-41ba42e84a83,92.59,PEN,succeeded,polar,pol_312250c1f58d6911,2026-07-31T17:48:04Z,2026-07-31T17:53:04Z
295f17b7-18a8-45fb-907f-0e9dd3ff10b7,0d8e4d1c-bfbc-48bd-b4c7-2b429cd76fde,827.44,PEN,succeeded,polar,pol_f351b23d7dff0d20,2026-09-28T11:21:27Z,2026-09-28T11:22:27Z
4f0cc2cc-c98d-4950-8c3c-53df7bcbb5b9,25a5fa50-e164-4e89-9330-de10315cdb04,1696.38,PEN,failed,polar,pol_6a93a3a788f74172,2026-08-25T17:23:12Z,
74511f10-e2af-4625-8b32-7d11386df33e,ac238fa9-a27e-4ba7-895e-d615793cb1af,512.29,PEN,succeeded,polar,pol_b64f81eff6f2afdd,2026-09-02T12:46:40Z,2026-09-02T12:51:40Z
f36d3ce7-6e63-42b5-9411-3864f72a4ed7,9f486ee4-ef72-43a4-bc82-95fe5e43c6bd,1687.32,PEN,succeeded,polar,pol_8472f6a7a366c4dd,2026-07-23T10:07:15Z,2026-07-23T10:09:15Z
7aa92c80-b06b-4877-b15a-f6b707b36b59,1bc4f8b4-420c-458a-a114-507a2638b6a9,510.24,PEN,succeeded,polar,pol_0648301f00a7f709,2026-07-29T13:04:52Z,2026-07-29T13:07:52Z
755866c4-6b4d-4e0f-a964-dc26545892a9,b989b17a-ae09-46e3-801a-7792b216533d,631.91,PEN,canceled,polar,pol_6e5214dfbb423fd8,2026-07-23T14:27:23Z,
986d73bd-33a9-4a51-a1d2-8d595f7a5225,622e14ea-4f3e-4eba-88dd-fe7ffb2a3d39,1325.97,PEN,succeeded,polar,pol_2aae438d550c5ee9,2026-07-22T12:10:45Z,2026-07-22T12:14:45Z
b2c54055-e94a-43dc-9692-b433fced3242,08d64b60-a2ee-4f08-abf8-09102a2b1134,698.57,PEN,failed,polar,pol_ad0e8f4390255d06,2026-08-05T17:33:14Z,
b497a6e6-f815-49ad-85e1-90b6cb7af8ab,3b1c75b5-2506-494a-a9c3-36e13bf82fe1,2955.76,PEN,succeeded,polar,pol_8184323b71e498a0,2026-08-27T17:24:57Z,2026-08-27T17:25:57Z
9aeb3b35-468b-4c68-8dd5-8c85bed1f399,ae8e6e47-3ce9-4044-9582-accc0f988452,227.25,PEN,succeeded,polar,pol_e1bf4fba149ffe15,2026-08-20T18:02:58Z,2026-08-20T18:04:58Z
35101bf2-7b0b-4f56-8476-561b29ea774f,760f7223-b579-453c-a73f-9d33f9eda315,2413.65,PEN,succeeded,polar,pol_036a14042394c259,2026-08-16T09:23:04Z,2026-08-16T09:26:04Z
f53411b5-c2a2-4507-a070-50dc4b829047,9a525130-b391-41f3-b35e-f7a9bbc31d9e,2706.4,PEN,pending,polar,pol_91c4877797902ef9,2026-09-02T09:44:20Z,
fbaec593-0b65-448d-9211-9b235d70cc79,fabebbbb-46e3-424e-abf4-f560b54c7175,3399.2,PEN,pending,polar,pol_fb3e5fbe81a6bbe5,2026-09-07T14:05:03Z,
ce41ff61-331e-48e4-884c-4dc5e47528b4,0c455a47-eb08-4a2a-99a9-0231f2715268,481.58,PEN,succeeded,polar,pol_fe0748879a355210,2026-09-11T09:56:58Z,2026-09-11T09:59:58Z
54c9d534-8303-47b5-8a74-dc8a54deccec,22f3e60e-4af3-4a1f-9c72-5b0b0e867dd4,2205.82,PEN,canceled,polar,pol_f55620822b507d44,2026-09-21T12:20:46Z,
d01732f9-ee84-497b-8eeb-234bde01f0ce,6b856c82-507f-4479-a380-ce9e3448ac10,1336.12,PEN,succeeded,polar,pol_6c7664def24fb702,2026-08-28T16:19:12Z,2026-08-28T16:23:12Z
b116ed11-a3be-417a-a039-f04600190448,e8019ce1-5f6d-4695-978f-bae179db9468,1089.11,PEN,succeeded,polar,pol_7869d6e98a9c6243,2026-07-23T09:05:21Z,2026-07-23T09:10:21Z
4abcfa58-bb3e-44ce-ad24-11dc8793c065,ec3e4061-0e30-4163-8a02-cffdee7fd6a6,3652.98,PEN,succeeded,polar,pol_b31a562a181b3608,2026-08-07T14:55:52Z,2026-08-07T14:59:52Z
16b7d705-cb0c-4652-b789-477c65eca1a6,6e17c0d8-f42b-4e02-b2b9-4369d476f774,5431.98,PEN,succeeded,polar,pol_2a47a88d0ce01fd1,2026-08-24T09:56:23Z,2026-08-24T09:59:23Z
4d253e2b-beb5-4d68-97fb-c5d5f7c0508d,1c49cf6c-dab5-4ea1-b817-702d097d0c12,6078.94,PEN,failed,polar,pol_d51d68c2dbbb6a4c,2026-09-28T11:20:20Z,
e484c675-46c1-4322-bb8f-eb04f848de0a,01ca43d2-3fca-45c4-b637-320838f5d75a,1006.77,PEN,succeeded,polar,pol_c7cdf35f852fd1da,2026-09-21T13:12:39Z,2026-09-21T13:17:39Z
4760654f-e252-4227-83fe-48b3e7fb0b33,1f8a6464-e9d6-4a8f-b459-7ae82118f668,1161.66,PEN,failed,polar,pol_34c40e396a2a7523,2026-08-12T15:10:09Z,
6337a85f-8405-46e0-ab69-9a414e350875,c6d4d8db-1434-4872-baa5-7521388086c5,4813.34,PEN,succeeded,polar,pol_4b5714902fcc6314,2026-07-23T10:04:05Z,2026-07-23T10:05:05Z
63145bf1-758d-4006-9720-5637d001a323,159b9c00-b849-4a4d-9996-53fdf34231c2,1812.77,PEN,pending,polar,pol_b39e064cb391515f,2026-09-14T17:29:38Z,
6d6dba2b-1949-4b2c-81eb-1ed63d741068,3d06777e-e243-417a-848f-17879ddb5d10,10371.98,PEN,succeeded,polar,pol_c20127283d543cc9,2026-09-20T09:29:03Z,2026-09-20T09:33:03Z
f807edc2-d81f-4d42-a41e-3284cb5b4fb0,50f137d7-4dee-41fe-81d9-d74a7319dc63,5013.76,PEN,failed,polar,pol_7adbaa287773f82b,2026-07-24T11:13:22Z,
d155cedb-eee0-4b5b-b75c-6188f87e2744,adfd690e-4afc-41ea-a52b-0810bc662c1a,756.23,PEN,succeeded,polar,pol_1ecb7fb3ee2e8675,2026-08-26T13:35:53Z,2026-08-26T13:39:53Z
4ff87270-e03b-4e0f-870e-1438ecd6f26e,9d570b8d-69f3-4478-911f-4de9cc92057b,625.57,PEN,succeeded,polar,pol_9ab48d0142096d06,2026-07-24T17:20:24Z,2026-07-24T17:23:24Z
f413d5a3-6559-4c9b-987f-a99fd2cb2417,962d2459-949a-4b85-b90d-34c256ff0d3c,3019.1,PEN,failed,polar,pol_38424213a5b6e726,2026-09-23T15:23:14Z,
c06b1b63-152b-454d-b1f7-0b4f6ac28264,52b36211-37d1-4ee2-b244-9b53f9d63059,294.78,PEN,succeeded,polar,pol_4b3acc88b1f534ee,2026-09-16T17:59:20Z,2026-09-16T17:59:20Z
ad8512a4-26ec-471f-bb54-fcace8d91150,15831a43-7216-4653-9e1d-ac3e0ec02bd5,446.24,PEN,succeeded,polar,pol_bbc8132c13caea49,2026-07-22T18:34:13Z,2026-07-22T18:35:13Z
6ebc9664-3869-4609-955e-df42176f114e,43ecdc3a-76b5-4d45-986c-2c729919ca3b,985.73,PEN,failed,polar,pol_dd16134282396104,2026-08-30T09:23:52Z,
88eaa279-32b0-4bd2-8d6c-b4ca5e924146,ed9cd033-b4f9-479d-a50b-575d786d2ae9,947.88,PEN,succeeded,polar,pol_0f7138afc95aaab0,2026-08-28T14:22:14Z,2026-08-28T14:25:14Z
c2685ab1-a2d5-437d-a5ef-dc9778835276,65412172-c5b5-4459-b7fc-f68a037a27fa,933.72,PEN,failed,polar,pol_3a204e418f15ec46,2026-09-13T07:03:07Z,
f93d8cfb-faf0-4eb0-86fe-17c861b30fb8,30e27564-6522-42b8-b1e3-852c8204ce72,17223.3,PEN,succeeded,polar,pol_33d20ac92b9e7c79,2026-08-14T09:36:42Z,2026-08-14T09:39:42Z
9458104d-6b89-47cf-a5e2-fcb7fbea1075,e8bd01c7-e997-451c-bbc6-a0eed0b4926d,7542.04,PEN,succeeded,polar,pol_659a24636f936d8c,2026-08-20T17:30:15Z,2026-08-20T17:35:15Z
5b894daf-9cbb-44fa-a862-23611afba261,0bc336fd-e909-4d77-8dbd-03ba04c6c37e,3176.33,PEN,succeeded,polar,pol_3ec5282ced386ca3,2026-07-27T18:54:48Z,2026-07-27T18:55:48Z
6243f0b4-38e0-4fbd-a682-e68c325fed05,1e819197-ec50-4cf1-96e8-7348311c32fa,6581.39,PEN,succeeded,polar,pol_aa2227d3de1320e8,2026-08-08T14:57:03Z,2026-08-08T14:59:03Z
849c8aab-2893-4a9d-8a09-e1d26eb74610,550a5da9-ba7a-4d14-9c0b-b3bd4df9ae16,5202.95,PEN,succeeded,polar,pol_5b9060326c2a38b6,2026-09-16T11:10:47Z,2026-09-16T11:13:47Z
278963c6-aeda-478e-bb3b-8f5f2bc9abf4,6e4e2da1-31cb-4217-9cff-1933773fa133,1316.38,PEN,succeeded,polar,pol_1926f0856e9d934d,2026-07-21T15:31:21Z,2026-07-21T15:36:21Z
f8d9adbc-7bee-4611-a937-ab05d62cf6a0,85552f8a-770b-43e5-9af5-49a9804b96a0,5247.52,PEN,succeeded,polar,pol_5e91e8ef150b4fb3,2026-07-25T08:18:23Z,2026-07-25T08:20:23Z
3bea0f12-ab94-4657-8880-b25ed0975572,bef00f2b-9d5c-4223-9fd4-4b7e052ea8d3,858.61,PEN,succeeded,polar,pol_737c2bb39993ced2,2026-09-17T12:46:30Z,2026-09-17T12:50:30Z
bcfab374-8104-4529-8c26-37d4daccf514,85fac4c1-1836-4a74-82aa-90b10f9e592e,713.72,PEN,succeeded,polar,pol_738d0e1c7a60a521,2026-09-16T09:37:30Z,2026-09-16T09:42:30Z
790dbef6-bac4-493b-a0c6-188f66105b90,0d0d57c5-b6a5-4ea9-bd67-79f1ca94cab3,2919.93,PEN,succeeded,polar,pol_e703745bd9c1d8f5,2026-07-21T15:49:47Z,2026-07-21T15:54:47Z
7d62ea59-0bbb-450e-ad79-653dae1d63fd,79a20c07-2ea5-40cc-ae5f-2b4b16823214,2569.19,PEN,succeeded,polar,pol_736e237f52fccc79,2026-08-04T09:17:14Z,2026-08-04T09:18:14Z
aae135f4-9b05-4a29-a01b-7e4d4fafc252,f7428850-3b84-4a2c-b5e4-345db634580a,1986.34,PEN,succeeded,polar,pol_28065ff07e7d49bc,2026-08-17T10:25:44Z,2026-08-17T10:29:44Z
3131842a-970a-4ab1-952c-ab504704e7c0,229a1c2f-24dd-495c-8f9c-3babb027dc41,6606.6,PEN,succeeded,polar,pol_6c745facbc52e146,2026-09-15T09:24:30Z,2026-09-15T09:27:30Z
1f331d75-915e-4296-83b7-1cd09ad0d8d3,94812ec7-435c-4934-828b-7f65d0fed40c,1559.65,PEN,succeeded,polar,pol_162ba3d1b202275f,2026-09-14T17:36:13Z,2026-09-14T17:39:13Z
2bd63958-e90f-4f18-848a-b01cde41e476,3c87c606-e967-430e-8771-5af2038dd61c,3464.62,PEN,succeeded,polar,pol_0cad1589165a9b34,2026-07-20T09:32:22Z,2026-07-20T09:34:22Z
1581f4c1-754a-48e9-9eaf-7c74f14969b7,50f4f5a8-0855-4290-a963-7d6a688f581a,5844.83,PEN,pending,polar,pol_6f835dbe7e6023dd,2026-07-22T09:57:50Z,
b881ffdb-08db-46d5-b922-0d4635e7b0e2,8ac9bf0b-6792-4bbc-9f6f-6f09f2bc0960,2281.82,PEN,succeeded,polar,pol_41284af5db31ebbc,2026-07-18T06:16:45Z,2026-07-18T06:20:45Z
70dcbaf2-426d-42b8-8126-18c456c95771,e44b70ed-a7c1-4fc0-b971-48929770a809,377.39,PEN,succeeded,polar,pol_758868561ee480be,2026-08-16T10:01:14Z,2026-08-16T10:02:14Z
9079e23b-07e2-41dd-baf7-dafdae35cf6e,7bc51b7e-e16e-4f68-ba6d-beccddc3a2b1,3696.69,PEN,succeeded,polar,pol_7202a087a984f798,2026-07-24T18:36:37Z,2026-07-24T18:39:37Z
2111a2fb-6ccf-4835-b904-972d09e91455,d729e3d2-399c-45cd-a0b9-d4f84fe4f56f,667.93,PEN,succeeded,polar,pol_e0a6408d18b4b3fb,2026-07-23T17:00:18Z,2026-07-23T17:02:18Z
a3009213-d450-4117-a3c9-4122431e3e74,d3fb5854-3fc4-4875-adc9-5e14603f666b,1069.54,PEN,succeeded,polar,pol_afdbf5ef1e1465c7,2026-08-13T17:06:56Z,2026-08-13T17:07:56Z
5aa9f0e9-219e-4ee4-aae7-b6dd8021990d,20e833dc-201d-467b-bfdf-5288aeeb77d9,595.14,PEN,succeeded,polar,pol_28566d89987b5132,2026-08-30T10:42:36Z,2026-08-30T10:43:36Z
2f2dc711-4759-41d7-a9b0-fd539ccbaa75,3fc43390-ae29-4b76-a9d6-a8cb3609e2ac,2591.14,PEN,succeeded,polar,pol_402180ca17263624,2026-08-28T09:31:09Z,2026-08-28T09:35:09Z
0710179b-0f7b-49a9-a775-bb553afe4eb3,c99bad81-0455-44c2-8e30-db9569f5159f,3238.39,PEN,succeeded,polar,pol_ad45bcc702cf04a7,2026-09-19T07:57:01Z,2026-09-19T07:59:01Z
e30009f0-8117-4c95-a564-5513796fa2d2,8ffc9faf-de07-4d82-99c1-6801e8ccd7e2,1219.84,PEN,succeeded,polar,pol_35d079508af2adb9,2026-07-30T11:42:23Z,2026-07-30T11:46:23Z
8beb6af9-8226-449d-8f28-801a976e61e8,c1c3152f-2ba7-46fe-a8fb-1165bd93bcf7,191.58,PEN,succeeded,polar,pol_d62503455b468a83,2026-09-04T13:04:57Z,2026-09-04T13:08:57Z
dd6f3870-6542-4a24-b675-092dcf52db61,32397242-a3d2-4d9f-827a-afaeec0a8653,634.32,PEN,canceled,polar,pol_767906e5da1be53e,2026-08-08T08:20:38Z,
31aee9ac-aaa7-49e0-a0a8-aed0d5983ff8,e8c2834c-9f30-4d41-a9ab-706e195493d3,7380.75,PEN,pending,polar,pol_29470a602b52f0bd,2026-08-31T11:50:47Z,
be9bea6f-3994-4464-87bd-6c2786502e85,c475155d-ca05-4a15-8cb5-5052d5f81481,6301.05,PEN,succeeded,polar,pol_f16772f81a021502,2026-09-18T16:19:40Z,2026-09-18T16:21:40Z
dc96ea28-8f02-4951-a01d-a03a53518127,1a4bed90-3c71-4322-935b-366abc67ea55,627.05,PEN,succeeded,polar,pol_a8e8a724e1452968,2026-09-21T12:00:43Z,2026-09-21T12:01:43Z
dfe01bba-e790-4bbe-876e-29ca978339c5,aef7da8f-f7c4-4793-bc12-e94cb2b164e6,1919.69,PEN,succeeded,polar,pol_5e5cb54da85d14ab,2026-09-15T11:27:51Z,2026-09-15T11:32:51Z
baf264e4-e38c-487a-bd60-753903ba77cb,11f4b1a8-2d75-4ffb-8665-0786b4889120,464.52,PEN,succeeded,polar,pol_5b89e8fdbd088ebf,2026-08-27T15:17:13Z,2026-08-27T15:19:13Z
37b2794d-a83d-4dd3-aa21-0be962e3a109,dafb39fd-5743-45d7-99dd-4a2fb923d794,1041.26,PEN,succeeded,polar,pol_033e7f0c79b4c667,2026-09-29T10:00:29Z,2026-09-29T10:05:29Z
f52cbc31-4fdc-4fbd-b1bb-d4c73861b208,904417d9-4b95-4f39-b66b-3f3e173307c2,2466.61,PEN,succeeded,polar,pol_76ce96e3c72d1f63,2026-08-06T14:01:38Z,2026-08-06T14:06:38Z
7a5510b8-d8b7-45da-ae2c-7b8f74cd2586,af5003a9-3eb3-41da-b7bf-2a9739e66400,1079.67,PEN,failed,polar,pol_69f5ac35acdb524c,2026-07-26T08:19:22Z,
693ff069-9fc9-4f6a-b278-124eaa10cc1a,cf61b669-7e06-4c7e-b09e-305f8707f9dd,2731.37,PEN,succeeded,polar,pol_75fa77b4b62b387a,2026-07-29T10:10:23Z,2026-07-29T10:13:23Z
5d2ab232-3102-4ab3-bde0-80f5b921cd18,46576807-cca3-41db-a24f-8dee0b524730,4376.12,PEN,pending,polar,pol_c66472f40ee9acd2,2026-09-17T16:45:48Z,
0c0fc384-9981-4954-80ba-8df4d29d75b2,aed44ac3-6f55-4f47-8025-122f9f9fdda7,2440.41,PEN,succeeded,polar,pol_cb049faa09c50bfe,2026-09-21T12:16:49Z,2026-09-21T12:19:49Z
0b1ae54c-05ff-4ff9-9423-7650d72f9f5f,ffa8bcaf-daec-45d5-847b-9d0c12e755f6,1238.98,PEN,succeeded,polar,pol_5e853e8c167a5423,2026-07-19T07:32:15Z,2026-07-19T07:33:15Z
de999735-7e77-4efc-b93c-5f775cd9d948,bdd0bd69-ca24-489d-a06b-7287743966ef,2010.58,PEN,succeeded,polar,pol_a4b6868ae414bbd3,2026-09-09T18:51:45Z,2026-09-09T18:53:45Z
6a53f804-68e9-499a-8686-4f5c7ea564bd,0dfcf1f2-8a8b-4d31-ab3c-e0ad9abbfb93,288.57,PEN,succeeded,polar,pol_c2d94f191ff2ecd1,2026-09-28T12:18:10Z,2026-09-28T12:23:10Z
1888b7b8-100f-4023-873f-30c231c3163b,73daa385-76ae-43a0-84e3-1dba115c7b5f,10988.76,PEN,succeeded,polar,pol_8bacd3d91a7ade6b,2026-08-07T12:08:53Z,2026-08-07T12:13:53Z
a623e7ed-b91f-4c43-ada2-3e33d232ade9,4c285157-59fa-415d-aecc-c3f0234ceaac,474.72,PEN,succeeded,polar,pol_5504ebbd6bf3b1d5,2026-09-20T06:48:34Z,2026-09-20T06:53:34Z
d654faac-51c2-4502-88a9-106deaa5a32e,426cf336-f34d-4dd4-af92-a626faff0a1c,563.13,PEN,succeeded,polar,pol_3438b8b08020a286,2026-08-20T09:39:17Z,2026-08-20T09:42:17Z
7ae6f7ad-f795-4c35-82a4-8f72f9839675,e884878b-719a-4a30-9cae-449e08f50282,1093.36,PEN,succeeded,polar,pol_ac7571d6a489e2aa,2026-09-11T09:23:02Z,2026-09-11T09:25:02Z
7448e1c0-3d12-482b-9fbd-dac27bc3c107,407f609d-5463-47fe-8b2c-7d1006bbcab6,1687.76,PEN,failed,polar,pol_219076d699fa2f26,2026-08-05T12:46:43Z,
5610baac-593d-4a1a-beb0-830071d756dd,35227b4c-5aa0-4ab3-9fbf-70d6f59a2efd,1738.05,PEN,succeeded,polar,pol_1c4b9bc4f2586c91,2026-08-19T11:02:25Z,2026-08-19T11:05:25Z
444832e2-531b-4e41-8d21-615997674f22,bb29ff2d-6a41-4fb2-9f39-e01dc9ea6335,3585.65,PEN,succeeded,polar,pol_723d455d052082c6,2026-09-19T06:26:22Z,2026-09-19T06:30:22Z
3c450b75-a39e-4eb4-9542-152ed9aec92e,9cc53f7d-281c-49e7-be18-adf3714db817,575.72,PEN,succeeded,polar,pol_5f965d695bdd4b7e,2026-08-02T07:24:02Z,2026-08-02T07:26:02Z
760f2c2f-6406-4350-a91f-31a7939cfec7,04653751-9812-4359-866a-b9f83c1bfba4,1473.59,PEN,succeeded,polar,pol_d8509d483e81899b,2026-08-30T10:01:37Z,2026-08-30T10:06:37Z
5811ac1d-f93e-4c5a-a5a2-f06b6223a1f9,a0d4e548-7383-4006-8330-f39caf95ba0c,5522.36,PEN,succeeded,polar,pol_390556f5d19e1e4e,2026-09-30T09:48:10Z,2026-09-30T09:53:10Z
863b99ab-3003-4288-bfe5-93de30d01500,5852f6b2-dc88-428d-baa1-3cae28e6940a,674.04,PEN,succeeded,polar,pol_4c7c18a8f6847271,2026-08-03T17:27:23Z,2026-08-03T17:29:23Z
c97d48d8-5bbe-4004-8fd7-15f72e9a6773,e902b944-82cf-4445-84c5-0c0f6eb0d6dd,608.06,PEN,pending,polar,pol_3809cb238ef8542b,2026-09-16T18:43:02Z,
f34b8ec8-9b96-45e8-920a-87895374abc1,8fb692ef-597f-4b01-9868-100edfef1dfa,1035.32,PEN,succeeded,polar,pol_ffc009f7aa06a630,2026-08-04T15:27:00Z,2026-08-04T15:28:00Z
4c996ac7-b122-424d-9b17-9c413657b08f,5446ee03-65d5-42c3-8409-7e0b0156ebf1,1334.45,PEN,succeeded,polar,pol_3d09b5f06e5d0edf,2026-08-22T10:36:11Z,2026-08-22T10:40:11Z
66a75af8-8b3f-4ae5-9f99-abbc9ce7b2e4,d33d11e0-8f6a-4ba5-9a72-2caf9174bfad,337.02,PEN,succeeded,polar,pol_9e3b0de027cc8526,2026-08-02T10:53:09Z,2026-08-02T10:55:09Z
430627e2-0bf8-464e-b769-2ab83ac73d35,7de1601e-7273-4c15-b751-78ae7946c8f2,269.52,PEN,succeeded,polar,pol_d4393b3a50630165,2026-09-15T18:03:07Z,2026-09-15T18:07:07Z
66c16e09-95e2-4c30-af42-a54d9da915fb,7720109a-1cc4-442e-b475-a187537b3127,682.11,PEN,succeeded,polar,pol_48510c6f190a5651,2026-08-23T13:58:11Z,2026-08-23T13:59:11Z
d36e1e07-52fb-4144-a546-006d8869ba93,c9c85a1d-5939-45a7-b48c-204141a6fafb,329,PEN,pending,polar,pol_3ebd4b3507814e8f,2026-09-08T11:07:26Z,
a20d8cba-d3f1-4446-ac1d-6237113443ba,05aa4293-fa42-4659-aa94-5ad38fa8994c,379.72,PEN,pending,polar,pol_ccdc35a28bb45282,2026-07-22T17:01:31Z,
bdc04fcb-d834-48f7-bd2e-d7bf961ee296,2cb6d02c-fb62-4511-950e-9927e3324b41,53.04,PEN,succeeded,polar,pol_8d61099000f5140d,2026-09-19T08:16:55Z,2026-09-19T08:20:55Z
429c9d1d-ed75-465b-a438-438000f561ad,55f369d9-083f-47ff-941c-6ebcc59a28a1,952.4,PEN,succeeded,polar,pol_91969f2040b0ad2f,2026-08-09T11:29:53Z,2026-08-09T11:31:53Z
5a33f8ab-6a3f-4b60-b25b-af050b338de0,0c469e38-4972-40af-8d09-3eb7ac1a26b5,6925.23,PEN,failed,polar,pol_5924359af1d82380,2026-08-21T13:11:21Z,
af2ca11b-570f-4c19-8750-ef8696a14e1c,a34b3223-87dd-446e-961b-58ef0bea7fe9,5382.15,PEN,succeeded,polar,pol_8063497c473f0d6a,2026-09-07T11:47:26Z,2026-09-07T11:51:26Z
c95069b1-313f-4b47-a405-4eff3858e62e,a5041089-56e3-4031-b618-a646cb579232,1860.55,PEN,succeeded,polar,pol_47ea018bf6b693e9,2026-07-25T10:14:23Z,2026-07-25T10:18:23Z
918ecb98-a491-4985-ad4d-3a7e4798c197,5ebabe5e-a610-44ab-b8cb-87f2087653f2,3250.99,PEN,succeeded,polar,pol_8bc84aa3a3c2b1bf,2026-08-13T10:48:57Z,2026-08-13T10:50:57Z
986dff27-c200-4e33-9bd5-5a3d8c102f0c,5945fb6f-2926-4f60-a89b-9a9f753a9dca,3082.56,PEN,canceled,polar,pol_e68ebc6f795b3001,2026-09-10T11:45:27Z,
9150fbe0-9f06-4fc6-8ee9-d8f894592d0d,1f055d60-be97-47c6-95bc-04d0e31a7cfd,3192.5,PEN,succeeded,polar,pol_e82d1806173e607c,2026-09-14T18:24:11Z,2026-09-14T18:25:11Z
04e39236-a8f6-45c6-b13e-a6d7280064e6,9d0f6ede-5d97-4101-812a-49839a5a8cc7,158.25,PEN,succeeded,polar,pol_364fbb91909936dc,2026-09-08T09:17:07Z,2026-09-08T09:21:07Z
003dff06-afb9-406f-8a57-f1d8b280f894,cfc9f6d8-4814-4510-932c-860d9084da10,2745.34,PEN,canceled,polar,pol_539e7bb4f7714407,2026-08-14T17:08:18Z,
88ca62ca-6f8d-4671-9947-5be0eb16054f,4a479419-8542-4f8b-a858-5228381c25fd,5347.88,PEN,succeeded,polar,pol_973f6b2f5ae7670a,2026-08-05T09:15:12Z,2026-08-05T09:17:12Z
19fa2adb-993f-48ec-b8f8-05e73a8bf6f5,bdedf1cb-f2be-475b-8038-4483ba40f912,5397.85,PEN,succeeded,polar,pol_e0cb3806cb43da19,2026-09-19T08:33:00Z,2026-09-19T08:34:00Z
6981c293-38c9-4a43-9eb6-d023821785fc,e4af89e0-f3d2-414f-8167-f514d7e0db68,2990.75,PEN,succeeded,polar,pol_c4e36a4b903ddd72,2026-08-07T17:36:53Z,2026-08-07T17:39:53Z
6ffd0569-fa4e-4845-8ffa-6fe9281e9dc7,27f716ef-2040-435d-ba93-713b4710910c,3768.1,PEN,succeeded,polar,pol_8091e1412d708a22,2026-09-12T09:22:59Z,2026-09-12T09:25:59Z
c21e30a5-d103-4dca-a2cc-8299bc2da608,764b210a-cc11-4d89-897b-3f19b9405449,4607.76,PEN,succeeded,polar,pol_60db537af6eca522,2026-09-24T14:42:21Z,2026-09-24T14:47:21Z
fd236494-f064-4cfe-8f88-c6ca245ba73c,f066401d-d163-4eef-bf76-def2cf4c2866,1400.03,PEN,succeeded,polar,pol_3bea6e024813f801,2026-08-26T12:26:12Z,2026-08-26T12:27:12Z
ce5b196f-c9ad-48b6-9ecf-55e0fd78a6de,f5703c3a-34a6-46b0-b330-6812491ddd79,505.62,PEN,failed,polar,pol_672e9cfbb64448f8,2026-09-12T06:00:41Z,
c27b0c97-11b7-4d5a-b119-553316f850ad,8c134b18-b59c-4fdc-a78d-d84e030dbe52,4027.01,PEN,succeeded,polar,pol_0bd86316448dd12b,2026-09-12T12:08:46Z,2026-09-12T12:12:46Z
fb800ebe-8bea-49d4-b945-c348677e0e5b,401907e6-a823-4c87-b37d-51c1c608a8c5,134,PEN,succeeded,polar,pol_cbb2b8589e7b71e9,2026-08-05T14:32:36Z,2026-08-05T14:34:36Z
00de8982-024a-4d67-939c-dbd681aa270a,5127cf4f-613a-4dc9-853c-5fc11c78cd2a,819.38,PEN,succeeded,polar,pol_87fdbbbb29357986,2026-09-17T16:05:07Z,2026-09-17T16:08:07Z
189e9d6d-e075-44b7-a2ee-293c3c40d2da,d3ba60d4-f080-4183-a4d7-58a14f09a13e,1759.11,PEN,succeeded,polar,pol_b179b6e914fedfda,2026-07-25T07:29:43Z,2026-07-25T07:30:43Z
9abd3e9a-599c-42a9-a6a5-6adc08d164b3,e91b58f5-4c68-4bd6-896f-b98363c31348,2501.64,PEN,succeeded,polar,pol_d36a76930cd94187,2026-08-08T13:34:35Z,2026-08-08T13:35:35Z
4db94986-e20d-4793-9a86-9010357dcada,b45bdd75-cd1d-4a63-9436-064b8fd79e80,2352.39,PEN,succeeded,polar,pol_66bcf7b10e9ac939,2026-09-16T18:56:47Z,2026-09-16T18:59:47Z
80190fe9-a8f7-4076-b4f3-26042b1bb128,27e1371a-832e-4899-92c5-0081834b14d0,2644.91,PEN,canceled,polar,pol_5b74fb34f1de6aca,2026-09-15T09:45:54Z,
596df9af-7580-4d17-ab02-5b9ded67f40f,eba49f2d-14fb-48af-bcf0-81276056a333,1596.91,PEN,pending,polar,pol_a966214611016603,2026-07-31T14:26:21Z,
dac11ce3-5155-4ffd-8aef-0373951e4fed,e67c2bf1-b8ec-4a06-bbed-9fed0f8ed71b,1025.12,PEN,succeeded,polar,pol_5b9bc1cd5e79d9e3,2026-08-10T15:59:04Z,2026-08-10T15:59:04Z
5699bf21-1528-45d8-ab3a-9250472ebb8f,d0f18c78-2e9c-4e2a-a9b2-5e1ecde753e6,1086.53,PEN,succeeded,polar,pol_563a5f1c7706f239,2026-08-31T11:42:09Z,2026-08-31T11:46:09Z
348a9c8c-835d-4633-8cb8-3d8a157174ad,76837d9b-792b-4822-bb2b-47c4babf01c1,934.89,PEN,succeeded,polar,pol_cb1a4e0d09929013,2026-07-26T07:14:44Z,2026-07-26T07:15:44Z
63869b45-ec3c-4e81-ada2-4057d148f1cb,c4732849-9227-44f3-b720-bdd4aae94638,2857.61,PEN,failed,polar,pol_d796d1a1b7e70168,2026-09-16T16:53:26Z,
418f8ac4-6a7c-42ee-9f4c-f1538e2b2cde,07c09a35-d544-4833-9dfe-1465d541ce1f,2060.1,PEN,succeeded,polar,pol_43b5112fa6f89ea1,2026-09-08T15:30:23Z,2026-09-08T15:34:23Z
f1e9c3af-3eed-44ae-8144-f328258a66f2,14828aa2-1f4b-4610-b00d-39f179a10d42,837.34,PEN,succeeded,polar,pol_83e43e63b1f43820,2026-08-28T09:06:13Z,2026-08-28T09:08:13Z
44f20f09-eb4d-4e4b-bf97-ad47f2037041,f5e8b9c2-5cc8-4750-a9bd-5b4d6f968eb6,3868.16,PEN,failed,polar,pol_8c4650e4b6033335,2026-09-11T18:15:49Z,
e866edb1-93ab-4a50-918c-10a6a1147fec,76a31907-c5e1-4d38-b2ec-a2f03fd54b24,3601.58,PEN,succeeded,polar,pol_f1ae8fced08df079,2026-09-08T13:28:02Z,2026-09-08T13:31:02Z
9ede6b80-2a3e-4f82-9d2d-cda1ae4368e0,42b54bcc-4b66-4995-b240-bb959b78f38b,3067.53,PEN,succeeded,polar,pol_a18b76f5b1656b0a,2026-07-23T11:59:07Z,2026-07-23T11:59:07Z
b0b7a09e-0e07-4bf0-bb92-6484e193bac3,60788fbf-fbe7-4132-b4ae-78f795ae81c8,3733,PEN,succeeded,polar,pol_78b791f9ea515f1a,2026-08-28T13:22:05Z,2026-08-28T13:25:05Z
dd0b8326-bf77-42f2-bb68-dda837f840bb,b4c3ace1-f9ac-414c-be96-f1bda594312b,6925.23,PEN,succeeded,polar,pol_a276d5938476cfe5,2026-08-10T12:43:02Z,2026-08-10T12:44:02Z
13c614e1-4ad7-4352-82b4-8d3e448e09be,7334092e-5b50-4705-82f2-af5279cffe13,2949.91,PEN,failed,polar,pol_920d925c4f607750,2026-08-01T06:40:49Z,
0f9dfd3d-a42d-4efd-ab79-7f08b32198fb,0b387dac-d992-41c2-817a-897640e7e4d5,1216.48,PEN,succeeded,polar,pol_ad984d82751fbe66,2026-09-05T09:52:40Z,2026-09-05T09:55:40Z
c5ddf930-4606-4c67-a783-6eb2d2a427f5,bd8f8f6a-cd18-4320-b6ec-ba758c226788,265.86,PEN,succeeded,polar,pol_656d7a13010a03da,2026-09-28T11:10:58Z,2026-09-28T11:12:58Z
1aa6dccc-ba64-4e1d-9bf9-9ac1dfe30a85,8342fd70-a2d6-4ec0-a894-6c541e18add0,2657.47,PEN,canceled,polar,pol_d38645d6a92efc3c,2026-09-30T11:50:11Z,
39b49961-fef2-46d1-9ba4-2e1d1bdddf58,3bcadaf2-b167-4180-8e22-528d5afda2f3,7690.97,PEN,succeeded,polar,pol_09b3f88a7bc73409,2026-07-21T14:11:02Z,2026-07-21T14:16:02Z
10a581c3-5298-4bb5-9840-be5ac7639fc9,4c846487-ecce-4c83-9e70-20244fed481c,4846.64,PEN,succeeded,polar,pol_dd2ba6dbb7779cf4,2026-07-19T14:39:41Z,2026-07-19T14:44:41Z
abba9b4a-31e1-4de5-9023-517c65abb87a,0096fdb3-8916-42fe-813e-a45d532e0c87,1598.79,PEN,failed,polar,pol_8efba338fe5e1d50,2026-09-09T09:46:11Z,
6d8ed08d-8f1d-49ec-bd35-024dc72dd824,d1fedf6f-63b0-4ece-b9ab-52af2f845037,10519,PEN,succeeded,polar,pol_92225f9e8c953a10,2026-09-14T16:32:21Z,2026-09-14T16:35:21Z
78e142a8-a62f-4b6f-aba2-ec1de9d3ef7e,2995228f-c147-494d-ab3e-1e66c349efb3,349.88,PEN,pending,polar,pol_8dc4e4e90bce1e2b,2026-09-22T09:57:09Z,
14ac8b7d-8907-4928-9553-814ea6717564,76a4bd54-8bc3-4365-b69e-0644e226361c,748.9,PEN,succeeded,polar,pol_e9b9ac4997cca689,2026-07-25T13:19:41Z,2026-07-25T13:23:41Z
c03420ff-2dd8-4420-afcd-c8aa505ab386,7d89c730-662f-4598-b38b-02bde664ab54,1088.67,PEN,succeeded,polar,pol_557cbf585a87f7ba,2026-08-30T12:23:33Z,2026-08-30T12:27:33Z
53e9db6f-ecb6-4ede-b0de-32c5f87310c5,02c81595-e499-4455-aaf4-1ab8b82a9b87,1717.4,PEN,canceled,polar,pol_0af7ac9aa7ee5484,2026-08-21T15:18:10Z,
46572354-f581-484c-adb3-21a9805588c6,9a5a2ce7-d647-453e-884b-c85f6052777e,1441.99,PEN,succeeded,polar,pol_4ed1af7d60da334d,2026-08-08T10:26:19Z,2026-08-08T10:31:19Z
d638e3be-f9b2-4f08-a39a-b49de23e86c0,09c81f91-c870-4bca-85ab-05bd535062b8,3087.16,PEN,failed,polar,pol_88b7f63d85693137,2026-09-13T10:28:31Z,
29c2d192-b672-4cb5-952c-5244cd92759b,52107db7-5d95-41ce-bfe9-c3779b0e9a2f,1364.86,PEN,succeeded,polar,pol_f9703e60c02b36ac,2026-08-02T15:29:48Z,2026-08-02T15:31:48Z
9999dc5e-e410-4214-b9d1-b9b214d30b15,37a3fb3d-28b6-4dc3-8e57-be5c115bb19e,923.4,PEN,failed,polar,pol_66bfd5655e642fa3,2026-08-15T15:23:34Z,
429bed81-4120-4ff5-a842-a01ce9aabb37,fadac234-d1b1-44fd-8e6d-8ba096156c09,4260.45,PEN,succeeded,polar,pol_113784c600054cd4,2026-08-01T06:19:01Z,2026-08-01T06:20:01Z
be1c92fc-4ac1-4123-abea-729a0b9eb254,4113f8ac-416c-43e8-83cf-d8b68de0e78f,4724.25,PEN,pending,polar,pol_c81d81de8c18e496,2026-08-16T14:21:54Z,
9ef24b10-456b-420c-b8f0-f747454f3d6e,052d7983-c3c2-4918-8730-1f42ee6c2854,1238.98,PEN,failed,polar,pol_fbeb15d2313b3b37,2026-07-19T10:40:45Z,
c8f578b8-e389-4d38-8595-b9822351c209,dd29d15d-08e5-411c-b8fe-ec2015bbc8cf,1262.16,PEN,succeeded,polar,pol_691f5e17cbcdbbde,2026-08-13T10:16:50Z,2026-08-13T10:18:50Z
3666eb5b-73f4-4cf5-bc9d-fef8996ef2f6,47411489-638a-4aed-9fb8-6a6a1f70bb1e,2715.53,PEN,succeeded,polar,pol_d39c086fcfce7c7e,2026-09-08T14:45:09Z,2026-09-08T14:50:09Z
d62ee7c5-35c4-4360-96f8-46f40386d5e5,377cf91e-cf4e-4e29-991a-26d9603cf519,1233.3,PEN,succeeded,polar,pol_8842caad918b7a85,2026-07-22T18:56:49Z,2026-07-22T18:59:49Z
6e3b6797-b724-4afc-9219-6e073257afd9,a720f371-b10f-48b7-8f47-5909504a9acf,1204.35,PEN,succeeded,polar,pol_47f6730057efc43a,2026-08-09T15:27:17Z,2026-08-09T15:32:17Z
54259d8b-adc6-413d-af2b-a7d75dcd3c4f,c0d3ec0d-06ca-4e13-af41-0fe7e616a09a,2067.32,PEN,succeeded,polar,pol_dae445dd97afc237,2026-09-27T08:31:17Z,2026-09-27T08:34:17Z
fcd15f2d-7089-4735-afb4-e5945c20f03e,e871cb2a-fe93-45d5-89ca-4de163e51845,5378.31,PEN,succeeded,polar,pol_704d8adc8d7dab82,2026-08-30T14:38:05Z,2026-08-30T14:41:05Z
dde46109-6e81-4723-9d2f-5eccb2de5f44,50be7d39-b9f4-4637-992d-8106ed8831b4,275.39,PEN,failed,polar,pol_6b722ee5977bf883,2026-07-30T18:04:11Z,
bdf70bed-9cf7-4f9d-8fb6-1d2c6f0e7b97,782f259d-271f-4a1f-89a4-1e8b02304dbc,207.88,PEN,failed,polar,pol_af893fa0d67e9d50,2026-08-06T13:03:33Z,
5a30ad24-5eb5-4786-8184-ba5081dc12d2,ca4836db-a1b8-48c1-81fc-17a2240ebc05,3125.66,PEN,pending,polar,pol_03a8bfcd4871f81e,2026-09-24T15:48:35Z,
9483ee86-0c9d-402e-99f8-bfef050193e6,ee7d08ed-0fe6-455b-842b-dd1de236b260,1017.86,PEN,succeeded,polar,pol_c035bbc0dc040a31,2026-09-23T15:23:19Z,2026-09-23T15:28:19Z
459f2d32-2464-486f-9330-504a8d80be3a,55a16d67-3239-47a7-b766-e9d72bdd1d36,4812.57,PEN,succeeded,polar,pol_8f14a027b6290314,2026-07-18T08:02:14Z,2026-07-18T08:06:14Z
6f6c4a05-80fc-4ae3-9d30-9d7541d6f338,88788eb1-8973-4df5-bf5c-a0481c8b29fd,2334.05,PEN,succeeded,polar,pol_b96db63e08038763,2026-09-10T16:14:58Z,2026-09-10T16:18:58Z
ea25b97d-fde6-441f-a3f8-c3086e5a333f,9860daae-c1a1-498d-9120-5c3da9eef06b,3295.83,PEN,succeeded,polar,pol_b175ed5bfb94e8c3,2026-09-06T07:24:09Z,2026-09-06T07:29:09Z
20155c7c-9fd6-4b4b-8f0b-bd384d6bdbd9,6f74fe51-1667-4c32-b568-0583f82ddad3,2985.78,PEN,canceled,polar,pol_2a232e7eb3b0ab1d,2026-08-13T16:01:06Z,
6c0afad6-ed28-464d-b556-b4e0322c4c8a,a85ca0a6-d305-421b-8cfe-14ad41a5557b,769.53,PEN,succeeded,polar,pol_1474882249d72a23,2026-08-27T17:31:00Z,2026-08-27T17:35:00Z
e99e09bf-56b1-45fd-80f1-ff9ae05a2f3e,eb93e6c5-a2de-4020-a1af-7262e1ace9c2,2939.17,PEN,succeeded,polar,pol_75a1ee3263465776,2026-07-23T11:33:43Z,2026-07-23T11:36:43Z
9bb50009-b945-4584-b27e-13921d64febe,8c52d8ea-3a12-468c-b011-2c8dc150f526,1659.56,PEN,succeeded,polar,pol_51300efbb476c99d,2026-08-16T11:19:12Z,2026-08-16T11:23:12Z
25b34922-e115-4ce3-b34a-009c18b115d5,653369f6-b909-450a-b263-d88402406947,1302.58,PEN,succeeded,polar,pol_677952b8aff21c56,2026-08-31T09:01:15Z,2026-08-31T09:03:15Z
71b23cd5-ef94-40b2-b59b-b00f651c6b0e,737a9649-0a7c-4364-85f3-e135071a8cdd,1463.98,PEN,succeeded,polar,pol_b0115af32bfc9d8c,2026-09-10T13:28:49Z,2026-09-10T13:29:49Z
11cd5eda-a4f9-4660-a4e2-cb41aa3c1281,8bba3169-6474-455f-8fe0-10e3ba302078,3049.27,PEN,succeeded,polar,pol_16ed444ed0442f14,2026-09-01T12:32:38Z,2026-09-01T12:33:38Z
8875c06c-2691-4aea-a74c-ef2f20c6cdcc,f1c83f90-17ae-4dfe-915c-7cfbaf439037,920.54,PEN,succeeded,polar,pol_46b2716a5a246cce,2026-09-06T15:54:03Z,2026-09-06T15:57:03Z
8e54b77c-81e3-42b5-93d9-bf30bbb5a050,bfad0f72-a5c7-45be-a191-d7ffa531ec19,3100,PEN,succeeded,polar,pol_16cec8657e12098e,2026-09-01T15:35:51Z,2026-09-01T15:39:51Z
93edd075-3b66-4081-84c5-ae3f0c81f6f7,8be25718-94d4-4a89-b89e-394a46ecdccf,902.7,PEN,succeeded,polar,pol_3ba700c510ab6936,2026-09-14T16:53:30Z,2026-09-14T16:56:30Z
5574e09c-3f3b-4861-a63b-ee4e6caaba17,517ce26f-4fff-4946-a859-6a0ce75aac49,2379.79,PEN,succeeded,polar,pol_5f47613247cbf6ab,2026-07-31T11:28:52Z,2026-07-31T11:33:52Z
39da31e9-a6db-442d-a559-fcb02ac065db,d7dd4bbd-c167-4039-8df5-8f24b4c1003c,960.75,PEN,succeeded,polar,pol_e3f759b30819443a,2026-09-02T16:09:18Z,2026-09-02T16:12:18Z
56bcbe2c-2a05-427d-a024-aff7f4314504,69530f5c-b592-4f6b-94cf-1e66a44e6daf,2424.63,PEN,succeeded,polar,pol_a6a715eace7c04f5,2026-09-25T16:46:09Z,2026-09-25T16:47:09Z
e3743cf6-e33d-4d13-92f6-2698826c6ee9,7765a57c-14f2-4c74-9049-9fe3c8084bfe,4846.47,PEN,succeeded,polar,pol_c60a9ac8a20118a3,2026-09-10T15:56:24Z,2026-09-10T15:58:24Z
6af90dc9-62ff-453f-96f3-07d0584fbbe2,c3d3d90f-3de0-4c74-8b75-c68f7f463905,116.02,PEN,succeeded,polar,pol_f78b729df63ec5db,2026-09-23T13:28:10Z,2026-09-23T13:31:10Z
8b79ab66-aca9-4f2e-8c67-a50d9c5f94f5,b48dc0f2-65f1-4818-936f-bd30290a4c32,7202.08,PEN,canceled,polar,pol_ef798605982e8d9b,2026-07-28T09:03:20Z,
14d3f0a2-4c88-4e68-aab4-64b7745a8426,ebd83e5e-5a0f-48d3-87e2-9874e73af52f,2672.25,PEN,pending,polar,pol_fc989e61e70676b0,2026-07-18T15:05:28Z,
9d3de72a-a147-4bab-b637-78a45d1e4efb,929de9ad-20ad-4aaa-803a-8e77df3f4467,1705.93,PEN,succeeded,polar,pol_8ba2f1f25232a8be,2026-09-04T11:40:26Z,2026-09-04T11:43:26Z
c9d2e18a-9d96-4ff4-bb6e-b7ef44dbeb57,2b7b292b-6a96-4e95-9911-b1327af2ac61,1702.04,PEN,succeeded,polar,pol_9ec2a503e0690a4a,2026-09-24T15:03:41Z,2026-09-24T15:06:41Z
df264440-2db5-4611-896f-9a6840d1af11,8c0148bb-b03d-4d88-b8ed-fe04b7a98d4f,100.52,PEN,succeeded,polar,pol_c2fcd793bb8dc361,2026-09-27T15:59:16Z,2026-09-27T15:59:16Z
62f542d1-1afc-4782-a3f8-32c535440307,1a6ff97c-86fe-4024-8f34-b27e349e76ef,1796.56,PEN,pending,polar,pol_b2840dd79844d9b4,2026-08-13T17:51:14Z,
b69e6e83-7586-40c7-9c1a-963efccccb55,6fa7c5e9-bdbd-4763-b41d-5477d32b3165,1587.04,PEN,succeeded,polar,pol_a4f031cc06f863e8,2026-08-31T14:07:57Z,2026-08-31T14:12:57Z
dc795b6d-4e83-4735-9cc9-34d63b04c53e,74b5d7a2-57b4-49ff-81bc-d620d5f70ddb,1557.14,PEN,pending,polar,pol_0dbdd778ac7b2391,2026-07-28T13:50:09Z,
4dd2e6af-4c85-444c-83a3-6af93ce3dfff,ac59f625-4f00-4f41-a204-ba137fe325b7,608.06,PEN,succeeded,polar,pol_3b980e9caf8c2342,2026-08-28T11:23:45Z,2026-08-28T11:28:45Z
32c7ee0e-087f-4dde-abd8-ddf33994d4a0,3c56719e-a861-4b62-b4fe-264a3c4c96dc,6367.93,PEN,succeeded,polar,pol_f681bac58497915c,2026-09-18T09:50:15Z,2026-09-18T09:52:15Z
136c20ac-5084-4bee-9869-639045eb88ef,a519e8b0-fdbb-44b4-8f3a-574119801cb6,2129.78,PEN,succeeded,polar,pol_2ffb94cc2af24bbb,2026-08-13T17:59:07Z,2026-08-13T17:59:07Z
4f05b774-16ed-4ac1-8b15-079e503eded5,bb783a79-149b-4e5f-9105-e8a329773e12,3073.01,PEN,succeeded,polar,pol_252b2b21d5e1a27b,2026-07-27T11:28:19Z,2026-07-27T11:31:19Z
1a52b164-f0a5-430d-a4a6-3c81775749b8,a88507d6-0cfa-4705-9101-e925483c7dc5,173.58,PEN,failed,polar,pol_409818297ace7967,2026-08-24T15:14:36Z,
7c80ffc8-ba1f-4261-a844-c27dbf4027bd,e0dfd6e1-407f-4226-a26f-8d7d4540d3f7,4266.71,PEN,canceled,polar,pol_68aebed8861d99be,2026-08-10T09:19:57Z,
75a3eab2-6a16-4a49-bd89-9614d2b0eaf4,495c794e-fff8-4ef1-bcb6-2fe7a74b03a6,3523.72,PEN,succeeded,polar,pol_f8843c7f60b6e9ec,2026-09-12T15:36:47Z,2026-09-12T15:41:47Z
7143eb5a-2cff-483b-bcf2-fc95cafdc73d,c69bed1b-5dc1-4868-bcde-ba75722965ed,1703.62,PEN,succeeded,polar,pol_611c0d934082f770,2026-07-21T13:46:21Z,2026-07-21T13:49:21Z
35338076-24bf-4ad3-b49c-90400744faa2,aeb15ad6-cf3b-45c8-97ce-7bb6af5a5b56,870.68,PEN,succeeded,polar,pol_e352fcc4f08e50d5,2026-09-02T11:19:01Z,2026-09-02T11:22:01Z
935cfb0b-279c-4241-a63c-f3f40ee5bacb,21c093e9-37a3-4b25-a78c-f9d70cc12f15,499.56,PEN,succeeded,polar,pol_4ad7d4add55ef208,2026-09-23T10:14:06Z,2026-09-23T10:15:06Z
b5c40b1b-2285-4112-a2e2-38173d33aaef,d5b298e7-1a49-4ad6-b154-7107c1ce8c40,1545.52,PEN,failed,polar,pol_714b82c6dbb1133d,2026-08-25T18:21:52Z,
121fc10f-a356-43ad-8f38-2ac5e5833d58,504589cc-befd-4b4b-ba9c-ab5f20a1a177,10630.56,PEN,failed,polar,pol_9da7a4960167fdb6,2026-08-19T12:45:40Z,
cc8bfc23-7d2b-4cb7-a61b-8de22d59db09,bd4f6f73-0eea-49ea-a1e4-8b08b2f95fc8,788.22,PEN,failed,polar,pol_877175f9a432aeb2,2026-08-23T10:02:42Z,
5702ed3d-29fb-4ff0-a9f7-42535dfbdf3e,03075d3b-d2f5-496b-b6ca-668a318f63cd,2446.5,PEN,failed,polar,pol_b4759dac19b1e7fc,2026-09-02T09:26:05Z,
7edccfc1-8d6c-4ddb-bd58-8cc1a0a996b8,dcb295e1-9e7d-4721-80d9-b94c08adc258,7437.23,PEN,succeeded,polar,pol_e4b93c419944a9bb,2026-08-11T10:03:24Z,2026-08-11T10:06:24Z
20013a89-f82d-42bf-8f23-f7d376380ef9,030c440a-db4a-4f67-8ff9-208a2722cef7,2567.91,PEN,canceled,polar,pol_45c09a52490d63aa,2026-07-27T16:37:47Z,
0a94fb9f-6afe-4f5f-b1b6-5ba6d3602da2,1f7b049f-5d1c-43be-a2a9-d22823c58647,1534.9,PEN,succeeded,polar,pol_19429495cc851406,2026-08-19T10:47:23Z,2026-08-19T10:52:23Z
6e43f23a-cb52-4877-b1d6-c36be2299af3,82f599bf-f71b-4b69-b5a9-0e104c8506b7,841.2,PEN,succeeded,polar,pol_73ad7f4a7c334e3e,2026-09-15T15:18:49Z,2026-09-15T15:21:49Z
b18994cf-2e84-4bc8-896f-d1717ee9dbcc,ee023a2b-4213-481b-99ac-bed7d31a9a49,1534.05,PEN,succeeded,polar,pol_cc489b7d6bc9c696,2026-09-01T09:13:16Z,2026-09-01T09:15:16Z
cd968446-19ba-485c-bdb8-abd24efcb0cd,dfebac44-4b94-4e60-88ee-4492cd6c08c8,2921.4,PEN,succeeded,polar,pol_79e5456f97b1069e,2026-08-29T10:32:47Z,2026-08-29T10:37:47Z
7683fac5-7d9c-4fdc-9f76-16633a26659a,0fefafe3-a7e0-40cf-9005-735493bb80d5,368.5,PEN,succeeded,polar,pol_4272d49552874e17,2026-07-25T12:51:04Z,2026-07-25T12:55:04Z
0a673d27-5310-4b59-a782-d426f03e85b3,3b37c207-0100-4b14-8ee1-eb1b5d271f30,209.41,PEN,succeeded,polar,pol_630b865826e61913,2026-08-15T08:48:02Z,2026-08-15T08:52:02Z
91690e35-7f4c-411c-b4c5-2a84cbc8d5c4,e9cd9965-96de-400b-9fe2-af75bb15fc6d,2898.28,PEN,canceled,polar,pol_fca411e855a4e35f,2026-08-10T11:13:08Z,
18ef8223-f669-4b82-b6f6-4dd6b8d0f5f5,2560d45e-d7bb-4234-aeec-280ae23575f5,4517.58,PEN,pending,polar,pol_07b1d8af617b63a2,2026-07-23T14:22:18Z,
a60de066-9089-455b-8c4e-95e85b30b5e7,0a8cee76-69d5-4ffe-b1e8-aeff0049e330,3461.08,PEN,pending,polar,pol_a4e929a5cbfdb589,2026-07-21T11:35:58Z,
dcfbac7e-fa29-42e2-abc4-4233bebb753b,006fbb53-21c7-4bcd-a750-056b902a676d,4808.25,PEN,succeeded,polar,pol_80f3db90c86c50ed,2026-07-30T14:50:38Z,2026-07-30T14:53:38Z
28a8bf44-bcb3-4f2a-84c8-caa0c44cda3f,120c8c58-12bc-45de-94a1-19045a181492,972.24,PEN,succeeded,polar,pol_3b72658db0818e53,2026-07-21T16:19:14Z,2026-07-21T16:23:14Z
32f2b051-2b7d-40eb-a01f-4cd1c48d80be,facee6a6-5a90-4324-b448-caf0b2f64ffe,1169.59,PEN,succeeded,polar,pol_d8563df29839d79e,2026-09-06T14:00:53Z,2026-09-06T14:05:53Z
e9c4c497-591d-4b0a-8d31-1f392fdad420,6d2a6868-fa14-45fb-8c69-cae91959ed1b,443.29,PEN,canceled,polar,pol_cd8f24d83b485568,2026-07-30T14:15:30Z,
857e5f3e-d25a-4091-8a2a-cf598b09809f,9970bb9c-9303-479b-8ac2-758d1a8af464,446.24,PEN,succeeded,polar,pol_86a2cc918cd16edd,2026-08-10T10:05:27Z,2026-08-10T10:08:27Z
be9bedce-05e1-4887-9b9e-fc677b07175a,157a4468-6c63-4c51-aae8-e93627064d73,7244.25,PEN,succeeded,polar,pol_540cfda2baf68585,2026-08-08T15:55:05Z,2026-08-08T15:59:05Z
3c1c886d-85b6-42e1-a50c-caff0e0a664d,5bf85c2e-07b1-4a49-82e6-66c19ef0a3de,737.34,PEN,succeeded,polar,pol_55dab72df68006e8,2026-08-07T10:54:28Z,2026-08-07T10:59:28Z
679db9f5-c4fd-4e82-8e9f-040463f7e68a,1e210931-feaa-4aae-8750-59693164c5b1,3990.47,PEN,succeeded,polar,pol_02fe3c0c4cdd8aaa,2026-08-04T18:41:37Z,2026-08-04T18:45:37Z
9f9f74d9-747c-422d-be7b-a17d01a06d51,8453b2c5-016f-4882-b37b-1e45c848e3da,8471.92,PEN,failed,polar,pol_53aa99489e65b4e3,2026-08-12T14:43:37Z,
170e6991-5182-441f-8233-e3fbd82eb473,634cdeaf-aff5-432d-95c6-10896a9dd845,1721.41,PEN,succeeded,polar,pol_247cfd89a862b09a,2026-09-01T17:47:49Z,2026-09-01T17:48:49Z
e4670a91-7dea-4de9-b500-f14b5ba5a47b,77ec40e9-a1eb-42d2-a0f7-52c722434359,3053.6,PEN,pending,polar,pol_c82e7b47bb66a439,2026-09-11T17:32:39Z,
08a43510-c85a-481f-a296-ad9f69730d07,6f9c6282-c2fc-4be3-b366-682ffd563bfd,577.36,PEN,succeeded,polar,pol_400b1dc805668559,2026-08-02T08:19:45Z,2026-08-02T08:20:45Z
378021e9-a988-4278-937a-ce997f50025e,360f74f5-153b-4fce-99be-68edaa9efee5,3148.81,PEN,succeeded,polar,pol_8b9c2bf3400e8086,2026-09-02T11:42:04Z,2026-09-02T11:46:04Z
5beb7153-f407-48c6-a817-b59c8d30e0bc,9e6ec0f3-ed63-40c1-bf09-4c649bf673dc,7610.48,PEN,succeeded,polar,pol_2f11159df551249a,2026-08-28T18:06:55Z,2026-08-28T18:08:55Z
cf2df0a4-5c80-44b9-b9f2-a559595c8768,d323543e-5a7b-4516-b718-8c3bb1cdeed0,5613.86,PEN,failed,polar,pol_68593ea0b8d1e2e6,2026-09-08T16:19:41Z,
5e55668a-bbfd-4258-a835-4786197ec01f,9c835a02-0e11-473e-98a4-3cf45cf9cb42,4678.63,PEN,canceled,polar,pol_f13d565be504367f,2026-09-17T14:25:12Z,
742f2c54-9912-406a-97d5-0ea661f235f8,d571bacf-3ba4-4a99-94aa-f75e04ebe46b,935.62,PEN,pending,polar,pol_64b13480e2d01627,2026-09-15T10:10:40Z,
5261e367-d051-48f8-9abe-0f03166f86ae,83f747ce-93c7-4254-8ea4-0d1c9d26fffd,392.64,PEN,succeeded,polar,pol_a0d19710ed738188,2026-08-02T12:21:09Z,2026-08-02T12:23:09Z
f3ed0339-c26b-4dd6-8da0-d9c3a3c57048,a34b7507-d468-4cb7-a69f-52478c732303,569.58,PEN,succeeded,polar,pol_d9f02d6b364e6119,2026-08-06T10:49:40Z,2026-08-06T10:54:40Z
ca4a5fb2-e4fd-40df-9474-0e0cde478a5a,9331ff21-4a7c-4c45-a7b6-6af0c210a7aa,1104.66,PEN,pending,polar,pol_2b747132c39e54a8,2026-08-03T17:50:44Z,
1e6c3627-9b55-4975-9fe0-cfa8af74e60f,c2947532-6752-4beb-ad3d-b608cad41134,2671.89,PEN,succeeded,polar,pol_b0be4872012d7950,2026-08-08T10:26:16Z,2026-08-08T10:29:16Z
a8f53b90-87eb-4477-81bd-75e1c6fe1e00,e2d4a345-6144-44fe-b621-e094eefad341,1527.5,PEN,succeeded,polar,pol_17dc68a310c39768,2026-08-12T12:19:58Z,2026-08-12T12:23:58Z
37395f37-d0ca-4a6f-bfba-d01b6482875e,69610d2b-7d98-4df9-be64-b9af15201235,3975.5,PEN,succeeded,polar,pol_e042059b70d0b870,2026-09-15T15:11:05Z,2026-09-15T15:14:05Z
1a8e1d26-9e50-4214-9b2b-e5c35433d99d,b23c27e5-6794-4ba0-86e9-02351a1dc9ac,964.62,PEN,succeeded,polar,pol_0c1853cf90214035,2026-09-24T16:38:54Z,2026-09-24T16:43:54Z
a82aa893-9fe5-4db4-8012-5e536a2f13ff,2fed6ab9-8aad-4d5c-b8e5-d36788fece33,7780.85,PEN,succeeded,polar,pol_d05ed3b72bf09df4,2026-09-22T12:35:09Z,2026-09-22T12:38:09Z
1529ab31-56bd-4405-bcc9-074d9b6ee754,a22d3406-72f0-4124-8aea-3e4a94b96312,2499.77,PEN,succeeded,polar,pol_b479be47d4359007,2026-08-09T06:02:58Z,2026-08-09T06:07:58Z
2b874c35-1b25-45ab-a7df-01d4ad78c429,04f24bbc-47bc-4153-8f74-45d40690211e,2249.76,PEN,failed,polar,pol_61a3eb762ff16cb3,2026-08-15T13:48:57Z,
e67d9486-5a27-48c9-bed8-31fbd69496a6,ffe2f234-4050-48c3-b0f2-c80b2aedea82,1300.24,PEN,succeeded,polar,pol_30e217080e1fb8d8,2026-08-20T18:13:26Z,2026-08-20T18:15:26Z
3dcbe264-881c-4e15-bdb6-71e8c14a374c,a2390564-867b-42d4-b26c-4d0ed7023a78,3305.07,PEN,succeeded,polar,pol_bb537a6c11e90aaa,2026-08-23T14:14:30Z,2026-08-23T14:18:30Z
a679de19-23ac-443f-9173-ada90c716d03,28d3e845-8141-408a-aac1-375ca0dcee48,266.92,PEN,succeeded,polar,pol_bb4b62207df4216b,2026-09-28T14:30:42Z,2026-09-28T14:35:42Z
17467e7e-2cdb-4f6e-8de3-a40e81fea7d9,dcf112be-9960-47df-8922-3c29f82be509,2026.36,PEN,succeeded,polar,pol_520a2222cbfb21c6,2026-09-07T17:42:39Z,2026-09-07T17:47:39Z
0730e709-ecf0-4014-b4b1-d65abf7da808,36dd5878-e7a9-4502-9f1a-1089935faabb,7695.23,PEN,succeeded,polar,pol_bc54144e417798f9,2026-08-29T13:16:20Z,2026-08-29T13:20:20Z
87385a11-16fb-465b-8e98-09b8692916b5,9a000d3d-e2d9-40f5-935e-cfc625526431,5036.72,PEN,succeeded,polar,pol_cedfefea9410cbfb,2026-07-21T13:43:50Z,2026-07-21T13:48:50Z
5ce21f7c-1b4d-4bdd-be03-4f1d47d49c93,c888661c-4b1f-48a4-8300-eb87530553a4,2415.44,PEN,succeeded,polar,pol_c4be73d0534e4b16,2026-09-02T11:00:38Z,2026-09-02T11:04:38Z
d93a38da-c177-4d9d-b110-e0b2baffcbc2,424433ed-fb96-4260-a13d-9096be558a8f,612.74,PEN,succeeded,polar,pol_1f41f21aa4be8ff6,2026-07-25T11:56:11Z,2026-07-25T11:58:11Z
c4601f47-21ea-4924-abae-70937a2db348,dc226eef-ef35-4c1d-9bf5-7cb7a9f5b823,3360.82,PEN,succeeded,polar,pol_fa7c94d87c6a09e3,2026-07-30T09:05:00Z,2026-07-30T09:08:00Z
3a2846b0-4015-4152-b78f-a5113e9d27b1,4bfd4ba6-df6c-439a-8e32-4d2cf52626a1,549.42,PEN,succeeded,polar,pol_31d7e203f27c40dc,2026-09-14T14:04:06Z,2026-09-14T14:08:06Z
04f7bed1-c71f-4db8-8654-60af852516e4,63e8f135-984d-4257-85cb-ac33006b1974,8562.96,PEN,succeeded,polar,pol_46aeba38aada38dd,2026-09-12T08:01:34Z,2026-09-12T08:03:34Z
8f05ee30-ff74-4152-a89a-c931edeb31a0,f9fc12bb-fa04-4875-b612-47a6d6a43405,2742.07,PEN,succeeded,polar,pol_2666fc6209ea0b31,2026-09-20T08:29:09Z,2026-09-20T08:32:09Z
2fb7cf57-0fa3-44a3-ad63-3ce4fee545d9,78758b24-42e8-4a95-8699-cffd2d51828e,1278.18,PEN,succeeded,polar,pol_3ccd6690610db2fb,2026-08-04T11:39:25Z,2026-08-04T11:40:25Z
cf47e0ef-ea9c-4fff-a1b0-24c48a8b2cc3,e9d7fa47-4771-4b4a-9d53-a3c80f9ce012,759.44,PEN,succeeded,polar,pol_b2e07971861f3028,2026-09-15T18:12:56Z,2026-09-15T18:17:56Z
cd6276b8-bcd5-4fd7-81b1-80bac891f35b,8677efb0-d043-4bd5-9a56-1672b10dc87f,5040.77,PEN,succeeded,polar,pol_8690e41ee959f092,2026-08-13T11:17:43Z,2026-08-13T11:20:43Z
2d5120a1-71ac-465e-b2bd-d50f642fcc66,7f99dff6-5076-47b9-896f-6cae280dadea,1033.66,PEN,succeeded,polar,pol_76220d762c73a4c4,2026-09-08T17:45:52Z,2026-09-08T17:47:52Z
da7b9b93-d338-427c-8bb9-ec38a961a907,6e341c95-4545-41d2-92e2-c2ae1c355219,269.52,PEN,failed,polar,pol_e552e43caf223388,2026-08-21T16:15:20Z,
18e5c755-3e70-4064-888e-8e580252a633,b8d5288b-9cf6-4c3a-8d82-e141ddef89d2,4990.68,PEN,succeeded,polar,pol_cf6119e051dea8df,2026-09-06T14:18:40Z,2026-09-06T14:20:40Z
5c0880fc-48f4-417f-8ad3-52cecfddbda5,bc993ba9-ef11-41a4-9073-ae6d4ac2507a,405.52,PEN,pending,polar,pol_71fafb1f79fd1456,2026-08-31T11:58:40Z,
195127c5-c4bd-4e02-94ac-108b433edfe8,b1bf4c94-1716-4454-ad25-3e37334efbc1,342.4,PEN,succeeded,polar,pol_3f1c506d51c5f1e0,2026-07-25T07:49:56Z,2026-07-25T07:52:56Z
e31726fa-34ed-45f2-b76a-bbdf7cc68952,9b4e027d-908c-4e4a-99f7-9738932142d5,842.58,PEN,succeeded,polar,pol_cc88d5da153aed62,2026-09-15T17:20:04Z,2026-09-15T17:21:04Z
71000082-d3a1-4ff5-8252-6f2230476638,50920073-e87c-4098-84e1-9b003d1a0a09,1992.31,PEN,succeeded,polar,pol_185c17812e3ab0fa,2026-09-28T09:25:07Z,2026-09-28T09:30:07Z
f02a079e-40be-4cd3-a1fa-8728b6c43348,debf54cc-eb7c-4277-b394-7be00fc31e08,1581.96,PEN,succeeded,polar,pol_1198e747a845cdf1,2026-08-27T12:23:03Z,2026-08-27T12:26:03Z
03596329-d1ab-4aa9-831f-1b4ffabc21d0,c5b653dc-dc1a-4c65-97a6-f25813f0fd70,791.49,PEN,succeeded,polar,pol_2a99ffa23dc428da,2026-07-28T14:08:28Z,2026-07-28T14:10:28Z
dcb5af56-4750-4443-b890-4f1980aa761f,2c38668f-6784-4892-86c4-25f858d94388,12260.95,PEN,succeeded,polar,pol_d9eedaec3112f723,2026-07-22T13:25:58Z,2026-07-22T13:27:58Z
a9041d2a-dda5-4d47-a9ad-3aa1ff24e4ea,5833a9cf-e2f9-4cae-b29a-c7c1f00c4089,2473.37,PEN,succeeded,polar,pol_681501e48ffbf67e,2026-08-25T10:36:37Z,2026-08-25T10:39:37Z
ccdc79bf-6351-4bc3-bc60-7d3b941d1918,2ad84e00-1147-4f67-8063-a5938b031014,124.48,PEN,succeeded,polar,pol_260fbb9680acf734,2026-08-03T10:51:21Z,2026-08-03T10:55:21Z
15fdf736-9c30-453c-9b03-2a86fabc750d,b5f75098-df12-416a-854b-38f33fdb2220,1774.24,PEN,succeeded,polar,pol_00d4bfce1957462a,2026-08-26T09:21:23Z,2026-08-26T09:24:23Z
07c64013-45be-4063-b4ef-95b698b19274,a16e1b31-5274-404c-9fad-0a40495217cc,542.83,PEN,succeeded,polar,pol_529b9b7f641c577b,2026-08-25T11:15:24Z,2026-08-25T11:16:24Z
715f1476-bd43-4fb4-ab12-21ff51c1f2d0,24bd2af9-45d7-4367-8b34-52d66cfff2e8,2455.72,PEN,pending,polar,pol_7c6043556f81e444,2026-09-07T09:40:14Z,
d2e0fcc9-8279-4362-b1fe-3d61b0f5f0fc,cd3609ed-8006-49e6-a4c5-b6318cba7da3,1668.32,PEN,pending,polar,pol_b5065d48e6eb766b,2026-08-20T15:12:38Z,
6b555935-fe48-4558-8086-47906e0dbb32,1fc71c4b-8706-4834-8c2f-d659faa802bd,1714.34,PEN,succeeded,polar,pol_985425a62c7a6915,2026-09-12T09:49:57Z,2026-09-12T09:52:57Z
17b8fb55-3640-4e8a-b03b-a0ac0ec53c9c,c4ec47c0-5a96-4e8f-994e-5e830144e91f,2507.39,PEN,succeeded,polar,pol_625ea329bbd305e8,2026-08-20T17:07:08Z,2026-08-20T17:08:08Z
94da3f28-a10e-41ac-9d82-30f20119d818,0a97bc1b-28ee-489a-82bb-f2b73d311688,1376.28,PEN,succeeded,polar,pol_40b432e164be8604,2026-09-29T12:52:11Z,2026-09-29T12:55:11Z
23983de6-e628-4d28-813a-2ca29dd47752,4b9ecf6d-c284-4307-87e7-29ada3c2b5ef,5836.45,PEN,succeeded,polar,pol_3fd7b1b11dc45eeb,2026-08-11T10:59:31Z,2026-08-11T10:59:31Z
43f2f741-ac6d-4ee1-99aa-9558e2c45293,e614917b-4d8b-4b4f-a015-1712c4b86a0e,4844.56,PEN,canceled,polar,pol_633e4030fa57283f,2026-08-03T12:05:23Z,
a1dca409-cc08-4f3b-93fa-b84bb5ad44af,8ceba01d-1e1d-4c39-93a9-4eaaf05394df,196.52,PEN,succeeded,polar,pol_ba99785f2e38d908,2026-09-10T14:33:10Z,2026-09-10T14:34:10Z
accea512-029d-4b67-8988-0c9813630055,05c5690d-a15b-48b6-9c94-c83e84f7063b,918.71,PEN,succeeded,polar,pol_d5091fe06bdd80a9,2026-09-08T18:05:13Z,2026-09-08T18:08:13Z
abcbd215-8f0e-4391-b963-36a6629537f9,140a917a-fef1-4612-9012-cb506947b2ba,750.41,PEN,succeeded,polar,pol_5e0dc04e30e8efdf,2026-07-18T12:57:39Z,2026-07-18T12:58:39Z
8a424d65-8b43-48fb-962e-dba783cc584e,f6bfa1ae-54aa-4180-9854-a5518a1643aa,2158.59,PEN,succeeded,polar,pol_a199569696d5dd7a,2026-09-09T12:43:01Z,2026-09-09T12:45:01Z
bd4d3269-7ffd-4d91-ab90-29288b6eebe9,dd9945c0-3200-4429-8928-291d8c2755b2,595.67,PEN,succeeded,polar,pol_098f4ab5f4f1241c,2026-09-05T14:29:57Z,2026-09-05T14:33:57Z
f682e1bb-16c1-445b-a6ba-6bc45137639f,f4c7d1e8-9a88-4322-9242-f55c4accdd31,1631.1,PEN,pending,polar,pol_4e6854c65ddd0aa4,2026-09-10T16:36:23Z,
c81a1533-0aa7-4eb3-99f0-3a585300f9a4,01972697-8ef7-4e83-9244-406f1458c0ce,2244.59,PEN,succeeded,polar,pol_504058b1830772f1,2026-09-14T10:46:38Z,2026-09-14T10:51:38Z
9f9789e2-827b-4b9e-a8c4-62dc3811a046,efe99e22-ddb9-432b-ab47-022df686ebca,7579.71,PEN,failed,polar,pol_873b8c0492de6e64,2026-07-26T11:01:10Z,
670a0bec-8dd7-4c6d-8012-c2e288b569ca,e0c45f68-8d9b-4f31-9e61-8da04663d993,4068.19,PEN,succeeded,polar,pol_75d857b605e38558,2026-08-26T09:05:20Z,2026-08-26T09:07:20Z
0fb27685-64ed-4f72-a34a-5b4f90d4e953,75f6fc33-2a27-48c0-8283-68f7405a049f,3563.34,PEN,succeeded,polar,pol_7847e4b8af404540,2026-09-29T13:23:04Z,2026-09-29T13:25:04Z
74f00634-5b88-4324-aef5-11ee45bf4de8,aec81b10-785e-4a77-abad-d06b19400f7c,5902.11,PEN,succeeded,polar,pol_3a7086c787863d43,2026-09-04T14:21:43Z,2026-09-04T14:24:43Z
7d3219e8-8f9b-4ed1-a9a6-254eeb8d33e0,3ed27f09-8aa3-4767-b5f8-65145d72a2be,212.66,PEN,succeeded,polar,pol_d1ae1e1bd18165e2,2026-08-28T18:52:17Z,2026-08-28T18:54:17Z
0a8c76ab-bc7f-41c4-8aaa-9e239cfd8410,b310e1b2-d06d-4772-bd48-06c0772b345a,227.25,PEN,succeeded,polar,pol_2a196db119bb508b,2026-08-20T18:44:27Z,2026-08-20T18:49:27Z
10948b8a-86a2-46f1-a542-edc4686c81e3,06f5b000-7f42-41b4-a87e-a7f0e5bbe771,1041.58,PEN,succeeded,polar,pol_1080b93d05f4f1d0,2026-08-20T18:35:25Z,2026-08-20T18:38:25Z
28ab26b1-046e-4743-9813-0b86670dfad9,8162cd3d-662e-4df8-b9eb-a46a1f253d8b,6606.6,PEN,pending,polar,pol_8749a56c80a5bb34,2026-09-28T17:06:06Z,
b978ad55-7cad-4c7d-bd03-a42c23ce7707,d9e10a5f-9d11-4b0b-be90-933e68c4dad0,1050.45,PEN,failed,polar,pol_ad31f83af4e6d76f,2026-09-24T14:00:58Z,
e8cd631e-01b7-47ca-9838-8cafb324f769,56694ae1-713d-4339-a5b0-623d7962b4ee,525.11,PEN,succeeded,polar,pol_b18a5a9b5694aeda,2026-09-03T17:40:56Z,2026-09-03T17:44:56Z
bd6bb901-b9d7-429d-b6bf-5735bd209164,1ccbdd4b-16d7-473b-9ff9-ed1701b60c34,3126.74,PEN,succeeded,polar,pol_23fe0f5a235ae6d4,2026-09-27T09:37:20Z,2026-09-27T09:39:20Z
ab72aeb8-00ca-459a-b5f7-4fef6a17dea6,36cd7f88-d5d5-4a00-b2c9-21774221178a,637.2,PEN,succeeded,polar,pol_4e6226e44579e191,2026-08-12T14:14:12Z,2026-08-12T14:16:12Z
293decef-ee4f-4412-9adc-c320966c839a,83682188-f133-4098-b2b7-d1770fcca308,825.43,PEN,succeeded,polar,pol_fb8e8e58c0506561,2026-07-25T13:10:40Z,2026-07-25T13:15:40Z
aa74eabe-12c6-4d4d-b1e6-16a122e466e6,6e460273-2f3c-4fa6-be8d-e492297789ab,1855.43,PEN,succeeded,polar,pol_03f05551cf70d17d,2026-07-31T17:02:56Z,2026-07-31T17:06:56Z
8e561613-a92e-49d3-855a-f5be7fe23348,e461470e-a028-41b0-b2ae-09b20b3a3aaf,658.82,PEN,canceled,polar,pol_2a30ef6ea810d9d6,2026-08-20T13:44:04Z,
6f2a4185-fafe-45f4-b196-68094b9b4b7d,389a41ea-4b57-4440-bfe3-a1af589c7806,3962.07,PEN,succeeded,polar,pol_95b266bb705686fb,2026-09-08T16:55:12Z,2026-09-08T16:59:12Z
0bcb2dfb-7846-482a-b108-714acbacda54,6c86efa8-e6e8-4872-9318-fadf13efa71a,3039.24,PEN,failed,polar,pol_7c2620049608b9b7,2026-07-30T10:42:24Z,
f528a7f7-0bc6-4533-9aed-16a3f46f7194,2312df73-1bf9-4b2c-8df5-2f254b553477,5752.76,PEN,succeeded,polar,pol_0d83c09ee5000ff8,2026-08-29T09:33:21Z,2026-08-29T09:38:21Z
0e278589-3c65-4faf-9f9f-59be065bf676,4b4909ed-eb50-491e-b1e0-83bde4ae5b23,57.1,PEN,pending,polar,pol_7a74d99c9f28502a,2026-08-28T11:15:29Z,
22030a27-1b7d-4657-9228-c6c7f2c4ba18,780d73b0-804e-45fc-b5be-5181365fd9b4,2455.13,PEN,succeeded,polar,pol_2d76a913d36351ef,2026-09-30T15:24:52Z,2026-09-30T15:25:52Z
62c49b5e-c5d0-441d-80b6-b0896e05e2c4,e5c2bf47-b647-4ab3-b1dc-b5e46130e2c0,363.91,PEN,succeeded,polar,pol_73f098f7ececa0e0,2026-08-09T13:47:38Z,2026-08-09T13:51:38Z
1f9d8c38-07c2-40fb-b847-41c42ef298dd,3f69d1c4-f872-4f62-acff-1696e64ad518,221.76,PEN,succeeded,polar,pol_179644a8e3a074ea,2026-09-06T13:21:58Z,2026-09-06T13:25:58Z
84ed8e5d-3b8d-4a35-958d-584e7e875e70,56b68be1-79ea-4ca5-9365-fcae6cacddf2,11010.41,PEN,succeeded,polar,pol_784769b50c0b27a8,2026-07-23T09:04:53Z,2026-07-23T09:06:53Z
76dbebb5-e253-47c3-a272-4693b9cdb8da,e239adde-c59c-4989-8113-25373d658035,6537.81,PEN,succeeded,polar,pol_f3c1d448a7fef493,2026-08-25T15:53:24Z,2026-08-25T15:54:24Z
81007662-5a41-4f40-a2c9-faaa0c09dd61,95b28901-6acd-4b0c-9538-6aa647da38f1,478.7,PEN,succeeded,polar,pol_04e3c6e7abdd5a75,2026-09-23T10:59:46Z,2026-09-23T10:59:46Z
f8216af9-1d8e-4eeb-956e-951745769663,cc76cd8d-c2a6-4eeb-a86d-b684a12143c3,3121.78,PEN,succeeded,polar,pol_8115dd0f31e446c9,2026-07-25T15:25:42Z,2026-07-25T15:29:42Z
7a98cde9-0bc9-438d-a23a-0a3082b9f0d9,751e44fa-9c95-4fbb-ad67-3c95922a2f76,5240.64,PEN,succeeded,polar,pol_70d83d358d39406b,2026-09-07T11:40:34Z,2026-09-07T11:44:34Z
8ba7376b-a6e6-4c7f-bd04-f4c290d545d7,b78be643-0653-4018-ae11-68d980081032,1377.01,PEN,succeeded,polar,pol_509558bd7d0d1578,2026-09-07T12:01:45Z,2026-09-07T12:06:45Z
6cd2352a-24fd-437a-b0c0-562802cecde1,461c1662-a7f6-4e17-8351-257e569a4160,2213.92,PEN,succeeded,polar,pol_277c323c01a3b810,2026-09-04T18:52:00Z,2026-09-04T18:57:00Z
e715f56c-dcf2-4c76-a704-4af5854c4a41,2038bf60-20b5-4857-9da8-64993d5e567f,2830.46,PEN,succeeded,polar,pol_c96f7e510ea7d403,2026-09-23T09:50:19Z,2026-09-23T09:53:19Z
b4d75c86-95f0-4325-9dcd-c494940d69b3,0e526791-1e47-4a8e-9e0f-d61bd80c6cae,154.56,PEN,succeeded,polar,pol_5418d2fb25545cce,2026-08-23T06:16:57Z,2026-08-23T06:21:57Z
cfd831f9-cec4-4563-ae36-4bba402fad51,6732aa34-05a0-4535-af1e-73fd05241540,948.58,PEN,canceled,polar,pol_718b27d5744298c6,2026-08-16T09:06:51Z,
a0228433-67a2-4e65-9f0c-30ae6ad2e66c,ca916cfc-3eca-4c3a-935f-b0c8656a7a4c,899.31,PEN,succeeded,polar,pol_9a5be425ab4797df,2026-07-28T18:11:03Z,2026-07-28T18:12:03Z
550be1d5-5ac6-405b-a13d-77956476cadb,9aa1223c-71e8-4932-ae69-b1301340a316,4986.16,PEN,succeeded,polar,pol_b81846c5951502cf,2026-08-11T11:21:40Z,2026-08-11T11:25:40Z
1a8513d5-c10e-44b2-aff3-1e54f931aa2e,9d2e246b-5242-420a-abad-5b6077e046a8,968.34,PEN,succeeded,polar,pol_0a061ab852cb33e5,2026-08-16T15:52:39Z,2026-08-16T15:56:39Z
8131d68a-7f35-44d2-a11d-ac207e668817,e7dc3180-496c-4c7a-b38e-cf8e8b7e637b,10897.24,PEN,succeeded,polar,pol_886d361e2a5a8659,2026-08-17T09:49:35Z,2026-08-17T09:52:35Z
d23034ea-3a9e-48c6-963f-b6bfeb3184fa,21ff251c-2c52-468f-8d73-bd3ff8cf772d,111.28,PEN,succeeded,polar,pol_dd636fe3e11f69de,2026-09-07T16:27:26Z,2026-09-07T16:31:26Z
8c97bf56-0034-4086-9c0b-d1dc941e59b7,53c519a3-8a52-4e6d-9b68-173877573aef,1767.96,PEN,succeeded,polar,pol_a8061c22849de827,2026-09-30T10:53:25Z,2026-09-30T10:56:25Z
7f95f5bb-5827-4b32-934b-0bbdbd8a546c,8596d03b-c07a-4046-a8e6-abee018df7c0,1894.83,PEN,succeeded,polar,pol_47981de3f34cc5e8,2026-09-11T11:22:24Z,2026-09-11T11:27:24Z
b57f7aac-64d2-4645-adc3-b1726eba4663,48a64dee-8b75-40fe-8a71-d872a1d8c238,504.61,PEN,succeeded,polar,pol_f5c43465cd015125,2026-09-17T09:00:20Z,2026-09-17T09:01:20Z
fe2d1ffd-570a-4e43-83b1-d61e4be5dcaf,831267e7-9c05-462d-936c-e5708d1f3d59,5276.28,PEN,pending,polar,pol_abd449b2b54db5b6,2026-09-19T06:16:23Z,
eaf84dc6-646a-4154-9198-a7eb46376a2e,e893fb62-6ace-4de2-b9ad-c62276119a7b,355.99,PEN,succeeded,polar,pol_3c04af41850da9ee,2026-08-19T14:43:37Z,2026-08-19T14:46:37Z
ac4dca7c-a558-47a4-88ec-58237dcd28b8,2766f078-9c74-45fd-a4e2-feefccf115c0,567.48,PEN,failed,polar,pol_0cb9fbeba358a9f1,2026-09-14T14:00:05Z,
fb00f0dd-b8c3-480c-91e6-180197fc9d84,c2bdd795-2233-4e00-8955-6c6d182fd001,3887.01,PEN,succeeded,polar,pol_778a1a6e8e0d4cc1,2026-07-28T13:24:29Z,2026-07-28T13:29:29Z
8a73eee6-ccf6-4910-ab9c-6039070ce81b,83e1d530-c5ca-435a-b2b5-b030b0d19e9f,1067.15,PEN,succeeded,polar,pol_941cd49cd74fa276,2026-08-03T15:34:51Z,2026-08-03T15:39:51Z
21d4e308-288c-4581-a2fb-0991a8a73fcb,e78f604d-6331-4034-a882-283572c3c903,756.55,PEN,succeeded,polar,pol_e3d337326eda7d44,2026-08-25T12:34:27Z,2026-08-25T12:35:27Z
7f3fa782-667c-4072-964f-044d7693bdea,9e1a2809-4a88-40c8-bf94-7a1bb17433ce,2647.05,PEN,succeeded,polar,pol_b4067db033ce4a74,2026-08-20T10:31:35Z,2026-08-20T10:36:35Z
45e631ba-88ce-4df1-a57b-9122fcaf1897,38a2200d-0d26-480a-98f6-d37c61b8b14d,2331.56,PEN,succeeded,polar,pol_fcad459a4c3a38df,2026-08-12T12:23:02Z,2026-08-12T12:27:02Z
dcb2dec8-76f0-497a-b536-7566b4f13369,3ad99029-13d9-4b90-b0d7-013a1a277a90,274.64,PEN,succeeded,polar,pol_a289b9d95affbf34,2026-08-07T15:40:00Z,2026-08-07T15:42:00Z
3ff5b537-4a9e-4f51-93d2-8f7a0db9ec28,dbb76d57-3b2d-411a-9c98-d743ba86f1db,738.94,PEN,succeeded,polar,pol_ada762ac4dbc7c64,2026-08-13T13:59:42Z,2026-08-13T13:59:42Z
ac0b5745-b43b-4fdb-96fb-f19e18e2805c,58a02b12-875b-40fd-b609-533ffac5cb45,2483.31,PEN,succeeded,polar,pol_fd4ef072824937b1,2026-08-30T14:02:17Z,2026-08-30T14:03:17Z
c1596b84-738b-4cbc-94da-7e93e09a9600,a7d6c560-731e-488d-b969-a89d871aa0c1,3371.24,PEN,succeeded,polar,pol_057455d07055e324,2026-09-11T18:21:56Z,2026-09-11T18:23:56Z
883a14cc-3bd3-480a-9b90-c806431baa53,004aad35-fd44-4964-9799-b5ef7b9688ab,9941.89,PEN,succeeded,polar,pol_38459df19288051d,2026-08-15T10:35:26Z,2026-08-15T10:36:26Z
93a112d4-1d4c-4b7b-8b1b-95478967f322,aabd570a-1227-4a87-bf92-23d4167d6f0a,1865.82,PEN,succeeded,polar,pol_2f6768fb2d1576b9,2026-08-31T14:40:47Z,2026-08-31T14:42:47Z
e59dc43d-ad04-4138-b209-231a24756004,89d970c7-a427-46ca-b74f-c59f04bb91c4,303.22,PEN,pending,polar,pol_ffa4eeb93d0ec590,2026-09-11T13:25:23Z,
382d4aac-eb4f-4f93-9061-ca01f17328ab,98e41bac-cc8a-431a-a23d-22925098861a,2013.63,PEN,succeeded,polar,pol_84a1cb2e8ac01658,2026-08-11T15:18:05Z,2026-08-11T15:20:05Z
daaddf89-9a2e-4007-b7f7-a418eee1423e,f06b090e-870d-41f8-a1fe-c713c809ad6e,2297.39,PEN,canceled,polar,pol_5483187ef3aae0c7,2026-08-27T09:28:41Z,
c2b50dc7-7fe7-4012-9003-7eac518d5f88,57021d6b-ca91-463d-9465-1c40fa745fc9,364.02,PEN,succeeded,polar,pol_1fd4ecefb21e2fc3,2026-07-28T14:10:39Z,2026-07-28T14:11:39Z
a06b68f9-72bf-4351-a4f8-13777ac5a258,d745c412-d154-46b1-b5a9-9692465972a8,641.69,PEN,succeeded,polar,pol_a4450c4b85c508ab,2026-07-20T12:48:43Z,2026-07-20T12:49:43Z
249e184c-6664-4728-bbe7-99449c9cc495,1c132759-2652-45d0-be1c-0b28eee649b1,1715.94,PEN,succeeded,polar,pol_3468fa174d4c92fc,2026-08-28T16:44:06Z,2026-08-28T16:49:06Z
79952d96-0cff-4ce5-b09d-57ae4af5d920,ecc6c091-3733-4ad5-a885-1e4712413b6f,1049.2,PEN,succeeded,polar,pol_baacd7d848597eee,2026-07-30T14:50:02Z,2026-07-30T14:52:02Z
651062b5-55c6-4632-ae00-9c2958cafde6,5ab82740-401a-448b-a77c-4124b3dfabaf,1671.55,PEN,failed,polar,pol_db86d837ba1993b2,2026-07-21T09:34:25Z,
632933f7-016b-4bbc-ba1d-14acfde71398,84e7c923-21a6-4f7c-9adc-88623fb19310,646.86,PEN,succeeded,polar,pol_fe855345ea0244e7,2026-09-10T16:54:33Z,2026-09-10T16:56:33Z
e88bfd21-ae3a-4855-bd76-23e94d40405d,2fb55069-dd95-40bb-bf84-9cb5299b115c,3870.86,PEN,succeeded,polar,pol_752cd65b464cff84,2026-08-18T18:39:23Z,2026-08-18T18:43:23Z
8e2c856e-82f9-4165-9794-ecd54b1f7e17,d0f449ec-3361-4b51-9526-388b0056060c,954.72,PEN,failed,polar,pol_e920b97687ead23a,2026-09-21T10:03:47Z,
f89a8405-54e2-47ff-9a87-7b6e43f9dc1f,08bc7116-3713-4ab4-9b3e-caca13d4a6f0,1888.64,PEN,succeeded,polar,pol_76a487a32d44e4e0,2026-08-22T11:41:21Z,2026-08-22T11:42:21Z
be7f00f9-f767-4328-a5f2-f442eb736511,d4da44c2-82e8-4950-9e3e-911f47e87979,117,PEN,succeeded,polar,pol_7bbb08f1270d81a5,2026-07-21T11:05:29Z,2026-07-21T11:10:29Z
146f418d-3925-418f-9e06-dfac37057d58,5ba0e04f-8afb-4223-94da-b9cb6c7b97b3,888.08,PEN,succeeded,polar,pol_6275e8a5e1936318,2026-09-09T12:24:41Z,2026-09-09T12:27:41Z
18e45136-3566-475e-8ff6-e84584734bdb,df7b6994-74b1-4329-b5cc-75f8a0f3b869,4382.95,PEN,succeeded,polar,pol_4399611c7e8d1361,2026-09-01T17:06:31Z,2026-09-01T17:11:31Z
54ca7f1b-c737-4783-8267-c8cac85e68c6,f75ead32-ab16-49db-9fae-9e8f9707075d,3372.73,PEN,failed,polar,pol_c6fcb65789165363,2026-09-15T10:37:53Z,
8c6e5113-6705-4e1d-81d4-6b363fda9989,b03c4466-9385-442f-92f6-dc17731cd91e,2155.04,PEN,pending,polar,pol_ed5c2764d6491043,2026-09-18T13:19:53Z,
86e389bf-fb46-4d58-8618-6d2b501757e1,0ff30f7b-f2d6-43cb-9dce-ff15b91a83cb,9744.14,PEN,pending,polar,pol_3ec042dc9307c860,2026-08-13T09:06:23Z,
ee896fb4-1913-4545-9365-9c73ddba23a3,cf8349cd-da26-452f-b72c-b346ea71b16b,129.78,PEN,succeeded,polar,pol_907617a89f0c3463,2026-08-19T10:53:39Z,2026-08-19T10:58:39Z
3ae33b7f-8551-4c22-8a2d-9ce6c0510919,2382c890-5661-4e59-8dbe-450b9397926a,3256.16,PEN,succeeded,polar,pol_c223e8628cbffa4b,2026-07-22T14:56:19Z,2026-07-22T14:59:19Z
6eedca75-90f7-408a-bda6-cf6a9d585e1a,2b3461f9-2989-4147-b914-77f278201da6,2216.82,PEN,succeeded,polar,pol_fde31c63f63fdb94,2026-07-31T17:18:27Z,2026-07-31T17:23:27Z
1d85f694-ae9b-491f-866c-f3b1658bd505,4eee664f-fb59-4e7c-a917-39962806ff36,57.86,PEN,succeeded,polar,pol_6bbf0df8e5b8146e,2026-09-06T13:43:56Z,2026-09-06T13:46:56Z
48786c84-d2b4-4282-9d04-6459011fa5fa,42f4359d-cdee-4922-9385-422606f00b43,1661.68,PEN,succeeded,polar,pol_67cac3d9102d8100,2026-08-21T14:53:37Z,2026-08-21T14:56:37Z
eefae024-4299-4b1d-b778-44ce525406f5,fcc3bb96-bc58-40c2-b90e-6237a5f2ecb5,884.62,PEN,succeeded,polar,pol_4bc54706ec1de1af,2026-08-19T17:47:19Z,2026-08-19T17:51:19Z
48da25a4-cb25-4f07-80fa-5e2261b8827f,d9133ce2-8d68-4f43-b98c-cfe377a2e54c,2769.67,PEN,succeeded,polar,pol_e04fdf5f71a64c49,2026-08-11T18:45:23Z,2026-08-11T18:46:23Z
f7404d5c-db4e-4673-a8af-4ada5890c31e,25614cd4-a832-4157-b4c4-d094e2beb5c5,1641.08,PEN,succeeded,polar,pol_b58365367d9b7348,2026-08-11T11:11:36Z,2026-08-11T11:12:36Z
e7a959e5-ecbd-494b-9b61-c1fac195e73c,bfab8922-ca65-4575-91df-6d907855f0f5,3145.96,PEN,succeeded,polar,pol_91b3d441d15fe37f,2026-07-28T15:45:51Z,2026-07-28T15:50:51Z
0888a8ee-7c47-4460-90ed-a01608764244,5d7006ef-d66b-4ee9-ac99-d3ff94325037,1765.7,PEN,succeeded,polar,pol_d4277499aa711da9,2026-08-21T09:39:04Z,2026-08-21T09:41:04Z
66052e5e-677f-4e39-9305-affc65fe9924,78899b88-7e88-4788-80ba-16bc10b90c12,6359.65,PEN,succeeded,polar,pol_0b77bfd2a1db27a2,2026-09-23T18:29:50Z,2026-09-23T18:33:50Z
a3efb1d1-7502-4639-b6b6-2a9246d29ac3,7660fa95-2125-4ce2-a68a-81aee7ada562,1185.76,PEN,failed,polar,pol_55ae6e025ff403e0,2026-07-24T09:47:41Z,
d6111724-2036-4c23-a471-95620724fb4b,65290fdf-6bf1-4902-a447-92d7040449e1,5480.46,PEN,succeeded,polar,pol_44105c048b8fd3e3,2026-08-05T17:36:36Z,2026-08-05T17:37:36Z
947a194f-079b-4fc8-96ec-846389c16739,bd7295fb-ac59-4a43-9ba8-3360ab76490b,135.3,PEN,failed,polar,pol_33c905c94d7af6e5,2026-08-16T08:44:09Z,
74714226-7efb-4430-b489-d0a0be382219,34f3ba20-2b8d-49e3-ba99-db9c1dc5afd4,326.72,PEN,pending,polar,pol_085e1014b5ba07ce,2026-08-29T12:07:39Z,
075a4dc1-a3df-4796-9217-9ef003387cbb,4cd91287-ec24-4664-a949-344e4524332a,994.7,PEN,succeeded,polar,pol_7b9fd1a2ab0245a5,2026-08-24T13:02:19Z,2026-08-24T13:03:19Z
8cda03d6-68bc-462a-bfe5-e9c6d76d023d,11444020-697e-4040-a495-f3b91914c92c,168.51,PEN,succeeded,polar,pol_ec8727c6042f520d,2026-08-08T08:37:11Z,2026-08-08T08:41:11Z
e0776387-a52c-43da-8a25-0aa1f1d1c172,c5f68827-b160-438d-abdd-6f87e49a15e3,1175.56,PEN,succeeded,polar,pol_a48211296b531d04,2026-08-15T10:58:00Z,2026-08-15T10:59:00Z
4fdd18d6-9953-4fa5-8ac6-4f77305172de,50517c5a-27b6-4a28-8a17-9b76204591ca,9329.51,PEN,failed,polar,pol_4d116464e3b510e9,2026-08-01T15:33:57Z,
4199d5ab-b4f3-4de5-a8b3-8f251495dba1,215de002-1e24-4b21-8b6a-22bce913f3a5,8976.23,PEN,failed,polar,pol_d2766ea2d8f8bf9d,2026-07-29T13:04:02Z,
637c8f90-fe77-42b6-a7f8-7a5a16d949fb,92bfdde7-4996-4350-966c-23dd2769a2dd,12905.79,PEN,succeeded,polar,pol_985921eee6e1d0e4,2026-08-29T09:42:54Z,2026-08-29T09:46:54Z
7896ba7a-bebd-4755-a720-cf8f438c080b,89ac55a5-aabb-437a-abdf-55e7644d567e,2285.2,PEN,succeeded,polar,pol_64b01b6d0d8424a3,2026-08-19T15:00:53Z,2026-08-19T15:02:53Z
d4eada64-238b-4127-b3e5-cbb71d8c1cb8,a5591977-8a7a-4cd8-be0e-bfd2cc59988a,75.75,PEN,succeeded,polar,pol_4212b3ab65d14f05,2026-09-01T13:47:19Z,2026-09-01T13:48:19Z
774ba155-a91a-4886-acb0-fff43a75b7c1,2e70222c-7e3e-42d7-a7fa-e9a5a1a2a8fc,7404.28,PEN,failed,polar,pol_4733421f6fcc60fb,2026-09-20T15:04:40Z,
339b4e1c-54f0-49bc-bbfd-64846618b32b,ff118abd-d8ff-414b-95d5-1b598f9eb3c6,2306.9,PEN,canceled,polar,pol_1dd225d15a2d9d70,2026-09-16T14:42:57Z,
780a139d-3a05-42b2-8f14-e4131e0081c1,2538544c-dddb-45fe-a01f-0f65b5a93ce6,78.92,PEN,succeeded,polar,pol_5d79aaa02b94187a,2026-09-07T17:54:25Z,2026-09-07T17:55:25Z
6afe7775-d070-4720-b376-fbbaf692a024,969fd44f-2cd8-4de6-983d-0d83c4b1409a,2169.1,PEN,pending,polar,pol_8f57e50c85c8adc1,2026-07-25T12:23:57Z,
04d385ca-8235-42be-bba8-8ab462ddbb83,be527bf2-69b2-4479-9370-d5bd1c97e184,1541.11,PEN,succeeded,polar,pol_cc504c18a5b522c3,2026-09-08T09:44:19Z,2026-09-08T09:48:19Z
3343e8d1-8f88-4597-960d-15ea9f486cb2,910136fa-8697-4016-9a56-ebb49dcd8bae,782.54,PEN,succeeded,polar,pol_ee13636d6d7156e5,2026-08-31T18:23:06Z,2026-08-31T18:25:06Z
9e95b106-6fc7-4f81-8f01-1d769538b9ae,5cde4e59-0c4c-4fc9-ace5-9f16f438ca26,2730.01,PEN,succeeded,polar,pol_f7d2832de4b13889,2026-09-24T16:52:08Z,2026-09-24T16:57:08Z
460abff5-3347-406f-a63c-4abb8acb7e3f,77d5b9a7-c50d-4273-9e7c-b0c17e42f829,16833.19,PEN,succeeded,polar,pol_8ba77c0da6511706,2026-08-28T11:38:10Z,2026-08-28T11:39:10Z
0aa1dcb4-7091-425d-8195-68fe00d2803c,0c17c0ae-9f5e-4f2d-9158-40048ae45598,7853.3,PEN,succeeded,polar,pol_5c3dfd7a9de6b670,2026-09-07T13:42:44Z,2026-09-07T13:45:44Z
85e86c0e-83e6-43df-bd32-e4efbb5a42fc,4add4d5f-81e1-41ba-9f7e-0f49797443b5,5918.29,PEN,succeeded,polar,pol_2857e01b8c9db396,2026-07-31T15:51:42Z,2026-07-31T15:55:42Z
f1edbf72-5d08-4e5f-a411-fbf0d5e0fb63,64f5af3e-003d-4888-95b0-b55b21fd5951,326.72,PEN,failed,polar,pol_e134224eb9ea267f,2026-07-23T15:31:06Z,
9687702a-f139-4ade-bedc-62ca51d2cf51,b65064d6-80d1-415f-a598-231ec4f1f383,683.21,PEN,succeeded,polar,pol_731fe94a99dc4cb0,2026-08-02T09:46:47Z,2026-08-02T09:50:47Z
2ce90202-7e80-4346-ad59-2c1aa1cf8dfc,f9624a05-4d37-4a26-a0b4-3109e27a788a,3172.66,PEN,pending,polar,pol_693426a78dcf1e3e,2026-09-09T15:09:58Z,
17aebc8e-ba15-4d5e-8af4-0495bb5ea0da,1b17baa8-5663-4a11-8837-7b52fb455490,1005.52,PEN,succeeded,polar,pol_61ad1005aff7eaa8,2026-09-14T09:59:51Z,2026-09-14T09:59:51Z
c96780d4-6467-471a-9a33-7e5f2706c31b,e9bebb0f-e412-4484-ae5a-a092ba0b98dd,2828.74,PEN,succeeded,polar,pol_0bcaf9ff25e0b53a,2026-09-10T16:27:51Z,2026-09-10T16:28:51Z
04cf692a-136f-45e8-8a79-983b920ea996,c6ff5bef-a92c-4126-975f-4e49ea9f6317,2955.95,PEN,succeeded,polar,pol_dfc202e542266b84,2026-09-10T16:41:02Z,2026-09-10T16:45:02Z
a9864141-c36e-4d4e-9a97-e0d1a3a3e4fd,7771d610-90c9-4cb0-8831-6a290bb99ec6,3748.32,PEN,canceled,polar,pol_4f1231a6a74105fb,2026-08-29T06:08:12Z,
0eb078fd-ccc1-4256-97ed-9f9bc27b6651,ff07ef62-b464-4f56-baaf-c164a7636272,673.32,PEN,failed,polar,pol_b721e01d4b5bd750,2026-08-18T11:24:25Z,
f6c5c6c4-c507-4e73-a4e7-282f98766fa6,2249d8c1-a182-446c-b1cd-76ba2d4740e7,854.17,PEN,succeeded,polar,pol_c545037fb8729cc4,2026-09-02T18:11:53Z,2026-09-02T18:12:53Z
52c447ba-a65e-4a68-a2d4-c44751d8dba3,e801a633-e99c-4500-bd3a-74a4a3949791,157.05,PEN,succeeded,polar,pol_7ed05e841f7b748b,2026-08-09T11:47:39Z,2026-08-09T11:51:39Z
cf073063-ddfc-4333-b591-383772b6795f,79fd42db-fb0c-44ce-b2c1-80b2ee0f5d1e,2168.77,PEN,succeeded,polar,pol_45700d7f2d5bee21,2026-09-11T11:54:08Z,2026-09-11T11:59:08Z
8819fd26-44f9-4483-ad87-4da7dc346689,4350bbed-b304-41b3-bdbe-d81d2804f6ce,1682.2,PEN,succeeded,polar,pol_0f394fa805c5ca35,2026-08-15T11:32:30Z,2026-08-15T11:35:30Z
2751ec7b-7e11-4bb0-9903-7e5115aa0618,0c20ba3a-6d9c-4530-9971-c3062e50f785,240.99,PEN,succeeded,polar,pol_4dc952c2adb72005,2026-09-20T15:21:26Z,2026-09-20T15:24:26Z
01ceeacc-4a6c-4985-9a4e-87309d141fed,372ba81d-db7a-4799-b1e3-d568357f6bd7,1267.12,PEN,canceled,polar,pol_5be0738354cc5af6,2026-08-10T16:52:31Z,
7792ca81-8c02-4155-bbc4-0439f5e7cf12,79611cb5-9b26-4eff-82b1-8e1375ec78d3,2953.96,PEN,pending,polar,pol_17ca845d4a3cccbf,2026-07-23T10:41:23Z,
c027c4d4-7d2b-4728-b135-2b854d4254dc,6360f63e-43b5-4cbc-8266-b236a9457327,1914.24,PEN,succeeded,polar,pol_8ba17bdc174a7ac9,2026-09-02T11:57:40Z,2026-09-02T11:59:40Z
e70cbc03-d080-4f4a-b979-7145a2c1bdf6,641a2fb8-d561-4bbb-8110-ab8b5023e7e6,2761.32,PEN,succeeded,polar,pol_0c987f164dd2ea0a,2026-08-29T15:03:18Z,2026-08-29T15:05:18Z
567b70f0-f754-4a18-99df-e34d25c46ece,9cee4d8c-5c95-4ead-b432-cd3f29a465de,1318.69,PEN,succeeded,polar,pol_61b26ebd6a399c86,2026-08-11T12:14:03Z,2026-08-11T12:18:03Z
0c8f19e9-6d18-4fe7-8245-3b762ec939fd,a0d96ec1-3910-4a6c-8171-1ff81a6604df,388.47,PEN,succeeded,polar,pol_cae639a7f7d6d3f4,2026-09-09T11:05:22Z,2026-09-09T11:07:22Z
c268f3cd-be69-4c06-97d1-14a51fe620a1,1c4b8957-dba1-472f-9030-d7e218e5ea88,6925.23,PEN,succeeded,polar,pol_ed906c21f927f7ed,2026-09-16T16:29:27Z,2026-09-16T16:34:27Z
0aabf012-226e-4c2d-8dab-f566033cc91c,cbed2f7b-46cd-480a-953c-d59faac99f57,1101.56,PEN,pending,polar,pol_506f6204ae30dc96,2026-08-10T18:18:51Z,
e21c7582-1cee-4a25-9499-ea4d270add2c,542771ab-121a-499f-a805-3324c310a189,1379.48,PEN,succeeded,polar,pol_9ac2ae68a17d6afb,2026-09-19T11:00:51Z,2026-09-19T11:02:51Z
0e13030f-7a6c-4619-bfb5-2c56aed84323,a56e9c53-b6b7-4b4a-9b0d-fed9540151f2,684.72,PEN,succeeded,polar,pol_a2fb1396c8e42298,2026-07-28T09:48:54Z,2026-07-28T09:51:54Z
52209caa-5411-4bc4-a4a1-eb6ea2208f76,059f5ddd-e94b-4110-9e14-66463775b189,134.76,PEN,succeeded,polar,pol_428571e5a46e09a4,2026-09-18T17:16:58Z,2026-09-18T17:19:58Z
471b17b1-e8c2-4442-9378-ccbd27946c98,08518ef8-22b7-4134-a548-13dcbc75821f,3105.44,PEN,succeeded,polar,pol_36f50adb013eadb2,2026-09-12T14:23:58Z,2026-09-12T14:26:58Z
98d8a479-7a9d-44cd-a007-656f33904945,3d6f4ad6-1143-49ed-a5a3-2e7216fae0b2,174.03,PEN,failed,polar,pol_f42f86b68e03d0ff,2026-08-26T16:19:18Z,
90629ac7-14c0-44c5-ac2d-8cffb91d1a64,73932797-17d1-4485-ac5e-e7a102a93664,458.4,PEN,succeeded,polar,pol_b8e2d4c9038185e1,2026-07-27T12:29:45Z,2026-07-27T12:32:45Z
eff8f0c0-572c-4696-b4b7-6bb3d8ef33f3,7a46aa82-56aa-4810-ac90-79bbc7f94cf9,349.27,PEN,succeeded,polar,pol_d4ada42745bf47a6,2026-07-19T07:05:22Z,2026-07-19T07:08:22Z
2b1c6e6c-5f4a-41c0-98d1-a1c10d746aa4,397e7d9f-2eec-434b-9779-500dfc7f05ab,402.08,PEN,canceled,polar,pol_3a9897917be28878,2026-08-06T11:14:33Z,
61b367d4-6e94-42b0-8cdc-fae7300890b0,0362e6ac-b5c6-4d28-b297-a02736dd490e,829.13,PEN,succeeded,polar,pol_e909afc2c550abfc,2026-09-29T16:09:39Z,2026-09-29T16:10:39Z
89f18e9a-c35d-4daa-a8c3-96abcf217dde,ed15bd9d-846e-4ae2-95b7-f31627c5ccaa,886.59,PEN,succeeded,polar,pol_99ba3d67c2396f3f,2026-07-21T14:55:39Z,2026-07-21T14:57:39Z
9858a98a-3518-49d1-9f54-ecc33f376cea,562c0819-0f9b-4419-bb02-cbd92471a244,1281,PEN,succeeded,polar,pol_72263e9266997bdf,2026-08-13T11:27:04Z,2026-08-13T11:29:04Z
fcf0911f-66fa-476c-b7a7-1cd705a4c524,5c9360fb-b017-4af1-ad24-f8f27a541455,4442.96,PEN,succeeded,polar,pol_f3d26678ddf44977,2026-09-05T12:23:29Z,2026-09-05T12:26:29Z
45263bd1-2e5d-47d1-b1c0-a5e00c29e4e3,59f4ba72-6a4d-4415-aaf1-3240bdf49b79,1931.45,PEN,succeeded,polar,pol_63f6dc443975d2bb,2026-09-22T10:18:34Z,2026-09-22T10:20:34Z
b824c9ad-342f-4e8b-a43b-b53be94c4c8a,a56893f2-40bc-40f5-b8fb-614be9b1682b,1909.78,PEN,succeeded,polar,pol_2f6bfbfe832d3da6,2026-08-29T13:18:32Z,2026-08-29T13:23:32Z
94a96750-3abd-4144-867e-9dd3f4acf9d9,21a14835-8886-4689-a9e4-2f14205ad765,645.54,PEN,succeeded,polar,pol_4f8e6293b0d2576e,2026-08-31T17:30:13Z,2026-08-31T17:33:13Z
74e1ed4f-f037-41ce-8aa3-5ca305541ecc,18634a53-fb74-4d09-9a5f-3448daae0ed1,287.86,PEN,succeeded,polar,pol_5a39168701d15ec7,2026-09-12T15:18:20Z,2026-09-12T15:21:20Z
9ab20e27-dfb0-413d-9adf-e8f496f3223b,46528d8e-8995-4118-a47b-e7a871755cf0,1199.12,PEN,failed,polar,pol_3373cc2f1ae555c4,2026-08-03T16:05:59Z,
dffb37a6-b044-4644-b98a-7ed09780266b,0055dd78-62b1-41ec-b996-6f116c6d0e32,1955.2,PEN,pending,polar,pol_0d5c8cdcdb6d82f1,2026-07-29T09:55:20Z,
9e0f615a-048e-484b-9727-fb1c4368fbbe,03125878-ae1e-494d-ba52-28bd627d8532,1821.61,PEN,succeeded,polar,pol_491bd194326935b6,2026-08-18T13:55:15Z,2026-08-18T13:57:15Z
936433db-2a83-40ff-a6af-42e264ff4f5f,492aadbd-db95-4a47-8ad3-81d2d4e5b4e0,2837.86,PEN,succeeded,polar,pol_5c4b41a9e7712e07,2026-09-24T09:14:33Z,2026-09-24T09:15:33Z
8c566937-d258-4cbf-bd7c-3756de00e75e,756dc60c-21fd-49a9-915a-237509879139,1222.01,PEN,succeeded,polar,pol_76bd87ac0bdfe1ac,2026-08-24T10:59:40Z,2026-08-24T10:59:40Z
328f28e9-6b68-4888-835f-21f5b90ef332,9ca70da6-daae-483f-a315-f00404adb822,524.28,PEN,succeeded,polar,pol_8beee70af35da489,2026-09-19T15:54:59Z,2026-09-19T15:56:59Z
6da2ce07-0df4-41da-a5b4-8e66a852a468,4c811a3f-c39f-4438-93fa-e5a9d5992d6c,7299.74,PEN,succeeded,polar,pol_c69fe205cf38b1c2,2026-09-30T09:19:25Z,2026-09-30T09:24:25Z
0f8387db-f2b9-43ea-af02-11f645b2c58a,89f99e26-b049-443b-adf0-bf1a38008c3e,3283.27,PEN,succeeded,polar,pol_d7ae03617ad2a927,2026-09-04T14:25:36Z,2026-09-04T14:29:36Z
b02803f8-31db-415f-99c9-bed65d30d261,ad234e5e-eb9a-43fb-9c82-4b33e5fbd688,2699.04,PEN,canceled,polar,pol_0bcf5cd65bb63a19,2026-08-14T16:12:00Z,
001d4052-117c-4c7e-972b-a4a8e89e2a44,89ad6f12-6b8f-4d39-ac94-4e10286789d6,3447.24,PEN,canceled,polar,pol_f95fd52f9781afe1,2026-07-28T11:40:16Z,
2135b077-f9eb-4a53-8dc8-56ad5d50a38c,9cf05494-7d97-460b-bca2-b673ba666a41,241.18,PEN,succeeded,polar,pol_969febc380cf0be4,2026-07-26T12:06:12Z,2026-07-26T12:11:12Z
526812c9-4d84-47b6-8211-7ec6606423e0,81f1baa8-0df7-4f9d-8be3-4c88021aba29,216.89,PEN,succeeded,polar,pol_3b8450fc4769edd5,2026-08-30T08:46:57Z,2026-08-30T08:51:57Z
9fdd2ac4-fd73-4b30-ab18-ae673de0abc1,f9475890-91cf-4daf-aa8b-03dde6645dd7,7368.37,PEN,succeeded,polar,pol_a73b789c578ae165,2026-08-11T09:34:32Z,2026-08-11T09:39:32Z
f0ccaa9f-8e1f-4461-a39a-3569a5725c2c,65a30773-4919-4eda-9880-d6e070c2c1ef,3281.77,PEN,succeeded,polar,pol_d114d8188a76c30b,2026-09-25T10:13:17Z,2026-09-25T10:17:17Z
6906a973-b32c-49da-8781-a88b73f40f10,d18ed988-2959-4fd8-8619-7aeb394acb6c,1622.24,PEN,failed,polar,pol_7760094ac8c5f151,2026-08-19T16:51:13Z,
b6d47fea-d1ea-498c-aad3-b3770afe4ebc,23aa0150-bf92-447a-937f-4eb2bcc3e2e5,2478.98,PEN,succeeded,polar,pol_467ca9488b089586,2026-09-18T10:01:26Z,2026-09-18T10:03:26Z
13e0e265-9094-43af-9e01-8231e3d5b891,597a0d41-8c38-4c98-b1ac-a440679aebfd,1638.78,PEN,pending,polar,pol_b91db2039ee2e802,2026-08-17T14:48:56Z,
a197ee39-99e1-45f6-bf2e-2fafc87509f0,2efdfa01-7f6d-49ef-8f97-730df52b8cb9,3270.49,PEN,succeeded,polar,pol_51b6018525566757,2026-08-19T09:12:19Z,2026-08-19T09:16:19Z
850db51f-05a7-48ca-97dd-51fe8ff5d639,b7143265-1f46-4ca8-b832-5d8ee8362af2,172.88,PEN,pending,polar,pol_7b4c0f69b68a0964,2026-08-10T12:55:36Z,
091c5c93-d5fa-4012-825f-7222fe161165,490f63e2-379c-47a7-b1d1-891ca63c178f,1176.44,PEN,succeeded,polar,pol_4a5c5de937bb1fcb,2026-09-13T15:31:18Z,2026-09-13T15:34:18Z
26ca73ea-feb8-4f7b-8a0d-561b2d73bb04,6f7fa3af-2330-4ba9-bf4a-ebf49c6dd795,490.48,PEN,succeeded,polar,pol_4aa0872b9631ab4c,2026-07-26T12:07:29Z,2026-07-26T12:10:29Z
c76c9c16-037f-4d43-a05d-16e7db5f03bf,35a6d594-2457-4aaf-b1b8-12387c582434,1540.41,PEN,succeeded,polar,pol_9d279f935c6ba0e2,2026-08-07T12:03:05Z,2026-08-07T12:04:05Z
3d424ed2-11e2-48d4-8d90-d330e95b06ae,176d589c-3e7f-4d93-82f9-d7a28f2cae21,219.96,PEN,succeeded,polar,pol_1adfb78162cd5cd6,2026-09-15T16:18:02Z,2026-09-15T16:21:02Z
e09d1669-0c61-4a50-aa55-4bb15c3f8238,778c4305-9a64-4b54-9a16-453ed945f24b,245.49,PEN,succeeded,polar,pol_d0fabb339cbe634d,2026-09-12T14:38:34Z,2026-09-12T14:39:34Z
d46988fc-c1dd-44bc-9f87-8c86d3492213,e70f6919-21bf-4c1e-a5bd-55d6eaf48484,1632.26,PEN,succeeded,polar,pol_a6c44ac270a2172b,2026-08-15T08:55:23Z,2026-08-15T08:59:23Z
8a57371c-8a8f-466d-9b79-7b4edc959bcb,146f55bc-e783-48cc-9ea4-2cda105dd4b6,7801.81,PEN,succeeded,polar,pol_042f4812edc74003,2026-07-20T16:23:31Z,2026-07-20T16:24:31Z
a94f4500-b37b-4b7a-91d7-cd1e37833cec,319b4864-6e5c-4c0f-a966-8dc02aa20d2e,549.28,PEN,succeeded,polar,pol_5559dfa96cdf0243,2026-09-29T10:20:51Z,2026-09-29T10:23:51Z
fef6b6f7-b6f2-4ab3-b573-464fbf288231,09c4ce2a-00c1-4ca5-a192-e9f0beccfdd7,162.61,PEN,succeeded,polar,pol_d538701544a6e529,2026-09-14T09:07:04Z,2026-09-14T09:11:04Z
b5090abd-7c4d-469f-a3b2-84b5b0c03d6d,fe4c15d4-8921-4041-9275-8a391e96038c,3955.98,PEN,succeeded,polar,pol_ad24f6edce6edcb5,2026-08-17T11:30:40Z,2026-08-17T11:34:40Z
2ffa4aa2-711e-4540-8242-f9f43f97eb3e,7425cb2a-88fc-43a8-8c50-dc8f16b08786,1655.69,PEN,succeeded,polar,pol_678b4d7958fc8442,2026-09-15T15:25:58Z,2026-09-15T15:27:58Z
8bc90794-65c9-4eaf-8a28-ce486c2b4045,8907f9f3-55c1-4ae5-b8ca-778c0f44a45a,78.92,PEN,succeeded,polar,pol_3bd1bea58ea1d108,2026-08-02T12:31:09Z,2026-08-02T12:33:09Z
9ad72336-1e12-46af-bde6-c50e70d40cb1,2db2306f-a38a-42fd-bd0c-8c11fc957e8c,184.89,PEN,succeeded,polar,pol_0e81766b602b3ec1,2026-07-27T14:23:58Z,2026-07-27T14:25:58Z
12b6be7e-e742-49a1-ae94-af2132bb3211,029b9ac9-891a-4364-9158-3d238bb07018,405.9,PEN,succeeded,polar,pol_02bc9ca1cf4479ae,2026-09-07T15:57:55Z,2026-09-07T15:59:55Z
364b9a3c-32b8-4c3e-8b24-07cc149c5381,8e179faf-22e6-40d6-a582-db59c527760b,3107.07,PEN,succeeded,polar,pol_db4c2ed475193602,2026-07-18T15:27:38Z,2026-07-18T15:30:38Z
25f8ed8f-0567-46c7-9607-48fb6dd1779b,3a836aa9-27e4-4087-9575-2bd7220e48ff,6924.25,PEN,succeeded,polar,pol_ddae03d682eec4a1,2026-08-02T11:52:01Z,2026-08-02T11:54:01Z
269a31d3-df41-4006-8292-fc19bd4c850d,f0bb28ab-65b0-4a04-b994-4be76f1a3920,4815.01,PEN,pending,polar,pol_80590e4988b38913,2026-08-22T15:30:59Z,
2711bc6e-8542-4e97-ad18-02d0380f2308,2e9bea65-057c-4dda-906d-4c4613e57f59,2533.02,PEN,succeeded,polar,pol_fccb458aa5b9d6fc,2026-07-31T10:13:51Z,2026-07-31T10:18:51Z
7cf02129-5319-4353-9c8b-e844b7e91882,a2d4c536-f854-418d-915d-75fface655d0,1111.07,PEN,succeeded,polar,pol_ab45f15a661ea64a,2026-09-19T14:59:12Z,2026-09-19T14:59:12Z
fdba5fb7-31bb-40a5-ab62-763e97211ed9,b0106c1c-e5bb-444c-86ec-93a5dd429e77,2409.14,PEN,succeeded,polar,pol_100fcb777aeda011,2026-09-11T12:45:30Z,2026-09-11T12:49:30Z
d20cad12-6e2c-4fa5-afaa-bc20adc36481,2b1f0d88-d679-4e9a-9083-495e92667d73,2015.07,PEN,pending,polar,pol_ecf0de6d43ad8ac2,2026-09-03T11:41:41Z,
a0391157-158e-44df-bf13-6eefeae1fc10,7c42663a-a841-4446-9228-e0ff038f4138,218.14,PEN,succeeded,polar,pol_ea0c05c348c7a261,2026-08-13T18:12:25Z,2026-08-13T18:15:25Z
b8f38c91-dd67-4229-9f6d-36b675430502,c23b33e5-6b3f-47bc-8386-3d627323449c,1424.02,PEN,pending,polar,pol_095de7f9294b8505,2026-09-04T14:13:28Z,
576fa525-0e9a-4aab-af8e-f89b53550dc8,e86ea3ee-2736-49e2-acaf-37d4a9af6f2b,2375.91,PEN,succeeded,polar,pol_2f4f6b9f0cf30aa2,2026-08-24T11:45:31Z,2026-08-24T11:47:31Z
de856edf-dd3b-4092-81aa-cb601c031e70,7b5791a6-e496-4238-877e-9ec2ab15e19b,1596.48,PEN,succeeded,polar,pol_96e0102b3c2e1470,2026-07-31T16:34:38Z,2026-07-31T16:39:38Z
8ddc98d7-da1d-419c-bc44-6214d4ba04c7,047267ac-6be6-464a-9c22-6a23aa5e76ae,1542.28,PEN,succeeded,polar,pol_06dc2be355449471,2026-09-11T17:53:36Z,2026-09-11T17:55:36Z
b4d9c969-3eb9-4fc7-bc51-b28b8831da07,936a54a0-42d7-411f-892b-4172ce20c986,1245.86,PEN,succeeded,polar,pol_c7e424ccd1e7128a,2026-08-01T10:23:34Z,2026-08-01T10:24:34Z
95ca7a0e-22e5-4dad-b8ff-e8c5d2374edb,3ff520b1-b574-4756-ac8f-fd7eddde8b29,2016.03,PEN,succeeded,polar,pol_42c741641090aa28,2026-09-14T12:30:57Z,2026-09-14T12:34:57Z
4e0cd1bf-65db-4509-8c92-3538d5137535,8fc3d309-31f2-48fd-a331-a0886288aea5,1506.63,PEN,pending,polar,pol_6b97613247347ffd,2026-07-18T15:47:10Z,
a2c30af8-1a40-46b3-9148-2213cd550e36,2da908b4-b55d-4acb-b68a-29625c99d83e,3601.04,PEN,canceled,polar,pol_ca9a58b1a3cb2818,2026-07-30T12:39:37Z,
9e9c96fd-072a-4756-aa0b-fa8d913c8e09,5dabeae1-f68f-4844-97c3-f01fd22a9af0,3053.55,PEN,succeeded,polar,pol_aa06b386472a1112,2026-09-04T17:12:17Z,2026-09-04T17:13:17Z
e38ac147-b952-43e4-9e1b-a26103d76f6d,d5c46103-ec75-4b4a-9891-dcbc0721eae2,415.38,PEN,succeeded,polar,pol_e06d7a98ffd7b738,2026-09-24T11:22:18Z,2026-09-24T11:26:18Z
86f7567f-ae3c-409d-89fc-041cd1ad9e6e,60f6e8fb-b758-4e9f-a1a3-8c6e739a319a,1746.76,PEN,succeeded,polar,pol_5b4e2088c3c13ed0,2026-09-20T07:40:16Z,2026-09-20T07:43:16Z
4c54e59d-2687-4c14-b4a9-120add67b314,454805f3-9839-4bbf-9b6a-21e1cacf4bc4,858.61,PEN,succeeded,polar,pol_ac2e523408b9de46,2026-08-08T09:09:52Z,2026-08-08T09:10:52Z
43b43fab-8548-4f3a-a383-03e94b833c64,7fc0774d-cb3e-45ab-ba7c-2742f46ef07b,1346.47,PEN,succeeded,polar,pol_2b3304aaa2d84fd0,2026-08-05T13:23:52Z,2026-08-05T13:27:52Z
19404dc6-7e97-41a3-9a5d-13f2e4e81dbd,75cb1e33-6835-4bbe-9052-18c9053679cb,6546.41,PEN,succeeded,polar,pol_a7ebe4c78b1abfd8,2026-09-06T12:24:20Z,2026-09-06T12:29:20Z
13d03c59-0301-43ff-af6d-98c99f2f66c6,10f0d4e2-8c62-415b-9dfb-55e635d81bed,3296.84,PEN,succeeded,polar,pol_0f018047ee63ada2,2026-09-10T15:31:45Z,2026-09-10T15:35:45Z
2edea2b1-9f2e-41d2-b46c-e5583a3c6fc7,13b4b2b4-118f-40c9-868b-1283f4eae0cf,400.28,PEN,canceled,polar,pol_0fd1a606f7bc9ead,2026-08-07T09:57:14Z,
70fcb043-5e28-4f33-b1a0-0af155787bbf,95895cce-a3f6-4cc1-a1d0-1615aeb95522,947.88,PEN,canceled,polar,pol_2737e16675e819fc,2026-09-18T15:47:30Z,
3b29b40d-a178-4bba-adf5-43a5e21503cc,cc4c5aa9-634c-423f-ab8b-1e68feaa59f3,2153.41,PEN,canceled,polar,pol_561d805d74e601c2,2026-09-06T12:27:04Z,
a9b210a0-c9a3-4f01-8d75-39c7c5bcc93e,123b867a-9868-45b8-98a8-fdf3d04bae82,1281,PEN,pending,polar,pol_db5b2f63d828bd94,2026-09-22T13:44:43Z,
382fc0ac-7e8d-434a-a246-eac8ab7d648c,51ebefc4-85d9-486f-8741-2108c42f1e50,2717.94,PEN,succeeded,polar,pol_66067b69f8c94f14,2026-08-29T14:24:04Z,2026-08-29T14:29:04Z
cc09015b-56bf-418a-a987-a2c2f6d5c3cc,4980b774-5f01-4166-9f58-6afc86b6fe5f,10264.87,PEN,succeeded,polar,pol_22cf18a60284ff5a,2026-07-22T14:36:10Z,2026-07-22T14:40:10Z
63788b11-2210-4b6c-ad38-0fa4a100f880,2388a0db-5f96-4264-b2fe-9a9c3c98a2be,1679.13,PEN,succeeded,polar,pol_c002c23cab8d46ef,2026-09-16T17:40:47Z,2026-09-16T17:45:47Z
6d7bd0d2-a9b8-4e58-9070-04f8a0d1c391,471bbd79-b9b3-4d7e-8d19-a1354403e3c3,267.96,PEN,succeeded,polar,pol_197bbdca7540b282,2026-08-23T15:53:25Z,2026-08-23T15:54:25Z
fec93a76-55fe-4745-aa6b-fe358595589d,e9bf1279-04ad-4eec-91d2-8f06e397ec29,194.04,PEN,succeeded,polar,pol_8c3e70282a0eee2d,2026-08-08T06:05:19Z,2026-08-08T06:07:19Z
9fb82c09-9da2-4bc0-97cf-563ac7e7ba5e,d5b2b70b-01e2-4566-9bdd-fd098216e812,776.96,PEN,canceled,polar,pol_51235854378e5db1,2026-09-20T15:23:27Z,
59f60299-cc2b-4e43-ac37-8902320aa619,84bb068d-fb21-448e-a5b3-1d636a696a40,132.65,PEN,succeeded,polar,pol_435716f574882e0f,2026-09-14T17:05:09Z,2026-09-14T17:10:09Z
70a9c3b2-bab0-4a23-9a1d-3bb04a5bcb80,0a98455d-bae3-440b-88c9-97e2f3c3f118,326.72,PEN,succeeded,polar,pol_dc53aa761b5845d2,2026-08-15T08:55:07Z,2026-08-15T08:59:07Z
01d07ce0-f12d-4bdd-b82d-bea4bbeaa3fb,e4ee95a2-ed44-45d4-bb85-d2158b66d152,562.6,PEN,pending,polar,pol_fc760b9fc3f6b972,2026-08-23T11:22:31Z,
d508b9fe-550d-44ff-9b19-4519fc75f4d7,c52ac74f-b280-49d8-ac54-b9cef3a4cba6,1822.8,PEN,succeeded,polar,pol_f423dc0db1f8c62e,2026-08-06T13:55:18Z,2026-08-06T13:56:18Z
b0844e19-fec3-401f-8486-b6438ee7c1cb,78d22b91-e727-469b-afb1-a80e39952685,227.25,PEN,succeeded,polar,pol_ae1594b49bdc9473,2026-09-27T06:27:38Z,2026-09-27T06:28:38Z
9be885d7-0b34-4c7a-b9da-b9eb84726847,6265ad50-2fc7-48e4-a7a8-f2cb83904b86,3801.94,PEN,succeeded,polar,pol_7fbf894fceceab75,2026-09-08T14:17:52Z,2026-09-08T14:19:52Z
07da0176-4964-4dfb-9b25-fd4c207e67b4,d871cfca-8ce7-4a8e-b933-d1dd6433c2aa,1989.02,PEN,succeeded,polar,pol_5aaa000de80a0911,2026-07-24T16:58:59Z,2026-07-24T16:59:59Z
913037c6-c207-4a94-8dd2-2e86537dcb98,7d26fd4e-77d8-4d3c-9b8d-0212b8ba5456,441.23,PEN,failed,polar,pol_704b7705cb90e4a4,2026-09-24T15:56:17Z,
17f6fa4c-6415-4f28-9a33-bffadaac1d4c,7578ba86-da3c-487d-b809-05e71ce3267e,2413.74,PEN,succeeded,polar,pol_4bd349de76702c29,2026-07-25T12:31:00Z,2026-07-25T12:36:00Z
a4e55de6-3a62-4724-a34c-cdc719a1d795,19b8a1a0-a226-45b2-bd12-6a3591b23f8b,543.26,PEN,succeeded,polar,pol_aad5cf31c347909d,2026-08-21T18:10:00Z,2026-08-21T18:12:00Z
3aabecbb-b06b-4a16-8c46-6a6535035764,da0a6426-8b0e-467a-a3f5-3a4346a9d02b,160.66,PEN,succeeded,polar,pol_b1c64f040963c122,2026-09-27T06:11:49Z,2026-09-27T06:12:49Z
541aae9d-aa15-4dae-9c13-a9d81a01f9ca,f20c6df5-99f4-4835-8b77-9a1fe4432861,4486.23,PEN,succeeded,polar,pol_d4445a593aba3b55,2026-07-19T12:09:12Z,2026-07-19T12:14:12Z
3a8e47e1-959c-4e11-8f75-fb683cb22fa8,52d4da1d-4a28-43d9-b1fc-64bff915893c,216.97,PEN,succeeded,polar,pol_034385bc2a08e03e,2026-07-28T15:07:08Z,2026-07-28T15:11:08Z
f82a7c0c-e18b-4722-b057-0da96c1b78a4,13331e13-f0e8-4a9f-b9e4-b03a94f8a2da,2803.5,PEN,succeeded,polar,pol_6dd056967c410769,2026-07-26T08:51:27Z,2026-07-26T08:54:27Z
3ce3e449-4b44-44c4-9f95-80b7c4c4ae7f,cda79767-b05a-4ccf-ab56-e67eb4eb4e8b,1941.75,PEN,pending,polar,pol_ae8c38fa80a70dea,2026-08-16T11:07:10Z,
8f975c06-3460-4a98-8e9e-4a1bd0e12d95,9997fbfd-f1f1-48e7-99ba-94d34e194e4d,1939.48,PEN,succeeded,polar,pol_955fb6f21e9be817,2026-08-03T17:42:18Z,2026-08-03T17:43:18Z
236bb6cf-cb30-4a91-b561-be332020b194,fa59602a-799b-4646-9055-e5cdde5740db,2756.17,PEN,succeeded,polar,pol_43a790b9732dacf5,2026-08-26T12:50:08Z,2026-08-26T12:51:08Z
b33d1bb6-5c37-40ce-8fa3-23144e918e0f,d0b076fd-638d-45dc-862f-44e563d13077,2926.48,PEN,succeeded,polar,pol_04397616ce9b3591,2026-09-07T11:25:56Z,2026-09-07T11:30:56Z
628b5a7d-e885-4928-be5e-9fdda7529269,a62dc7b4-7e4c-4eb5-aef0-3b7d158a5596,2060.1,PEN,succeeded,polar,pol_3b5f0c9f17868a09,2026-08-14T18:09:59Z,2026-08-14T18:12:59Z
d9431e5f-70b1-41b9-884c-b4e135fe1b93,d16c20be-0221-41fa-9663-e36f9d4b02c2,444.16,PEN,pending,polar,pol_42d876d60e4ca95e,2026-09-08T14:30:29Z,
03d90577-078f-4db5-8485-34ab1d23f567,32a03140-7d86-4914-873f-b406208e1452,6280.97,PEN,canceled,polar,pol_ccbebab55832e27a,2026-08-06T10:54:28Z,
b731faed-8801-4647-9f73-95c4a6909f66,1871ae37-3da8-4093-bf7f-1d793808acf7,1265.78,PEN,succeeded,polar,pol_9e1e84ece276f364,2026-08-14T11:57:17Z,2026-08-14T11:59:17Z
f9e75d79-0d36-411f-b81b-a45f507e6ad4,14932975-2996-4d2a-a17d-753a5d3c1898,2736.34,PEN,succeeded,polar,pol_d968d6090abda2dc,2026-09-16T17:15:22Z,2026-09-16T17:19:22Z
88ba2696-a98a-437d-acd8-9863ad7a1c51,289c9446-1d6a-4458-bfef-2e3512339db7,2616.34,PEN,succeeded,polar,pol_8df0de47fe9542c0,2026-08-25T14:00:33Z,2026-08-25T14:01:33Z
f1b96307-63f0-4541-a3ee-ccc323b3584d,57f89b54-eea9-4585-91e3-bfda9a4318b8,1061.01,PEN,succeeded,polar,pol_b93286db62c1a435,2026-07-24T17:02:08Z,2026-07-24T17:06:08Z
9aba8aea-c605-4c52-807b-78b9f2633dcc,1481606e-0889-46a9-9a73-40ccb9ebb8e7,512.48,PEN,pending,polar,pol_37d8369fe29ad6b9,2026-08-29T12:01:40Z,
301ad933-cd2c-41ca-a5a3-94877102b3bf,d985ccd5-b9e0-4713-b90d-6c810b83e46d,934.82,PEN,succeeded,polar,pol_26320af5868899ad,2026-09-17T13:12:09Z,2026-09-17T13:13:09Z
0efb0e9d-b833-4725-973c-72fa5d60e5a9,96b4dadf-3009-482c-9957-131f7bfce9bb,2209.44,PEN,succeeded,polar,pol_71a9b50a537ce16e,2026-08-24T16:51:08Z,2026-08-24T16:54:08Z
b9f84486-8aeb-45de-8fb9-357443f16395,bc75f39e-aad8-4bfe-892a-cadd6af75b90,75.75,PEN,succeeded,polar,pol_7c37e1a97086136b,2026-07-31T12:37:31Z,2026-07-31T12:40:31Z
8ab7da47-3c6c-4a9b-8f4c-a98c96fc849a,9d701268-166a-4f79-b2ae-e75e64df13e0,2916.93,PEN,succeeded,polar,pol_5488ef920ef72df2,2026-08-16T13:30:42Z,2026-08-16T13:35:42Z
02ce2196-c16c-43a4-bba8-4383e83a1d55,dae760c0-e04f-4e8c-93f0-773f466387d6,2166.49,PEN,succeeded,polar,pol_03dedee50af7f0a0,2026-09-13T10:33:33Z,2026-09-13T10:34:33Z
ff721b29-de79-4a00-b6c9-de342af88fb2,57f9fd46-4635-48b7-a623-8a803b4f0136,844.15,PEN,succeeded,polar,pol_4c35fc1326e107ec,2026-08-01T15:12:33Z,2026-08-01T15:17:33Z
c6cb241c-a8f7-48bf-ac80-d75c87f0992c,0bf9e0b2-2acb-4aa8-89d3-4188dbc47773,5864.67,PEN,succeeded,polar,pol_4c90472ecaf73ee1,2026-08-30T10:15:41Z,2026-08-30T10:20:41Z
8b1fc294-e9d6-4a5e-84d0-d3110b3fd39b,60212731-06ed-4afe-bc6e-c62c23b997f5,542.97,PEN,succeeded,polar,pol_a708ad2717bdbf14,2026-07-23T14:37:36Z,2026-07-23T14:39:36Z
03179671-5b18-4a60-a256-293ea02d35e5,6aacb470-31ae-4343-81d6-516ab71c8058,2746.8,PEN,succeeded,polar,pol_c2a3f9784ff8607a,2026-09-30T14:01:19Z,2026-09-30T14:04:19Z
219237de-adf7-49a2-96a8-1bcfdad099ce,349eefb1-e280-4127-99e3-31123b243ffd,2560.62,PEN,succeeded,polar,pol_a41927fe5c73e5f8,2026-07-25T09:06:47Z,2026-07-25T09:09:47Z
5bfba555-a823-40c5-8d65-e66e9962dd8d,233cb93c-bbf2-4ab4-a18d-4ce397ce958a,317.91,PEN,succeeded,polar,pol_52fa6bc36734ea07,2026-09-26T06:29:16Z,2026-09-26T06:31:16Z
bcdb0e8b-3140-4570-abe4-81bc65a7b362,9a23fcc8-435e-4483-98c0-dfb57d45662c,12768.21,PEN,pending,polar,pol_7bb0187bf4f989ab,2026-08-02T15:17:02Z,
452a4234-36db-465c-9c72-03d220137805,4106497d-cbf0-4701-a8d0-fede479d8b0e,4845.49,PEN,succeeded,polar,pol_6b29b5e17b3d3abe,2026-09-07T10:19:16Z,2026-09-07T10:20:16Z
74e54188-9c52-4033-88c2-0d738023ccfa,0057eb33-7399-4f2a-817a-941d128f7378,5143.71,PEN,succeeded,polar,pol_f4b0f452a6a6ff2c,2026-08-17T18:46:41Z,2026-08-17T18:51:41Z
ad35b432-dfda-4960-aa87-8558a077d6b6,f5a76ed6-e223-42f3-8bc8-ef81ac7794fe,3549.1,PEN,succeeded,polar,pol_4616b300fb8c7a2a,2026-07-29T17:25:14Z,2026-07-29T17:28:14Z
db2cc266-457c-4796-b501-ae6848dd41d1,1efeecd1-c7ae-4e0b-8c0a-6cc79df537f1,2714.18,PEN,failed,polar,pol_78b70d5f19005c40,2026-08-27T13:29:03Z,
c46afa3c-553c-4f1e-9cf6-bd6d0060d7a0,a59141af-9079-45d6-b3b5-83a1e8ab140c,2507.52,PEN,failed,polar,pol_0c53cad4873f46da,2026-09-03T18:21:42Z,
31282aa0-a3bd-43ce-9536-6321adb55992,ba4fbbc4-7433-4e55-bcb3-45d117029656,1032.16,PEN,succeeded,polar,pol_7048374fb0db7eb6,2026-07-22T18:09:35Z,2026-07-22T18:13:35Z
e567ebb3-41c2-4101-9357-9ef0efd4cce3,7468685e-e2af-4f60-bc4b-5cdc27e8db2a,8310.41,PEN,succeeded,polar,pol_130b98f2b773440a,2026-08-02T12:46:52Z,2026-08-02T12:49:52Z
b2bd43a7-f90c-411e-a734-4aef15bd507e,0e51854e-1350-46be-b0e2-aa5333c4e915,4035.62,PEN,failed,polar,pol_425e98140bd9f747,2026-08-16T12:59:23Z,
c33a1abb-cbee-475d-8ec2-fa76ad93c909,9667f99e-c235-499e-ae00-ccb64f42d6db,2622.54,PEN,succeeded,polar,pol_9751709a0263fc21,2026-09-27T10:10:13Z,2026-09-27T10:13:13Z
955a2f2c-cfc9-496d-ba52-130151371191,9ce37084-a8b2-4d29-9515-d8834ce0076e,943.99,PEN,succeeded,polar,pol_566ced2068a7e284,2026-08-24T18:42:26Z,2026-08-24T18:43:26Z
72370ee1-d15d-4ba4-971f-405ba7880403,564a34fc-7ddf-41c6-aa9f-d1ce72050976,339.05,PEN,succeeded,polar,pol_082d114ebe748369,2026-08-23T11:18:16Z,2026-08-23T11:20:16Z
30baa184-7e33-440a-ba9c-67beed30a5d9,8501f2c9-d694-4bc9-bbf0-6ae2ee28628c,4456.6,PEN,succeeded,polar,pol_bae11b91cc9e75e4,2026-08-13T11:11:07Z,2026-08-13T11:16:07Z
aee4b0ff-34d7-4806-8d26-10b66f8a5430,e29b8857-804d-4fea-997d-5b15ed7c4033,2328.48,PEN,succeeded,polar,pol_2565223cf780bf51,2026-09-03T11:43:56Z,2026-09-03T11:45:56Z
cfc29c07-8fd7-4548-a2d5-289e9fc6ba24,395e7e73-15c1-4d70-8ae4-778919e9b98c,969.46,PEN,succeeded,polar,pol_8230197fe80523bf,2026-07-31T11:17:17Z,2026-07-31T11:18:17Z
9da219cb-cfa2-4510-95fa-4c3ef5262225,79bdfc4d-ac37-4589-897c-4d816e783bb9,4256.18,PEN,succeeded,polar,pol_b441eb0cd6569523,2026-08-18T15:29:23Z,2026-08-18T15:33:23Z
12b1d49c-56f0-4236-a5c2-bf5ff25a9ece,0b036339-0fb5-49a3-be0d-2ce1d2340ac0,4713.28,PEN,succeeded,polar,pol_187c161a2f693051,2026-08-05T11:46:58Z,2026-08-05T11:50:58Z
cae2a671-fcdd-4607-9ab5-afe9618ade7b,533ee4a0-6d28-4eec-8865-1d07c0468dd4,431.79,PEN,succeeded,polar,pol_5e809f5e56f0ae91,2026-08-04T11:09:37Z,2026-08-04T11:13:37Z
e11b4678-04b9-4d14-a9ab-813226b3e8c1,c928e5b5-e1c4-4c30-a25e-0b562c15eb2d,5577.05,PEN,succeeded,polar,pol_988ce7ff469fda42,2026-09-19T14:22:49Z,2026-09-19T14:24:49Z
64dbff19-a17d-4154-8f82-b928df10355d,668ec5d2-60db-45d2-bcde-74f4f5af4171,7390.28,PEN,succeeded,polar,pol_4f0f15940dbf0fa8,2026-09-18T15:50:06Z,2026-09-18T15:54:06Z
cbdbafb4-a754-4890-a397-677ab78cd827,f1e9f30c-9f27-4941-9a4b-5f5fc377cc1f,1988.92,PEN,succeeded,polar,pol_35cad2cbf5d6f37e,2026-08-01T10:57:13Z,2026-08-01T10:59:13Z
ea48dc86-b0cd-4ec2-9209-6f8dd4b964c2,42411c9b-7ee5-4d69-9a77-ab6b2878ab7f,3082.51,PEN,pending,polar,pol_8bf6f3e837e8f689,2026-07-18T13:10:24Z,
b43dbd5b-3030-4215-b704-65eb5a9a1162,89a845e4-9642-4f29-96e5-6df415439fd2,165.46,PEN,succeeded,polar,pol_67ae8a263773c8ff,2026-09-23T10:48:41Z,2026-09-23T10:52:41Z
300f8f19-15e4-4ceb-b1bd-d2c368e026de,9272fff8-7ab3-47dd-8b95-6423764bc89a,1390.88,PEN,succeeded,polar,pol_3684da13405698a2,2026-08-08T07:21:05Z,2026-08-08T07:23:05Z
65d60b4a-e88b-4148-b9f4-21847dbc3a91,92734f00-5608-4d11-bfa9-b99482b0d126,2992.74,PEN,succeeded,polar,pol_c50ce7ab5e6696e9,2026-07-31T11:14:02Z,2026-07-31T11:17:02Z
e7c9302f-3f05-49f1-b7cb-83a8456c9563,e752f5cb-e2fb-4fa7-a568-4e1d8884e5a7,1433.29,PEN,pending,polar,pol_d6068ac7b3c3a0f0,2026-08-30T08:35:04Z,
88f884a9-96b6-43e7-a654-6fcb243d3217,01e46202-2fdc-4a12-937b-61ec81c8238a,962.58,PEN,succeeded,polar,pol_294cf24c9b7f0396,2026-07-20T18:39:07Z,2026-07-20T18:43:07Z
5acbe07c-4980-4640-ad55-fee1a294d776,3e3f9f2c-2b53-46f0-a59f-c4410ca78c49,602.15,PEN,succeeded,polar,pol_cf8604f285569bef,2026-08-06T16:28:50Z,2026-08-06T16:32:50Z
eb5d5dbb-f16d-472b-9b87-d9f8d8a2806f,7fe41cc8-58c5-49be-99a2-552489ec90cd,10227.28,PEN,succeeded,polar,pol_b5c33481025170fb,2026-08-03T16:21:38Z,2026-08-03T16:24:38Z
4c78b583-046e-4cf2-83a0-2fdeaa278f83,07cdf0a1-70c0-4c0f-9048-8e8653769d75,2418.69,PEN,succeeded,polar,pol_6d1fa1c840790dc7,2026-08-15T06:49:07Z,2026-08-15T06:53:07Z
0eb6c352-99eb-49ca-9eae-65470bca64d0,543220c7-3799-4d7a-b5f5-62a9c6b58c15,5969.92,PEN,succeeded,polar,pol_3cc44e0fb91fe112,2026-08-27T13:28:39Z,2026-08-27T13:31:39Z
7bc07157-6016-490d-8cc0-1f8c2448745c,27d2500d-b238-4a6a-a345-e306b296260a,75.67,PEN,succeeded,polar,pol_1f5d5f9497552abe,2026-08-24T14:27:30Z,2026-08-24T14:30:30Z
f2fd3275-7cd3-4e6e-bfa1-8929299bf2aa,6902210b-b852-44e7-8a97-d6fc903fe1e9,2365.88,PEN,succeeded,polar,pol_22011b19fee83cad,2026-08-02T09:19:36Z,2026-08-02T09:23:36Z
76bc3a6f-7909-4545-9ab6-e7a3b8bd278c,a1117d8c-d5d6-4471-8a87-4bcf4c15819d,1954.79,PEN,succeeded,polar,pol_07e5e332c2e78e8b,2026-09-12T06:37:52Z,2026-09-12T06:38:52Z
9ad66159-e617-4686-8d81-d7cdc01b32f5,e3086e37-b917-452d-aad0-0f6786236bf3,581.92,PEN,succeeded,polar,pol_228dd2630d0bc527,2026-08-02T09:30:44Z,2026-08-02T09:34:44Z
a7bbf91e-42e5-4b93-b5a2-0873d86b3470,59cd2f83-a084-4b8f-9b30-7392a9b83f7a,3864.87,PEN,pending,polar,pol_f10eb597970b4e96,2026-09-20T09:47:57Z,
0f34df9a-d940-4512-843d-d7c02e4d8f09,434b43d9-1ea4-42ac-853f-a6b802f65b4d,2889.72,PEN,canceled,polar,pol_f5d27b3595eb9d1c,2026-09-15T18:47:24Z,
634ddb4e-0583-444d-a38f-8c0ff265e5ac,29d7ad73-3166-4207-8823-89e0869384e0,3437.28,PEN,succeeded,polar,pol_3dafcade93e70d70,2026-08-29T12:09:52Z,2026-08-29T12:14:52Z
e24e0ab2-3b93-451a-a0df-561988cc8b40,fe9a9f4d-3cc5-4446-9f41-b7a0657581d7,2679.36,PEN,failed,polar,pol_c37fe87911c18f1f,2026-08-11T10:30:04Z,
c3ddc93a-6a3d-4db6-b204-8b672aaae5e9,38ed06c5-fe82-4365-8d59-0f654e1c4600,10505.46,PEN,succeeded,polar,pol_34c5fc1884d435a4,2026-08-04T16:03:32Z,2026-08-04T16:05:32Z
c087d635-d805-4b73-a379-46482fd4ce0c,b2fa2f1b-24e6-4f93-8e5a-82a1366043f2,2289.31,PEN,succeeded,polar,pol_af306f0c4c0e83d5,2026-09-10T14:11:44Z,2026-09-10T14:16:44Z
300de1e2-d229-4740-afd9-4ba4ce83b867,5c4e4e6c-2b99-4b49-9a5d-ec0c0df9c18a,4846.99,PEN,succeeded,polar,pol_2d42ea8a3fa00154,2026-08-16T07:49:11Z,2026-08-16T07:54:11Z
14247a68-d751-420c-9233-eefa5ea27c2f,7c293402-5a0d-4540-a69c-c9e1a37ee26d,4776.87,PEN,succeeded,polar,pol_53e676cd29ef7cae,2026-09-23T15:49:34Z,2026-09-23T15:53:34Z
229c1932-a7db-4dde-b926-fd81740703a6,a2db60d3-722b-4c8b-a13f-2747a3981a71,471.28,PEN,succeeded,polar,pol_8bdf4d1bbf725f14,2026-08-03T10:47:01Z,2026-08-03T10:48:01Z
d5736347-701f-4d7a-89fe-b6d1831f2cf8,a41acc22-cebf-4899-95ea-7b308ad49c30,15217.58,PEN,succeeded,polar,pol_d06b4e8e4873ab8b,2026-08-16T15:10:11Z,2026-08-16T15:14:11Z
c716526a-61b0-4cbe-a5d6-6d833bb8b363,58900724-8729-4d0a-b96c-65940c6140c5,514.04,PEN,succeeded,polar,pol_4ebf7b08fa0a5688,2026-09-11T12:03:58Z,2026-09-11T12:07:58Z
1dd36f7a-0c85-4b57-a0e7-1018f9c92d7c,4163f6e1-3297-4b2a-a1a2-5c9e20e5ef7c,2382.28,PEN,succeeded,polar,pol_ad83774c405ca286,2026-08-17T14:26:58Z,2026-08-17T14:30:58Z
1d3b9abb-32c8-41f5-942b-0b42d5609fa7,7c94454d-1719-4e79-a2d6-30330c0374fc,2852.79,PEN,succeeded,polar,pol_008123d4cccd9eeb,2026-09-06T15:04:24Z,2026-09-06T15:05:24Z
6acaa490-b3b4-4c95-bbb1-72f9b982ea44,1223b980-d51f-4231-84f8-a5754a1e785a,3875.29,PEN,canceled,polar,pol_5730adb8ba561e19,2026-09-21T15:35:32Z,
4b6a9ecd-bf0c-4888-92a5-f8daaf4d44b0,70b289e8-8cfb-4543-ad8a-8d367a6a8183,6925.23,PEN,succeeded,polar,pol_0210c8de08436eea,2026-08-16T11:28:44Z,2026-08-16T11:33:44Z
ce5ed532-b5ca-4343-b249-645d29e7b922,fbaddb11-5efd-435f-b2d9-7fa83af143d9,639.26,PEN,succeeded,polar,pol_ae7ba6efccad6c03,2026-09-07T10:57:29Z,2026-09-07T10:59:29Z
2542b685-9b21-4e68-9c4e-fabce7d19628,350d05bf-4c33-4d0c-a801-9a6076dd7b17,75.34,PEN,succeeded,polar,pol_3206736e7cdccb0d,2026-08-05T09:27:32Z,2026-08-05T09:29:32Z
646056c8-dd8a-44e8-8bbd-5c5875cd3c94,fbd1f09d-7206-4e8e-885c-e9e0edb59bb1,4241.59,PEN,pending,polar,pol_6568d7efe4091ab8,2026-09-16T15:46:37Z,
b2d533c0-4b05-4256-af60-e56020e79eb6,1a21c9e8-a04c-4a15-a45f-b179c35e63fb,1922.65,PEN,succeeded,polar,pol_70f965ba8740c1e3,2026-09-25T15:28:51Z,2026-09-25T15:29:51Z
a81423f9-82a2-45dc-b0a9-dd6e8d3031ec,df632238-a3b6-4f07-b7e5-768c1fc5360a,1370.87,PEN,succeeded,polar,pol_24ea56301917aac7,2026-08-29T13:36:36Z,2026-08-29T13:39:36Z
7895024d-0b15-4ab6-92de-5e8e9c41835f,a79a7bda-47ee-4154-8e83-47d9c3589599,237.57,PEN,succeeded,polar,pol_b3b836ebb721b623,2026-09-14T10:23:52Z,2026-09-14T10:28:52Z
31558905-6053-42dd-abf8-48a8c5c26476,313b7410-d4f0-4d81-aab5-b1434e286658,955.68,PEN,succeeded,polar,pol_df18da20a62016e9,2026-08-21T18:23:58Z,2026-08-21T18:28:58Z
e1acebb2-e61e-41a2-8fec-2d1ed02cd0f6,7e70278a-8ff6-4efa-a2f9-c9282fd019a4,5033.84,PEN,succeeded,polar,pol_176d97e66daf381b,2026-08-12T18:25:10Z,2026-08-12T18:28:10Z
41a8e260-f869-4c40-9501-ba97ebfa9240,1f5f4531-018d-4faf-b4c1-57a565472cdc,4600.5,PEN,pending,polar,pol_445649baff1956a4,2026-08-10T16:01:27Z,
47848987-acc0-46d3-a1b9-2dd7ac02b50a,62b30bfc-b182-4cbb-a08b-be3958271c1b,867.6,PEN,succeeded,polar,pol_9b38a6337d2c66d8,2026-08-12T09:26:25Z,2026-08-12T09:31:25Z
9ecfcbb3-6a6f-4076-ab4d-b3fd0dfd57b1,f6bcf657-098e-4438-8d87-7313f9e6af2c,5510.34,PEN,succeeded,polar,pol_8fadfab91cbba423,2026-07-18T09:34:48Z,2026-07-18T09:37:48Z
9f834eb3-6e43-4c15-b97c-85d80381fe28,51c9583a-cb82-427c-b611-2607180e068a,3295.11,PEN,succeeded,polar,pol_85b24e7e11fe65dd,2026-08-27T14:05:20Z,2026-08-27T14:10:20Z
eb05c9ba-ee53-4724-9371-4c956dcc59aa,63116e9b-b505-4037-9b40-2d1e81b2d99c,1732.04,PEN,failed,polar,pol_bdbbfcb1ca8bd745,2026-09-19T14:15:18Z,
49ec2252-5bb9-4de8-8803-3421c906c076,1c873971-864d-4f12-900d-deb51eaa1b01,1579.69,PEN,succeeded,polar,pol_14152d17cf586187,2026-08-31T11:11:01Z,2026-08-31T11:13:01Z
2b81b277-9f92-47a8-a73b-4397f4bbaaf9,7e5bd8d8-d5b7-4f92-aba8-4158c8b748bb,2981.64,PEN,canceled,polar,pol_98f80fdff66508ba,2026-09-04T10:32:59Z,
540794e4-f9ea-4e38-b462-d73566f383c7,9b1a83ff-7fb2-42df-9cf4-13ad84591c22,4046.9,PEN,succeeded,polar,pol_be4c140006541088,2026-07-28T13:25:50Z,2026-07-28T13:29:50Z
d77317bf-68af-4c51-9f06-24a88b0251b8,01b2a0bf-a309-43ee-9d91-51e9d70352bb,266.92,PEN,succeeded,polar,pol_a94afb60900800a7,2026-08-14T16:33:48Z,2026-08-14T16:37:48Z
0cd5cae6-c38e-4369-9441-1c62ed40ecc6,c6d70667-f3da-4211-8f36-623dabbc1b36,3685.52,PEN,succeeded,polar,pol_16a39779fbfe5d8e,2026-09-25T14:35:42Z,2026-09-25T14:39:42Z
c2a472a7-8899-44ed-a0bd-47531652d8a2,a6f6eeb3-75c5-4167-bb47-0a6c237337d6,2770.74,PEN,succeeded,polar,pol_1821d4f2a4cf6d1f,2026-09-02T13:41:53Z,2026-09-02T13:44:53Z
131fada5-26ef-4e54-a830-c5ef0a1f0726,a37642b2-4a56-4956-8128-8385adf6e184,1603.04,PEN,succeeded,polar,pol_19b08bb15b2e2825,2026-09-22T18:52:10Z,2026-09-22T18:57:10Z
dab809f8-62fa-4a93-9dd7-03beda8aa787,c3dc669c-c519-46e5-8590-47983124aec4,329.89,PEN,failed,polar,pol_c76b09759798c38f,2026-08-09T13:09:29Z,
6aa74d13-4d93-4f41-9515-404961360291,28f77c06-b886-4e97-be2b-d2d0ae74db0c,918.74,PEN,succeeded,polar,pol_3f0bff9b4fc59129,2026-07-19T12:33:28Z,2026-07-19T12:37:28Z
97255a2a-8dd7-4a56-8d6f-d215b7291d3e,1a1fcdb6-1f62-4099-998e-1b43f77f7079,207.6,PEN,succeeded,polar,pol_b1ed43fe28e8af3a,2026-08-10T16:03:12Z,2026-08-10T16:05:12Z
b4e90d38-e39e-4400-a445-cc5b3cf4cb23,dc2f0253-fb7d-4c29-b325-a7068cf2c91e,2497.14,PEN,succeeded,polar,pol_cd5e68e44e66eecf,2026-09-23T18:48:08Z,2026-09-23T18:52:08Z
a2e697a4-2243-4211-b8c3-d5d7a30441d1,2b5840ea-db70-41fd-b441-336b357ca5f8,1007.62,PEN,succeeded,polar,pol_c2f1cac5f120b332,2026-09-02T13:31:47Z,2026-09-02T13:34:47Z
6b8da37f-9da0-4ebc-a0f3-99f8c2d1b0af,03600f86-715f-4dcc-bcc5-bf112c75cc4b,1452.66,PEN,succeeded,polar,pol_1c8961aa3a6dfd51,2026-08-21T11:26:31Z,2026-08-21T11:27:31Z
4ed97f95-13cf-4244-8094-f99a32455c07,6714c3d5-f738-4878-ab50-407318f80227,3703.92,PEN,succeeded,polar,pol_4fee3db169fd8a4b,2026-08-22T06:20:18Z,2026-08-22T06:22:18Z
651d5e03-4b78-44bc-bf55-60b2923371f7,476d4789-8642-40dd-879d-16b506a21257,6453.78,PEN,succeeded,polar,pol_73e71461598f0dbf,2026-08-11T14:17:16Z,2026-08-11T14:19:16Z
45f31fe7-ca5f-4cba-a79e-2a93d28d2322,96928e6a-4d1f-48ce-a730-f5c6f3e9ae20,653.75,PEN,succeeded,polar,pol_72f5b7f45b546674,2026-09-23T16:12:56Z,2026-09-23T16:13:56Z
307a72bb-9c77-474c-a937-b3dbaaa4f291,575433fe-bd02-48fb-8415-606db5a98465,260.36,PEN,succeeded,polar,pol_082d3551e6b52ede,2026-09-24T18:11:43Z,2026-09-24T18:13:43Z
707d270c-ce55-445e-8e49-b4f60e0de282,79e221db-ccef-4b37-a9df-83945a5e0834,2246.19,PEN,failed,polar,pol_22b5bd0f99142800,2026-08-29T10:30:49Z,
092e5509-4177-4018-a77b-b2bb63217ef7,06eecaa5-68cd-400b-9a0a-5b6b2f85069b,7583.73,PEN,succeeded,polar,pol_29ee17dd8431ea3e,2026-09-29T16:24:29Z,2026-09-29T16:27:29Z
18030fbd-f147-4623-a5bc-349ffa26b068,660c877c-9305-45c3-a850-a9ba503f75df,8777.99,PEN,pending,polar,pol_1e7276f34f9ca93d,2026-08-13T12:26:57Z,
0991b205-8ce8-41e5-9a5d-431b193ba0c4,c71d0143-6c25-4ca3-b306-764ac5e5d1ef,1863.63,PEN,succeeded,polar,pol_c120d89b6f7db245,2026-08-24T12:34:34Z,2026-08-24T12:39:34Z
7205a42f-004a-4b62-970d-e9f372a2147c,f2ea4cc7-7eff-4eee-85f5-dcffd858a241,1912.04,PEN,succeeded,polar,pol_497ee8f50299daa3,2026-09-27T06:31:16Z,2026-09-27T06:32:16Z
634a3406-4fe2-410e-8618-5854261ca3ac,5141eafe-47bd-4f77-ae83-e4a965af00cb,1758.78,PEN,failed,polar,pol_64287aafff373f21,2026-09-20T06:19:18Z,
cf72dbd1-b5cf-4b77-8185-85031ef70d48,834dc608-fcbb-4fac-900f-c11258fc3e79,2698.9,PEN,succeeded,polar,pol_3229533c1215e614,2026-09-23T16:56:40Z,2026-09-23T16:59:40Z
6774a69a-1759-47e7-a069-cd1f1f35e096,38e8a948-cdcb-4ec0-b7b2-707866460387,327.57,PEN,succeeded,polar,pol_4703eddc08f17c0f,2026-08-02T14:36:47Z,2026-08-02T14:38:47Z
8ab9f1ef-9fcc-4e85-af5c-a7f645face5e,6b808782-4388-4e05-8f0f-f399f4d2e577,10029.63,PEN,succeeded,polar,pol_d3547acdbed25f24,2026-08-19T15:51:57Z,2026-08-19T15:52:57Z
06fd4666-cfa3-451e-ae05-10a1a66e06c5,c8f7cf57-1413-45b5-a71b-ecd08a99af2a,12607.96,PEN,succeeded,polar,pol_d3475556dc62ac50,2026-08-20T18:04:55Z,2026-08-20T18:09:55Z
d4636cbc-f9ef-402a-b791-6d485313a019,df95c72e-3c06-4da9-931e-b4ca4425b275,1812.52,PEN,succeeded,polar,pol_dafe6e5dcd3992ec,2026-08-19T09:53:07Z,2026-08-19T09:54:07Z
03b9a955-6e5b-4a2e-9320-9374224bc839,9ea34a68-1f8e-4834-b329-d6a6f29f4a7a,2770.99,PEN,succeeded,polar,pol_a5d47d0f5e111356,2026-09-16T16:54:15Z,2026-09-16T16:55:15Z
794f4490-1c6f-4320-9e11-b8aa0f0308f2,a3cc1629-ae32-488d-9e4b-70a052c24e72,1927.98,PEN,succeeded,polar,pol_b37d28226d5fa5f5,2026-07-26T11:25:05Z,2026-07-26T11:27:05Z
cccc9db2-3b43-4a77-9fe0-efdedff1666b,c88b0c98-3801-43af-8cda-72f381d66b0e,2103.02,PEN,succeeded,polar,pol_3546d69d7125558f,2026-09-28T14:01:02Z,2026-09-28T14:06:02Z
4b9c76a8-efe2-4a01-b570-94365c887a82,fb63168c-9e4b-4405-b8e0-8996abfc7a5a,1822.11,PEN,failed,polar,pol_c4df2d96ec9cccbd,2026-09-05T07:35:00Z,
b09fa348-704e-4752-acec-0fbede2f8f45,654b7bda-cae6-480e-bba8-240d2b4dad6c,183.8,PEN,succeeded,polar,pol_2e610b2b4f2d1293,2026-07-22T09:36:10Z,2026-07-22T09:41:10Z
501c29bd-2a21-44c6-b75f-5c227096b316,9a8603b0-25a4-4045-a63e-b93eccb1e545,6267.42,PEN,succeeded,polar,pol_4765681ab1e984e2,2026-07-18T11:22:56Z,2026-07-18T11:24:56Z
ee7a34df-10b9-475d-afc2-f9d08ccbbbc8,f1688709-2b60-4218-846f-05b160e32aee,4075.06,PEN,failed,polar,pol_157381e51e210980,2026-08-13T13:17:35Z,
c63a6b1b-9635-4a62-8fc8-6e3b2300f344,1a636426-3c49-47ae-b78a-e8fefc134356,2373,PEN,canceled,polar,pol_bb2ee919ea305f86,2026-09-23T17:44:41Z,
af2d63cd-d526-4f60-abc8-9879d2dd3872,d29b832e-ba78-4ded-9a98-5f89eb512749,1015.29,PEN,succeeded,polar,pol_25a59ef8960b11b2,2026-08-31T16:13:12Z,2026-08-31T16:16:12Z
